pilot_id,claim_id,proposition,av_spans,type,subtype,truth,prefix_evidence,rationale,review_flag,prefix_text,explanation
0,0,The passage has a wiki/encyclopedia format.,"[{""sentence_id"": 0, ""start"": 0, ""end"": 24, ""text"": ""Wiki encyclopedia format""}]",theme,format,true,"[{""start"": 0, ""end"": 76, ""text"": ""The vesper sparrow (Pooecetes gramineus) is a medium-sized American sparrow.""}]",prefix: An expository species entry reasonably supports this format.; AV: The passage has a wiki/encyclopedia format.,False,"The vesper sparrow (Pooecetes gramineus) is a medium-sized American sparrow. It is the only member of the genus Pooecetes. Adults have light brown upperparts and light underparts, both with darker streaking. They have a white eye ring and a long dark brown tail which shows white outer feathers in flight. Their breeding habitat is open grassy areas across most of North America. The nest is an open cup on the ground under a clump of grass. These birds migrate to the southern and central United States and Mexico. These birds forage on the ground, mainly eating insects and seeds. Outside the nesting season they often feed in small flocks. The male sings from a higher perch, such as a shrub or fencepost, which indicates his ownership of the nesting territory. The musical song begins with two pairs of repeated whistled notes and ends in a series of trills, somewhat similar to that of the song sparrow. This bird's numbers are declining in the eastern parts of its range due to habitat loss","Wiki encyclopedia format with scientific species description, listing bird characteristics and behavior details about the Eastern Towhee.

The phrase ""Its population has declined since the 1970s, partly because of habitat loss"" suggests a concluding clause about historical decline reasons, implying a common environmental context or source, likely ""and agricultural development"" or ""due to forest clearing.""

Final token ""loss"" ends an incomplete phrase (""due to habitat loss due to habitat loss""), part of a parenthetical clause (""decline has been slowed due to habitat loss due to habitat loss""), strongly expecting continuation like ""and other factors"" or ""and the disappearance of winter habitat"" or ""and."""
0,1,The passage is a scientific species description.,"[{""sentence_id"": 0, ""start"": 30, ""end"": 60, ""text"": ""scientific species description""}]",theme,topic,true,"[{""start"": 77, ""end"": 122, ""text"": ""It is the only member of the genus Pooecetes.""}]",prefix: Species identification and genus information support this topic.; AV: The passage is a scientific species description.,False,"The vesper sparrow (Pooecetes gramineus) is a medium-sized American sparrow. It is the only member of the genus Pooecetes. Adults have light brown upperparts and light underparts, both with darker streaking. They have a white eye ring and a long dark brown tail which shows white outer feathers in flight. Their breeding habitat is open grassy areas across most of North America. The nest is an open cup on the ground under a clump of grass. These birds migrate to the southern and central United States and Mexico. These birds forage on the ground, mainly eating insects and seeds. Outside the nesting season they often feed in small flocks. The male sings from a higher perch, such as a shrub or fencepost, which indicates his ownership of the nesting territory. The musical song begins with two pairs of repeated whistled notes and ends in a series of trills, somewhat similar to that of the song sparrow. This bird's numbers are declining in the eastern parts of its range due to habitat loss","Wiki encyclopedia format with scientific species description, listing bird characteristics and behavior details about the Eastern Towhee.

The phrase ""Its population has declined since the 1970s, partly because of habitat loss"" suggests a concluding clause about historical decline reasons, implying a common environmental context or source, likely ""and agricultural development"" or ""due to forest clearing.""

Final token ""loss"" ends an incomplete phrase (""due to habitat loss due to habitat loss""), part of a parenthetical clause (""decline has been slowed due to habitat loss due to habitat loss""), strongly expecting continuation like ""and other factors"" or ""and the disappearance of winter habitat"" or ""and."""
0,2,The passage lists bird characteristics.,"[{""sentence_id"": 0, ""start"": 62, ""end"": 90, ""text"": ""listing bird characteristics""}]",theme,topic,true,"[{""start"": 123, ""end"": 207, ""text"": ""Adults have light brown upperparts and light underparts, both with darker streaking.""}]",prefix: Physical characteristics are listed.; AV: The passage lists bird characteristics.,False,"The vesper sparrow (Pooecetes gramineus) is a medium-sized American sparrow. It is the only member of the genus Pooecetes. Adults have light brown upperparts and light underparts, both with darker streaking. They have a white eye ring and a long dark brown tail which shows white outer feathers in flight. Their breeding habitat is open grassy areas across most of North America. The nest is an open cup on the ground under a clump of grass. These birds migrate to the southern and central United States and Mexico. These birds forage on the ground, mainly eating insects and seeds. Outside the nesting season they often feed in small flocks. The male sings from a higher perch, such as a shrub or fencepost, which indicates his ownership of the nesting territory. The musical song begins with two pairs of repeated whistled notes and ends in a series of trills, somewhat similar to that of the song sparrow. This bird's numbers are declining in the eastern parts of its range due to habitat loss","Wiki encyclopedia format with scientific species description, listing bird characteristics and behavior details about the Eastern Towhee.

The phrase ""Its population has declined since the 1970s, partly because of habitat loss"" suggests a concluding clause about historical decline reasons, implying a common environmental context or source, likely ""and agricultural development"" or ""due to forest clearing.""

Final token ""loss"" ends an incomplete phrase (""due to habitat loss due to habitat loss""), part of a parenthetical clause (""decline has been slowed due to habitat loss due to habitat loss""), strongly expecting continuation like ""and other factors"" or ""and the disappearance of winter habitat"" or ""and."""
0,3,The passage describes bird behavior.,"[{""sentence_id"": 0, ""start"": 95, ""end"": 111, ""text"": ""behavior details""}]",theme,topic,true,"[{""start"": 516, ""end"": 582, ""text"": ""These birds forage on the ground, mainly eating insects and seeds.""}]",prefix: Foraging behavior is described.; AV: The passage describes bird behavior.,False,"The vesper sparrow (Pooecetes gramineus) is a medium-sized American sparrow. It is the only member of the genus Pooecetes. Adults have light brown upperparts and light underparts, both with darker streaking. They have a white eye ring and a long dark brown tail which shows white outer feathers in flight. Their breeding habitat is open grassy areas across most of North America. The nest is an open cup on the ground under a clump of grass. These birds migrate to the southern and central United States and Mexico. These birds forage on the ground, mainly eating insects and seeds. Outside the nesting season they often feed in small flocks. The male sings from a higher perch, such as a shrub or fencepost, which indicates his ownership of the nesting territory. The musical song begins with two pairs of repeated whistled notes and ends in a series of trills, somewhat similar to that of the song sparrow. This bird's numbers are declining in the eastern parts of its range due to habitat loss","Wiki encyclopedia format with scientific species description, listing bird characteristics and behavior details about the Eastern Towhee.

The phrase ""Its population has declined since the 1970s, partly because of habitat loss"" suggests a concluding clause about historical decline reasons, implying a common environmental context or source, likely ""and agricultural development"" or ""due to forest clearing.""

Final token ""loss"" ends an incomplete phrase (""due to habitat loss due to habitat loss""), part of a parenthetical clause (""decline has been slowed due to habitat loss due to habitat loss""), strongly expecting continuation like ""and other factors"" or ""and the disappearance of winter habitat"" or ""and."""
0,4,The bird described is the Eastern Towhee.,"[{""sentence_id"": 0, ""start"": 112, ""end"": 136, ""text"": ""about the Eastern Towhee""}]",entity,identification,false,"[{""start"": 0, ""end"": 76, ""text"": ""The vesper sparrow (Pooecetes gramineus) is a medium-sized American sparrow.""}]","prefix: The filled subject role is the vesper sparrow, not Eastern Towhee.; AV: The bird described is the Eastern Towhee.",False,"The vesper sparrow (Pooecetes gramineus) is a medium-sized American sparrow. It is the only member of the genus Pooecetes. Adults have light brown upperparts and light underparts, both with darker streaking. They have a white eye ring and a long dark brown tail which shows white outer feathers in flight. Their breeding habitat is open grassy areas across most of North America. The nest is an open cup on the ground under a clump of grass. These birds migrate to the southern and central United States and Mexico. These birds forage on the ground, mainly eating insects and seeds. Outside the nesting season they often feed in small flocks. The male sings from a higher perch, such as a shrub or fencepost, which indicates his ownership of the nesting territory. The musical song begins with two pairs of repeated whistled notes and ends in a series of trills, somewhat similar to that of the song sparrow. This bird's numbers are declining in the eastern parts of its range due to habitat loss","Wiki encyclopedia format with scientific species description, listing bird characteristics and behavior details about the Eastern Towhee.

The phrase ""Its population has declined since the 1970s, partly because of habitat loss"" suggests a concluding clause about historical decline reasons, implying a common environmental context or source, likely ""and agricultural development"" or ""due to forest clearing.""

Final token ""loss"" ends an incomplete phrase (""due to habitat loss due to habitat loss""), part of a parenthetical clause (""decline has been slowed due to habitat loss due to habitat loss""), strongly expecting continuation like ""and other factors"" or ""and the disappearance of winter habitat"" or ""and."""
0,5,The Eastern Towhee population has declined.,"[{""sentence_id"": 1, ""start"": 151, ""end"": 178, ""text"": ""Its population has declined""}]",detail,event,unsupported,[],prefix: The population statement concerns the wrongly named bird; the prefix only describes vesper sparrows.; AV: The Eastern Towhee population has declined.,False,"The vesper sparrow (Pooecetes gramineus) is a medium-sized American sparrow. It is the only member of the genus Pooecetes. Adults have light brown upperparts and light underparts, both with darker streaking. They have a white eye ring and a long dark brown tail which shows white outer feathers in flight. Their breeding habitat is open grassy areas across most of North America. The nest is an open cup on the ground under a clump of grass. These birds migrate to the southern and central United States and Mexico. These birds forage on the ground, mainly eating insects and seeds. Outside the nesting season they often feed in small flocks. The male sings from a higher perch, such as a shrub or fencepost, which indicates his ownership of the nesting territory. The musical song begins with two pairs of repeated whistled notes and ends in a series of trills, somewhat similar to that of the song sparrow. This bird's numbers are declining in the eastern parts of its range due to habitat loss","Wiki encyclopedia format with scientific species description, listing bird characteristics and behavior details about the Eastern Towhee.

The phrase ""Its population has declined since the 1970s, partly because of habitat loss"" suggests a concluding clause about historical decline reasons, implying a common environmental context or source, likely ""and agricultural development"" or ""due to forest clearing.""

Final token ""loss"" ends an incomplete phrase (""due to habitat loss due to habitat loss""), part of a parenthetical clause (""decline has been slowed due to habitat loss due to habitat loss""), strongly expecting continuation like ""and other factors"" or ""and the disappearance of winter habitat"" or ""and."""
0,6,The Eastern Towhee population decline began in the 1970s.,"[{""sentence_id"": 1, ""start"": 151, ""end"": 194, ""text"": ""Its population has declined since the 1970s""}]",detail,date,unsupported,[],"prefix: No decade is given, and the AV subject is Eastern Towhee.; AV: The Eastern Towhee population decline began in the 1970s.",False,"The vesper sparrow (Pooecetes gramineus) is a medium-sized American sparrow. It is the only member of the genus Pooecetes. Adults have light brown upperparts and light underparts, both with darker streaking. They have a white eye ring and a long dark brown tail which shows white outer feathers in flight. Their breeding habitat is open grassy areas across most of North America. The nest is an open cup on the ground under a clump of grass. These birds migrate to the southern and central United States and Mexico. These birds forage on the ground, mainly eating insects and seeds. Outside the nesting season they often feed in small flocks. The male sings from a higher perch, such as a shrub or fencepost, which indicates his ownership of the nesting territory. The musical song begins with two pairs of repeated whistled notes and ends in a series of trills, somewhat similar to that of the song sparrow. This bird's numbers are declining in the eastern parts of its range due to habitat loss","Wiki encyclopedia format with scientific species description, listing bird characteristics and behavior details about the Eastern Towhee.

The phrase ""Its population has declined since the 1970s, partly because of habitat loss"" suggests a concluding clause about historical decline reasons, implying a common environmental context or source, likely ""and agricultural development"" or ""due to forest clearing.""

Final token ""loss"" ends an incomplete phrase (""due to habitat loss due to habitat loss""), part of a parenthetical clause (""decline has been slowed due to habitat loss due to habitat loss""), strongly expecting continuation like ""and other factors"" or ""and the disappearance of winter habitat"" or ""and."""
0,7,Habitat loss partly caused the Eastern Towhee population decline.,"[{""sentence_id"": 1, ""start"": 196, ""end"": 226, ""text"": ""partly because of habitat loss""}, {""sentence_id"": 2, ""start"": 457, ""end"": 476, ""text"": ""due to habitat loss""}, {""sentence_id"": 2, ""start"": 477, ""end"": 496, ""text"": ""due to habitat loss""}, {""sentence_id"": 2, ""start"": 557, ""end"": 576, ""text"": ""due to habitat loss""}, {""sentence_id"": 2, ""start"": 577, ""end"": 596, ""text"": ""due to habitat loss""}]",detail,cause,unsupported,[],"prefix: Habitat loss is linked to vesper sparrows, not the AV-named Eastern Towhee.; AV: Habitat loss partly caused the Eastern Towhee population decline.",False,"The vesper sparrow (Pooecetes gramineus) is a medium-sized American sparrow. It is the only member of the genus Pooecetes. Adults have light brown upperparts and light underparts, both with darker streaking. They have a white eye ring and a long dark brown tail which shows white outer feathers in flight. Their breeding habitat is open grassy areas across most of North America. The nest is an open cup on the ground under a clump of grass. These birds migrate to the southern and central United States and Mexico. These birds forage on the ground, mainly eating insects and seeds. Outside the nesting season they often feed in small flocks. The male sings from a higher perch, such as a shrub or fencepost, which indicates his ownership of the nesting territory. The musical song begins with two pairs of repeated whistled notes and ends in a series of trills, somewhat similar to that of the song sparrow. This bird's numbers are declining in the eastern parts of its range due to habitat loss","Wiki encyclopedia format with scientific species description, listing bird characteristics and behavior details about the Eastern Towhee.

The phrase ""Its population has declined since the 1970s, partly because of habitat loss"" suggests a concluding clause about historical decline reasons, implying a common environmental context or source, likely ""and agricultural development"" or ""due to forest clearing.""

Final token ""loss"" ends an incomplete phrase (""due to habitat loss due to habitat loss""), part of a parenthetical clause (""decline has been slowed due to habitat loss due to habitat loss""), strongly expecting continuation like ""and other factors"" or ""and the disappearance of winter habitat"" or ""and."""
0,8,The concluding clause concerns reasons for historical population decline.,"[{""sentence_id"": 1, ""start"": 237, ""end"": 289, ""text"": ""a concluding clause about historical decline reasons""}]",detail,local_text,true,"[{""start"": 909, ""end"": 996, ""text"": ""This bird's numbers are declining in the eastern parts of its range due to habitat loss""}]",prefix: The final clause gives habitat loss as the reason for declining numbers.; AV: The concluding clause concerns reasons for historical population decline.,False,"The vesper sparrow (Pooecetes gramineus) is a medium-sized American sparrow. It is the only member of the genus Pooecetes. Adults have light brown upperparts and light underparts, both with darker streaking. They have a white eye ring and a long dark brown tail which shows white outer feathers in flight. Their breeding habitat is open grassy areas across most of North America. The nest is an open cup on the ground under a clump of grass. These birds migrate to the southern and central United States and Mexico. These birds forage on the ground, mainly eating insects and seeds. Outside the nesting season they often feed in small flocks. The male sings from a higher perch, such as a shrub or fencepost, which indicates his ownership of the nesting territory. The musical song begins with two pairs of repeated whistled notes and ends in a series of trills, somewhat similar to that of the song sparrow. This bird's numbers are declining in the eastern parts of its range due to habitat loss","Wiki encyclopedia format with scientific species description, listing bird characteristics and behavior details about the Eastern Towhee.

The phrase ""Its population has declined since the 1970s, partly because of habitat loss"" suggests a concluding clause about historical decline reasons, implying a common environmental context or source, likely ""and agricultural development"" or ""due to forest clearing.""

Final token ""loss"" ends an incomplete phrase (""due to habitat loss due to habitat loss""), part of a parenthetical clause (""decline has been slowed due to habitat loss due to habitat loss""), strongly expecting continuation like ""and other factors"" or ""and the disappearance of winter habitat"" or ""and."""
0,9,The passage implies a common environmental context or source.,"[{""sentence_id"": 1, ""start"": 291, ""end"": 340, ""text"": ""implying a common environmental context or source""}]",theme,topic,unsupported,[],prefix: The disjunction is vague; an environmental subject is apparent but a common context/source is not established.; AV: The passage implies a common environmental context or source.,True,"The vesper sparrow (Pooecetes gramineus) is a medium-sized American sparrow. It is the only member of the genus Pooecetes. Adults have light brown upperparts and light underparts, both with darker streaking. They have a white eye ring and a long dark brown tail which shows white outer feathers in flight. Their breeding habitat is open grassy areas across most of North America. The nest is an open cup on the ground under a clump of grass. These birds migrate to the southern and central United States and Mexico. These birds forage on the ground, mainly eating insects and seeds. Outside the nesting season they often feed in small flocks. The male sings from a higher perch, such as a shrub or fencepost, which indicates his ownership of the nesting territory. The musical song begins with two pairs of repeated whistled notes and ends in a series of trills, somewhat similar to that of the song sparrow. This bird's numbers are declining in the eastern parts of its range due to habitat loss","Wiki encyclopedia format with scientific species description, listing bird characteristics and behavior details about the Eastern Towhee.

The phrase ""Its population has declined since the 1970s, partly because of habitat loss"" suggests a concluding clause about historical decline reasons, implying a common environmental context or source, likely ""and agricultural development"" or ""due to forest clearing.""

Final token ""loss"" ends an incomplete phrase (""due to habitat loss due to habitat loss""), part of a parenthetical clause (""decline has been slowed due to habitat loss due to habitat loss""), strongly expecting continuation like ""and other factors"" or ""and the disappearance of winter habitat"" or ""and."""
0,10,The likely continuation is “and agricultural development” or “due to forest clearing.”,"[{""sentence_id"": 1, ""start"": 342, ""end"": 408, ""text"": ""likely \""and agricultural development\"" or \""due to forest clearing.\""""}]",forecast,continuation,unsupported,[],prefix: No continuation or probability evidence is visible; alternatives are one forecast.; AV: The likely continuation is “and agricultural development” or “due to forest clearing.”,False,"The vesper sparrow (Pooecetes gramineus) is a medium-sized American sparrow. It is the only member of the genus Pooecetes. Adults have light brown upperparts and light underparts, both with darker streaking. They have a white eye ring and a long dark brown tail which shows white outer feathers in flight. Their breeding habitat is open grassy areas across most of North America. The nest is an open cup on the ground under a clump of grass. These birds migrate to the southern and central United States and Mexico. These birds forage on the ground, mainly eating insects and seeds. Outside the nesting season they often feed in small flocks. The male sings from a higher perch, such as a shrub or fencepost, which indicates his ownership of the nesting territory. The musical song begins with two pairs of repeated whistled notes and ends in a series of trills, somewhat similar to that of the song sparrow. This bird's numbers are declining in the eastern parts of its range due to habitat loss","Wiki encyclopedia format with scientific species description, listing bird characteristics and behavior details about the Eastern Towhee.

The phrase ""Its population has declined since the 1970s, partly because of habitat loss"" suggests a concluding clause about historical decline reasons, implying a common environmental context or source, likely ""and agricultural development"" or ""due to forest clearing.""

Final token ""loss"" ends an incomplete phrase (""due to habitat loss due to habitat loss""), part of a parenthetical clause (""decline has been slowed due to habitat loss due to habitat loss""), strongly expecting continuation like ""and other factors"" or ""and the disappearance of winter habitat"" or ""and."""
0,11,The final tokenizer token is “loss”.,"[{""sentence_id"": 2, ""start"": 410, ""end"": 428, ""text"": ""Final token \""loss\""""}]",detail,final_token,unsupported,[],prefix: The visible final word is loss; actual tokenizer-token identity is outside prefix-only evidence.; AV: The final tokenizer token is “loss”.,True,"The vesper sparrow (Pooecetes gramineus) is a medium-sized American sparrow. It is the only member of the genus Pooecetes. Adults have light brown upperparts and light underparts, both with darker streaking. They have a white eye ring and a long dark brown tail which shows white outer feathers in flight. Their breeding habitat is open grassy areas across most of North America. The nest is an open cup on the ground under a clump of grass. These birds migrate to the southern and central United States and Mexico. These birds forage on the ground, mainly eating insects and seeds. Outside the nesting season they often feed in small flocks. The male sings from a higher perch, such as a shrub or fencepost, which indicates his ownership of the nesting territory. The musical song begins with two pairs of repeated whistled notes and ends in a series of trills, somewhat similar to that of the song sparrow. This bird's numbers are declining in the eastern parts of its range due to habitat loss","Wiki encyclopedia format with scientific species description, listing bird characteristics and behavior details about the Eastern Towhee.

The phrase ""Its population has declined since the 1970s, partly because of habitat loss"" suggests a concluding clause about historical decline reasons, implying a common environmental context or source, likely ""and agricultural development"" or ""due to forest clearing.""

Final token ""loss"" ends an incomplete phrase (""due to habitat loss due to habitat loss""), part of a parenthetical clause (""decline has been slowed due to habitat loss due to habitat loss""), strongly expecting continuation like ""and other factors"" or ""and the disappearance of winter habitat"" or ""and."""
0,12,The ending at “loss” is an incomplete phrase.,"[{""sentence_id"": 2, ""start"": 429, ""end"": 454, ""text"": ""ends an incomplete phrase""}]",detail,local_text,false,"[{""start"": 909, ""end"": 996, ""text"": ""This bird's numbers are declining in the eastern parts of its range due to habitat loss""}]",prefix: The final clause and noun phrase habitat loss are grammatically complete.; AV: The ending at “loss” is an incomplete phrase.,True,"The vesper sparrow (Pooecetes gramineus) is a medium-sized American sparrow. It is the only member of the genus Pooecetes. Adults have light brown upperparts and light underparts, both with darker streaking. They have a white eye ring and a long dark brown tail which shows white outer feathers in flight. Their breeding habitat is open grassy areas across most of North America. The nest is an open cup on the ground under a clump of grass. These birds migrate to the southern and central United States and Mexico. These birds forage on the ground, mainly eating insects and seeds. Outside the nesting season they often feed in small flocks. The male sings from a higher perch, such as a shrub or fencepost, which indicates his ownership of the nesting territory. The musical song begins with two pairs of repeated whistled notes and ends in a series of trills, somewhat similar to that of the song sparrow. This bird's numbers are declining in the eastern parts of its range due to habitat loss","Wiki encyclopedia format with scientific species description, listing bird characteristics and behavior details about the Eastern Towhee.

The phrase ""Its population has declined since the 1970s, partly because of habitat loss"" suggests a concluding clause about historical decline reasons, implying a common environmental context or source, likely ""and agricultural development"" or ""due to forest clearing.""

Final token ""loss"" ends an incomplete phrase (""due to habitat loss due to habitat loss""), part of a parenthetical clause (""decline has been slowed due to habitat loss due to habitat loss""), strongly expecting continuation like ""and other factors"" or ""and the disappearance of winter habitat"" or ""and."""
0,13,The final decline clause is parenthetical.,"[{""sentence_id"": 2, ""start"": 500, ""end"": 530, ""text"": ""part of a parenthetical clause""}]",detail,local_text,false,"[{""start"": 909, ""end"": 996, ""text"": ""This bird's numbers are declining in the eastern parts of its range due to habitat loss""}]",prefix: The final sentence is not a parenthetical clause.; AV: The final decline clause is parenthetical.,False,"The vesper sparrow (Pooecetes gramineus) is a medium-sized American sparrow. It is the only member of the genus Pooecetes. Adults have light brown upperparts and light underparts, both with darker streaking. They have a white eye ring and a long dark brown tail which shows white outer feathers in flight. Their breeding habitat is open grassy areas across most of North America. The nest is an open cup on the ground under a clump of grass. These birds migrate to the southern and central United States and Mexico. These birds forage on the ground, mainly eating insects and seeds. Outside the nesting season they often feed in small flocks. The male sings from a higher perch, such as a shrub or fencepost, which indicates his ownership of the nesting territory. The musical song begins with two pairs of repeated whistled notes and ends in a series of trills, somewhat similar to that of the song sparrow. This bird's numbers are declining in the eastern parts of its range due to habitat loss","Wiki encyclopedia format with scientific species description, listing bird characteristics and behavior details about the Eastern Towhee.

The phrase ""Its population has declined since the 1970s, partly because of habitat loss"" suggests a concluding clause about historical decline reasons, implying a common environmental context or source, likely ""and agricultural development"" or ""due to forest clearing.""

Final token ""loss"" ends an incomplete phrase (""due to habitat loss due to habitat loss""), part of a parenthetical clause (""decline has been slowed due to habitat loss due to habitat loss""), strongly expecting continuation like ""and other factors"" or ""and the disappearance of winter habitat"" or ""and."""
0,14,The Eastern Towhee population decline has been slowed.,"[{""sentence_id"": 2, ""start"": 533, ""end"": 556, ""text"": ""decline has been slowed""}]",detail,event,unsupported,[],"prefix: No slowing of a decline is stated, particularly for the AV-named bird.; AV: The Eastern Towhee population decline has been slowed.",False,"The vesper sparrow (Pooecetes gramineus) is a medium-sized American sparrow. It is the only member of the genus Pooecetes. Adults have light brown upperparts and light underparts, both with darker streaking. They have a white eye ring and a long dark brown tail which shows white outer feathers in flight. Their breeding habitat is open grassy areas across most of North America. The nest is an open cup on the ground under a clump of grass. These birds migrate to the southern and central United States and Mexico. These birds forage on the ground, mainly eating insects and seeds. Outside the nesting season they often feed in small flocks. The male sings from a higher perch, such as a shrub or fencepost, which indicates his ownership of the nesting territory. The musical song begins with two pairs of repeated whistled notes and ends in a series of trills, somewhat similar to that of the song sparrow. This bird's numbers are declining in the eastern parts of its range due to habitat loss","Wiki encyclopedia format with scientific species description, listing bird characteristics and behavior details about the Eastern Towhee.

The phrase ""Its population has declined since the 1970s, partly because of habitat loss"" suggests a concluding clause about historical decline reasons, implying a common environmental context or source, likely ""and agricultural development"" or ""due to forest clearing.""

Final token ""loss"" ends an incomplete phrase (""due to habitat loss due to habitat loss""), part of a parenthetical clause (""decline has been slowed due to habitat loss due to habitat loss""), strongly expecting continuation like ""and other factors"" or ""and the disappearance of winter habitat"" or ""and."""
0,15,Habitat loss has slowed the Eastern Towhee population decline.,"[{""sentence_id"": 2, ""start"": 533, ""end"": 576, ""text"": ""decline has been slowed due to habitat loss""}]",detail,cause,unsupported,[],prefix: The prefix gives no slowing event or cause for Eastern Towhee; preserve its binding.; AV: Habitat loss has slowed the Eastern Towhee population decline.,False,"The vesper sparrow (Pooecetes gramineus) is a medium-sized American sparrow. It is the only member of the genus Pooecetes. Adults have light brown upperparts and light underparts, both with darker streaking. They have a white eye ring and a long dark brown tail which shows white outer feathers in flight. Their breeding habitat is open grassy areas across most of North America. The nest is an open cup on the ground under a clump of grass. These birds migrate to the southern and central United States and Mexico. These birds forage on the ground, mainly eating insects and seeds. Outside the nesting season they often feed in small flocks. The male sings from a higher perch, such as a shrub or fencepost, which indicates his ownership of the nesting territory. The musical song begins with two pairs of repeated whistled notes and ends in a series of trills, somewhat similar to that of the song sparrow. This bird's numbers are declining in the eastern parts of its range due to habitat loss","Wiki encyclopedia format with scientific species description, listing bird characteristics and behavior details about the Eastern Towhee.

The phrase ""Its population has declined since the 1970s, partly because of habitat loss"" suggests a concluding clause about historical decline reasons, implying a common environmental context or source, likely ""and agricultural development"" or ""due to forest clearing.""

Final token ""loss"" ends an incomplete phrase (""due to habitat loss due to habitat loss""), part of a parenthetical clause (""decline has been slowed due to habitat loss due to habitat loss""), strongly expecting continuation like ""and other factors"" or ""and the disappearance of winter habitat"" or ""and."""
0,16,"The continuation is strongly expected to be “and other factors”, “and the disappearance of winter habitat”, or “and.”","[{""sentence_id"": 2, ""start"": 600, ""end"": 711, ""text"": ""strongly expecting continuation like \""and other factors\"" or \""and the disappearance of winter habitat\"" or \""and.\""""}]",forecast,continuation,unsupported,[],"prefix: No continuation/probability evidence; alternatives remain together.; AV: The continuation is strongly expected to be “and other factors”, “and the disappearance of winter habitat”, or “and.”",False,"The vesper sparrow (Pooecetes gramineus) is a medium-sized American sparrow. It is the only member of the genus Pooecetes. Adults have light brown upperparts and light underparts, both with darker streaking. They have a white eye ring and a long dark brown tail which shows white outer feathers in flight. Their breeding habitat is open grassy areas across most of North America. The nest is an open cup on the ground under a clump of grass. These birds migrate to the southern and central United States and Mexico. These birds forage on the ground, mainly eating insects and seeds. Outside the nesting season they often feed in small flocks. The male sings from a higher perch, such as a shrub or fencepost, which indicates his ownership of the nesting territory. The musical song begins with two pairs of repeated whistled notes and ends in a series of trills, somewhat similar to that of the song sparrow. This bird's numbers are declining in the eastern parts of its range due to habitat loss","Wiki encyclopedia format with scientific species description, listing bird characteristics and behavior details about the Eastern Towhee.

The phrase ""Its population has declined since the 1970s, partly because of habitat loss"" suggests a concluding clause about historical decline reasons, implying a common environmental context or source, likely ""and agricultural development"" or ""due to forest clearing.""

Final token ""loss"" ends an incomplete phrase (""due to habitat loss due to habitat loss""), part of a parenthetical clause (""decline has been slowed due to habitat loss due to habitat loss""), strongly expecting continuation like ""and other factors"" or ""and the disappearance of winter habitat"" or ""and."""
1,0,The passage concerns an American location.,"[{""sentence_id"": 0, ""start"": 0, ""end"": 8, ""text"": ""American""}]",theme,topic,true,"[{""start"": 0, ""end"": 77, ""text"": ""Clark Lake is a lake located in Gogebic County in the U.S. state of Michigan.""}]",prefix: The location is explicitly in the U.S.; AV: The passage concerns an American location.,False,"Clark Lake is a lake located in Gogebic County in the U.S. state of Michigan. Clark Lake is one of about two dozen clear, clean lakes located in the Sylvania Wilderness of Ottawa National Forest a few miles (6 to 8 km) to the west of the town of Watersmeet. The shoreline is undeveloped except for a picnic area and boat launch at the northern end. The lake possesses several islands and numerous bays and coves. Large boulders strewn about the shoreline and lake bed add to the scenic beauty of this lake. It is not uncommon to see nesting loons and eagles around the lake's islands, and black bear and wolves inhabit the old-growth forest around the lake. The total surface area of the lake is, with maximum depths of. Like all lakes in Sylvania, Clark Lake has numerous special regulations designed to protect and ensure its wilderness quality for future generations. No motorized watercraft are allowed, and a catch and release policy is in place for bass species","American rural/boating tourism webpage describing lake conservation efforts, with informal prose detailing a lake club's rules and practices.

The sentence structure ""The lake is strictly enforced as a no fishing zone with stocking of native species and prohibits harvesting of fish species"" suggests a list continuation or specific detail about bass population or fishing regulations, particularly mentioning bass species and their protected status.

Final token ""species"" ends mid-clause (""for bass species""), part of a clause listing restrictions (""also removes fishing pressure on trout species and bass species""), strongly expecting continuation like ""and other fish"" or ""that are caught"" or ""such as the spawning population"" or ""of fish caught."""
1,1,The passage concerns rural scenery or boating.,"[{""sentence_id"": 0, ""start"": 9, ""end"": 22, ""text"": ""rural/boating""}]",theme,topic,true,"[{""start"": 258, ""end"": 348, ""text"": ""The shoreline is undeveloped except for a picnic area and boat launch at the northern end.""}]",prefix: Wilderness scenery and a boat launch support the combined topic.; AV: The passage concerns rural scenery or boating.,False,"Clark Lake is a lake located in Gogebic County in the U.S. state of Michigan. Clark Lake is one of about two dozen clear, clean lakes located in the Sylvania Wilderness of Ottawa National Forest a few miles (6 to 8 km) to the west of the town of Watersmeet. The shoreline is undeveloped except for a picnic area and boat launch at the northern end. The lake possesses several islands and numerous bays and coves. Large boulders strewn about the shoreline and lake bed add to the scenic beauty of this lake. It is not uncommon to see nesting loons and eagles around the lake's islands, and black bear and wolves inhabit the old-growth forest around the lake. The total surface area of the lake is, with maximum depths of. Like all lakes in Sylvania, Clark Lake has numerous special regulations designed to protect and ensure its wilderness quality for future generations. No motorized watercraft are allowed, and a catch and release policy is in place for bass species","American rural/boating tourism webpage describing lake conservation efforts, with informal prose detailing a lake club's rules and practices.

The sentence structure ""The lake is strictly enforced as a no fishing zone with stocking of native species and prohibits harvesting of fish species"" suggests a list continuation or specific detail about bass population or fishing regulations, particularly mentioning bass species and their protected status.

Final token ""species"" ends mid-clause (""for bass species""), part of a clause listing restrictions (""also removes fishing pressure on trout species and bass species""), strongly expecting continuation like ""and other fish"" or ""that are caught"" or ""such as the spawning population"" or ""of fish caught."""
1,2,The passage is a tourism webpage.,"[{""sentence_id"": 0, ""start"": 23, ""end"": 38, ""text"": ""tourism webpage""}]",theme,genre,unsupported,[],"prefix: Tourism-related content is compatible with the passage, but webpage purpose is not established.; AV: The passage is a tourism webpage.",True,"Clark Lake is a lake located in Gogebic County in the U.S. state of Michigan. Clark Lake is one of about two dozen clear, clean lakes located in the Sylvania Wilderness of Ottawa National Forest a few miles (6 to 8 km) to the west of the town of Watersmeet. The shoreline is undeveloped except for a picnic area and boat launch at the northern end. The lake possesses several islands and numerous bays and coves. Large boulders strewn about the shoreline and lake bed add to the scenic beauty of this lake. It is not uncommon to see nesting loons and eagles around the lake's islands, and black bear and wolves inhabit the old-growth forest around the lake. The total surface area of the lake is, with maximum depths of. Like all lakes in Sylvania, Clark Lake has numerous special regulations designed to protect and ensure its wilderness quality for future generations. No motorized watercraft are allowed, and a catch and release policy is in place for bass species","American rural/boating tourism webpage describing lake conservation efforts, with informal prose detailing a lake club's rules and practices.

The sentence structure ""The lake is strictly enforced as a no fishing zone with stocking of native species and prohibits harvesting of fish species"" suggests a list continuation or specific detail about bass population or fishing regulations, particularly mentioning bass species and their protected status.

Final token ""species"" ends mid-clause (""for bass species""), part of a clause listing restrictions (""also removes fishing pressure on trout species and bass species""), strongly expecting continuation like ""and other fish"" or ""that are caught"" or ""such as the spawning population"" or ""of fish caught."""
1,3,The passage describes lake conservation efforts.,"[{""sentence_id"": 0, ""start"": 39, ""end"": 75, ""text"": ""describing lake conservation efforts""}]",theme,topic,true,"[{""start"": 749, ""end"": 870, ""text"": ""Clark Lake has numerous special regulations designed to protect and ensure its wilderness quality for future generations.""}]",prefix: Protective regulations are explicit.; AV: The passage describes lake conservation efforts.,False,"Clark Lake is a lake located in Gogebic County in the U.S. state of Michigan. Clark Lake is one of about two dozen clear, clean lakes located in the Sylvania Wilderness of Ottawa National Forest a few miles (6 to 8 km) to the west of the town of Watersmeet. The shoreline is undeveloped except for a picnic area and boat launch at the northern end. The lake possesses several islands and numerous bays and coves. Large boulders strewn about the shoreline and lake bed add to the scenic beauty of this lake. It is not uncommon to see nesting loons and eagles around the lake's islands, and black bear and wolves inhabit the old-growth forest around the lake. The total surface area of the lake is, with maximum depths of. Like all lakes in Sylvania, Clark Lake has numerous special regulations designed to protect and ensure its wilderness quality for future generations. No motorized watercraft are allowed, and a catch and release policy is in place for bass species","American rural/boating tourism webpage describing lake conservation efforts, with informal prose detailing a lake club's rules and practices.

The sentence structure ""The lake is strictly enforced as a no fishing zone with stocking of native species and prohibits harvesting of fish species"" suggests a list continuation or specific detail about bass population or fishing regulations, particularly mentioning bass species and their protected status.

Final token ""species"" ends mid-clause (""for bass species""), part of a clause listing restrictions (""also removes fishing pressure on trout species and bass species""), strongly expecting continuation like ""and other fish"" or ""that are caught"" or ""such as the spawning population"" or ""of fish caught."""
1,4,The prose is informal.,"[{""sentence_id"": 0, ""start"": 82, ""end"": 96, ""text"": ""informal prose""}]",theme,style,unsupported,[],prefix: The expository prose does not clearly establish the claimed register.; AV: The prose is informal.,True,"Clark Lake is a lake located in Gogebic County in the U.S. state of Michigan. Clark Lake is one of about two dozen clear, clean lakes located in the Sylvania Wilderness of Ottawa National Forest a few miles (6 to 8 km) to the west of the town of Watersmeet. The shoreline is undeveloped except for a picnic area and boat launch at the northern end. The lake possesses several islands and numerous bays and coves. Large boulders strewn about the shoreline and lake bed add to the scenic beauty of this lake. It is not uncommon to see nesting loons and eagles around the lake's islands, and black bear and wolves inhabit the old-growth forest around the lake. The total surface area of the lake is, with maximum depths of. Like all lakes in Sylvania, Clark Lake has numerous special regulations designed to protect and ensure its wilderness quality for future generations. No motorized watercraft are allowed, and a catch and release policy is in place for bass species","American rural/boating tourism webpage describing lake conservation efforts, with informal prose detailing a lake club's rules and practices.

The sentence structure ""The lake is strictly enforced as a no fishing zone with stocking of native species and prohibits harvesting of fish species"" suggests a list continuation or specific detail about bass population or fishing regulations, particularly mentioning bass species and their protected status.

Final token ""species"" ends mid-clause (""for bass species""), part of a clause listing restrictions (""also removes fishing pressure on trout species and bass species""), strongly expecting continuation like ""and other fish"" or ""that are caught"" or ""such as the spawning population"" or ""of fish caught."""
1,5,The described lake rules and practices belong to a lake club.,"[{""sentence_id"": 0, ""start"": 107, ""end"": 140, ""text"": ""a lake club's rules and practices""}]",entity,relationship,false,"[{""start"": 721, ""end"": 792, ""text"": ""Like all lakes in Sylvania, Clark Lake has numerous special regulations""}]","prefix: The source attributes these to lakes in Sylvania, not a club filling that role.; AV: The described lake rules and practices belong to a lake club.",True,"Clark Lake is a lake located in Gogebic County in the U.S. state of Michigan. Clark Lake is one of about two dozen clear, clean lakes located in the Sylvania Wilderness of Ottawa National Forest a few miles (6 to 8 km) to the west of the town of Watersmeet. The shoreline is undeveloped except for a picnic area and boat launch at the northern end. The lake possesses several islands and numerous bays and coves. Large boulders strewn about the shoreline and lake bed add to the scenic beauty of this lake. It is not uncommon to see nesting loons and eagles around the lake's islands, and black bear and wolves inhabit the old-growth forest around the lake. The total surface area of the lake is, with maximum depths of. Like all lakes in Sylvania, Clark Lake has numerous special regulations designed to protect and ensure its wilderness quality for future generations. No motorized watercraft are allowed, and a catch and release policy is in place for bass species","American rural/boating tourism webpage describing lake conservation efforts, with informal prose detailing a lake club's rules and practices.

The sentence structure ""The lake is strictly enforced as a no fishing zone with stocking of native species and prohibits harvesting of fish species"" suggests a list continuation or specific detail about bass population or fishing regulations, particularly mentioning bass species and their protected status.

Final token ""species"" ends mid-clause (""for bass species""), part of a clause listing restrictions (""also removes fishing pressure on trout species and bass species""), strongly expecting continuation like ""and other fish"" or ""that are caught"" or ""such as the spawning population"" or ""of fish caught."""
1,6,The lake is a strictly enforced no-fishing zone.,"[{""sentence_id"": 1, ""start"": 167, ""end"": 217, ""text"": ""The lake is strictly enforced as a no fishing zone""}]",detail,attribute,false,"[{""start"": 912, ""end"": 967, ""text"": ""a catch and release policy is in place for bass species""}]",prefix: Catch-and-release fishing conflicts with a blanket no-fishing zone.; AV: The lake is a strictly enforced no-fishing zone.,False,"Clark Lake is a lake located in Gogebic County in the U.S. state of Michigan. Clark Lake is one of about two dozen clear, clean lakes located in the Sylvania Wilderness of Ottawa National Forest a few miles (6 to 8 km) to the west of the town of Watersmeet. The shoreline is undeveloped except for a picnic area and boat launch at the northern end. The lake possesses several islands and numerous bays and coves. Large boulders strewn about the shoreline and lake bed add to the scenic beauty of this lake. It is not uncommon to see nesting loons and eagles around the lake's islands, and black bear and wolves inhabit the old-growth forest around the lake. The total surface area of the lake is, with maximum depths of. Like all lakes in Sylvania, Clark Lake has numerous special regulations designed to protect and ensure its wilderness quality for future generations. No motorized watercraft are allowed, and a catch and release policy is in place for bass species","American rural/boating tourism webpage describing lake conservation efforts, with informal prose detailing a lake club's rules and practices.

The sentence structure ""The lake is strictly enforced as a no fishing zone with stocking of native species and prohibits harvesting of fish species"" suggests a list continuation or specific detail about bass population or fishing regulations, particularly mentioning bass species and their protected status.

Final token ""species"" ends mid-clause (""for bass species""), part of a clause listing restrictions (""also removes fishing pressure on trout species and bass species""), strongly expecting continuation like ""and other fish"" or ""that are caught"" or ""such as the spawning population"" or ""of fish caught."""
1,7,Native species are stocked in the lake.,"[{""sentence_id"": 1, ""start"": 223, ""end"": 249, ""text"": ""stocking of native species""}]",detail,event,unsupported,[],prefix: Stocking is not addressed.; AV: Native species are stocked in the lake.,False,"Clark Lake is a lake located in Gogebic County in the U.S. state of Michigan. Clark Lake is one of about two dozen clear, clean lakes located in the Sylvania Wilderness of Ottawa National Forest a few miles (6 to 8 km) to the west of the town of Watersmeet. The shoreline is undeveloped except for a picnic area and boat launch at the northern end. The lake possesses several islands and numerous bays and coves. Large boulders strewn about the shoreline and lake bed add to the scenic beauty of this lake. It is not uncommon to see nesting loons and eagles around the lake's islands, and black bear and wolves inhabit the old-growth forest around the lake. The total surface area of the lake is, with maximum depths of. Like all lakes in Sylvania, Clark Lake has numerous special regulations designed to protect and ensure its wilderness quality for future generations. No motorized watercraft are allowed, and a catch and release policy is in place for bass species","American rural/boating tourism webpage describing lake conservation efforts, with informal prose detailing a lake club's rules and practices.

The sentence structure ""The lake is strictly enforced as a no fishing zone with stocking of native species and prohibits harvesting of fish species"" suggests a list continuation or specific detail about bass population or fishing regulations, particularly mentioning bass species and their protected status.

Final token ""species"" ends mid-clause (""for bass species""), part of a clause listing restrictions (""also removes fishing pressure on trout species and bass species""), strongly expecting continuation like ""and other fish"" or ""that are caught"" or ""such as the spawning population"" or ""of fish caught."""
1,8,Harvesting all fish species is prohibited.,"[{""sentence_id"": 1, ""start"": 254, ""end"": 290, ""text"": ""prohibits harvesting of fish species""}]",detail,attribute,unsupported,"[{""start"": 912, ""end"": 967, ""text"": ""a catch and release policy is in place for bass species""}]","prefix: The rule supports no harvesting of bass, but not the wider all-fish scope.; AV: Harvesting all fish species is prohibited.",True,"Clark Lake is a lake located in Gogebic County in the U.S. state of Michigan. Clark Lake is one of about two dozen clear, clean lakes located in the Sylvania Wilderness of Ottawa National Forest a few miles (6 to 8 km) to the west of the town of Watersmeet. The shoreline is undeveloped except for a picnic area and boat launch at the northern end. The lake possesses several islands and numerous bays and coves. Large boulders strewn about the shoreline and lake bed add to the scenic beauty of this lake. It is not uncommon to see nesting loons and eagles around the lake's islands, and black bear and wolves inhabit the old-growth forest around the lake. The total surface area of the lake is, with maximum depths of. Like all lakes in Sylvania, Clark Lake has numerous special regulations designed to protect and ensure its wilderness quality for future generations. No motorized watercraft are allowed, and a catch and release policy is in place for bass species","American rural/boating tourism webpage describing lake conservation efforts, with informal prose detailing a lake club's rules and practices.

The sentence structure ""The lake is strictly enforced as a no fishing zone with stocking of native species and prohibits harvesting of fish species"" suggests a list continuation or specific detail about bass population or fishing regulations, particularly mentioning bass species and their protected status.

Final token ""species"" ends mid-clause (""for bass species""), part of a clause listing restrictions (""also removes fishing pressure on trout species and bass species""), strongly expecting continuation like ""and other fish"" or ""that are caught"" or ""such as the spawning population"" or ""of fish caught."""
1,9,The syntax suggests a list continuation or a further detail about bass population or fishing regulations.,"[{""sentence_id"": 1, ""start"": 292, ""end"": 384, ""text"": ""suggests a list continuation or specific detail about bass population or fishing regulations""}]",forecast,continuation,unsupported,[],prefix: A prediction beyond the cut; keep alternatives together.; AV: The syntax suggests a list continuation or a further detail about bass population or fishing regulations.,False,"Clark Lake is a lake located in Gogebic County in the U.S. state of Michigan. Clark Lake is one of about two dozen clear, clean lakes located in the Sylvania Wilderness of Ottawa National Forest a few miles (6 to 8 km) to the west of the town of Watersmeet. The shoreline is undeveloped except for a picnic area and boat launch at the northern end. The lake possesses several islands and numerous bays and coves. Large boulders strewn about the shoreline and lake bed add to the scenic beauty of this lake. It is not uncommon to see nesting loons and eagles around the lake's islands, and black bear and wolves inhabit the old-growth forest around the lake. The total surface area of the lake is, with maximum depths of. Like all lakes in Sylvania, Clark Lake has numerous special regulations designed to protect and ensure its wilderness quality for future generations. No motorized watercraft are allowed, and a catch and release policy is in place for bass species","American rural/boating tourism webpage describing lake conservation efforts, with informal prose detailing a lake club's rules and practices.

The sentence structure ""The lake is strictly enforced as a no fishing zone with stocking of native species and prohibits harvesting of fish species"" suggests a list continuation or specific detail about bass population or fishing regulations, particularly mentioning bass species and their protected status.

Final token ""species"" ends mid-clause (""for bass species""), part of a clause listing restrictions (""also removes fishing pressure on trout species and bass species""), strongly expecting continuation like ""and other fish"" or ""that are caught"" or ""such as the spawning population"" or ""of fish caught."""
1,10,The passage specifically mentions bass species.,"[{""sentence_id"": 1, ""start"": 386, ""end"": 422, ""text"": ""particularly mentioning bass species""}]",detail,local_text,true,"[{""start"": 912, ""end"": 967, ""text"": ""a catch and release policy is in place for bass species""}]",prefix: Bass species are explicitly mentioned.; AV: The passage specifically mentions bass species.,False,"Clark Lake is a lake located in Gogebic County in the U.S. state of Michigan. Clark Lake is one of about two dozen clear, clean lakes located in the Sylvania Wilderness of Ottawa National Forest a few miles (6 to 8 km) to the west of the town of Watersmeet. The shoreline is undeveloped except for a picnic area and boat launch at the northern end. The lake possesses several islands and numerous bays and coves. Large boulders strewn about the shoreline and lake bed add to the scenic beauty of this lake. It is not uncommon to see nesting loons and eagles around the lake's islands, and black bear and wolves inhabit the old-growth forest around the lake. The total surface area of the lake is, with maximum depths of. Like all lakes in Sylvania, Clark Lake has numerous special regulations designed to protect and ensure its wilderness quality for future generations. No motorized watercraft are allowed, and a catch and release policy is in place for bass species","American rural/boating tourism webpage describing lake conservation efforts, with informal prose detailing a lake club's rules and practices.

The sentence structure ""The lake is strictly enforced as a no fishing zone with stocking of native species and prohibits harvesting of fish species"" suggests a list continuation or specific detail about bass population or fishing regulations, particularly mentioning bass species and their protected status.

Final token ""species"" ends mid-clause (""for bass species""), part of a clause listing restrictions (""also removes fishing pressure on trout species and bass species""), strongly expecting continuation like ""and other fish"" or ""that are caught"" or ""such as the spawning population"" or ""of fish caught."""
1,11,Bass receive protection through fishing restrictions.,"[{""sentence_id"": 1, ""start"": 427, ""end"": 449, ""text"": ""their protected status""}]",detail,attribute,true,"[{""start"": 912, ""end"": 967, ""text"": ""a catch and release policy is in place for bass species""}]",prefix: Catch-and-release provides the stated protection; no formal conservation-status inference.; AV: Bass receive protection through fishing restrictions.,False,"Clark Lake is a lake located in Gogebic County in the U.S. state of Michigan. Clark Lake is one of about two dozen clear, clean lakes located in the Sylvania Wilderness of Ottawa National Forest a few miles (6 to 8 km) to the west of the town of Watersmeet. The shoreline is undeveloped except for a picnic area and boat launch at the northern end. The lake possesses several islands and numerous bays and coves. Large boulders strewn about the shoreline and lake bed add to the scenic beauty of this lake. It is not uncommon to see nesting loons and eagles around the lake's islands, and black bear and wolves inhabit the old-growth forest around the lake. The total surface area of the lake is, with maximum depths of. Like all lakes in Sylvania, Clark Lake has numerous special regulations designed to protect and ensure its wilderness quality for future generations. No motorized watercraft are allowed, and a catch and release policy is in place for bass species","American rural/boating tourism webpage describing lake conservation efforts, with informal prose detailing a lake club's rules and practices.

The sentence structure ""The lake is strictly enforced as a no fishing zone with stocking of native species and prohibits harvesting of fish species"" suggests a list continuation or specific detail about bass population or fishing regulations, particularly mentioning bass species and their protected status.

Final token ""species"" ends mid-clause (""for bass species""), part of a clause listing restrictions (""also removes fishing pressure on trout species and bass species""), strongly expecting continuation like ""and other fish"" or ""that are caught"" or ""such as the spawning population"" or ""of fish caught."""
1,12,The final tokenizer token is “species”.,"[{""sentence_id"": 2, ""start"": 452, ""end"": 473, ""text"": ""Final token \""species\""""}]",detail,final_token,unsupported,[],prefix: The visible final word does not establish the actual tokenizer token.; AV: The final tokenizer token is “species”.,True,"Clark Lake is a lake located in Gogebic County in the U.S. state of Michigan. Clark Lake is one of about two dozen clear, clean lakes located in the Sylvania Wilderness of Ottawa National Forest a few miles (6 to 8 km) to the west of the town of Watersmeet. The shoreline is undeveloped except for a picnic area and boat launch at the northern end. The lake possesses several islands and numerous bays and coves. Large boulders strewn about the shoreline and lake bed add to the scenic beauty of this lake. It is not uncommon to see nesting loons and eagles around the lake's islands, and black bear and wolves inhabit the old-growth forest around the lake. The total surface area of the lake is, with maximum depths of. Like all lakes in Sylvania, Clark Lake has numerous special regulations designed to protect and ensure its wilderness quality for future generations. No motorized watercraft are allowed, and a catch and release policy is in place for bass species","American rural/boating tourism webpage describing lake conservation efforts, with informal prose detailing a lake club's rules and practices.

The sentence structure ""The lake is strictly enforced as a no fishing zone with stocking of native species and prohibits harvesting of fish species"" suggests a list continuation or specific detail about bass population or fishing regulations, particularly mentioning bass species and their protected status.

Final token ""species"" ends mid-clause (""for bass species""), part of a clause listing restrictions (""also removes fishing pressure on trout species and bass species""), strongly expecting continuation like ""and other fish"" or ""that are caught"" or ""such as the spawning population"" or ""of fish caught."""
1,13,The visible text ends mid-clause.,"[{""sentence_id"": 2, ""start"": 474, ""end"": 489, ""text"": ""ends mid-clause""}]",detail,local_text,false,"[{""start"": 912, ""end"": 967, ""text"": ""a catch and release policy is in place for bass species""}]",prefix: The clause is grammatically complete despite absent terminal punctuation.; AV: The visible text ends mid-clause.,True,"Clark Lake is a lake located in Gogebic County in the U.S. state of Michigan. Clark Lake is one of about two dozen clear, clean lakes located in the Sylvania Wilderness of Ottawa National Forest a few miles (6 to 8 km) to the west of the town of Watersmeet. The shoreline is undeveloped except for a picnic area and boat launch at the northern end. The lake possesses several islands and numerous bays and coves. Large boulders strewn about the shoreline and lake bed add to the scenic beauty of this lake. It is not uncommon to see nesting loons and eagles around the lake's islands, and black bear and wolves inhabit the old-growth forest around the lake. The total surface area of the lake is, with maximum depths of. Like all lakes in Sylvania, Clark Lake has numerous special regulations designed to protect and ensure its wilderness quality for future generations. No motorized watercraft are allowed, and a catch and release policy is in place for bass species","American rural/boating tourism webpage describing lake conservation efforts, with informal prose detailing a lake club's rules and practices.

The sentence structure ""The lake is strictly enforced as a no fishing zone with stocking of native species and prohibits harvesting of fish species"" suggests a list continuation or specific detail about bass population or fishing regulations, particularly mentioning bass species and their protected status.

Final token ""species"" ends mid-clause (""for bass species""), part of a clause listing restrictions (""also removes fishing pressure on trout species and bass species""), strongly expecting continuation like ""and other fish"" or ""that are caught"" or ""such as the spawning population"" or ""of fish caught."""
1,14,The final clause lists restrictions.,"[{""sentence_id"": 2, ""start"": 512, ""end"": 549, ""text"": ""part of a clause listing restrictions""}]",detail,local_text,true,"[{""start"": 871, ""end"": 967, ""text"": ""No motorized watercraft are allowed, and a catch and release policy is in place for bass species""}]",prefix: The closing sentence lists watercraft and fishing restrictions.; AV: The final clause lists restrictions.,False,"Clark Lake is a lake located in Gogebic County in the U.S. state of Michigan. Clark Lake is one of about two dozen clear, clean lakes located in the Sylvania Wilderness of Ottawa National Forest a few miles (6 to 8 km) to the west of the town of Watersmeet. The shoreline is undeveloped except for a picnic area and boat launch at the northern end. The lake possesses several islands and numerous bays and coves. Large boulders strewn about the shoreline and lake bed add to the scenic beauty of this lake. It is not uncommon to see nesting loons and eagles around the lake's islands, and black bear and wolves inhabit the old-growth forest around the lake. The total surface area of the lake is, with maximum depths of. Like all lakes in Sylvania, Clark Lake has numerous special regulations designed to protect and ensure its wilderness quality for future generations. No motorized watercraft are allowed, and a catch and release policy is in place for bass species","American rural/boating tourism webpage describing lake conservation efforts, with informal prose detailing a lake club's rules and practices.

The sentence structure ""The lake is strictly enforced as a no fishing zone with stocking of native species and prohibits harvesting of fish species"" suggests a list continuation or specific detail about bass population or fishing regulations, particularly mentioning bass species and their protected status.

Final token ""species"" ends mid-clause (""for bass species""), part of a clause listing restrictions (""also removes fishing pressure on trout species and bass species""), strongly expecting continuation like ""and other fish"" or ""that are caught"" or ""such as the spawning population"" or ""of fish caught."""
1,15,The restrictions remove fishing pressure on trout species.,"[{""sentence_id"": 2, ""start"": 552, ""end"": 598, ""text"": ""also removes fishing pressure on trout species""}]",detail,cause,unsupported,[],prefix: Trout and elimination of fishing pressure are not established.; AV: The restrictions remove fishing pressure on trout species.,False,"Clark Lake is a lake located in Gogebic County in the U.S. state of Michigan. Clark Lake is one of about two dozen clear, clean lakes located in the Sylvania Wilderness of Ottawa National Forest a few miles (6 to 8 km) to the west of the town of Watersmeet. The shoreline is undeveloped except for a picnic area and boat launch at the northern end. The lake possesses several islands and numerous bays and coves. Large boulders strewn about the shoreline and lake bed add to the scenic beauty of this lake. It is not uncommon to see nesting loons and eagles around the lake's islands, and black bear and wolves inhabit the old-growth forest around the lake. The total surface area of the lake is, with maximum depths of. Like all lakes in Sylvania, Clark Lake has numerous special regulations designed to protect and ensure its wilderness quality for future generations. No motorized watercraft are allowed, and a catch and release policy is in place for bass species","American rural/boating tourism webpage describing lake conservation efforts, with informal prose detailing a lake club's rules and practices.

The sentence structure ""The lake is strictly enforced as a no fishing zone with stocking of native species and prohibits harvesting of fish species"" suggests a list continuation or specific detail about bass population or fishing regulations, particularly mentioning bass species and their protected status.

Final token ""species"" ends mid-clause (""for bass species""), part of a clause listing restrictions (""also removes fishing pressure on trout species and bass species""), strongly expecting continuation like ""and other fish"" or ""that are caught"" or ""such as the spawning population"" or ""of fish caught."""
1,16,The restrictions remove fishing pressure on bass species.,"[{""sentence_id"": 2, ""start"": 552, ""end"": 615, ""text"": ""also removes fishing pressure on trout species and bass species""}]",detail,cause,unsupported,"[{""start"": 912, ""end"": 967, ""text"": ""a catch and release policy is in place for bass species""}]",prefix: Catch-and-release does not entail elimination of fishing pressure.; AV: The restrictions remove fishing pressure on bass species.,False,"Clark Lake is a lake located in Gogebic County in the U.S. state of Michigan. Clark Lake is one of about two dozen clear, clean lakes located in the Sylvania Wilderness of Ottawa National Forest a few miles (6 to 8 km) to the west of the town of Watersmeet. The shoreline is undeveloped except for a picnic area and boat launch at the northern end. The lake possesses several islands and numerous bays and coves. Large boulders strewn about the shoreline and lake bed add to the scenic beauty of this lake. It is not uncommon to see nesting loons and eagles around the lake's islands, and black bear and wolves inhabit the old-growth forest around the lake. The total surface area of the lake is, with maximum depths of. Like all lakes in Sylvania, Clark Lake has numerous special regulations designed to protect and ensure its wilderness quality for future generations. No motorized watercraft are allowed, and a catch and release policy is in place for bass species","American rural/boating tourism webpage describing lake conservation efforts, with informal prose detailing a lake club's rules and practices.

The sentence structure ""The lake is strictly enforced as a no fishing zone with stocking of native species and prohibits harvesting of fish species"" suggests a list continuation or specific detail about bass population or fishing regulations, particularly mentioning bass species and their protected status.

Final token ""species"" ends mid-clause (""for bass species""), part of a clause listing restrictions (""also removes fishing pressure on trout species and bass species""), strongly expecting continuation like ""and other fish"" or ""that are caught"" or ""such as the spawning population"" or ""of fish caught."""
1,17,"The continuation is strongly expected to be “and other fish”, “that are caught”, “such as the spawning population”, or “of fish caught.”","[{""sentence_id"": 2, ""start"": 619, ""end"": 751, ""text"": ""strongly expecting continuation like \""and other fish\"" or \""that are caught\"" or \""such as the spawning population\"" or \""of fish caught.\""""}]",forecast,continuation,unsupported,[],"prefix: No continuation/probability evidence; alternatives remain together.; AV: The continuation is strongly expected to be “and other fish”, “that are caught”, “such as the spawning population”, or “of fish caught.”",False,"Clark Lake is a lake located in Gogebic County in the U.S. state of Michigan. Clark Lake is one of about two dozen clear, clean lakes located in the Sylvania Wilderness of Ottawa National Forest a few miles (6 to 8 km) to the west of the town of Watersmeet. The shoreline is undeveloped except for a picnic area and boat launch at the northern end. The lake possesses several islands and numerous bays and coves. Large boulders strewn about the shoreline and lake bed add to the scenic beauty of this lake. It is not uncommon to see nesting loons and eagles around the lake's islands, and black bear and wolves inhabit the old-growth forest around the lake. The total surface area of the lake is, with maximum depths of. Like all lakes in Sylvania, Clark Lake has numerous special regulations designed to protect and ensure its wilderness quality for future generations. No motorized watercraft are allowed, and a catch and release policy is in place for bass species","American rural/boating tourism webpage describing lake conservation efforts, with informal prose detailing a lake club's rules and practices.

The sentence structure ""The lake is strictly enforced as a no fishing zone with stocking of native species and prohibits harvesting of fish species"" suggests a list continuation or specific detail about bass population or fishing regulations, particularly mentioning bass species and their protected status.

Final token ""species"" ends mid-clause (""for bass species""), part of a clause listing restrictions (""also removes fishing pressure on trout species and bass species""), strongly expecting continuation like ""and other fish"" or ""that are caught"" or ""such as the spawning population"" or ""of fish caught."""
2,0,The passage concerns geography or aviation.,"[{""sentence_id"": 0, ""start"": 0, ""end"": 19, ""text"": ""Geographic/aviation""}]",theme,topic,true,"[{""start"": 0, ""end"": 76, ""text"": ""Kahului Airport is a regional airport in the state of Hawai'i, United States""}]",prefix: Airport location and aviation are explicit topics.; AV: The passage concerns geography or aviation.,False,"Kahului Airport is a regional airport in the state of Hawai'i, United States, located east of the Kahului CDP in Maui County on the island of Maui near Haleakala. It has offered full airport operations since 1952. Most flights into Kahului Airport originate from Daniel K. Inouye International Airport in Honolulu; the Honolulu – Kahului corridor is one of the busiest air routes in the US, ranking 13th in 2004 with 1,632,000 passengers. The airport code pays homage to aviation pioneer Bertram J. Hogg who worked for what is now Hawaiian Airlines flying aircraft ranging from eight-passenger Sikorsky S-38 amphibians to Douglas DC-3s and DC-9s into the late 1960s. It is included in the Federal Aviation Administration (FAA) National Plan of Integrated Airport Systems for 2017 – 2021, in which it is categorized as a medium-hub primary commercial service facility","Geographic/aviation database format with structured FAA airport metadata, following a US DOT report format with date and code fields.

The phrase ""The airport was ranked as a medium hub airport with 2,444 passenger boardings per year and was designated as a commercial service facility; it is classified as a primary facility"" suggests a formal FAA classification clause completing a definition or status statement.

Final token ""facility"" ends an incomplete noun phrase (""a primary air transportation facility classified as a commercial air passenger facility, a secondary facility""), strongly expecting continuation like ""."" or ""with regard to its capacity"" or ""and part of the national airport system."""
2,1,The passage has a structured database format.,"[{""sentence_id"": 0, ""start"": 20, ""end"": 72, ""text"": ""database format with structured FAA airport metadata""}]",theme,format,false,"[{""start"": 0, ""end"": 76, ""text"": ""Kahului Airport is a regional airport in the state of Hawai'i, United States""}]",prefix: Visible continuous narrative prose is not a structured database with fields.; AV: The passage has a structured database format.,True,"Kahului Airport is a regional airport in the state of Hawai'i, United States, located east of the Kahului CDP in Maui County on the island of Maui near Haleakala. It has offered full airport operations since 1952. Most flights into Kahului Airport originate from Daniel K. Inouye International Airport in Honolulu; the Honolulu – Kahului corridor is one of the busiest air routes in the US, ranking 13th in 2004 with 1,632,000 passengers. The airport code pays homage to aviation pioneer Bertram J. Hogg who worked for what is now Hawaiian Airlines flying aircraft ranging from eight-passenger Sikorsky S-38 amphibians to Douglas DC-3s and DC-9s into the late 1960s. It is included in the Federal Aviation Administration (FAA) National Plan of Integrated Airport Systems for 2017 – 2021, in which it is categorized as a medium-hub primary commercial service facility","Geographic/aviation database format with structured FAA airport metadata, following a US DOT report format with date and code fields.

The phrase ""The airport was ranked as a medium hub airport with 2,444 passenger boardings per year and was designated as a commercial service facility; it is classified as a primary facility"" suggests a formal FAA classification clause completing a definition or status statement.

Final token ""facility"" ends an incomplete noun phrase (""a primary air transportation facility classified as a commercial air passenger facility, a secondary facility""), strongly expecting continuation like ""."" or ""with regard to its capacity"" or ""and part of the national airport system."""
2,2,The passage contains FAA airport information.,"[{""sentence_id"": 0, ""start"": 52, ""end"": 72, ""text"": ""FAA airport metadata""}]",theme,topic,true,"[{""start"": 667, ""end"": 770, ""text"": ""It is included in the Federal Aviation Administration (FAA) National Plan of Integrated Airport Systems""}]",prefix: FAA classification information appears.; AV: The passage contains FAA airport information.,False,"Kahului Airport is a regional airport in the state of Hawai'i, United States, located east of the Kahului CDP in Maui County on the island of Maui near Haleakala. It has offered full airport operations since 1952. Most flights into Kahului Airport originate from Daniel K. Inouye International Airport in Honolulu; the Honolulu – Kahului corridor is one of the busiest air routes in the US, ranking 13th in 2004 with 1,632,000 passengers. The airport code pays homage to aviation pioneer Bertram J. Hogg who worked for what is now Hawaiian Airlines flying aircraft ranging from eight-passenger Sikorsky S-38 amphibians to Douglas DC-3s and DC-9s into the late 1960s. It is included in the Federal Aviation Administration (FAA) National Plan of Integrated Airport Systems for 2017 – 2021, in which it is categorized as a medium-hub primary commercial service facility","Geographic/aviation database format with structured FAA airport metadata, following a US DOT report format with date and code fields.

The phrase ""The airport was ranked as a medium hub airport with 2,444 passenger boardings per year and was designated as a commercial service facility; it is classified as a primary facility"" suggests a formal FAA classification clause completing a definition or status statement.

Final token ""facility"" ends an incomplete noun phrase (""a primary air transportation facility classified as a commercial air passenger facility, a secondary facility""), strongly expecting continuation like ""."" or ""with regard to its capacity"" or ""and part of the national airport system."""
2,3,The passage follows a US DOT report format.,"[{""sentence_id"": 0, ""start"": 74, ""end"": 106, ""text"": ""following a US DOT report format""}]",theme,format,unsupported,[],prefix: No DOT attribution or specific report format is established.; AV: The passage follows a US DOT report format.,False,"Kahului Airport is a regional airport in the state of Hawai'i, United States, located east of the Kahului CDP in Maui County on the island of Maui near Haleakala. It has offered full airport operations since 1952. Most flights into Kahului Airport originate from Daniel K. Inouye International Airport in Honolulu; the Honolulu – Kahului corridor is one of the busiest air routes in the US, ranking 13th in 2004 with 1,632,000 passengers. The airport code pays homage to aviation pioneer Bertram J. Hogg who worked for what is now Hawaiian Airlines flying aircraft ranging from eight-passenger Sikorsky S-38 amphibians to Douglas DC-3s and DC-9s into the late 1960s. It is included in the Federal Aviation Administration (FAA) National Plan of Integrated Airport Systems for 2017 – 2021, in which it is categorized as a medium-hub primary commercial service facility","Geographic/aviation database format with structured FAA airport metadata, following a US DOT report format with date and code fields.

The phrase ""The airport was ranked as a medium hub airport with 2,444 passenger boardings per year and was designated as a commercial service facility; it is classified as a primary facility"" suggests a formal FAA classification clause completing a definition or status statement.

Final token ""facility"" ends an incomplete noun phrase (""a primary air transportation facility classified as a commercial air passenger facility, a secondary facility""), strongly expecting continuation like ""."" or ""with regard to its capacity"" or ""and part of the national airport system."""
2,4,The passage presents dates in date fields.,"[{""sentence_id"": 0, ""start"": 112, ""end"": 132, ""text"": ""date and code fields""}]",detail,local_text,false,"[{""start"": 163, ""end"": 213, ""text"": ""It has offered full airport operations since 1952.""}]","prefix: Dates occur in prose, not date fields.; AV: The passage presents dates in date fields.",False,"Kahului Airport is a regional airport in the state of Hawai'i, United States, located east of the Kahului CDP in Maui County on the island of Maui near Haleakala. It has offered full airport operations since 1952. Most flights into Kahului Airport originate from Daniel K. Inouye International Airport in Honolulu; the Honolulu – Kahului corridor is one of the busiest air routes in the US, ranking 13th in 2004 with 1,632,000 passengers. The airport code pays homage to aviation pioneer Bertram J. Hogg who worked for what is now Hawaiian Airlines flying aircraft ranging from eight-passenger Sikorsky S-38 amphibians to Douglas DC-3s and DC-9s into the late 1960s. It is included in the Federal Aviation Administration (FAA) National Plan of Integrated Airport Systems for 2017 – 2021, in which it is categorized as a medium-hub primary commercial service facility","Geographic/aviation database format with structured FAA airport metadata, following a US DOT report format with date and code fields.

The phrase ""The airport was ranked as a medium hub airport with 2,444 passenger boardings per year and was designated as a commercial service facility; it is classified as a primary facility"" suggests a formal FAA classification clause completing a definition or status statement.

Final token ""facility"" ends an incomplete noun phrase (""a primary air transportation facility classified as a commercial air passenger facility, a secondary facility""), strongly expecting continuation like ""."" or ""with regard to its capacity"" or ""and part of the national airport system."""
2,5,The passage presents airport codes in code fields.,"[{""sentence_id"": 0, ""start"": 112, ""end"": 132, ""text"": ""date and code fields""}]",detail,local_text,false,"[{""start"": 439, ""end"": 503, ""text"": ""The airport code pays homage to aviation pioneer Bertram J. Hogg""}]",prefix: The code is discussed in prose; no code field is shown.; AV: The passage presents airport codes in code fields.,False,"Kahului Airport is a regional airport in the state of Hawai'i, United States, located east of the Kahului CDP in Maui County on the island of Maui near Haleakala. It has offered full airport operations since 1952. Most flights into Kahului Airport originate from Daniel K. Inouye International Airport in Honolulu; the Honolulu – Kahului corridor is one of the busiest air routes in the US, ranking 13th in 2004 with 1,632,000 passengers. The airport code pays homage to aviation pioneer Bertram J. Hogg who worked for what is now Hawaiian Airlines flying aircraft ranging from eight-passenger Sikorsky S-38 amphibians to Douglas DC-3s and DC-9s into the late 1960s. It is included in the Federal Aviation Administration (FAA) National Plan of Integrated Airport Systems for 2017 – 2021, in which it is categorized as a medium-hub primary commercial service facility","Geographic/aviation database format with structured FAA airport metadata, following a US DOT report format with date and code fields.

The phrase ""The airport was ranked as a medium hub airport with 2,444 passenger boardings per year and was designated as a commercial service facility; it is classified as a primary facility"" suggests a formal FAA classification clause completing a definition or status statement.

Final token ""facility"" ends an incomplete noun phrase (""a primary air transportation facility classified as a commercial air passenger facility, a secondary facility""), strongly expecting continuation like ""."" or ""with regard to its capacity"" or ""and part of the national airport system."""
2,6,The airport is classified as medium hub.,"[{""sentence_id"": 1, ""start"": 163, ""end"": 193, ""text"": ""ranked as a medium hub airport""}]",detail,attribute,true,"[{""start"": 803, ""end"": 866, ""text"": ""categorized as a medium-hub primary commercial service facility""}]",prefix: Medium-hub category is explicit.; AV: The airport is classified as medium hub.,False,"Kahului Airport is a regional airport in the state of Hawai'i, United States, located east of the Kahului CDP in Maui County on the island of Maui near Haleakala. It has offered full airport operations since 1952. Most flights into Kahului Airport originate from Daniel K. Inouye International Airport in Honolulu; the Honolulu – Kahului corridor is one of the busiest air routes in the US, ranking 13th in 2004 with 1,632,000 passengers. The airport code pays homage to aviation pioneer Bertram J. Hogg who worked for what is now Hawaiian Airlines flying aircraft ranging from eight-passenger Sikorsky S-38 amphibians to Douglas DC-3s and DC-9s into the late 1960s. It is included in the Federal Aviation Administration (FAA) National Plan of Integrated Airport Systems for 2017 – 2021, in which it is categorized as a medium-hub primary commercial service facility","Geographic/aviation database format with structured FAA airport metadata, following a US DOT report format with date and code fields.

The phrase ""The airport was ranked as a medium hub airport with 2,444 passenger boardings per year and was designated as a commercial service facility; it is classified as a primary facility"" suggests a formal FAA classification clause completing a definition or status statement.

Final token ""facility"" ends an incomplete noun phrase (""a primary air transportation facility classified as a commercial air passenger facility, a secondary facility""), strongly expecting continuation like ""."" or ""with regard to its capacity"" or ""and part of the national airport system."""
2,7,"The airport has 2,444 passenger boardings per year.","[{""sentence_id"": 1, ""start"": 199, ""end"": 233, ""text"": ""2,444 passenger boardings per year""}]",detail,quantity,unsupported,"[{""start"": 315, ""end"": 437, ""text"": ""the Honolulu – Kahului corridor is one of the busiest air routes in the US, ranking 13th in 2004 with 1,632,000 passengers""}]","prefix: The supplied number concerns a specific corridor/year, not annual airport boardings; no contradiction in the same quantity slot.; AV: The airport has 2,444 passenger boardings per year.",True,"Kahului Airport is a regional airport in the state of Hawai'i, United States, located east of the Kahului CDP in Maui County on the island of Maui near Haleakala. It has offered full airport operations since 1952. Most flights into Kahului Airport originate from Daniel K. Inouye International Airport in Honolulu; the Honolulu – Kahului corridor is one of the busiest air routes in the US, ranking 13th in 2004 with 1,632,000 passengers. The airport code pays homage to aviation pioneer Bertram J. Hogg who worked for what is now Hawaiian Airlines flying aircraft ranging from eight-passenger Sikorsky S-38 amphibians to Douglas DC-3s and DC-9s into the late 1960s. It is included in the Federal Aviation Administration (FAA) National Plan of Integrated Airport Systems for 2017 – 2021, in which it is categorized as a medium-hub primary commercial service facility","Geographic/aviation database format with structured FAA airport metadata, following a US DOT report format with date and code fields.

The phrase ""The airport was ranked as a medium hub airport with 2,444 passenger boardings per year and was designated as a commercial service facility; it is classified as a primary facility"" suggests a formal FAA classification clause completing a definition or status statement.

Final token ""facility"" ends an incomplete noun phrase (""a primary air transportation facility classified as a commercial air passenger facility, a secondary facility""), strongly expecting continuation like ""."" or ""with regard to its capacity"" or ""and part of the national airport system."""
2,8,The airport is designated a commercial service facility.,"[{""sentence_id"": 1, ""start"": 242, ""end"": 285, ""text"": ""designated as a commercial service facility""}, {""sentence_id"": 2, ""start"": 511, ""end"": 560, ""text"": ""classified as a commercial air passenger facility""}]",detail,attribute,true,"[{""start"": 803, ""end"": 866, ""text"": ""categorized as a medium-hub primary commercial service facility""}]",prefix: Commercial service designation is explicit.; AV: The airport is designated a commercial service facility.,False,"Kahului Airport is a regional airport in the state of Hawai'i, United States, located east of the Kahului CDP in Maui County on the island of Maui near Haleakala. It has offered full airport operations since 1952. Most flights into Kahului Airport originate from Daniel K. Inouye International Airport in Honolulu; the Honolulu – Kahului corridor is one of the busiest air routes in the US, ranking 13th in 2004 with 1,632,000 passengers. The airport code pays homage to aviation pioneer Bertram J. Hogg who worked for what is now Hawaiian Airlines flying aircraft ranging from eight-passenger Sikorsky S-38 amphibians to Douglas DC-3s and DC-9s into the late 1960s. It is included in the Federal Aviation Administration (FAA) National Plan of Integrated Airport Systems for 2017 – 2021, in which it is categorized as a medium-hub primary commercial service facility","Geographic/aviation database format with structured FAA airport metadata, following a US DOT report format with date and code fields.

The phrase ""The airport was ranked as a medium hub airport with 2,444 passenger boardings per year and was designated as a commercial service facility; it is classified as a primary facility"" suggests a formal FAA classification clause completing a definition or status statement.

Final token ""facility"" ends an incomplete noun phrase (""a primary air transportation facility classified as a commercial air passenger facility, a secondary facility""), strongly expecting continuation like ""."" or ""with regard to its capacity"" or ""and part of the national airport system."""
2,9,The airport is classified as a primary facility.,"[{""sentence_id"": 1, ""start"": 293, ""end"": 325, ""text"": ""classified as a primary facility""}, {""sentence_id"": 2, ""start"": 473, ""end"": 510, ""text"": ""a primary air transportation facility""}]",detail,attribute,true,"[{""start"": 803, ""end"": 866, ""text"": ""categorized as a medium-hub primary commercial service facility""}]",prefix: Primary designation is explicit.; AV: The airport is classified as a primary facility.,False,"Kahului Airport is a regional airport in the state of Hawai'i, United States, located east of the Kahului CDP in Maui County on the island of Maui near Haleakala. It has offered full airport operations since 1952. Most flights into Kahului Airport originate from Daniel K. Inouye International Airport in Honolulu; the Honolulu – Kahului corridor is one of the busiest air routes in the US, ranking 13th in 2004 with 1,632,000 passengers. The airport code pays homage to aviation pioneer Bertram J. Hogg who worked for what is now Hawaiian Airlines flying aircraft ranging from eight-passenger Sikorsky S-38 amphibians to Douglas DC-3s and DC-9s into the late 1960s. It is included in the Federal Aviation Administration (FAA) National Plan of Integrated Airport Systems for 2017 – 2021, in which it is categorized as a medium-hub primary commercial service facility","Geographic/aviation database format with structured FAA airport metadata, following a US DOT report format with date and code fields.

The phrase ""The airport was ranked as a medium hub airport with 2,444 passenger boardings per year and was designated as a commercial service facility; it is classified as a primary facility"" suggests a formal FAA classification clause completing a definition or status statement.

Final token ""facility"" ends an incomplete noun phrase (""a primary air transportation facility classified as a commercial air passenger facility, a secondary facility""), strongly expecting continuation like ""."" or ""with regard to its capacity"" or ""and part of the national airport system."""
2,10,The closing clause gives a formal FAA classification or status.,"[{""sentence_id"": 1, ""start"": 336, ""end"": 414, ""text"": ""a formal FAA classification clause completing a definition or status statement""}]",detail,local_text,true,"[{""start"": 788, ""end"": 866, ""text"": ""in which it is categorized as a medium-hub primary commercial service facility""}]",prefix: The final clause states the FAA category.; AV: The closing clause gives a formal FAA classification or status.,False,"Kahului Airport is a regional airport in the state of Hawai'i, United States, located east of the Kahului CDP in Maui County on the island of Maui near Haleakala. It has offered full airport operations since 1952. Most flights into Kahului Airport originate from Daniel K. Inouye International Airport in Honolulu; the Honolulu – Kahului corridor is one of the busiest air routes in the US, ranking 13th in 2004 with 1,632,000 passengers. The airport code pays homage to aviation pioneer Bertram J. Hogg who worked for what is now Hawaiian Airlines flying aircraft ranging from eight-passenger Sikorsky S-38 amphibians to Douglas DC-3s and DC-9s into the late 1960s. It is included in the Federal Aviation Administration (FAA) National Plan of Integrated Airport Systems for 2017 – 2021, in which it is categorized as a medium-hub primary commercial service facility","Geographic/aviation database format with structured FAA airport metadata, following a US DOT report format with date and code fields.

The phrase ""The airport was ranked as a medium hub airport with 2,444 passenger boardings per year and was designated as a commercial service facility; it is classified as a primary facility"" suggests a formal FAA classification clause completing a definition or status statement.

Final token ""facility"" ends an incomplete noun phrase (""a primary air transportation facility classified as a commercial air passenger facility, a secondary facility""), strongly expecting continuation like ""."" or ""with regard to its capacity"" or ""and part of the national airport system."""
2,11,The final tokenizer token is “facility”.,"[{""sentence_id"": 2, ""start"": 417, ""end"": 439, ""text"": ""Final token \""facility\""""}]",detail,final_token,unsupported,[],prefix: Tokenizer metadata is not allowed evidence.; AV: The final tokenizer token is “facility”.,True,"Kahului Airport is a regional airport in the state of Hawai'i, United States, located east of the Kahului CDP in Maui County on the island of Maui near Haleakala. It has offered full airport operations since 1952. Most flights into Kahului Airport originate from Daniel K. Inouye International Airport in Honolulu; the Honolulu – Kahului corridor is one of the busiest air routes in the US, ranking 13th in 2004 with 1,632,000 passengers. The airport code pays homage to aviation pioneer Bertram J. Hogg who worked for what is now Hawaiian Airlines flying aircraft ranging from eight-passenger Sikorsky S-38 amphibians to Douglas DC-3s and DC-9s into the late 1960s. It is included in the Federal Aviation Administration (FAA) National Plan of Integrated Airport Systems for 2017 – 2021, in which it is categorized as a medium-hub primary commercial service facility","Geographic/aviation database format with structured FAA airport metadata, following a US DOT report format with date and code fields.

The phrase ""The airport was ranked as a medium hub airport with 2,444 passenger boardings per year and was designated as a commercial service facility; it is classified as a primary facility"" suggests a formal FAA classification clause completing a definition or status statement.

Final token ""facility"" ends an incomplete noun phrase (""a primary air transportation facility classified as a commercial air passenger facility, a secondary facility""), strongly expecting continuation like ""."" or ""with regard to its capacity"" or ""and part of the national airport system."""
2,12,The text ends in an incomplete noun phrase.,"[{""sentence_id"": 2, ""start"": 440, ""end"": 470, ""text"": ""ends an incomplete noun phrase""}]",detail,local_text,false,"[{""start"": 818, ""end"": 866, ""text"": ""a medium-hub primary commercial service facility""}]",prefix: The final noun phrase is complete.; AV: The text ends in an incomplete noun phrase.,True,"Kahului Airport is a regional airport in the state of Hawai'i, United States, located east of the Kahului CDP in Maui County on the island of Maui near Haleakala. It has offered full airport operations since 1952. Most flights into Kahului Airport originate from Daniel K. Inouye International Airport in Honolulu; the Honolulu – Kahului corridor is one of the busiest air routes in the US, ranking 13th in 2004 with 1,632,000 passengers. The airport code pays homage to aviation pioneer Bertram J. Hogg who worked for what is now Hawaiian Airlines flying aircraft ranging from eight-passenger Sikorsky S-38 amphibians to Douglas DC-3s and DC-9s into the late 1960s. It is included in the Federal Aviation Administration (FAA) National Plan of Integrated Airport Systems for 2017 – 2021, in which it is categorized as a medium-hub primary commercial service facility","Geographic/aviation database format with structured FAA airport metadata, following a US DOT report format with date and code fields.

The phrase ""The airport was ranked as a medium hub airport with 2,444 passenger boardings per year and was designated as a commercial service facility; it is classified as a primary facility"" suggests a formal FAA classification clause completing a definition or status statement.

Final token ""facility"" ends an incomplete noun phrase (""a primary air transportation facility classified as a commercial air passenger facility, a secondary facility""), strongly expecting continuation like ""."" or ""with regard to its capacity"" or ""and part of the national airport system."""
2,13,The airport is classified as a secondary facility.,"[{""sentence_id"": 2, ""start"": 562, ""end"": 582, ""text"": ""a secondary facility""}]",detail,attribute,false,"[{""start"": 803, ""end"": 866, ""text"": ""categorized as a medium-hub primary commercial service facility""}]","prefix: In this same classification role the source says primary, not secondary.; AV: The airport is classified as a secondary facility.",False,"Kahului Airport is a regional airport in the state of Hawai'i, United States, located east of the Kahului CDP in Maui County on the island of Maui near Haleakala. It has offered full airport operations since 1952. Most flights into Kahului Airport originate from Daniel K. Inouye International Airport in Honolulu; the Honolulu – Kahului corridor is one of the busiest air routes in the US, ranking 13th in 2004 with 1,632,000 passengers. The airport code pays homage to aviation pioneer Bertram J. Hogg who worked for what is now Hawaiian Airlines flying aircraft ranging from eight-passenger Sikorsky S-38 amphibians to Douglas DC-3s and DC-9s into the late 1960s. It is included in the Federal Aviation Administration (FAA) National Plan of Integrated Airport Systems for 2017 – 2021, in which it is categorized as a medium-hub primary commercial service facility","Geographic/aviation database format with structured FAA airport metadata, following a US DOT report format with date and code fields.

The phrase ""The airport was ranked as a medium hub airport with 2,444 passenger boardings per year and was designated as a commercial service facility; it is classified as a primary facility"" suggests a formal FAA classification clause completing a definition or status statement.

Final token ""facility"" ends an incomplete noun phrase (""a primary air transportation facility classified as a commercial air passenger facility, a secondary facility""), strongly expecting continuation like ""."" or ""with regard to its capacity"" or ""and part of the national airport system."""
2,14,"The continuation is strongly expected to be a period, “with regard to its capacity”, or “and part of the national airport system.”","[{""sentence_id"": 2, ""start"": 586, ""end"": 705, ""text"": ""strongly expecting continuation like \"".\"" or \""with regard to its capacity\"" or \""and part of the national airport system.\""""}]",forecast,continuation,unsupported,[],"prefix: No continuation/probability evidence; retain the disjunction.; AV: The continuation is strongly expected to be a period, “with regard to its capacity”, or “and part of the national airport system.”",False,"Kahului Airport is a regional airport in the state of Hawai'i, United States, located east of the Kahului CDP in Maui County on the island of Maui near Haleakala. It has offered full airport operations since 1952. Most flights into Kahului Airport originate from Daniel K. Inouye International Airport in Honolulu; the Honolulu – Kahului corridor is one of the busiest air routes in the US, ranking 13th in 2004 with 1,632,000 passengers. The airport code pays homage to aviation pioneer Bertram J. Hogg who worked for what is now Hawaiian Airlines flying aircraft ranging from eight-passenger Sikorsky S-38 amphibians to Douglas DC-3s and DC-9s into the late 1960s. It is included in the Federal Aviation Administration (FAA) National Plan of Integrated Airport Systems for 2017 – 2021, in which it is categorized as a medium-hub primary commercial service facility","Geographic/aviation database format with structured FAA airport metadata, following a US DOT report format with date and code fields.

The phrase ""The airport was ranked as a medium hub airport with 2,444 passenger boardings per year and was designated as a commercial service facility; it is classified as a primary facility"" suggests a formal FAA classification clause completing a definition or status statement.

Final token ""facility"" ends an incomplete noun phrase (""a primary air transportation facility classified as a commercial air passenger facility, a secondary facility""), strongly expecting continuation like ""."" or ""with regard to its capacity"" or ""and part of the national airport system."""
3,0,The biography concerns a German person.,"[{""sentence_id"": 0, ""start"": 0, ""end"": 25, ""text"": ""German football biography""}]",theme,topic,true,"[{""start"": 0, ""end"": 64, ""text"": ""Wolfgang Thüne (born 8 October 1949) is a German former gymnast.""}]",prefix: The subject is explicitly German.; AV: The biography concerns a German person.,False,"Wolfgang Thüne (born 8 October 1949) is a German former gymnast. He competed at the 1972 Summer Olympics in all artistic gymnastics events and won a bronze medal with the East German team. Individually his best achievement was seventh place in the horizontal bar. He won two more bronze team medals at the world championships in 1970 and 1974 as well as individual silver in the horizontal bar in 1974. At the 1975 European championships in Bern, he fled to West Germany with the help of his rival Eberhard Gienger. In 1977 he won the national all-round title in West Germany competing for TuS 04 Leverkusen. After retirement he worked as a gymnastics coach at the same club","German football biography article about German football referee Erich Schürmann with historical facts about his career and titles.

The sentence structure ""After his retirement he became assistant coach of the HSV Munich reserve team and stayed there until 1965 where he continued his coaching career at the same club"" suggests a concluding clause about his current affiliation or the club he joined, implying a club name or retirement.

Final token ""club"" ends an incomplete phrase (""at the same club at that club""), part of a clause describing his coaching activities (""retired from the training at his former club""), expecting continuation like ""and"" or ""he founded"" or ""where he remained."""
3,1,The passage is a biographical article.,"[{""sentence_id"": 0, ""start"": 16, ""end"": 33, ""text"": ""biography article""}]",theme,genre,true,"[{""start"": 0, ""end"": 64, ""text"": ""Wolfgang Thüne (born 8 October 1949) is a German former gymnast.""}]",prefix: Birth and career history support the genre.; AV: The passage is a biographical article.,False,"Wolfgang Thüne (born 8 October 1949) is a German former gymnast. He competed at the 1972 Summer Olympics in all artistic gymnastics events and won a bronze medal with the East German team. Individually his best achievement was seventh place in the horizontal bar. He won two more bronze team medals at the world championships in 1970 and 1974 as well as individual silver in the horizontal bar in 1974. At the 1975 European championships in Bern, he fled to West Germany with the help of his rival Eberhard Gienger. In 1977 he won the national all-round title in West Germany competing for TuS 04 Leverkusen. After retirement he worked as a gymnastics coach at the same club","German football biography article about German football referee Erich Schürmann with historical facts about his career and titles.

The sentence structure ""After his retirement he became assistant coach of the HSV Munich reserve team and stayed there until 1965 where he continued his coaching career at the same club"" suggests a concluding clause about his current affiliation or the club he joined, implying a club name or retirement.

Final token ""club"" ends an incomplete phrase (""at the same club at that club""), part of a clause describing his coaching activities (""retired from the training at his former club""), expecting continuation like ""and"" or ""he founded"" or ""where he remained."""
3,2,The passage concerns football.,"[{""sentence_id"": 0, ""start"": 0, ""end"": 25, ""text"": ""German football biography""}, {""sentence_id"": 0, ""start"": 40, ""end"": 63, ""text"": ""German football referee""}]",theme,topic,false,"[{""start"": 65, ""end"": 138, ""text"": ""He competed at the 1972 Summer Olympics in all artistic gymnastics events""}]","prefix: The filled sport is gymnastics, not football.; AV: The passage concerns football.",False,"Wolfgang Thüne (born 8 October 1949) is a German former gymnast. He competed at the 1972 Summer Olympics in all artistic gymnastics events and won a bronze medal with the East German team. Individually his best achievement was seventh place in the horizontal bar. He won two more bronze team medals at the world championships in 1970 and 1974 as well as individual silver in the horizontal bar in 1974. At the 1975 European championships in Bern, he fled to West Germany with the help of his rival Eberhard Gienger. In 1977 he won the national all-round title in West Germany competing for TuS 04 Leverkusen. After retirement he worked as a gymnastics coach at the same club","German football biography article about German football referee Erich Schürmann with historical facts about his career and titles.

The sentence structure ""After his retirement he became assistant coach of the HSV Munich reserve team and stayed there until 1965 where he continued his coaching career at the same club"" suggests a concluding clause about his current affiliation or the club he joined, implying a club name or retirement.

Final token ""club"" ends an incomplete phrase (""at the same club at that club""), part of a clause describing his coaching activities (""retired from the training at his former club""), expecting continuation like ""and"" or ""he founded"" or ""where he remained."""
3,3,The biography subject is Erich Schürmann.,"[{""sentence_id"": 0, ""start"": 34, ""end"": 79, ""text"": ""about German football referee Erich Schürmann""}]",entity,identification,false,"[{""start"": 0, ""end"": 64, ""text"": ""Wolfgang Thüne (born 8 October 1949) is a German former gymnast.""}]",prefix: The source identifies Wolfgang Thüne in this role.; AV: The biography subject is Erich Schürmann.,False,"Wolfgang Thüne (born 8 October 1949) is a German former gymnast. He competed at the 1972 Summer Olympics in all artistic gymnastics events and won a bronze medal with the East German team. Individually his best achievement was seventh place in the horizontal bar. He won two more bronze team medals at the world championships in 1970 and 1974 as well as individual silver in the horizontal bar in 1974. At the 1975 European championships in Bern, he fled to West Germany with the help of his rival Eberhard Gienger. In 1977 he won the national all-round title in West Germany competing for TuS 04 Leverkusen. After retirement he worked as a gymnastics coach at the same club","German football biography article about German football referee Erich Schürmann with historical facts about his career and titles.

The sentence structure ""After his retirement he became assistant coach of the HSV Munich reserve team and stayed there until 1965 where he continued his coaching career at the same club"" suggests a concluding clause about his current affiliation or the club he joined, implying a club name or retirement.

Final token ""club"" ends an incomplete phrase (""at the same club at that club""), part of a clause describing his coaching activities (""retired from the training at his former club""), expecting continuation like ""and"" or ""he founded"" or ""where he remained."""
3,4,Erich Schürmann is a German football referee.,"[{""sentence_id"": 0, ""start"": 40, ""end"": 79, ""text"": ""German football referee Erich Schürmann""}]",detail,attribute,unsupported,[],prefix: No information about Erich Schürmann is supplied; retain that subject.; AV: Erich Schürmann is a German football referee.,False,"Wolfgang Thüne (born 8 October 1949) is a German former gymnast. He competed at the 1972 Summer Olympics in all artistic gymnastics events and won a bronze medal with the East German team. Individually his best achievement was seventh place in the horizontal bar. He won two more bronze team medals at the world championships in 1970 and 1974 as well as individual silver in the horizontal bar in 1974. At the 1975 European championships in Bern, he fled to West Germany with the help of his rival Eberhard Gienger. In 1977 he won the national all-round title in West Germany competing for TuS 04 Leverkusen. After retirement he worked as a gymnastics coach at the same club","German football biography article about German football referee Erich Schürmann with historical facts about his career and titles.

The sentence structure ""After his retirement he became assistant coach of the HSV Munich reserve team and stayed there until 1965 where he continued his coaching career at the same club"" suggests a concluding clause about his current affiliation or the club he joined, implying a club name or retirement.

Final token ""club"" ends an incomplete phrase (""at the same club at that club""), part of a clause describing his coaching activities (""retired from the training at his former club""), expecting continuation like ""and"" or ""he founded"" or ""where he remained."""
3,5,The passage gives historical career facts and titles.,"[{""sentence_id"": 0, ""start"": 85, ""end"": 129, ""text"": ""historical facts about his career and titles""}]",theme,topic,true,"[{""start"": 516, ""end"": 575, ""text"": ""In 1977 he won the national all-round title in West Germany""}]",prefix: Career chronology and a title are explicit.; AV: The passage gives historical career facts and titles.,False,"Wolfgang Thüne (born 8 October 1949) is a German former gymnast. He competed at the 1972 Summer Olympics in all artistic gymnastics events and won a bronze medal with the East German team. Individually his best achievement was seventh place in the horizontal bar. He won two more bronze team medals at the world championships in 1970 and 1974 as well as individual silver in the horizontal bar in 1974. At the 1975 European championships in Bern, he fled to West Germany with the help of his rival Eberhard Gienger. In 1977 he won the national all-round title in West Germany competing for TuS 04 Leverkusen. After retirement he worked as a gymnastics coach at the same club","German football biography article about German football referee Erich Schürmann with historical facts about his career and titles.

The sentence structure ""After his retirement he became assistant coach of the HSV Munich reserve team and stayed there until 1965 where he continued his coaching career at the same club"" suggests a concluding clause about his current affiliation or the club he joined, implying a club name or retirement.

Final token ""club"" ends an incomplete phrase (""at the same club at that club""), part of a clause describing his coaching activities (""retired from the training at his former club""), expecting continuation like ""and"" or ""he founded"" or ""where he remained."""
3,6,After retirement Erich Schürmann became an assistant coach.,"[{""sentence_id"": 1, ""start"": 156, ""end"": 202, ""text"": ""After his retirement he became assistant coach""}]",detail,event,unsupported,[],prefix: The coaching fact in the prefix concerns Wolfgang Thüne; neither Erich nor assistant status is established.; AV: After retirement Erich Schürmann became an assistant coach.,False,"Wolfgang Thüne (born 8 October 1949) is a German former gymnast. He competed at the 1972 Summer Olympics in all artistic gymnastics events and won a bronze medal with the East German team. Individually his best achievement was seventh place in the horizontal bar. He won two more bronze team medals at the world championships in 1970 and 1974 as well as individual silver in the horizontal bar in 1974. At the 1975 European championships in Bern, he fled to West Germany with the help of his rival Eberhard Gienger. In 1977 he won the national all-round title in West Germany competing for TuS 04 Leverkusen. After retirement he worked as a gymnastics coach at the same club","German football biography article about German football referee Erich Schürmann with historical facts about his career and titles.

The sentence structure ""After his retirement he became assistant coach of the HSV Munich reserve team and stayed there until 1965 where he continued his coaching career at the same club"" suggests a concluding clause about his current affiliation or the club he joined, implying a club name or retirement.

Final token ""club"" ends an incomplete phrase (""at the same club at that club""), part of a clause describing his coaching activities (""retired from the training at his former club""), expecting continuation like ""and"" or ""he founded"" or ""where he remained."""
3,7,Erich Schürmann coached the HSV Munich reserve team.,"[{""sentence_id"": 1, ""start"": 187, ""end"": 233, ""text"": ""assistant coach of the HSV Munich reserve team""}]",entity,relationship,unsupported,[],prefix: The prefix names no Erich/HSV relationship; his subject binding must not inherit Thüne facts.; AV: Erich Schürmann coached the HSV Munich reserve team.,False,"Wolfgang Thüne (born 8 October 1949) is a German former gymnast. He competed at the 1972 Summer Olympics in all artistic gymnastics events and won a bronze medal with the East German team. Individually his best achievement was seventh place in the horizontal bar. He won two more bronze team medals at the world championships in 1970 and 1974 as well as individual silver in the horizontal bar in 1974. At the 1975 European championships in Bern, he fled to West Germany with the help of his rival Eberhard Gienger. In 1977 he won the national all-round title in West Germany competing for TuS 04 Leverkusen. After retirement he worked as a gymnastics coach at the same club","German football biography article about German football referee Erich Schürmann with historical facts about his career and titles.

The sentence structure ""After his retirement he became assistant coach of the HSV Munich reserve team and stayed there until 1965 where he continued his coaching career at the same club"" suggests a concluding clause about his current affiliation or the club he joined, implying a club name or retirement.

Final token ""club"" ends an incomplete phrase (""at the same club at that club""), part of a clause describing his coaching activities (""retired from the training at his former club""), expecting continuation like ""and"" or ""he founded"" or ""where he remained."""
3,8,Erich Schürmann stayed with the HSV Munich reserve team until 1965.,"[{""sentence_id"": 1, ""start"": 206, ""end"": 261, ""text"": ""the HSV Munich reserve team and stayed there until 1965""}]",detail,date,unsupported,[],prefix: No such person/team/tenure is described.; AV: Erich Schürmann stayed with the HSV Munich reserve team until 1965.,False,"Wolfgang Thüne (born 8 October 1949) is a German former gymnast. He competed at the 1972 Summer Olympics in all artistic gymnastics events and won a bronze medal with the East German team. Individually his best achievement was seventh place in the horizontal bar. He won two more bronze team medals at the world championships in 1970 and 1974 as well as individual silver in the horizontal bar in 1974. At the 1975 European championships in Bern, he fled to West Germany with the help of his rival Eberhard Gienger. In 1977 he won the national all-round title in West Germany competing for TuS 04 Leverkusen. After retirement he worked as a gymnastics coach at the same club","German football biography article about German football referee Erich Schürmann with historical facts about his career and titles.

The sentence structure ""After his retirement he became assistant coach of the HSV Munich reserve team and stayed there until 1965 where he continued his coaching career at the same club"" suggests a concluding clause about his current affiliation or the club he joined, implying a club name or retirement.

Final token ""club"" ends an incomplete phrase (""at the same club at that club""), part of a clause describing his coaching activities (""retired from the training at his former club""), expecting continuation like ""and"" or ""he founded"" or ""where he remained."""
3,9,Erich Schürmann continued coaching at the same club.,"[{""sentence_id"": 1, ""start"": 268, ""end"": 317, ""text"": ""he continued his coaching career at the same club""}]",detail,event,unsupported,[],prefix: The prefix only supports coaching by Wolfgang Thüne.; AV: Erich Schürmann continued coaching at the same club.,False,"Wolfgang Thüne (born 8 October 1949) is a German former gymnast. He competed at the 1972 Summer Olympics in all artistic gymnastics events and won a bronze medal with the East German team. Individually his best achievement was seventh place in the horizontal bar. He won two more bronze team medals at the world championships in 1970 and 1974 as well as individual silver in the horizontal bar in 1974. At the 1975 European championships in Bern, he fled to West Germany with the help of his rival Eberhard Gienger. In 1977 he won the national all-round title in West Germany competing for TuS 04 Leverkusen. After retirement he worked as a gymnastics coach at the same club","German football biography article about German football referee Erich Schürmann with historical facts about his career and titles.

The sentence structure ""After his retirement he became assistant coach of the HSV Munich reserve team and stayed there until 1965 where he continued his coaching career at the same club"" suggests a concluding clause about his current affiliation or the club he joined, implying a club name or retirement.

Final token ""club"" ends an incomplete phrase (""at the same club at that club""), part of a clause describing his coaching activities (""retired from the training at his former club""), expecting continuation like ""and"" or ""he founded"" or ""where he remained."""
3,10,The concluding clause describes a coaching affiliation.,"[{""sentence_id"": 1, ""start"": 328, ""end"": 399, ""text"": ""a concluding clause about his current affiliation or the club he joined""}, {""sentence_id"": 2, ""start"": 518, ""end"": 569, ""text"": ""part of a clause describing his coaching activities""}]",detail,local_text,true,"[{""start"": 609, ""end"": 674, ""text"": ""After retirement he worked as a gymnastics coach at the same club""}]",prefix: The local topic is a post-retirement coaching affiliation; no claim that it remains current.; AV: The concluding clause describes a coaching affiliation.,True,"Wolfgang Thüne (born 8 October 1949) is a German former gymnast. He competed at the 1972 Summer Olympics in all artistic gymnastics events and won a bronze medal with the East German team. Individually his best achievement was seventh place in the horizontal bar. He won two more bronze team medals at the world championships in 1970 and 1974 as well as individual silver in the horizontal bar in 1974. At the 1975 European championships in Bern, he fled to West Germany with the help of his rival Eberhard Gienger. In 1977 he won the national all-round title in West Germany competing for TuS 04 Leverkusen. After retirement he worked as a gymnastics coach at the same club","German football biography article about German football referee Erich Schürmann with historical facts about his career and titles.

The sentence structure ""After his retirement he became assistant coach of the HSV Munich reserve team and stayed there until 1965 where he continued his coaching career at the same club"" suggests a concluding clause about his current affiliation or the club he joined, implying a club name or retirement.

Final token ""club"" ends an incomplete phrase (""at the same club at that club""), part of a clause describing his coaching activities (""retired from the training at his former club""), expecting continuation like ""and"" or ""he founded"" or ""where he remained."""
3,11,The ending implies a forthcoming club name or retirement reference.,"[{""sentence_id"": 1, ""start"": 401, ""end"": 435, ""text"": ""implying a club name or retirement""}]",forecast,continuation,unsupported,[],prefix: Interpreted as a prospective completion; no continuation is visible.; AV: The ending implies a forthcoming club name or retirement reference.,True,"Wolfgang Thüne (born 8 October 1949) is a German former gymnast. He competed at the 1972 Summer Olympics in all artistic gymnastics events and won a bronze medal with the East German team. Individually his best achievement was seventh place in the horizontal bar. He won two more bronze team medals at the world championships in 1970 and 1974 as well as individual silver in the horizontal bar in 1974. At the 1975 European championships in Bern, he fled to West Germany with the help of his rival Eberhard Gienger. In 1977 he won the national all-round title in West Germany competing for TuS 04 Leverkusen. After retirement he worked as a gymnastics coach at the same club","German football biography article about German football referee Erich Schürmann with historical facts about his career and titles.

The sentence structure ""After his retirement he became assistant coach of the HSV Munich reserve team and stayed there until 1965 where he continued his coaching career at the same club"" suggests a concluding clause about his current affiliation or the club he joined, implying a club name or retirement.

Final token ""club"" ends an incomplete phrase (""at the same club at that club""), part of a clause describing his coaching activities (""retired from the training at his former club""), expecting continuation like ""and"" or ""he founded"" or ""where he remained."""
3,12,The final tokenizer token is “club”.,"[{""sentence_id"": 2, ""start"": 438, ""end"": 456, ""text"": ""Final token \""club\""""}]",detail,final_token,unsupported,[],prefix: Tokenizer evidence is excluded.; AV: The final tokenizer token is “club”.,True,"Wolfgang Thüne (born 8 October 1949) is a German former gymnast. He competed at the 1972 Summer Olympics in all artistic gymnastics events and won a bronze medal with the East German team. Individually his best achievement was seventh place in the horizontal bar. He won two more bronze team medals at the world championships in 1970 and 1974 as well as individual silver in the horizontal bar in 1974. At the 1975 European championships in Bern, he fled to West Germany with the help of his rival Eberhard Gienger. In 1977 he won the national all-round title in West Germany competing for TuS 04 Leverkusen. After retirement he worked as a gymnastics coach at the same club","German football biography article about German football referee Erich Schürmann with historical facts about his career and titles.

The sentence structure ""After his retirement he became assistant coach of the HSV Munich reserve team and stayed there until 1965 where he continued his coaching career at the same club"" suggests a concluding clause about his current affiliation or the club he joined, implying a club name or retirement.

Final token ""club"" ends an incomplete phrase (""at the same club at that club""), part of a clause describing his coaching activities (""retired from the training at his former club""), expecting continuation like ""and"" or ""he founded"" or ""where he remained."""
3,13,The final phrase at “club” is incomplete.,"[{""sentence_id"": 2, ""start"": 457, ""end"": 482, ""text"": ""ends an incomplete phrase""}]",detail,local_text,false,"[{""start"": 609, ""end"": 674, ""text"": ""After retirement he worked as a gymnastics coach at the same club""}]",prefix: The closing clause is syntactically complete.; AV: The final phrase at “club” is incomplete.,True,"Wolfgang Thüne (born 8 October 1949) is a German former gymnast. He competed at the 1972 Summer Olympics in all artistic gymnastics events and won a bronze medal with the East German team. Individually his best achievement was seventh place in the horizontal bar. He won two more bronze team medals at the world championships in 1970 and 1974 as well as individual silver in the horizontal bar in 1974. At the 1975 European championships in Bern, he fled to West Germany with the help of his rival Eberhard Gienger. In 1977 he won the national all-round title in West Germany competing for TuS 04 Leverkusen. After retirement he worked as a gymnastics coach at the same club","German football biography article about German football referee Erich Schürmann with historical facts about his career and titles.

The sentence structure ""After his retirement he became assistant coach of the HSV Munich reserve team and stayed there until 1965 where he continued his coaching career at the same club"" suggests a concluding clause about his current affiliation or the club he joined, implying a club name or retirement.

Final token ""club"" ends an incomplete phrase (""at the same club at that club""), part of a clause describing his coaching activities (""retired from the training at his former club""), expecting continuation like ""and"" or ""he founded"" or ""where he remained."""
3,14,Erich Schürmann retired from training at his former club.,"[{""sentence_id"": 2, ""start"": 572, ""end"": 616, ""text"": ""retired from the training at his former club""}]",detail,event,unsupported,[],prefix: Neither this retirement event nor this subject is supported.; AV: Erich Schürmann retired from training at his former club.,False,"Wolfgang Thüne (born 8 October 1949) is a German former gymnast. He competed at the 1972 Summer Olympics in all artistic gymnastics events and won a bronze medal with the East German team. Individually his best achievement was seventh place in the horizontal bar. He won two more bronze team medals at the world championships in 1970 and 1974 as well as individual silver in the horizontal bar in 1974. At the 1975 European championships in Bern, he fled to West Germany with the help of his rival Eberhard Gienger. In 1977 he won the national all-round title in West Germany competing for TuS 04 Leverkusen. After retirement he worked as a gymnastics coach at the same club","German football biography article about German football referee Erich Schürmann with historical facts about his career and titles.

The sentence structure ""After his retirement he became assistant coach of the HSV Munich reserve team and stayed there until 1965 where he continued his coaching career at the same club"" suggests a concluding clause about his current affiliation or the club he joined, implying a club name or retirement.

Final token ""club"" ends an incomplete phrase (""at the same club at that club""), part of a clause describing his coaching activities (""retired from the training at his former club""), expecting continuation like ""and"" or ""he founded"" or ""where he remained."""
3,15,"The continuation is expected to be “and”, “he founded”, or “where he remained.”","[{""sentence_id"": 2, ""start"": 620, ""end"": 693, ""text"": ""expecting continuation like \""and\"" or \""he founded\"" or \""where he remained.\""""}]",forecast,continuation,unsupported,[],"prefix: No continuation/probability evidence; alternatives remain together.; AV: The continuation is expected to be “and”, “he founded”, or “where he remained.”",False,"Wolfgang Thüne (born 8 October 1949) is a German former gymnast. He competed at the 1972 Summer Olympics in all artistic gymnastics events and won a bronze medal with the East German team. Individually his best achievement was seventh place in the horizontal bar. He won two more bronze team medals at the world championships in 1970 and 1974 as well as individual silver in the horizontal bar in 1974. At the 1975 European championships in Bern, he fled to West Germany with the help of his rival Eberhard Gienger. In 1977 he won the national all-round title in West Germany competing for TuS 04 Leverkusen. After retirement he worked as a gymnastics coach at the same club","German football biography article about German football referee Erich Schürmann with historical facts about his career and titles.

The sentence structure ""After his retirement he became assistant coach of the HSV Munich reserve team and stayed there until 1965 where he continued his coaching career at the same club"" suggests a concluding clause about his current affiliation or the club he joined, implying a club name or retirement.

Final token ""club"" ends an incomplete phrase (""at the same club at that club""), part of a clause describing his coaching activities (""retired from the training at his former club""), expecting continuation like ""and"" or ""he founded"" or ""where he remained."""
4,0,The passage has historical or biographical article format.,"[{""sentence_id"": 0, ""start"": 0, ""end"": 38, ""text"": ""Historical/biographical article format""}]",theme,format,true,"[{""start"": 191, ""end"": 284, ""text"": ""In the two decades following its release, Benny often exploited the film's failure for laughs""}]",prefix: A historical entertainment article supports this broad combined format.; AV: The passage has historical or biographical article format.,False,"The Horn Blows at Midnight (1945) is a comedy fantasy film directed by Raoul Walsh, and starring Jack Benny. Its biggest claim to fame, apart from its star, is its failure at the box office. In the two decades following its release, Benny often exploited the film's failure for laughs in his popular radio and television comedy series The Jack Benny Program, making the film a well-known entity to his wide audience, even if they had never seen it. The Horn Blows At Midnight would prove to be Benny's final starring feature, although he would continue as a radio and TV star (as well as making cameo appearances in films) for years afterwards. The Horn Blows At Midnight had the misfortune to be released only eight days after the death of U.S. President Franklin Delano Roosevelt. This may have contributed to its poor reception, although the film's negative reviews (often alluded in jokes mentioning the production) might have also impacted it, as the classic Rodgers and Hammerstein musical Carousel, also dealing with the afterlife, opened on Broadway at roughly the same time and became a hit","Historical/biographical article format with newspaper column tone discussing musical theater songs, detailing a performer's career timing and scheduling conflicts.

The sentence structure ""While the musical version of The Sound of Music was struggling to open and was initially a flop, another musical by the same composer that opened around the same time became a hit"" implies a parallel historical comparison about a successful concurrent show.

Final token ""hit"" ends an incomplete clause (""and became a hit and the show opened and became a hit, and the musical was a hit...""), strongly expecting ""in the same year"" or ""hit"" or ""of popular culture"" or ""while the original novel was also successful."""
4,1,The passage has a newspaper-column tone.,"[{""sentence_id"": 0, ""start"": 44, ""end"": 65, ""text"": ""newspaper column tone""}]",theme,style,unsupported,[],prefix: This specific register is not established.; AV: The passage has a newspaper-column tone.,True,"The Horn Blows at Midnight (1945) is a comedy fantasy film directed by Raoul Walsh, and starring Jack Benny. Its biggest claim to fame, apart from its star, is its failure at the box office. In the two decades following its release, Benny often exploited the film's failure for laughs in his popular radio and television comedy series The Jack Benny Program, making the film a well-known entity to his wide audience, even if they had never seen it. The Horn Blows At Midnight would prove to be Benny's final starring feature, although he would continue as a radio and TV star (as well as making cameo appearances in films) for years afterwards. The Horn Blows At Midnight had the misfortune to be released only eight days after the death of U.S. President Franklin Delano Roosevelt. This may have contributed to its poor reception, although the film's negative reviews (often alluded in jokes mentioning the production) might have also impacted it, as the classic Rodgers and Hammerstein musical Carousel, also dealing with the afterlife, opened on Broadway at roughly the same time and became a hit","Historical/biographical article format with newspaper column tone discussing musical theater songs, detailing a performer's career timing and scheduling conflicts.

The sentence structure ""While the musical version of The Sound of Music was struggling to open and was initially a flop, another musical by the same composer that opened around the same time became a hit"" implies a parallel historical comparison about a successful concurrent show.

Final token ""hit"" ends an incomplete clause (""and became a hit and the show opened and became a hit, and the musical was a hit...""), strongly expecting ""in the same year"" or ""hit"" or ""of popular culture"" or ""while the original novel was also successful."""
4,2,The passage discusses musical-theater songs.,"[{""sentence_id"": 0, ""start"": 66, ""end"": 98, ""text"": ""discussing musical theater songs""}]",theme,topic,unsupported,"[{""start"": 952, ""end"": 1004, ""text"": ""the classic Rodgers and Hammerstein musical Carousel""}]","prefix: A stage musical is mentioned, but songs are not discussed.; AV: The passage discusses musical-theater songs.",False,"The Horn Blows at Midnight (1945) is a comedy fantasy film directed by Raoul Walsh, and starring Jack Benny. Its biggest claim to fame, apart from its star, is its failure at the box office. In the two decades following its release, Benny often exploited the film's failure for laughs in his popular radio and television comedy series The Jack Benny Program, making the film a well-known entity to his wide audience, even if they had never seen it. The Horn Blows At Midnight would prove to be Benny's final starring feature, although he would continue as a radio and TV star (as well as making cameo appearances in films) for years afterwards. The Horn Blows At Midnight had the misfortune to be released only eight days after the death of U.S. President Franklin Delano Roosevelt. This may have contributed to its poor reception, although the film's negative reviews (often alluded in jokes mentioning the production) might have also impacted it, as the classic Rodgers and Hammerstein musical Carousel, also dealing with the afterlife, opened on Broadway at roughly the same time and became a hit","Historical/biographical article format with newspaper column tone discussing musical theater songs, detailing a performer's career timing and scheduling conflicts.

The sentence structure ""While the musical version of The Sound of Music was struggling to open and was initially a flop, another musical by the same composer that opened around the same time became a hit"" implies a parallel historical comparison about a successful concurrent show.

Final token ""hit"" ends an incomplete clause (""and became a hit and the show opened and became a hit, and the musical was a hit...""), strongly expecting ""in the same year"" or ""hit"" or ""of popular culture"" or ""while the original novel was also successful."""
4,3,The passage details a performer’s career timing.,"[{""sentence_id"": 0, ""start"": 100, ""end"": 137, ""text"": ""detailing a performer's career timing""}]",theme,topic,true,"[{""start"": 449, ""end"": 524, ""text"": ""The Horn Blows At Midnight would prove to be Benny's final starring feature""}]",prefix: A career milestone and subsequent career are discussed.; AV: The passage details a performer’s career timing.,False,"The Horn Blows at Midnight (1945) is a comedy fantasy film directed by Raoul Walsh, and starring Jack Benny. Its biggest claim to fame, apart from its star, is its failure at the box office. In the two decades following its release, Benny often exploited the film's failure for laughs in his popular radio and television comedy series The Jack Benny Program, making the film a well-known entity to his wide audience, even if they had never seen it. The Horn Blows At Midnight would prove to be Benny's final starring feature, although he would continue as a radio and TV star (as well as making cameo appearances in films) for years afterwards. The Horn Blows At Midnight had the misfortune to be released only eight days after the death of U.S. President Franklin Delano Roosevelt. This may have contributed to its poor reception, although the film's negative reviews (often alluded in jokes mentioning the production) might have also impacted it, as the classic Rodgers and Hammerstein musical Carousel, also dealing with the afterlife, opened on Broadway at roughly the same time and became a hit","Historical/biographical article format with newspaper column tone discussing musical theater songs, detailing a performer's career timing and scheduling conflicts.

The sentence structure ""While the musical version of The Sound of Music was struggling to open and was initially a flop, another musical by the same composer that opened around the same time became a hit"" implies a parallel historical comparison about a successful concurrent show.

Final token ""hit"" ends an incomplete clause (""and became a hit and the show opened and became a hit, and the musical was a hit...""), strongly expecting ""in the same year"" or ""hit"" or ""of popular culture"" or ""while the original novel was also successful."""
4,4,The passage details scheduling conflicts.,"[{""sentence_id"": 0, ""start"": 142, ""end"": 162, ""text"": ""scheduling conflicts""}]",theme,topic,unsupported,[],prefix: Release timing is discussed; no conflicting commitments are stated.; AV: The passage details scheduling conflicts.,False,"The Horn Blows at Midnight (1945) is a comedy fantasy film directed by Raoul Walsh, and starring Jack Benny. Its biggest claim to fame, apart from its star, is its failure at the box office. In the two decades following its release, Benny often exploited the film's failure for laughs in his popular radio and television comedy series The Jack Benny Program, making the film a well-known entity to his wide audience, even if they had never seen it. The Horn Blows At Midnight would prove to be Benny's final starring feature, although he would continue as a radio and TV star (as well as making cameo appearances in films) for years afterwards. The Horn Blows At Midnight had the misfortune to be released only eight days after the death of U.S. President Franklin Delano Roosevelt. This may have contributed to its poor reception, although the film's negative reviews (often alluded in jokes mentioning the production) might have also impacted it, as the classic Rodgers and Hammerstein musical Carousel, also dealing with the afterlife, opened on Broadway at roughly the same time and became a hit","Historical/biographical article format with newspaper column tone discussing musical theater songs, detailing a performer's career timing and scheduling conflicts.

The sentence structure ""While the musical version of The Sound of Music was struggling to open and was initially a flop, another musical by the same composer that opened around the same time became a hit"" implies a parallel historical comparison about a successful concurrent show.

Final token ""hit"" ends an incomplete clause (""and became a hit and the show opened and became a hit, and the musical was a hit...""), strongly expecting ""in the same year"" or ""hit"" or ""of popular culture"" or ""while the original novel was also successful."""
4,5,The unsuccessful production being compared is the musical version of The Sound of Music.,"[{""sentence_id"": 1, ""start"": 195, ""end"": 236, ""text"": ""the musical version of The Sound of Music""}]",entity,identification,false,"[{""start"": 0, ""end"": 58, ""text"": ""The Horn Blows at Midnight (1945) is a comedy fantasy film""}]",prefix: The filled unsuccessful-production role is The Horn Blows at Midnight.; AV: The unsuccessful production being compared is the musical version of The Sound of Music.,False,"The Horn Blows at Midnight (1945) is a comedy fantasy film directed by Raoul Walsh, and starring Jack Benny. Its biggest claim to fame, apart from its star, is its failure at the box office. In the two decades following its release, Benny often exploited the film's failure for laughs in his popular radio and television comedy series The Jack Benny Program, making the film a well-known entity to his wide audience, even if they had never seen it. The Horn Blows At Midnight would prove to be Benny's final starring feature, although he would continue as a radio and TV star (as well as making cameo appearances in films) for years afterwards. The Horn Blows At Midnight had the misfortune to be released only eight days after the death of U.S. President Franklin Delano Roosevelt. This may have contributed to its poor reception, although the film's negative reviews (often alluded in jokes mentioning the production) might have also impacted it, as the classic Rodgers and Hammerstein musical Carousel, also dealing with the afterlife, opened on Broadway at roughly the same time and became a hit","Historical/biographical article format with newspaper column tone discussing musical theater songs, detailing a performer's career timing and scheduling conflicts.

The sentence structure ""While the musical version of The Sound of Music was struggling to open and was initially a flop, another musical by the same composer that opened around the same time became a hit"" implies a parallel historical comparison about a successful concurrent show.

Final token ""hit"" ends an incomplete clause (""and became a hit and the show opened and became a hit, and the musical was a hit...""), strongly expecting ""in the same year"" or ""hit"" or ""of popular culture"" or ""while the original novel was also successful."""
4,6,The musical version of The Sound of Music struggled to open.,"[{""sentence_id"": 1, ""start"": 195, ""end"": 259, ""text"": ""the musical version of The Sound of Music was struggling to open""}]",detail,event,unsupported,[],prefix: No facts about the AV-named musical are given.; AV: The musical version of The Sound of Music struggled to open.,False,"The Horn Blows at Midnight (1945) is a comedy fantasy film directed by Raoul Walsh, and starring Jack Benny. Its biggest claim to fame, apart from its star, is its failure at the box office. In the two decades following its release, Benny often exploited the film's failure for laughs in his popular radio and television comedy series The Jack Benny Program, making the film a well-known entity to his wide audience, even if they had never seen it. The Horn Blows At Midnight would prove to be Benny's final starring feature, although he would continue as a radio and TV star (as well as making cameo appearances in films) for years afterwards. The Horn Blows At Midnight had the misfortune to be released only eight days after the death of U.S. President Franklin Delano Roosevelt. This may have contributed to its poor reception, although the film's negative reviews (often alluded in jokes mentioning the production) might have also impacted it, as the classic Rodgers and Hammerstein musical Carousel, also dealing with the afterlife, opened on Broadway at roughly the same time and became a hit","Historical/biographical article format with newspaper column tone discussing musical theater songs, detailing a performer's career timing and scheduling conflicts.

The sentence structure ""While the musical version of The Sound of Music was struggling to open and was initially a flop, another musical by the same composer that opened around the same time became a hit"" implies a parallel historical comparison about a successful concurrent show.

Final token ""hit"" ends an incomplete clause (""and became a hit and the show opened and became a hit, and the musical was a hit...""), strongly expecting ""in the same year"" or ""hit"" or ""of popular culture"" or ""while the original novel was also successful."""
4,7,The musical version of The Sound of Music was initially a flop.,"[{""sentence_id"": 1, ""start"": 264, ""end"": 284, ""text"": ""was initially a flop""}]",detail,event,unsupported,[],"prefix: The failure in the prefix belongs to The Horn Blows at Midnight, not this musical.; AV: The musical version of The Sound of Music was initially a flop.",False,"The Horn Blows at Midnight (1945) is a comedy fantasy film directed by Raoul Walsh, and starring Jack Benny. Its biggest claim to fame, apart from its star, is its failure at the box office. In the two decades following its release, Benny often exploited the film's failure for laughs in his popular radio and television comedy series The Jack Benny Program, making the film a well-known entity to his wide audience, even if they had never seen it. The Horn Blows At Midnight would prove to be Benny's final starring feature, although he would continue as a radio and TV star (as well as making cameo appearances in films) for years afterwards. The Horn Blows At Midnight had the misfortune to be released only eight days after the death of U.S. President Franklin Delano Roosevelt. This may have contributed to its poor reception, although the film's negative reviews (often alluded in jokes mentioning the production) might have also impacted it, as the classic Rodgers and Hammerstein musical Carousel, also dealing with the afterlife, opened on Broadway at roughly the same time and became a hit","Historical/biographical article format with newspaper column tone discussing musical theater songs, detailing a performer's career timing and scheduling conflicts.

The sentence structure ""While the musical version of The Sound of Music was struggling to open and was initially a flop, another musical by the same composer that opened around the same time became a hit"" implies a parallel historical comparison about a successful concurrent show.

Final token ""hit"" ends an incomplete clause (""and became a hit and the show opened and became a hit, and the musical was a hit...""), strongly expecting ""in the same year"" or ""hit"" or ""of popular culture"" or ""while the original novel was also successful."""
4,8,The concurrent successful musical shared a composer with The Sound of Music.,"[{""sentence_id"": 1, ""start"": 286, ""end"": 322, ""text"": ""another musical by the same composer""}]",entity,relationship,unsupported,[],prefix: The prefix gives no composer relationship to the AV-named production.; AV: The concurrent successful musical shared a composer with The Sound of Music.,False,"The Horn Blows at Midnight (1945) is a comedy fantasy film directed by Raoul Walsh, and starring Jack Benny. Its biggest claim to fame, apart from its star, is its failure at the box office. In the two decades following its release, Benny often exploited the film's failure for laughs in his popular radio and television comedy series The Jack Benny Program, making the film a well-known entity to his wide audience, even if they had never seen it. The Horn Blows At Midnight would prove to be Benny's final starring feature, although he would continue as a radio and TV star (as well as making cameo appearances in films) for years afterwards. The Horn Blows At Midnight had the misfortune to be released only eight days after the death of U.S. President Franklin Delano Roosevelt. This may have contributed to its poor reception, although the film's negative reviews (often alluded in jokes mentioning the production) might have also impacted it, as the classic Rodgers and Hammerstein musical Carousel, also dealing with the afterlife, opened on Broadway at roughly the same time and became a hit","Historical/biographical article format with newspaper column tone discussing musical theater songs, detailing a performer's career timing and scheduling conflicts.

The sentence structure ""While the musical version of The Sound of Music was struggling to open and was initially a flop, another musical by the same composer that opened around the same time became a hit"" implies a parallel historical comparison about a successful concurrent show.

Final token ""hit"" ends an incomplete clause (""and became a hit and the show opened and became a hit, and the musical was a hit...""), strongly expecting ""in the same year"" or ""hit"" or ""of popular culture"" or ""while the original novel was also successful."""
4,9,Another musical opened around the same time as The Sound of Music.,"[{""sentence_id"": 1, ""start"": 286, ""end"": 355, ""text"": ""another musical by the same composer that opened around the same time""}]",detail,date,unsupported,[],prefix: The comparison in the prefix is with The Horn Blows at Midnight; retain the wrong comparison anchor.; AV: Another musical opened around the same time as The Sound of Music.,False,"The Horn Blows at Midnight (1945) is a comedy fantasy film directed by Raoul Walsh, and starring Jack Benny. Its biggest claim to fame, apart from its star, is its failure at the box office. In the two decades following its release, Benny often exploited the film's failure for laughs in his popular radio and television comedy series The Jack Benny Program, making the film a well-known entity to his wide audience, even if they had never seen it. The Horn Blows At Midnight would prove to be Benny's final starring feature, although he would continue as a radio and TV star (as well as making cameo appearances in films) for years afterwards. The Horn Blows At Midnight had the misfortune to be released only eight days after the death of U.S. President Franklin Delano Roosevelt. This may have contributed to its poor reception, although the film's negative reviews (often alluded in jokes mentioning the production) might have also impacted it, as the classic Rodgers and Hammerstein musical Carousel, also dealing with the afterlife, opened on Broadway at roughly the same time and became a hit","Historical/biographical article format with newspaper column tone discussing musical theater songs, detailing a performer's career timing and scheduling conflicts.

The sentence structure ""While the musical version of The Sound of Music was struggling to open and was initially a flop, another musical by the same composer that opened around the same time became a hit"" implies a parallel historical comparison about a successful concurrent show.

Final token ""hit"" ends an incomplete clause (""and became a hit and the show opened and became a hit, and the musical was a hit...""), strongly expecting ""in the same year"" or ""hit"" or ""of popular culture"" or ""while the original novel was also successful."""
4,10,The other concurrent musical became a hit.,"[{""sentence_id"": 1, ""start"": 286, ""end"": 368, ""text"": ""another musical by the same composer that opened around the same time became a hit""}, {""sentence_id"": 2, ""start"": 553, ""end"": 574, ""text"": ""the musical was a hit""}]",detail,event,true,"[{""start"": 996, ""end"": 1099, ""text"": ""Carousel, also dealing with the afterlife, opened on Broadway at roughly the same time and became a hit""}]",prefix: The unnamed other successful musical maps to Carousel; this success predicate alone is supported.; AV: The other concurrent musical became a hit.,True,"The Horn Blows at Midnight (1945) is a comedy fantasy film directed by Raoul Walsh, and starring Jack Benny. Its biggest claim to fame, apart from its star, is its failure at the box office. In the two decades following its release, Benny often exploited the film's failure for laughs in his popular radio and television comedy series The Jack Benny Program, making the film a well-known entity to his wide audience, even if they had never seen it. The Horn Blows At Midnight would prove to be Benny's final starring feature, although he would continue as a radio and TV star (as well as making cameo appearances in films) for years afterwards. The Horn Blows At Midnight had the misfortune to be released only eight days after the death of U.S. President Franklin Delano Roosevelt. This may have contributed to its poor reception, although the film's negative reviews (often alluded in jokes mentioning the production) might have also impacted it, as the classic Rodgers and Hammerstein musical Carousel, also dealing with the afterlife, opened on Broadway at roughly the same time and became a hit","Historical/biographical article format with newspaper column tone discussing musical theater songs, detailing a performer's career timing and scheduling conflicts.

The sentence structure ""While the musical version of The Sound of Music was struggling to open and was initially a flop, another musical by the same composer that opened around the same time became a hit"" implies a parallel historical comparison about a successful concurrent show.

Final token ""hit"" ends an incomplete clause (""and became a hit and the show opened and became a hit, and the musical was a hit...""), strongly expecting ""in the same year"" or ""hit"" or ""of popular culture"" or ""while the original novel was also successful."""
4,11,The passage makes a historical comparison with a successful concurrent show.,"[{""sentence_id"": 1, ""start"": 378, ""end"": 445, ""text"": ""a parallel historical comparison about a successful concurrent show""}]",detail,local_text,true,"[{""start"": 996, ""end"": 1099, ""text"": ""Carousel, also dealing with the afterlife, opened on Broadway at roughly the same time and became a hit""}]",prefix: The contrast with the unsuccessful film is explicit.; AV: The passage makes a historical comparison with a successful concurrent show.,False,"The Horn Blows at Midnight (1945) is a comedy fantasy film directed by Raoul Walsh, and starring Jack Benny. Its biggest claim to fame, apart from its star, is its failure at the box office. In the two decades following its release, Benny often exploited the film's failure for laughs in his popular radio and television comedy series The Jack Benny Program, making the film a well-known entity to his wide audience, even if they had never seen it. The Horn Blows At Midnight would prove to be Benny's final starring feature, although he would continue as a radio and TV star (as well as making cameo appearances in films) for years afterwards. The Horn Blows At Midnight had the misfortune to be released only eight days after the death of U.S. President Franklin Delano Roosevelt. This may have contributed to its poor reception, although the film's negative reviews (often alluded in jokes mentioning the production) might have also impacted it, as the classic Rodgers and Hammerstein musical Carousel, also dealing with the afterlife, opened on Broadway at roughly the same time and became a hit","Historical/biographical article format with newspaper column tone discussing musical theater songs, detailing a performer's career timing and scheduling conflicts.

The sentence structure ""While the musical version of The Sound of Music was struggling to open and was initially a flop, another musical by the same composer that opened around the same time became a hit"" implies a parallel historical comparison about a successful concurrent show.

Final token ""hit"" ends an incomplete clause (""and became a hit and the show opened and became a hit, and the musical was a hit...""), strongly expecting ""in the same year"" or ""hit"" or ""of popular culture"" or ""while the original novel was also successful."""
4,12,The final tokenizer token is “hit”.,"[{""sentence_id"": 2, ""start"": 448, ""end"": 465, ""text"": ""Final token \""hit\""""}]",detail,final_token,unsupported,[],prefix: Tokenizer evidence is excluded.; AV: The final tokenizer token is “hit”.,True,"The Horn Blows at Midnight (1945) is a comedy fantasy film directed by Raoul Walsh, and starring Jack Benny. Its biggest claim to fame, apart from its star, is its failure at the box office. In the two decades following its release, Benny often exploited the film's failure for laughs in his popular radio and television comedy series The Jack Benny Program, making the film a well-known entity to his wide audience, even if they had never seen it. The Horn Blows At Midnight would prove to be Benny's final starring feature, although he would continue as a radio and TV star (as well as making cameo appearances in films) for years afterwards. The Horn Blows At Midnight had the misfortune to be released only eight days after the death of U.S. President Franklin Delano Roosevelt. This may have contributed to its poor reception, although the film's negative reviews (often alluded in jokes mentioning the production) might have also impacted it, as the classic Rodgers and Hammerstein musical Carousel, also dealing with the afterlife, opened on Broadway at roughly the same time and became a hit","Historical/biographical article format with newspaper column tone discussing musical theater songs, detailing a performer's career timing and scheduling conflicts.

The sentence structure ""While the musical version of The Sound of Music was struggling to open and was initially a flop, another musical by the same composer that opened around the same time became a hit"" implies a parallel historical comparison about a successful concurrent show.

Final token ""hit"" ends an incomplete clause (""and became a hit and the show opened and became a hit, and the musical was a hit...""), strongly expecting ""in the same year"" or ""hit"" or ""of popular culture"" or ""while the original novel was also successful."""
4,13,The passage ends in an incomplete clause.,"[{""sentence_id"": 2, ""start"": 466, ""end"": 491, ""text"": ""ends an incomplete clause""}]",detail,local_text,false,"[{""start"": 1039, ""end"": 1099, ""text"": ""opened on Broadway at roughly the same time and became a hit""}]",prefix: The final clause is complete.; AV: The passage ends in an incomplete clause.,True,"The Horn Blows at Midnight (1945) is a comedy fantasy film directed by Raoul Walsh, and starring Jack Benny. Its biggest claim to fame, apart from its star, is its failure at the box office. In the two decades following its release, Benny often exploited the film's failure for laughs in his popular radio and television comedy series The Jack Benny Program, making the film a well-known entity to his wide audience, even if they had never seen it. The Horn Blows At Midnight would prove to be Benny's final starring feature, although he would continue as a radio and TV star (as well as making cameo appearances in films) for years afterwards. The Horn Blows At Midnight had the misfortune to be released only eight days after the death of U.S. President Franklin Delano Roosevelt. This may have contributed to its poor reception, although the film's negative reviews (often alluded in jokes mentioning the production) might have also impacted it, as the classic Rodgers and Hammerstein musical Carousel, also dealing with the afterlife, opened on Broadway at roughly the same time and became a hit","Historical/biographical article format with newspaper column tone discussing musical theater songs, detailing a performer's career timing and scheduling conflicts.

The sentence structure ""While the musical version of The Sound of Music was struggling to open and was initially a flop, another musical by the same composer that opened around the same time became a hit"" implies a parallel historical comparison about a successful concurrent show.

Final token ""hit"" ends an incomplete clause (""and became a hit and the show opened and became a hit, and the musical was a hit...""), strongly expecting ""in the same year"" or ""hit"" or ""of popular culture"" or ""while the original novel was also successful."""
4,14,"The continuation is strongly expected to be “in the same year”, “hit”, “of popular culture”, or “while the original novel was also successful.”","[{""sentence_id"": 2, ""start"": 581, ""end"": 702, ""text"": ""strongly expecting \""in the same year\"" or \""hit\"" or \""of popular culture\"" or \""while the original novel was also successful.\""""}]",forecast,continuation,unsupported,[],"prefix: No continuation/probability evidence.; AV: The continuation is strongly expected to be “in the same year”, “hit”, “of popular culture”, or “while the original novel was also successful.”",False,"The Horn Blows at Midnight (1945) is a comedy fantasy film directed by Raoul Walsh, and starring Jack Benny. Its biggest claim to fame, apart from its star, is its failure at the box office. In the two decades following its release, Benny often exploited the film's failure for laughs in his popular radio and television comedy series The Jack Benny Program, making the film a well-known entity to his wide audience, even if they had never seen it. The Horn Blows At Midnight would prove to be Benny's final starring feature, although he would continue as a radio and TV star (as well as making cameo appearances in films) for years afterwards. The Horn Blows At Midnight had the misfortune to be released only eight days after the death of U.S. President Franklin Delano Roosevelt. This may have contributed to its poor reception, although the film's negative reviews (often alluded in jokes mentioning the production) might have also impacted it, as the classic Rodgers and Hammerstein musical Carousel, also dealing with the afterlife, opened on Broadway at roughly the same time and became a hit","Historical/biographical article format with newspaper column tone discussing musical theater songs, detailing a performer's career timing and scheduling conflicts.

The sentence structure ""While the musical version of The Sound of Music was struggling to open and was initially a flop, another musical by the same composer that opened around the same time became a hit"" implies a parallel historical comparison about a successful concurrent show.

Final token ""hit"" ends an incomplete clause (""and became a hit and the show opened and became a hit, and the musical was a hit...""), strongly expecting ""in the same year"" or ""hit"" or ""of popular culture"" or ""while the original novel was also successful."""
5,0,The passage has wiki-style format.,"[{""sentence_id"": 0, ""start"": 17, ""end"": 28, ""text"": ""wiki format""}]",theme,format,true,"[{""start"": 0, ""end"": 62, ""text"": ""Wayne Gretzky Drive is a freeway in Edmonton, Alberta, Canada.""}]",prefix: An expository road entry supports the format.; AV: The passage has wiki-style format.,False,"Wayne Gretzky Drive is a freeway in Edmonton, Alberta, Canada. Originally Capilano Drive, it was officially renamed October 1, 1999 after NHL hockey player Wayne Gretzky, as a tribute to his years with the Edmonton Oilers. The same day, Wayne Gretzky's number 99 jersey was retired at the Skyreach Centre, which lies just west of Wayne Gretzky Drive, at 118 Avenue. 66/75 Street is a major arterial road in east Edmonton which serves residential and industrial areas. Wayne Gretzky Drive and 75 Street, both located between Whitemud Drive and Yellowhead Trail, is part of Edmonton's eastern leg of its Inner Ring Road. Wayne Gretzky Drive and 75 Street are part of a continuous roadway that runs from 41 Avenue SW to 33 Street NE (Edmonton's northeastern city limit) and includes portions of 66 Street and Fort Road, as well as all of Manning Drive","Local government wiki format with geographic/political description listing numbered streets and routes for a Canadian city, detailing a municipal route system.

The sentence structure ""The route also includes the entire North West portion of the city via Lakeshore Drive and the entire South West portion via Victoria Park Drive, with most of this being on Don Mills Drive"" suggests a concluding list item describing a combined street name.

Final token ""Drive"" ends mid-phrase (""all of Millwood Drive""), part of a parenthetical list of named streets (""including all of Millwood Drive and its extension via Don Mills Drive""), strongly expecting ""and its extension"" or ""and the surrounding area"" or ""and other."""
5,1,The passage describes local government or politics.,"[{""sentence_id"": 0, ""start"": 0, ""end"": 16, ""text"": ""Local government""}, {""sentence_id"": 0, ""start"": 34, ""end"": 66, ""text"": ""geographic/political description""}]",theme,topic,unsupported,[],prefix: A municipal road description does not establish governmental or political content.; AV: The passage describes local government or politics.,True,"Wayne Gretzky Drive is a freeway in Edmonton, Alberta, Canada. Originally Capilano Drive, it was officially renamed October 1, 1999 after NHL hockey player Wayne Gretzky, as a tribute to his years with the Edmonton Oilers. The same day, Wayne Gretzky's number 99 jersey was retired at the Skyreach Centre, which lies just west of Wayne Gretzky Drive, at 118 Avenue. 66/75 Street is a major arterial road in east Edmonton which serves residential and industrial areas. Wayne Gretzky Drive and 75 Street, both located between Whitemud Drive and Yellowhead Trail, is part of Edmonton's eastern leg of its Inner Ring Road. Wayne Gretzky Drive and 75 Street are part of a continuous roadway that runs from 41 Avenue SW to 33 Street NE (Edmonton's northeastern city limit) and includes portions of 66 Street and Fort Road, as well as all of Manning Drive","Local government wiki format with geographic/political description listing numbered streets and routes for a Canadian city, detailing a municipal route system.

The sentence structure ""The route also includes the entire North West portion of the city via Lakeshore Drive and the entire South West portion via Victoria Park Drive, with most of this being on Don Mills Drive"" suggests a concluding list item describing a combined street name.

Final token ""Drive"" ends mid-phrase (""all of Millwood Drive""), part of a parenthetical list of named streets (""including all of Millwood Drive and its extension via Don Mills Drive""), strongly expecting ""and its extension"" or ""and the surrounding area"" or ""and other."""
5,2,The passage describes geography.,"[{""sentence_id"": 0, ""start"": 34, ""end"": 66, ""text"": ""geographic/political description""}]",theme,topic,true,"[{""start"": 0, ""end"": 62, ""text"": ""Wayne Gretzky Drive is a freeway in Edmonton, Alberta, Canada.""}]",prefix: Road locations and connections are described.; AV: The passage describes geography.,False,"Wayne Gretzky Drive is a freeway in Edmonton, Alberta, Canada. Originally Capilano Drive, it was officially renamed October 1, 1999 after NHL hockey player Wayne Gretzky, as a tribute to his years with the Edmonton Oilers. The same day, Wayne Gretzky's number 99 jersey was retired at the Skyreach Centre, which lies just west of Wayne Gretzky Drive, at 118 Avenue. 66/75 Street is a major arterial road in east Edmonton which serves residential and industrial areas. Wayne Gretzky Drive and 75 Street, both located between Whitemud Drive and Yellowhead Trail, is part of Edmonton's eastern leg of its Inner Ring Road. Wayne Gretzky Drive and 75 Street are part of a continuous roadway that runs from 41 Avenue SW to 33 Street NE (Edmonton's northeastern city limit) and includes portions of 66 Street and Fort Road, as well as all of Manning Drive","Local government wiki format with geographic/political description listing numbered streets and routes for a Canadian city, detailing a municipal route system.

The sentence structure ""The route also includes the entire North West portion of the city via Lakeshore Drive and the entire South West portion via Victoria Park Drive, with most of this being on Don Mills Drive"" suggests a concluding list item describing a combined street name.

Final token ""Drive"" ends mid-phrase (""all of Millwood Drive""), part of a parenthetical list of named streets (""including all of Millwood Drive and its extension via Don Mills Drive""), strongly expecting ""and its extension"" or ""and the surrounding area"" or ""and other."""
5,3,The passage lists numbered streets and routes.,"[{""sentence_id"": 0, ""start"": 67, ""end"": 102, ""text"": ""listing numbered streets and routes""}]",theme,topic,true,"[{""start"": 366, ""end"": 420, ""text"": ""66/75 Street is a major arterial road in east Edmonton""}]",prefix: Numbered roads are explicit.; AV: The passage lists numbered streets and routes.,False,"Wayne Gretzky Drive is a freeway in Edmonton, Alberta, Canada. Originally Capilano Drive, it was officially renamed October 1, 1999 after NHL hockey player Wayne Gretzky, as a tribute to his years with the Edmonton Oilers. The same day, Wayne Gretzky's number 99 jersey was retired at the Skyreach Centre, which lies just west of Wayne Gretzky Drive, at 118 Avenue. 66/75 Street is a major arterial road in east Edmonton which serves residential and industrial areas. Wayne Gretzky Drive and 75 Street, both located between Whitemud Drive and Yellowhead Trail, is part of Edmonton's eastern leg of its Inner Ring Road. Wayne Gretzky Drive and 75 Street are part of a continuous roadway that runs from 41 Avenue SW to 33 Street NE (Edmonton's northeastern city limit) and includes portions of 66 Street and Fort Road, as well as all of Manning Drive","Local government wiki format with geographic/political description listing numbered streets and routes for a Canadian city, detailing a municipal route system.

The sentence structure ""The route also includes the entire North West portion of the city via Lakeshore Drive and the entire South West portion via Victoria Park Drive, with most of this being on Don Mills Drive"" suggests a concluding list item describing a combined street name.

Final token ""Drive"" ends mid-phrase (""all of Millwood Drive""), part of a parenthetical list of named streets (""including all of Millwood Drive and its extension via Don Mills Drive""), strongly expecting ""and its extension"" or ""and the surrounding area"" or ""and other."""
5,4,The described city is Canadian.,"[{""sentence_id"": 0, ""start"": 103, ""end"": 122, ""text"": ""for a Canadian city""}]",theme,topic,true,"[{""start"": 36, ""end"": 61, ""text"": ""Edmonton, Alberta, Canada""}]",prefix: Canada is explicit.; AV: The described city is Canadian.,False,"Wayne Gretzky Drive is a freeway in Edmonton, Alberta, Canada. Originally Capilano Drive, it was officially renamed October 1, 1999 after NHL hockey player Wayne Gretzky, as a tribute to his years with the Edmonton Oilers. The same day, Wayne Gretzky's number 99 jersey was retired at the Skyreach Centre, which lies just west of Wayne Gretzky Drive, at 118 Avenue. 66/75 Street is a major arterial road in east Edmonton which serves residential and industrial areas. Wayne Gretzky Drive and 75 Street, both located between Whitemud Drive and Yellowhead Trail, is part of Edmonton's eastern leg of its Inner Ring Road. Wayne Gretzky Drive and 75 Street are part of a continuous roadway that runs from 41 Avenue SW to 33 Street NE (Edmonton's northeastern city limit) and includes portions of 66 Street and Fort Road, as well as all of Manning Drive","Local government wiki format with geographic/political description listing numbered streets and routes for a Canadian city, detailing a municipal route system.

The sentence structure ""The route also includes the entire North West portion of the city via Lakeshore Drive and the entire South West portion via Victoria Park Drive, with most of this being on Don Mills Drive"" suggests a concluding list item describing a combined street name.

Final token ""Drive"" ends mid-phrase (""all of Millwood Drive""), part of a parenthetical list of named streets (""including all of Millwood Drive and its extension via Don Mills Drive""), strongly expecting ""and its extension"" or ""and the surrounding area"" or ""and other."""
5,5,The passage details a municipal route system.,"[{""sentence_id"": 0, ""start"": 124, ""end"": 158, ""text"": ""detailing a municipal route system""}]",theme,topic,true,"[{""start"": 561, ""end"": 617, ""text"": ""is part of Edmonton's eastern leg of its Inner Ring Road""}]",prefix: The connected city road system is described.; AV: The passage details a municipal route system.,False,"Wayne Gretzky Drive is a freeway in Edmonton, Alberta, Canada. Originally Capilano Drive, it was officially renamed October 1, 1999 after NHL hockey player Wayne Gretzky, as a tribute to his years with the Edmonton Oilers. The same day, Wayne Gretzky's number 99 jersey was retired at the Skyreach Centre, which lies just west of Wayne Gretzky Drive, at 118 Avenue. 66/75 Street is a major arterial road in east Edmonton which serves residential and industrial areas. Wayne Gretzky Drive and 75 Street, both located between Whitemud Drive and Yellowhead Trail, is part of Edmonton's eastern leg of its Inner Ring Road. Wayne Gretzky Drive and 75 Street are part of a continuous roadway that runs from 41 Avenue SW to 33 Street NE (Edmonton's northeastern city limit) and includes portions of 66 Street and Fort Road, as well as all of Manning Drive","Local government wiki format with geographic/political description listing numbered streets and routes for a Canadian city, detailing a municipal route system.

The sentence structure ""The route also includes the entire North West portion of the city via Lakeshore Drive and the entire South West portion via Victoria Park Drive, with most of this being on Don Mills Drive"" suggests a concluding list item describing a combined street name.

Final token ""Drive"" ends mid-phrase (""all of Millwood Drive""), part of a parenthetical list of named streets (""including all of Millwood Drive and its extension via Don Mills Drive""), strongly expecting ""and its extension"" or ""and the surrounding area"" or ""and other."""
5,6,The route includes the entire northwestern portion of the city.,"[{""sentence_id"": 1, ""start"": 185, ""end"": 250, ""text"": ""The route also includes the entire North West portion of the city""}]",detail,attribute,unsupported,"[{""start"": 564, ""end"": 617, ""text"": ""part of Edmonton's eastern leg of its Inner Ring Road""}]","prefix: The source establishes an eastern route, but not exhaustive exclusions; whole northwest coverage is unsupported.; AV: The route includes the entire northwestern portion of the city.",True,"Wayne Gretzky Drive is a freeway in Edmonton, Alberta, Canada. Originally Capilano Drive, it was officially renamed October 1, 1999 after NHL hockey player Wayne Gretzky, as a tribute to his years with the Edmonton Oilers. The same day, Wayne Gretzky's number 99 jersey was retired at the Skyreach Centre, which lies just west of Wayne Gretzky Drive, at 118 Avenue. 66/75 Street is a major arterial road in east Edmonton which serves residential and industrial areas. Wayne Gretzky Drive and 75 Street, both located between Whitemud Drive and Yellowhead Trail, is part of Edmonton's eastern leg of its Inner Ring Road. Wayne Gretzky Drive and 75 Street are part of a continuous roadway that runs from 41 Avenue SW to 33 Street NE (Edmonton's northeastern city limit) and includes portions of 66 Street and Fort Road, as well as all of Manning Drive","Local government wiki format with geographic/political description listing numbered streets and routes for a Canadian city, detailing a municipal route system.

The sentence structure ""The route also includes the entire North West portion of the city via Lakeshore Drive and the entire South West portion via Victoria Park Drive, with most of this being on Don Mills Drive"" suggests a concluding list item describing a combined street name.

Final token ""Drive"" ends mid-phrase (""all of Millwood Drive""), part of a parenthetical list of named streets (""including all of Millwood Drive and its extension via Don Mills Drive""), strongly expecting ""and its extension"" or ""and the surrounding area"" or ""and other."""
5,7,The described route travels via Lakeshore Drive.,"[{""sentence_id"": 1, ""start"": 251, ""end"": 270, ""text"": ""via Lakeshore Drive""}]",entity,relationship,false,"[{""start"": 771, ""end"": 848, ""text"": ""includes portions of 66 Street and Fort Road, as well as all of Manning Drive""}]",prefix: A foreign street is substituted into the route-components role.; AV: The described route travels via Lakeshore Drive.,True,"Wayne Gretzky Drive is a freeway in Edmonton, Alberta, Canada. Originally Capilano Drive, it was officially renamed October 1, 1999 after NHL hockey player Wayne Gretzky, as a tribute to his years with the Edmonton Oilers. The same day, Wayne Gretzky's number 99 jersey was retired at the Skyreach Centre, which lies just west of Wayne Gretzky Drive, at 118 Avenue. 66/75 Street is a major arterial road in east Edmonton which serves residential and industrial areas. Wayne Gretzky Drive and 75 Street, both located between Whitemud Drive and Yellowhead Trail, is part of Edmonton's eastern leg of its Inner Ring Road. Wayne Gretzky Drive and 75 Street are part of a continuous roadway that runs from 41 Avenue SW to 33 Street NE (Edmonton's northeastern city limit) and includes portions of 66 Street and Fort Road, as well as all of Manning Drive","Local government wiki format with geographic/political description listing numbered streets and routes for a Canadian city, detailing a municipal route system.

The sentence structure ""The route also includes the entire North West portion of the city via Lakeshore Drive and the entire South West portion via Victoria Park Drive, with most of this being on Don Mills Drive"" suggests a concluding list item describing a combined street name.

Final token ""Drive"" ends mid-phrase (""all of Millwood Drive""), part of a parenthetical list of named streets (""including all of Millwood Drive and its extension via Don Mills Drive""), strongly expecting ""and its extension"" or ""and the surrounding area"" or ""and other."""
5,8,The route includes the entire southwestern portion of the city.,"[{""sentence_id"": 1, ""start"": 275, ""end"": 304, ""text"": ""the entire South West portion""}]",detail,attribute,unsupported,"[{""start"": 691, ""end"": 729, ""text"": ""runs from 41 Avenue SW to 33 Street NE""}]",prefix: A southwest endpoint does not establish coverage of the entire southwest.; AV: The route includes the entire southwestern portion of the city.,False,"Wayne Gretzky Drive is a freeway in Edmonton, Alberta, Canada. Originally Capilano Drive, it was officially renamed October 1, 1999 after NHL hockey player Wayne Gretzky, as a tribute to his years with the Edmonton Oilers. The same day, Wayne Gretzky's number 99 jersey was retired at the Skyreach Centre, which lies just west of Wayne Gretzky Drive, at 118 Avenue. 66/75 Street is a major arterial road in east Edmonton which serves residential and industrial areas. Wayne Gretzky Drive and 75 Street, both located between Whitemud Drive and Yellowhead Trail, is part of Edmonton's eastern leg of its Inner Ring Road. Wayne Gretzky Drive and 75 Street are part of a continuous roadway that runs from 41 Avenue SW to 33 Street NE (Edmonton's northeastern city limit) and includes portions of 66 Street and Fort Road, as well as all of Manning Drive","Local government wiki format with geographic/political description listing numbered streets and routes for a Canadian city, detailing a municipal route system.

The sentence structure ""The route also includes the entire North West portion of the city via Lakeshore Drive and the entire South West portion via Victoria Park Drive, with most of this being on Don Mills Drive"" suggests a concluding list item describing a combined street name.

Final token ""Drive"" ends mid-phrase (""all of Millwood Drive""), part of a parenthetical list of named streets (""including all of Millwood Drive and its extension via Don Mills Drive""), strongly expecting ""and its extension"" or ""and the surrounding area"" or ""and other."""
5,9,The described route travels via Victoria Park Drive.,"[{""sentence_id"": 1, ""start"": 305, ""end"": 328, ""text"": ""via Victoria Park Drive""}]",entity,relationship,false,"[{""start"": 771, ""end"": 848, ""text"": ""includes portions of 66 Street and Fort Road, as well as all of Manning Drive""}]",prefix: A substituted street fills the route-components role.; AV: The described route travels via Victoria Park Drive.,True,"Wayne Gretzky Drive is a freeway in Edmonton, Alberta, Canada. Originally Capilano Drive, it was officially renamed October 1, 1999 after NHL hockey player Wayne Gretzky, as a tribute to his years with the Edmonton Oilers. The same day, Wayne Gretzky's number 99 jersey was retired at the Skyreach Centre, which lies just west of Wayne Gretzky Drive, at 118 Avenue. 66/75 Street is a major arterial road in east Edmonton which serves residential and industrial areas. Wayne Gretzky Drive and 75 Street, both located between Whitemud Drive and Yellowhead Trail, is part of Edmonton's eastern leg of its Inner Ring Road. Wayne Gretzky Drive and 75 Street are part of a continuous roadway that runs from 41 Avenue SW to 33 Street NE (Edmonton's northeastern city limit) and includes portions of 66 Street and Fort Road, as well as all of Manning Drive","Local government wiki format with geographic/political description listing numbered streets and routes for a Canadian city, detailing a municipal route system.

The sentence structure ""The route also includes the entire North West portion of the city via Lakeshore Drive and the entire South West portion via Victoria Park Drive, with most of this being on Don Mills Drive"" suggests a concluding list item describing a combined street name.

Final token ""Drive"" ends mid-phrase (""all of Millwood Drive""), part of a parenthetical list of named streets (""including all of Millwood Drive and its extension via Don Mills Drive""), strongly expecting ""and its extension"" or ""and the surrounding area"" or ""and other."""
5,10,Most of the described route is on Don Mills Drive.,"[{""sentence_id"": 1, ""start"": 330, ""end"": 372, ""text"": ""with most of this being on Don Mills Drive""}]",entity,relationship,false,"[{""start"": 771, ""end"": 848, ""text"": ""includes portions of 66 Street and Fort Road, as well as all of Manning Drive""}]",prefix: The AV substitutes a different street into the specified route composition.; AV: Most of the described route is on Don Mills Drive.,True,"Wayne Gretzky Drive is a freeway in Edmonton, Alberta, Canada. Originally Capilano Drive, it was officially renamed October 1, 1999 after NHL hockey player Wayne Gretzky, as a tribute to his years with the Edmonton Oilers. The same day, Wayne Gretzky's number 99 jersey was retired at the Skyreach Centre, which lies just west of Wayne Gretzky Drive, at 118 Avenue. 66/75 Street is a major arterial road in east Edmonton which serves residential and industrial areas. Wayne Gretzky Drive and 75 Street, both located between Whitemud Drive and Yellowhead Trail, is part of Edmonton's eastern leg of its Inner Ring Road. Wayne Gretzky Drive and 75 Street are part of a continuous roadway that runs from 41 Avenue SW to 33 Street NE (Edmonton's northeastern city limit) and includes portions of 66 Street and Fort Road, as well as all of Manning Drive","Local government wiki format with geographic/political description listing numbered streets and routes for a Canadian city, detailing a municipal route system.

The sentence structure ""The route also includes the entire North West portion of the city via Lakeshore Drive and the entire South West portion via Victoria Park Drive, with most of this being on Don Mills Drive"" suggests a concluding list item describing a combined street name.

Final token ""Drive"" ends mid-phrase (""all of Millwood Drive""), part of a parenthetical list of named streets (""including all of Millwood Drive and its extension via Don Mills Drive""), strongly expecting ""and its extension"" or ""and the surrounding area"" or ""and other."""
5,11,The ending is a concluding item in a list of street names.,"[{""sentence_id"": 1, ""start"": 383, ""end"": 439, ""text"": ""a concluding list item describing a combined street name""}]",detail,local_text,true,"[{""start"": 771, ""end"": 848, ""text"": ""includes portions of 66 Street and Fort Road, as well as all of Manning Drive""}]",prefix: The final item names a component of the combined roadway.; AV: The ending is a concluding item in a list of street names.,False,"Wayne Gretzky Drive is a freeway in Edmonton, Alberta, Canada. Originally Capilano Drive, it was officially renamed October 1, 1999 after NHL hockey player Wayne Gretzky, as a tribute to his years with the Edmonton Oilers. The same day, Wayne Gretzky's number 99 jersey was retired at the Skyreach Centre, which lies just west of Wayne Gretzky Drive, at 118 Avenue. 66/75 Street is a major arterial road in east Edmonton which serves residential and industrial areas. Wayne Gretzky Drive and 75 Street, both located between Whitemud Drive and Yellowhead Trail, is part of Edmonton's eastern leg of its Inner Ring Road. Wayne Gretzky Drive and 75 Street are part of a continuous roadway that runs from 41 Avenue SW to 33 Street NE (Edmonton's northeastern city limit) and includes portions of 66 Street and Fort Road, as well as all of Manning Drive","Local government wiki format with geographic/political description listing numbered streets and routes for a Canadian city, detailing a municipal route system.

The sentence structure ""The route also includes the entire North West portion of the city via Lakeshore Drive and the entire South West portion via Victoria Park Drive, with most of this being on Don Mills Drive"" suggests a concluding list item describing a combined street name.

Final token ""Drive"" ends mid-phrase (""all of Millwood Drive""), part of a parenthetical list of named streets (""including all of Millwood Drive and its extension via Don Mills Drive""), strongly expecting ""and its extension"" or ""and the surrounding area"" or ""and other."""
5,12,The final tokenizer token is “Drive”.,"[{""sentence_id"": 2, ""start"": 442, ""end"": 461, ""text"": ""Final token \""Drive\""""}]",detail,final_token,unsupported,[],prefix: Tokenizer evidence is excluded.; AV: The final tokenizer token is “Drive”.,True,"Wayne Gretzky Drive is a freeway in Edmonton, Alberta, Canada. Originally Capilano Drive, it was officially renamed October 1, 1999 after NHL hockey player Wayne Gretzky, as a tribute to his years with the Edmonton Oilers. The same day, Wayne Gretzky's number 99 jersey was retired at the Skyreach Centre, which lies just west of Wayne Gretzky Drive, at 118 Avenue. 66/75 Street is a major arterial road in east Edmonton which serves residential and industrial areas. Wayne Gretzky Drive and 75 Street, both located between Whitemud Drive and Yellowhead Trail, is part of Edmonton's eastern leg of its Inner Ring Road. Wayne Gretzky Drive and 75 Street are part of a continuous roadway that runs from 41 Avenue SW to 33 Street NE (Edmonton's northeastern city limit) and includes portions of 66 Street and Fort Road, as well as all of Manning Drive","Local government wiki format with geographic/political description listing numbered streets and routes for a Canadian city, detailing a municipal route system.

The sentence structure ""The route also includes the entire North West portion of the city via Lakeshore Drive and the entire South West portion via Victoria Park Drive, with most of this being on Don Mills Drive"" suggests a concluding list item describing a combined street name.

Final token ""Drive"" ends mid-phrase (""all of Millwood Drive""), part of a parenthetical list of named streets (""including all of Millwood Drive and its extension via Don Mills Drive""), strongly expecting ""and its extension"" or ""and the surrounding area"" or ""and other."""
5,13,The text ends mid-phrase.,"[{""sentence_id"": 2, ""start"": 462, ""end"": 477, ""text"": ""ends mid-phrase""}]",detail,local_text,false,"[{""start"": 817, ""end"": 848, ""text"": ""as well as all of Manning Drive""}]",prefix: The final noun phrase is complete.; AV: The text ends mid-phrase.,True,"Wayne Gretzky Drive is a freeway in Edmonton, Alberta, Canada. Originally Capilano Drive, it was officially renamed October 1, 1999 after NHL hockey player Wayne Gretzky, as a tribute to his years with the Edmonton Oilers. The same day, Wayne Gretzky's number 99 jersey was retired at the Skyreach Centre, which lies just west of Wayne Gretzky Drive, at 118 Avenue. 66/75 Street is a major arterial road in east Edmonton which serves residential and industrial areas. Wayne Gretzky Drive and 75 Street, both located between Whitemud Drive and Yellowhead Trail, is part of Edmonton's eastern leg of its Inner Ring Road. Wayne Gretzky Drive and 75 Street are part of a continuous roadway that runs from 41 Avenue SW to 33 Street NE (Edmonton's northeastern city limit) and includes portions of 66 Street and Fort Road, as well as all of Manning Drive","Local government wiki format with geographic/political description listing numbered streets and routes for a Canadian city, detailing a municipal route system.

The sentence structure ""The route also includes the entire North West portion of the city via Lakeshore Drive and the entire South West portion via Victoria Park Drive, with most of this being on Don Mills Drive"" suggests a concluding list item describing a combined street name.

Final token ""Drive"" ends mid-phrase (""all of Millwood Drive""), part of a parenthetical list of named streets (""including all of Millwood Drive and its extension via Don Mills Drive""), strongly expecting ""and its extension"" or ""and the surrounding area"" or ""and other."""
5,14,The route includes all of Millwood Drive.,"[{""sentence_id"": 2, ""start"": 480, ""end"": 501, ""text"": ""all of Millwood Drive""}, {""sentence_id"": 2, ""start"": 553, ""end"": 584, ""text"": ""including all of Millwood Drive""}, {""sentence_id"": 2, ""start"": 563, ""end"": 584, ""text"": ""all of Millwood Drive""}]",entity,relationship,false,"[{""start"": 817, ""end"": 848, ""text"": ""as well as all of Manning Drive""}]","prefix: Manning Drive fills the final all-of-street slot, not Millwood Drive.; AV: The route includes all of Millwood Drive.",False,"Wayne Gretzky Drive is a freeway in Edmonton, Alberta, Canada. Originally Capilano Drive, it was officially renamed October 1, 1999 after NHL hockey player Wayne Gretzky, as a tribute to his years with the Edmonton Oilers. The same day, Wayne Gretzky's number 99 jersey was retired at the Skyreach Centre, which lies just west of Wayne Gretzky Drive, at 118 Avenue. 66/75 Street is a major arterial road in east Edmonton which serves residential and industrial areas. Wayne Gretzky Drive and 75 Street, both located between Whitemud Drive and Yellowhead Trail, is part of Edmonton's eastern leg of its Inner Ring Road. Wayne Gretzky Drive and 75 Street are part of a continuous roadway that runs from 41 Avenue SW to 33 Street NE (Edmonton's northeastern city limit) and includes portions of 66 Street and Fort Road, as well as all of Manning Drive","Local government wiki format with geographic/political description listing numbered streets and routes for a Canadian city, detailing a municipal route system.

The sentence structure ""The route also includes the entire North West portion of the city via Lakeshore Drive and the entire South West portion via Victoria Park Drive, with most of this being on Don Mills Drive"" suggests a concluding list item describing a combined street name.

Final token ""Drive"" ends mid-phrase (""all of Millwood Drive""), part of a parenthetical list of named streets (""including all of Millwood Drive and its extension via Don Mills Drive""), strongly expecting ""and its extension"" or ""and the surrounding area"" or ""and other."""
5,15,The final list of named streets is parenthetical.,"[{""sentence_id"": 2, ""start"": 505, ""end"": 550, ""text"": ""part of a parenthetical list of named streets""}]",detail,local_text,false,"[{""start"": 767, ""end"": 848, ""text"": ""and includes portions of 66 Street and Fort Road, as well as all of Manning Drive""}]",prefix: The final list is outside the earlier parenthesis.; AV: The final list of named streets is parenthetical.,False,"Wayne Gretzky Drive is a freeway in Edmonton, Alberta, Canada. Originally Capilano Drive, it was officially renamed October 1, 1999 after NHL hockey player Wayne Gretzky, as a tribute to his years with the Edmonton Oilers. The same day, Wayne Gretzky's number 99 jersey was retired at the Skyreach Centre, which lies just west of Wayne Gretzky Drive, at 118 Avenue. 66/75 Street is a major arterial road in east Edmonton which serves residential and industrial areas. Wayne Gretzky Drive and 75 Street, both located between Whitemud Drive and Yellowhead Trail, is part of Edmonton's eastern leg of its Inner Ring Road. Wayne Gretzky Drive and 75 Street are part of a continuous roadway that runs from 41 Avenue SW to 33 Street NE (Edmonton's northeastern city limit) and includes portions of 66 Street and Fort Road, as well as all of Manning Drive","Local government wiki format with geographic/political description listing numbered streets and routes for a Canadian city, detailing a municipal route system.

The sentence structure ""The route also includes the entire North West portion of the city via Lakeshore Drive and the entire South West portion via Victoria Park Drive, with most of this being on Don Mills Drive"" suggests a concluding list item describing a combined street name.

Final token ""Drive"" ends mid-phrase (""all of Millwood Drive""), part of a parenthetical list of named streets (""including all of Millwood Drive and its extension via Don Mills Drive""), strongly expecting ""and its extension"" or ""and the surrounding area"" or ""and other."""
5,16,Millwood Drive has an extension via Don Mills Drive.,"[{""sentence_id"": 2, ""start"": 570, ""end"": 622, ""text"": ""Millwood Drive and its extension via Don Mills Drive""}]",entity,relationship,unsupported,[],prefix: Neither named road or their mutual relationship is described; this is an extra relationship beyond the filled source slot.; AV: Millwood Drive has an extension via Don Mills Drive.,False,"Wayne Gretzky Drive is a freeway in Edmonton, Alberta, Canada. Originally Capilano Drive, it was officially renamed October 1, 1999 after NHL hockey player Wayne Gretzky, as a tribute to his years with the Edmonton Oilers. The same day, Wayne Gretzky's number 99 jersey was retired at the Skyreach Centre, which lies just west of Wayne Gretzky Drive, at 118 Avenue. 66/75 Street is a major arterial road in east Edmonton which serves residential and industrial areas. Wayne Gretzky Drive and 75 Street, both located between Whitemud Drive and Yellowhead Trail, is part of Edmonton's eastern leg of its Inner Ring Road. Wayne Gretzky Drive and 75 Street are part of a continuous roadway that runs from 41 Avenue SW to 33 Street NE (Edmonton's northeastern city limit) and includes portions of 66 Street and Fort Road, as well as all of Manning Drive","Local government wiki format with geographic/political description listing numbered streets and routes for a Canadian city, detailing a municipal route system.

The sentence structure ""The route also includes the entire North West portion of the city via Lakeshore Drive and the entire South West portion via Victoria Park Drive, with most of this being on Don Mills Drive"" suggests a concluding list item describing a combined street name.

Final token ""Drive"" ends mid-phrase (""all of Millwood Drive""), part of a parenthetical list of named streets (""including all of Millwood Drive and its extension via Don Mills Drive""), strongly expecting ""and its extension"" or ""and the surrounding area"" or ""and other."""
5,17,"The continuation is strongly expected to be “and its extension”, “and the surrounding area”, or “and other.”","[{""sentence_id"": 2, ""start"": 626, ""end"": 710, ""text"": ""strongly expecting \""and its extension\"" or \""and the surrounding area\"" or \""and other.\""""}]",forecast,continuation,unsupported,[],"prefix: No continuation/probability evidence.; AV: The continuation is strongly expected to be “and its extension”, “and the surrounding area”, or “and other.”",False,"Wayne Gretzky Drive is a freeway in Edmonton, Alberta, Canada. Originally Capilano Drive, it was officially renamed October 1, 1999 after NHL hockey player Wayne Gretzky, as a tribute to his years with the Edmonton Oilers. The same day, Wayne Gretzky's number 99 jersey was retired at the Skyreach Centre, which lies just west of Wayne Gretzky Drive, at 118 Avenue. 66/75 Street is a major arterial road in east Edmonton which serves residential and industrial areas. Wayne Gretzky Drive and 75 Street, both located between Whitemud Drive and Yellowhead Trail, is part of Edmonton's eastern leg of its Inner Ring Road. Wayne Gretzky Drive and 75 Street are part of a continuous roadway that runs from 41 Avenue SW to 33 Street NE (Edmonton's northeastern city limit) and includes portions of 66 Street and Fort Road, as well as all of Manning Drive","Local government wiki format with geographic/political description listing numbered streets and routes for a Canadian city, detailing a municipal route system.

The sentence structure ""The route also includes the entire North West portion of the city via Lakeshore Drive and the entire South West portion via Victoria Park Drive, with most of this being on Don Mills Drive"" suggests a concluding list item describing a combined street name.

Final token ""Drive"" ends mid-phrase (""all of Millwood Drive""), part of a parenthetical list of named streets (""including all of Millwood Drive and its extension via Don Mills Drive""), strongly expecting ""and its extension"" or ""and the surrounding area"" or ""and other."""
6,0,The article concerns British cinema.,"[{""sentence_id"": 0, ""start"": 0, ""end"": 28, ""text"": ""British encyclopedia article""}]",theme,topic,true,"[{""start"": 0, ""end"": 139, ""text"": ""The Sound Barrier (known in the United States, as Breaking Through the Sound Barrier and Breaking the Sound Barrier) is a 1952 British film""}]",prefix: British film is explicit.; AV: The article concerns British cinema.,False,"The Sound Barrier (known in the United States, as Breaking Through the Sound Barrier and Breaking the Sound Barrier) is a 1952 British film directed by David Lean. It is a fictional story about attempts by aircraft designers and test pilots to break the sound barrier. It was David Lean's third and final film with his wife Ann Todd, but it was his first for Alexander Korda's London Films following the break-up of Cineguild. The Sound Barrier stars Ralph Richardson, Ann Todd, and Nigel Patrick. The Sound Barrier was a box-office success on first release, but it has become one of the least-known of Lean's films. Following on In Which We Serve (1942), the film is another of Lean's ventures into a genre of filmmaking where impressions of documentary film are created","British encyclopedia article format with structured filmography listing, describing Victorian-era theatrical drama films with historical context.

The sentence ""Some films are labelled 'pseudo-documentary' or 'historical' styles where dramatic effects are created to create an illusion of authenticity — styles in which realistic dramatic atmosphere are created"" suggests a clause completing a definition or contrast, likely referencing the use of fiction techniques alongside historical appearance.

Final token ""created"" ends an incomplete clause (""where illusions of historical authenticity are created styles in which realistic atmospheres are created""), expecting continuation like ""through fiction"" or ""by combining factual elements"" or ""with actual dramatic productions"" or ""using artificial narrative techniques."""
6,1,The passage has an encyclopedia-article format.,"[{""sentence_id"": 0, ""start"": 8, ""end"": 35, ""text"": ""encyclopedia article format""}]",theme,format,true,"[{""start"": 164, ""end"": 268, ""text"": ""It is a fictional story about attempts by aircraft designers and test pilots to break the sound barrier.""}]",prefix: Expository film identification and description support the format.; AV: The passage has an encyclopedia-article format.,False,"The Sound Barrier (known in the United States, as Breaking Through the Sound Barrier and Breaking the Sound Barrier) is a 1952 British film directed by David Lean. It is a fictional story about attempts by aircraft designers and test pilots to break the sound barrier. It was David Lean's third and final film with his wife Ann Todd, but it was his first for Alexander Korda's London Films following the break-up of Cineguild. The Sound Barrier stars Ralph Richardson, Ann Todd, and Nigel Patrick. The Sound Barrier was a box-office success on first release, but it has become one of the least-known of Lean's films. Following on In Which We Serve (1942), the film is another of Lean's ventures into a genre of filmmaking where impressions of documentary film are created","British encyclopedia article format with structured filmography listing, describing Victorian-era theatrical drama films with historical context.

The sentence ""Some films are labelled 'pseudo-documentary' or 'historical' styles where dramatic effects are created to create an illusion of authenticity — styles in which realistic dramatic atmosphere are created"" suggests a clause completing a definition or contrast, likely referencing the use of fiction techniques alongside historical appearance.

Final token ""created"" ends an incomplete clause (""where illusions of historical authenticity are created styles in which realistic atmospheres are created""), expecting continuation like ""through fiction"" or ""by combining factual elements"" or ""with actual dramatic productions"" or ""using artificial narrative techniques."""
6,2,The passage is a structured filmography listing.,"[{""sentence_id"": 0, ""start"": 41, ""end"": 71, ""text"": ""structured filmography listing""}]",theme,format,false,"[{""start"": 269, ""end"": 332, ""text"": ""It was David Lean's third and final film with his wife Ann Todd""}]",prefix: The visible form is connected prose about a film rather than a structured filmography.; AV: The passage is a structured filmography listing.,True,"The Sound Barrier (known in the United States, as Breaking Through the Sound Barrier and Breaking the Sound Barrier) is a 1952 British film directed by David Lean. It is a fictional story about attempts by aircraft designers and test pilots to break the sound barrier. It was David Lean's third and final film with his wife Ann Todd, but it was his first for Alexander Korda's London Films following the break-up of Cineguild. The Sound Barrier stars Ralph Richardson, Ann Todd, and Nigel Patrick. The Sound Barrier was a box-office success on first release, but it has become one of the least-known of Lean's films. Following on In Which We Serve (1942), the film is another of Lean's ventures into a genre of filmmaking where impressions of documentary film are created","British encyclopedia article format with structured filmography listing, describing Victorian-era theatrical drama films with historical context.

The sentence ""Some films are labelled 'pseudo-documentary' or 'historical' styles where dramatic effects are created to create an illusion of authenticity — styles in which realistic dramatic atmosphere are created"" suggests a clause completing a definition or contrast, likely referencing the use of fiction techniques alongside historical appearance.

Final token ""created"" ends an incomplete clause (""where illusions of historical authenticity are created styles in which realistic atmospheres are created""), expecting continuation like ""through fiction"" or ""by combining factual elements"" or ""with actual dramatic productions"" or ""using artificial narrative techniques."""
6,3,The passage describes Victorian-era films.,"[{""sentence_id"": 0, ""start"": 84, ""end"": 120, ""text"": ""Victorian-era theatrical drama films""}]",theme,topic,false,"[{""start"": 117, ""end"": 139, ""text"": ""is a 1952 British film""}]",prefix: The clearly filled film-era slot is 1952 rather than Victorian.; AV: The passage describes Victorian-era films.,True,"The Sound Barrier (known in the United States, as Breaking Through the Sound Barrier and Breaking the Sound Barrier) is a 1952 British film directed by David Lean. It is a fictional story about attempts by aircraft designers and test pilots to break the sound barrier. It was David Lean's third and final film with his wife Ann Todd, but it was his first for Alexander Korda's London Films following the break-up of Cineguild. The Sound Barrier stars Ralph Richardson, Ann Todd, and Nigel Patrick. The Sound Barrier was a box-office success on first release, but it has become one of the least-known of Lean's films. Following on In Which We Serve (1942), the film is another of Lean's ventures into a genre of filmmaking where impressions of documentary film are created","British encyclopedia article format with structured filmography listing, describing Victorian-era theatrical drama films with historical context.

The sentence ""Some films are labelled 'pseudo-documentary' or 'historical' styles where dramatic effects are created to create an illusion of authenticity — styles in which realistic dramatic atmosphere are created"" suggests a clause completing a definition or contrast, likely referencing the use of fiction techniques alongside historical appearance.

Final token ""created"" ends an incomplete clause (""where illusions of historical authenticity are created styles in which realistic atmospheres are created""), expecting continuation like ""through fiction"" or ""by combining factual elements"" or ""with actual dramatic productions"" or ""using artificial narrative techniques."""
6,4,The passage describes theatrical drama films.,"[{""sentence_id"": 0, ""start"": 98, ""end"": 120, ""text"": ""theatrical drama films""}]",theme,topic,true,"[{""start"": 164, ""end"": 268, ""text"": ""It is a fictional story about attempts by aircraft designers and test pilots to break the sound barrier.""}]","prefix: A fictional film story reasonably supports dramatic cinema, though drama is not an explicit genre label.; AV: The passage describes theatrical drama films.",True,"The Sound Barrier (known in the United States, as Breaking Through the Sound Barrier and Breaking the Sound Barrier) is a 1952 British film directed by David Lean. It is a fictional story about attempts by aircraft designers and test pilots to break the sound barrier. It was David Lean's third and final film with his wife Ann Todd, but it was his first for Alexander Korda's London Films following the break-up of Cineguild. The Sound Barrier stars Ralph Richardson, Ann Todd, and Nigel Patrick. The Sound Barrier was a box-office success on first release, but it has become one of the least-known of Lean's films. Following on In Which We Serve (1942), the film is another of Lean's ventures into a genre of filmmaking where impressions of documentary film are created","British encyclopedia article format with structured filmography listing, describing Victorian-era theatrical drama films with historical context.

The sentence ""Some films are labelled 'pseudo-documentary' or 'historical' styles where dramatic effects are created to create an illusion of authenticity — styles in which realistic dramatic atmosphere are created"" suggests a clause completing a definition or contrast, likely referencing the use of fiction techniques alongside historical appearance.

Final token ""created"" ends an incomplete clause (""where illusions of historical authenticity are created styles in which realistic atmospheres are created""), expecting continuation like ""through fiction"" or ""by combining factual elements"" or ""with actual dramatic productions"" or ""using artificial narrative techniques."""
6,5,The passage provides historical context.,"[{""sentence_id"": 0, ""start"": 121, ""end"": 144, ""text"": ""with historical context""}]",theme,topic,true,"[{""start"": 269, ""end"": 332, ""text"": ""It was David Lean's third and final film with his wife Ann Todd""}]",prefix: Career chronology and previous productions provide historical context.; AV: The passage provides historical context.,False,"The Sound Barrier (known in the United States, as Breaking Through the Sound Barrier and Breaking the Sound Barrier) is a 1952 British film directed by David Lean. It is a fictional story about attempts by aircraft designers and test pilots to break the sound barrier. It was David Lean's third and final film with his wife Ann Todd, but it was his first for Alexander Korda's London Films following the break-up of Cineguild. The Sound Barrier stars Ralph Richardson, Ann Todd, and Nigel Patrick. The Sound Barrier was a box-office success on first release, but it has become one of the least-known of Lean's films. Following on In Which We Serve (1942), the film is another of Lean's ventures into a genre of filmmaking where impressions of documentary film are created","British encyclopedia article format with structured filmography listing, describing Victorian-era theatrical drama films with historical context.

The sentence ""Some films are labelled 'pseudo-documentary' or 'historical' styles where dramatic effects are created to create an illusion of authenticity — styles in which realistic dramatic atmosphere are created"" suggests a clause completing a definition or contrast, likely referencing the use of fiction techniques alongside historical appearance.

Final token ""created"" ends an incomplete clause (""where illusions of historical authenticity are created styles in which realistic atmospheres are created""), expecting continuation like ""through fiction"" or ""by combining factual elements"" or ""with actual dramatic productions"" or ""using artificial narrative techniques."""
6,6,Some films are labelled pseudo-documentary or historical in style.,"[{""sentence_id"": 1, ""start"": 161, ""end"": 228, ""text"": ""Some films are labelled 'pseudo-documentary' or 'historical' styles""}]",detail,attribute,unsupported,"[{""start"": 700, ""end"": 771, ""text"": ""a genre of filmmaking where impressions of documentary film are created""}]",prefix: The documentary impression is explicit; neither offered label is established. Preserve the disjunction.; AV: Some films are labelled pseudo-documentary or historical in style.,False,"The Sound Barrier (known in the United States, as Breaking Through the Sound Barrier and Breaking the Sound Barrier) is a 1952 British film directed by David Lean. It is a fictional story about attempts by aircraft designers and test pilots to break the sound barrier. It was David Lean's third and final film with his wife Ann Todd, but it was his first for Alexander Korda's London Films following the break-up of Cineguild. The Sound Barrier stars Ralph Richardson, Ann Todd, and Nigel Patrick. The Sound Barrier was a box-office success on first release, but it has become one of the least-known of Lean's films. Following on In Which We Serve (1942), the film is another of Lean's ventures into a genre of filmmaking where impressions of documentary film are created","British encyclopedia article format with structured filmography listing, describing Victorian-era theatrical drama films with historical context.

The sentence ""Some films are labelled 'pseudo-documentary' or 'historical' styles where dramatic effects are created to create an illusion of authenticity — styles in which realistic dramatic atmosphere are created"" suggests a clause completing a definition or contrast, likely referencing the use of fiction techniques alongside historical appearance.

Final token ""created"" ends an incomplete clause (""where illusions of historical authenticity are created styles in which realistic atmospheres are created""), expecting continuation like ""through fiction"" or ""by combining factual elements"" or ""with actual dramatic productions"" or ""using artificial narrative techniques."""
6,7,Dramatic effects create an illusion of historical authenticity.,"[{""sentence_id"": 1, ""start"": 235, ""end"": 301, ""text"": ""dramatic effects are created to create an illusion of authenticity""}, {""sentence_id"": 2, ""start"": 557, ""end"": 605, ""text"": ""illusions of historical authenticity are created""}]",detail,cause,unsupported,"[{""start"": 700, ""end"": 771, ""text"": ""a genre of filmmaking where impressions of documentary film are created""}]",prefix: Documentary impression does not establish historical authenticity or a specific causal mechanism.; AV: Dramatic effects create an illusion of historical authenticity.,True,"The Sound Barrier (known in the United States, as Breaking Through the Sound Barrier and Breaking the Sound Barrier) is a 1952 British film directed by David Lean. It is a fictional story about attempts by aircraft designers and test pilots to break the sound barrier. It was David Lean's third and final film with his wife Ann Todd, but it was his first for Alexander Korda's London Films following the break-up of Cineguild. The Sound Barrier stars Ralph Richardson, Ann Todd, and Nigel Patrick. The Sound Barrier was a box-office success on first release, but it has become one of the least-known of Lean's films. Following on In Which We Serve (1942), the film is another of Lean's ventures into a genre of filmmaking where impressions of documentary film are created","British encyclopedia article format with structured filmography listing, describing Victorian-era theatrical drama films with historical context.

The sentence ""Some films are labelled 'pseudo-documentary' or 'historical' styles where dramatic effects are created to create an illusion of authenticity — styles in which realistic dramatic atmosphere are created"" suggests a clause completing a definition or contrast, likely referencing the use of fiction techniques alongside historical appearance.

Final token ""created"" ends an incomplete clause (""where illusions of historical authenticity are created styles in which realistic atmospheres are created""), expecting continuation like ""through fiction"" or ""by combining factual elements"" or ""with actual dramatic productions"" or ""using artificial narrative techniques."""
6,8,These styles create realistic dramatic atmospheres.,"[{""sentence_id"": 1, ""start"": 304, ""end"": 361, ""text"": ""styles in which realistic dramatic atmosphere are created""}, {""sentence_id"": 2, ""start"": 606, ""end"": 655, ""text"": ""styles in which realistic atmospheres are created""}]",detail,attribute,unsupported,[],prefix: Realistic dramatic atmosphere is not explicitly described or required by documentary impression.; AV: These styles create realistic dramatic atmospheres.,True,"The Sound Barrier (known in the United States, as Breaking Through the Sound Barrier and Breaking the Sound Barrier) is a 1952 British film directed by David Lean. It is a fictional story about attempts by aircraft designers and test pilots to break the sound barrier. It was David Lean's third and final film with his wife Ann Todd, but it was his first for Alexander Korda's London Films following the break-up of Cineguild. The Sound Barrier stars Ralph Richardson, Ann Todd, and Nigel Patrick. The Sound Barrier was a box-office success on first release, but it has become one of the least-known of Lean's films. Following on In Which We Serve (1942), the film is another of Lean's ventures into a genre of filmmaking where impressions of documentary film are created","British encyclopedia article format with structured filmography listing, describing Victorian-era theatrical drama films with historical context.

The sentence ""Some films are labelled 'pseudo-documentary' or 'historical' styles where dramatic effects are created to create an illusion of authenticity — styles in which realistic dramatic atmosphere are created"" suggests a clause completing a definition or contrast, likely referencing the use of fiction techniques alongside historical appearance.

Final token ""created"" ends an incomplete clause (""where illusions of historical authenticity are created styles in which realistic atmospheres are created""), expecting continuation like ""through fiction"" or ""by combining factual elements"" or ""with actual dramatic productions"" or ""using artificial narrative techniques."""
6,9,The final clause completes a genre definition or contrast.,"[{""sentence_id"": 1, ""start"": 372, ""end"": 416, ""text"": ""a clause completing a definition or contrast""}]",detail,local_text,true,"[{""start"": 700, ""end"": 771, ""text"": ""a genre of filmmaking where impressions of documentary film are created""}]",prefix: The ending characterizes the genre.; AV: The final clause completes a genre definition or contrast.,False,"The Sound Barrier (known in the United States, as Breaking Through the Sound Barrier and Breaking the Sound Barrier) is a 1952 British film directed by David Lean. It is a fictional story about attempts by aircraft designers and test pilots to break the sound barrier. It was David Lean's third and final film with his wife Ann Todd, but it was his first for Alexander Korda's London Films following the break-up of Cineguild. The Sound Barrier stars Ralph Richardson, Ann Todd, and Nigel Patrick. The Sound Barrier was a box-office success on first release, but it has become one of the least-known of Lean's films. Following on In Which We Serve (1942), the film is another of Lean's ventures into a genre of filmmaking where impressions of documentary film are created","British encyclopedia article format with structured filmography listing, describing Victorian-era theatrical drama films with historical context.

The sentence ""Some films are labelled 'pseudo-documentary' or 'historical' styles where dramatic effects are created to create an illusion of authenticity — styles in which realistic dramatic atmosphere are created"" suggests a clause completing a definition or contrast, likely referencing the use of fiction techniques alongside historical appearance.

Final token ""created"" ends an incomplete clause (""where illusions of historical authenticity are created styles in which realistic atmospheres are created""), expecting continuation like ""through fiction"" or ""by combining factual elements"" or ""with actual dramatic productions"" or ""using artificial narrative techniques."""
6,10,The clause likely refers to fiction techniques used alongside historical appearance.,"[{""sentence_id"": 1, ""start"": 418, ""end"": 498, ""text"": ""likely referencing the use of fiction techniques alongside historical appearance""}]",detail,local_text,unsupported,"[{""start"": 164, ""end"": 268, ""text"": ""It is a fictional story about attempts by aircraft designers and test pilots to break the sound barrier.""}]",prefix: Fiction is stated; historical appearance and techniques are not.; AV: The clause likely refers to fiction techniques used alongside historical appearance.,True,"The Sound Barrier (known in the United States, as Breaking Through the Sound Barrier and Breaking the Sound Barrier) is a 1952 British film directed by David Lean. It is a fictional story about attempts by aircraft designers and test pilots to break the sound barrier. It was David Lean's third and final film with his wife Ann Todd, but it was his first for Alexander Korda's London Films following the break-up of Cineguild. The Sound Barrier stars Ralph Richardson, Ann Todd, and Nigel Patrick. The Sound Barrier was a box-office success on first release, but it has become one of the least-known of Lean's films. Following on In Which We Serve (1942), the film is another of Lean's ventures into a genre of filmmaking where impressions of documentary film are created","British encyclopedia article format with structured filmography listing, describing Victorian-era theatrical drama films with historical context.

The sentence ""Some films are labelled 'pseudo-documentary' or 'historical' styles where dramatic effects are created to create an illusion of authenticity — styles in which realistic dramatic atmosphere are created"" suggests a clause completing a definition or contrast, likely referencing the use of fiction techniques alongside historical appearance.

Final token ""created"" ends an incomplete clause (""where illusions of historical authenticity are created styles in which realistic atmospheres are created""), expecting continuation like ""through fiction"" or ""by combining factual elements"" or ""with actual dramatic productions"" or ""using artificial narrative techniques."""
6,11,The final tokenizer token is “created”.,"[{""sentence_id"": 2, ""start"": 501, ""end"": 522, ""text"": ""Final token \""created\""""}]",detail,final_token,unsupported,[],prefix: Tokenizer evidence is excluded.; AV: The final tokenizer token is “created”.,True,"The Sound Barrier (known in the United States, as Breaking Through the Sound Barrier and Breaking the Sound Barrier) is a 1952 British film directed by David Lean. It is a fictional story about attempts by aircraft designers and test pilots to break the sound barrier. It was David Lean's third and final film with his wife Ann Todd, but it was his first for Alexander Korda's London Films following the break-up of Cineguild. The Sound Barrier stars Ralph Richardson, Ann Todd, and Nigel Patrick. The Sound Barrier was a box-office success on first release, but it has become one of the least-known of Lean's films. Following on In Which We Serve (1942), the film is another of Lean's ventures into a genre of filmmaking where impressions of documentary film are created","British encyclopedia article format with structured filmography listing, describing Victorian-era theatrical drama films with historical context.

The sentence ""Some films are labelled 'pseudo-documentary' or 'historical' styles where dramatic effects are created to create an illusion of authenticity — styles in which realistic dramatic atmosphere are created"" suggests a clause completing a definition or contrast, likely referencing the use of fiction techniques alongside historical appearance.

Final token ""created"" ends an incomplete clause (""where illusions of historical authenticity are created styles in which realistic atmospheres are created""), expecting continuation like ""through fiction"" or ""by combining factual elements"" or ""with actual dramatic productions"" or ""using artificial narrative techniques."""
6,12,The text ends in an incomplete clause.,"[{""sentence_id"": 2, ""start"": 523, ""end"": 548, ""text"": ""ends an incomplete clause""}]",detail,local_text,false,"[{""start"": 722, ""end"": 771, ""text"": ""where impressions of documentary film are created""}]",prefix: The relative clause is complete.; AV: The text ends in an incomplete clause.,True,"The Sound Barrier (known in the United States, as Breaking Through the Sound Barrier and Breaking the Sound Barrier) is a 1952 British film directed by David Lean. It is a fictional story about attempts by aircraft designers and test pilots to break the sound barrier. It was David Lean's third and final film with his wife Ann Todd, but it was his first for Alexander Korda's London Films following the break-up of Cineguild. The Sound Barrier stars Ralph Richardson, Ann Todd, and Nigel Patrick. The Sound Barrier was a box-office success on first release, but it has become one of the least-known of Lean's films. Following on In Which We Serve (1942), the film is another of Lean's ventures into a genre of filmmaking where impressions of documentary film are created","British encyclopedia article format with structured filmography listing, describing Victorian-era theatrical drama films with historical context.

The sentence ""Some films are labelled 'pseudo-documentary' or 'historical' styles where dramatic effects are created to create an illusion of authenticity — styles in which realistic dramatic atmosphere are created"" suggests a clause completing a definition or contrast, likely referencing the use of fiction techniques alongside historical appearance.

Final token ""created"" ends an incomplete clause (""where illusions of historical authenticity are created styles in which realistic atmospheres are created""), expecting continuation like ""through fiction"" or ""by combining factual elements"" or ""with actual dramatic productions"" or ""using artificial narrative techniques."""
6,13,"The continuation is expected to be “through fiction”, “by combining factual elements”, “with actual dramatic productions”, or “using artificial narrative techniques.”","[{""sentence_id"": 2, ""start"": 659, ""end"": 821, ""text"": ""expecting continuation like \""through fiction\"" or \""by combining factual elements\"" or \""with actual dramatic productions\"" or \""using artificial narrative techniques.\""""}]",forecast,continuation,unsupported,[],"prefix: No continuation/probability evidence.; AV: The continuation is expected to be “through fiction”, “by combining factual elements”, “with actual dramatic productions”, or “using artificial narrative techniques.”",False,"The Sound Barrier (known in the United States, as Breaking Through the Sound Barrier and Breaking the Sound Barrier) is a 1952 British film directed by David Lean. It is a fictional story about attempts by aircraft designers and test pilots to break the sound barrier. It was David Lean's third and final film with his wife Ann Todd, but it was his first for Alexander Korda's London Films following the break-up of Cineguild. The Sound Barrier stars Ralph Richardson, Ann Todd, and Nigel Patrick. The Sound Barrier was a box-office success on first release, but it has become one of the least-known of Lean's films. Following on In Which We Serve (1942), the film is another of Lean's ventures into a genre of filmmaking where impressions of documentary film are created","British encyclopedia article format with structured filmography listing, describing Victorian-era theatrical drama films with historical context.

The sentence ""Some films are labelled 'pseudo-documentary' or 'historical' styles where dramatic effects are created to create an illusion of authenticity — styles in which realistic dramatic atmosphere are created"" suggests a clause completing a definition or contrast, likely referencing the use of fiction techniques alongside historical appearance.

Final token ""created"" ends an incomplete clause (""where illusions of historical authenticity are created styles in which realistic atmospheres are created""), expecting continuation like ""through fiction"" or ""by combining factual elements"" or ""with actual dramatic productions"" or ""using artificial narrative techniques."""
7,0,The passage has Wikipedia-article format.,"[{""sentence_id"": 0, ""start"": 0, ""end"": 24, ""text"": ""Wikipedia article format""}]",theme,format,true,"[{""start"": 0, ""end"": 114, ""text"": ""Edward Rowan Finnegan (June 5, 1905 – February 2, 1971) was a U.S. Representative from Illinois from 1961 to 1964.""}]",prefix: Biographical encyclopedia-style opening and chronological prose support the format.; AV: The passage has Wikipedia-article format.,False,"Edward Rowan Finnegan (June 5, 1905 – February 2, 1971) was a U.S. Representative from Illinois from 1961 to 1964. Finnegan was born in Chicago and graduated with a BA from Loyola University Chicago and a law degree from the DePaul University School of Law in 1930. He started practicing as an attorney in 1931 and then served as an Assistant State's attorney in Cook County. Later, Finnegan served as the Assistant Corporation Counsel for Chicago. Finnegan unsuccessfully sought the Democratic nomination for the position of a Chicago municipal court judge in 1939. In 1960, Finnegan was elected to Congress from Illinois' 12th district. After redistricting, Finnegan's district was merged with the neighboring 9th District of fellow Democrat Sidney Yates. Finnegan transferred to the 9th, since Yates was giving up his seat to run for the United States Senate. Yates lost, and Chicago's machine bosses persuaded Finnegan to stand down in 1964 and hand the 9th back to Yates. In return for his co-operation, Finnegan was appointed as a judge for the Circuit Court of Cook County. He resigned his seat in Congress on December 6, 1964 and commenced his service on the bench the following day. He continued to serve until his death in 1971","Wikipedia article format with biographical details listing political career and military service for an American congressman, detailing his tenure and death.

The sentence ending ""He died in office in 1969 following a heart attack, serving until his death in 1971"" concludes with a death note, suggesting a closing clause about his legacy or health decline, completing the life span.

Final token ""1971"" ends an incomplete clause (""died in 1971...and died in 1971...""), strongly expecting ""."" or ""."" or ""with cancer"" or ""and his retirement from the Ohio State Medical Society."""
7,1,The passage is biographical.,"[{""sentence_id"": 0, ""start"": 25, ""end"": 50, ""text"": ""with biographical details""}]",theme,genre,true,"[{""start"": 115, ""end"": 143, ""text"": ""Finnegan was born in Chicago""}]",prefix: Birth and career history support the genre.; AV: The passage is biographical.,False,"Edward Rowan Finnegan (June 5, 1905 – February 2, 1971) was a U.S. Representative from Illinois from 1961 to 1964. Finnegan was born in Chicago and graduated with a BA from Loyola University Chicago and a law degree from the DePaul University School of Law in 1930. He started practicing as an attorney in 1931 and then served as an Assistant State's attorney in Cook County. Later, Finnegan served as the Assistant Corporation Counsel for Chicago. Finnegan unsuccessfully sought the Democratic nomination for the position of a Chicago municipal court judge in 1939. In 1960, Finnegan was elected to Congress from Illinois' 12th district. After redistricting, Finnegan's district was merged with the neighboring 9th District of fellow Democrat Sidney Yates. Finnegan transferred to the 9th, since Yates was giving up his seat to run for the United States Senate. Yates lost, and Chicago's machine bosses persuaded Finnegan to stand down in 1964 and hand the 9th back to Yates. In return for his co-operation, Finnegan was appointed as a judge for the Circuit Court of Cook County. He resigned his seat in Congress on December 6, 1964 and commenced his service on the bench the following day. He continued to serve until his death in 1971","Wikipedia article format with biographical details listing political career and military service for an American congressman, detailing his tenure and death.

The sentence ending ""He died in office in 1969 following a heart attack, serving until his death in 1971"" concludes with a death note, suggesting a closing clause about his legacy or health decline, completing the life span.

Final token ""1971"" ends an incomplete clause (""died in 1971...and died in 1971...""), strongly expecting ""."" or ""."" or ""with cancer"" or ""and his retirement from the Ohio State Medical Society."""
7,2,The passage lists a political career.,"[{""sentence_id"": 0, ""start"": 51, ""end"": 75, ""text"": ""listing political career""}]",theme,topic,true,"[{""start"": 567, ""end"": 638, ""text"": ""In 1960, Finnegan was elected to Congress from Illinois' 12th district.""}]",prefix: Congressional elections and career changes are described.; AV: The passage lists a political career.,False,"Edward Rowan Finnegan (June 5, 1905 – February 2, 1971) was a U.S. Representative from Illinois from 1961 to 1964. Finnegan was born in Chicago and graduated with a BA from Loyola University Chicago and a law degree from the DePaul University School of Law in 1930. He started practicing as an attorney in 1931 and then served as an Assistant State's attorney in Cook County. Later, Finnegan served as the Assistant Corporation Counsel for Chicago. Finnegan unsuccessfully sought the Democratic nomination for the position of a Chicago municipal court judge in 1939. In 1960, Finnegan was elected to Congress from Illinois' 12th district. After redistricting, Finnegan's district was merged with the neighboring 9th District of fellow Democrat Sidney Yates. Finnegan transferred to the 9th, since Yates was giving up his seat to run for the United States Senate. Yates lost, and Chicago's machine bosses persuaded Finnegan to stand down in 1964 and hand the 9th back to Yates. In return for his co-operation, Finnegan was appointed as a judge for the Circuit Court of Cook County. He resigned his seat in Congress on December 6, 1964 and commenced his service on the bench the following day. He continued to serve until his death in 1971","Wikipedia article format with biographical details listing political career and military service for an American congressman, detailing his tenure and death.

The sentence ending ""He died in office in 1969 following a heart attack, serving until his death in 1971"" concludes with a death note, suggesting a closing clause about his legacy or health decline, completing the life span.

Final token ""1971"" ends an incomplete clause (""died in 1971...and died in 1971...""), strongly expecting ""."" or ""."" or ""with cancer"" or ""and his retirement from the Ohio State Medical Society."""
7,3,The passage describes military service.,"[{""sentence_id"": 0, ""start"": 80, ""end"": 96, ""text"": ""military service""}]",theme,topic,unsupported,[],prefix: No military service is mentioned; absence alone is not contradiction.; AV: The passage describes military service.,False,"Edward Rowan Finnegan (June 5, 1905 – February 2, 1971) was a U.S. Representative from Illinois from 1961 to 1964. Finnegan was born in Chicago and graduated with a BA from Loyola University Chicago and a law degree from the DePaul University School of Law in 1930. He started practicing as an attorney in 1931 and then served as an Assistant State's attorney in Cook County. Later, Finnegan served as the Assistant Corporation Counsel for Chicago. Finnegan unsuccessfully sought the Democratic nomination for the position of a Chicago municipal court judge in 1939. In 1960, Finnegan was elected to Congress from Illinois' 12th district. After redistricting, Finnegan's district was merged with the neighboring 9th District of fellow Democrat Sidney Yates. Finnegan transferred to the 9th, since Yates was giving up his seat to run for the United States Senate. Yates lost, and Chicago's machine bosses persuaded Finnegan to stand down in 1964 and hand the 9th back to Yates. In return for his co-operation, Finnegan was appointed as a judge for the Circuit Court of Cook County. He resigned his seat in Congress on December 6, 1964 and commenced his service on the bench the following day. He continued to serve until his death in 1971","Wikipedia article format with biographical details listing political career and military service for an American congressman, detailing his tenure and death.

The sentence ending ""He died in office in 1969 following a heart attack, serving until his death in 1971"" concludes with a death note, suggesting a closing clause about his legacy or health decline, completing the life span.

Final token ""1971"" ends an incomplete clause (""died in 1971...and died in 1971...""), strongly expecting ""."" or ""."" or ""with cancer"" or ""and his retirement from the Ohio State Medical Society."""
7,4,The biography subject is an American congressman.,"[{""sentence_id"": 0, ""start"": 97, ""end"": 124, ""text"": ""for an American congressman""}]",entity,identification,true,"[{""start"": 56, ""end"": 113, ""text"": ""was a U.S. Representative from Illinois from 1961 to 1964""}]",prefix: The subject is explicitly a U.S. Representative.; AV: The biography subject is an American congressman.,False,"Edward Rowan Finnegan (June 5, 1905 – February 2, 1971) was a U.S. Representative from Illinois from 1961 to 1964. Finnegan was born in Chicago and graduated with a BA from Loyola University Chicago and a law degree from the DePaul University School of Law in 1930. He started practicing as an attorney in 1931 and then served as an Assistant State's attorney in Cook County. Later, Finnegan served as the Assistant Corporation Counsel for Chicago. Finnegan unsuccessfully sought the Democratic nomination for the position of a Chicago municipal court judge in 1939. In 1960, Finnegan was elected to Congress from Illinois' 12th district. After redistricting, Finnegan's district was merged with the neighboring 9th District of fellow Democrat Sidney Yates. Finnegan transferred to the 9th, since Yates was giving up his seat to run for the United States Senate. Yates lost, and Chicago's machine bosses persuaded Finnegan to stand down in 1964 and hand the 9th back to Yates. In return for his co-operation, Finnegan was appointed as a judge for the Circuit Court of Cook County. He resigned his seat in Congress on December 6, 1964 and commenced his service on the bench the following day. He continued to serve until his death in 1971","Wikipedia article format with biographical details listing political career and military service for an American congressman, detailing his tenure and death.

The sentence ending ""He died in office in 1969 following a heart attack, serving until his death in 1971"" concludes with a death note, suggesting a closing clause about his legacy or health decline, completing the life span.

Final token ""1971"" ends an incomplete clause (""died in 1971...and died in 1971...""), strongly expecting ""."" or ""."" or ""with cancer"" or ""and his retirement from the Ohio State Medical Society."""
7,5,The passage details the subject’s tenure.,"[{""sentence_id"": 0, ""start"": 126, ""end"": 146, ""text"": ""detailing his tenure""}]",theme,topic,true,"[{""start"": 56, ""end"": 113, ""text"": ""was a U.S. Representative from Illinois from 1961 to 1964""}]",prefix: Service dates are provided.; AV: The passage details the subject’s tenure.,False,"Edward Rowan Finnegan (June 5, 1905 – February 2, 1971) was a U.S. Representative from Illinois from 1961 to 1964. Finnegan was born in Chicago and graduated with a BA from Loyola University Chicago and a law degree from the DePaul University School of Law in 1930. He started practicing as an attorney in 1931 and then served as an Assistant State's attorney in Cook County. Later, Finnegan served as the Assistant Corporation Counsel for Chicago. Finnegan unsuccessfully sought the Democratic nomination for the position of a Chicago municipal court judge in 1939. In 1960, Finnegan was elected to Congress from Illinois' 12th district. After redistricting, Finnegan's district was merged with the neighboring 9th District of fellow Democrat Sidney Yates. Finnegan transferred to the 9th, since Yates was giving up his seat to run for the United States Senate. Yates lost, and Chicago's machine bosses persuaded Finnegan to stand down in 1964 and hand the 9th back to Yates. In return for his co-operation, Finnegan was appointed as a judge for the Circuit Court of Cook County. He resigned his seat in Congress on December 6, 1964 and commenced his service on the bench the following day. He continued to serve until his death in 1971","Wikipedia article format with biographical details listing political career and military service for an American congressman, detailing his tenure and death.

The sentence ending ""He died in office in 1969 following a heart attack, serving until his death in 1971"" concludes with a death note, suggesting a closing clause about his legacy or health decline, completing the life span.

Final token ""1971"" ends an incomplete clause (""died in 1971...and died in 1971...""), strongly expecting ""."" or ""."" or ""with cancer"" or ""and his retirement from the Ohio State Medical Society."""
7,6,The passage details the subject’s death.,"[{""sentence_id"": 0, ""start"": 147, ""end"": 156, ""text"": ""and death""}]",theme,topic,true,"[{""start"": 1192, ""end"": 1237, ""text"": ""He continued to serve until his death in 1971""}]",prefix: Death is explicitly mentioned.; AV: The passage details the subject’s death.,False,"Edward Rowan Finnegan (June 5, 1905 – February 2, 1971) was a U.S. Representative from Illinois from 1961 to 1964. Finnegan was born in Chicago and graduated with a BA from Loyola University Chicago and a law degree from the DePaul University School of Law in 1930. He started practicing as an attorney in 1931 and then served as an Assistant State's attorney in Cook County. Later, Finnegan served as the Assistant Corporation Counsel for Chicago. Finnegan unsuccessfully sought the Democratic nomination for the position of a Chicago municipal court judge in 1939. In 1960, Finnegan was elected to Congress from Illinois' 12th district. After redistricting, Finnegan's district was merged with the neighboring 9th District of fellow Democrat Sidney Yates. Finnegan transferred to the 9th, since Yates was giving up his seat to run for the United States Senate. Yates lost, and Chicago's machine bosses persuaded Finnegan to stand down in 1964 and hand the 9th back to Yates. In return for his co-operation, Finnegan was appointed as a judge for the Circuit Court of Cook County. He resigned his seat in Congress on December 6, 1964 and commenced his service on the bench the following day. He continued to serve until his death in 1971","Wikipedia article format with biographical details listing political career and military service for an American congressman, detailing his tenure and death.

The sentence ending ""He died in office in 1969 following a heart attack, serving until his death in 1971"" concludes with a death note, suggesting a closing clause about his legacy or health decline, completing the life span.

Final token ""1971"" ends an incomplete clause (""died in 1971...and died in 1971...""), strongly expecting ""."" or ""."" or ""with cancer"" or ""and his retirement from the Ohio State Medical Society."""
7,7,Finnegan died while holding office.,"[{""sentence_id"": 1, ""start"": 180, ""end"": 197, ""text"": ""He died in office""}]",detail,event,true,"[{""start"": 1192, ""end"": 1237, ""text"": ""He continued to serve until his death in 1971""}]","prefix: He was still serving as a judge, not as a congressman, when he died.; AV: Finnegan died while holding office.",True,"Edward Rowan Finnegan (June 5, 1905 – February 2, 1971) was a U.S. Representative from Illinois from 1961 to 1964. Finnegan was born in Chicago and graduated with a BA from Loyola University Chicago and a law degree from the DePaul University School of Law in 1930. He started practicing as an attorney in 1931 and then served as an Assistant State's attorney in Cook County. Later, Finnegan served as the Assistant Corporation Counsel for Chicago. Finnegan unsuccessfully sought the Democratic nomination for the position of a Chicago municipal court judge in 1939. In 1960, Finnegan was elected to Congress from Illinois' 12th district. After redistricting, Finnegan's district was merged with the neighboring 9th District of fellow Democrat Sidney Yates. Finnegan transferred to the 9th, since Yates was giving up his seat to run for the United States Senate. Yates lost, and Chicago's machine bosses persuaded Finnegan to stand down in 1964 and hand the 9th back to Yates. In return for his co-operation, Finnegan was appointed as a judge for the Circuit Court of Cook County. He resigned his seat in Congress on December 6, 1964 and commenced his service on the bench the following day. He continued to serve until his death in 1971","Wikipedia article format with biographical details listing political career and military service for an American congressman, detailing his tenure and death.

The sentence ending ""He died in office in 1969 following a heart attack, serving until his death in 1971"" concludes with a death note, suggesting a closing clause about his legacy or health decline, completing the life span.

Final token ""1971"" ends an incomplete clause (""died in 1971...and died in 1971...""), strongly expecting ""."" or ""."" or ""with cancer"" or ""and his retirement from the Ohio State Medical Society."""
7,8,Finnegan died in 1969.,"[{""sentence_id"": 1, ""start"": 180, ""end"": 205, ""text"": ""He died in office in 1969""}]",detail,date,false,"[{""start"": 1192, ""end"": 1237, ""text"": ""He continued to serve until his death in 1971""}]",prefix: The explicit death year is 1971.; AV: Finnegan died in 1969.,False,"Edward Rowan Finnegan (June 5, 1905 – February 2, 1971) was a U.S. Representative from Illinois from 1961 to 1964. Finnegan was born in Chicago and graduated with a BA from Loyola University Chicago and a law degree from the DePaul University School of Law in 1930. He started practicing as an attorney in 1931 and then served as an Assistant State's attorney in Cook County. Later, Finnegan served as the Assistant Corporation Counsel for Chicago. Finnegan unsuccessfully sought the Democratic nomination for the position of a Chicago municipal court judge in 1939. In 1960, Finnegan was elected to Congress from Illinois' 12th district. After redistricting, Finnegan's district was merged with the neighboring 9th District of fellow Democrat Sidney Yates. Finnegan transferred to the 9th, since Yates was giving up his seat to run for the United States Senate. Yates lost, and Chicago's machine bosses persuaded Finnegan to stand down in 1964 and hand the 9th back to Yates. In return for his co-operation, Finnegan was appointed as a judge for the Circuit Court of Cook County. He resigned his seat in Congress on December 6, 1964 and commenced his service on the bench the following day. He continued to serve until his death in 1971","Wikipedia article format with biographical details listing political career and military service for an American congressman, detailing his tenure and death.

The sentence ending ""He died in office in 1969 following a heart attack, serving until his death in 1971"" concludes with a death note, suggesting a closing clause about his legacy or health decline, completing the life span.

Final token ""1971"" ends an incomplete clause (""died in 1971...and died in 1971...""), strongly expecting ""."" or ""."" or ""with cancer"" or ""and his retirement from the Ohio State Medical Society."""
7,9,Finnegan had a heart attack before his death.,"[{""sentence_id"": 1, ""start"": 206, ""end"": 230, ""text"": ""following a heart attack""}]",detail,event,unsupported,[],"prefix: No heart attack is described; following is temporal, not an asserted cause.; AV: Finnegan had a heart attack before his death.",False,"Edward Rowan Finnegan (June 5, 1905 – February 2, 1971) was a U.S. Representative from Illinois from 1961 to 1964. Finnegan was born in Chicago and graduated with a BA from Loyola University Chicago and a law degree from the DePaul University School of Law in 1930. He started practicing as an attorney in 1931 and then served as an Assistant State's attorney in Cook County. Later, Finnegan served as the Assistant Corporation Counsel for Chicago. Finnegan unsuccessfully sought the Democratic nomination for the position of a Chicago municipal court judge in 1939. In 1960, Finnegan was elected to Congress from Illinois' 12th district. After redistricting, Finnegan's district was merged with the neighboring 9th District of fellow Democrat Sidney Yates. Finnegan transferred to the 9th, since Yates was giving up his seat to run for the United States Senate. Yates lost, and Chicago's machine bosses persuaded Finnegan to stand down in 1964 and hand the 9th back to Yates. In return for his co-operation, Finnegan was appointed as a judge for the Circuit Court of Cook County. He resigned his seat in Congress on December 6, 1964 and commenced his service on the bench the following day. He continued to serve until his death in 1971","Wikipedia article format with biographical details listing political career and military service for an American congressman, detailing his tenure and death.

The sentence ending ""He died in office in 1969 following a heart attack, serving until his death in 1971"" concludes with a death note, suggesting a closing clause about his legacy or health decline, completing the life span.

Final token ""1971"" ends an incomplete clause (""died in 1971...and died in 1971...""), strongly expecting ""."" or ""."" or ""with cancer"" or ""and his retirement from the Ohio State Medical Society."""
7,10,Finnegan served until his death.,"[{""sentence_id"": 1, ""start"": 232, ""end"": 263, ""text"": ""serving until his death in 1971""}]",detail,event,true,"[{""start"": 1192, ""end"": 1237, ""text"": ""He continued to serve until his death in 1971""}]",prefix: Service until death is explicit.; AV: Finnegan served until his death.,False,"Edward Rowan Finnegan (June 5, 1905 – February 2, 1971) was a U.S. Representative from Illinois from 1961 to 1964. Finnegan was born in Chicago and graduated with a BA from Loyola University Chicago and a law degree from the DePaul University School of Law in 1930. He started practicing as an attorney in 1931 and then served as an Assistant State's attorney in Cook County. Later, Finnegan served as the Assistant Corporation Counsel for Chicago. Finnegan unsuccessfully sought the Democratic nomination for the position of a Chicago municipal court judge in 1939. In 1960, Finnegan was elected to Congress from Illinois' 12th district. After redistricting, Finnegan's district was merged with the neighboring 9th District of fellow Democrat Sidney Yates. Finnegan transferred to the 9th, since Yates was giving up his seat to run for the United States Senate. Yates lost, and Chicago's machine bosses persuaded Finnegan to stand down in 1964 and hand the 9th back to Yates. In return for his co-operation, Finnegan was appointed as a judge for the Circuit Court of Cook County. He resigned his seat in Congress on December 6, 1964 and commenced his service on the bench the following day. He continued to serve until his death in 1971","Wikipedia article format with biographical details listing political career and military service for an American congressman, detailing his tenure and death.

The sentence ending ""He died in office in 1969 following a heart attack, serving until his death in 1971"" concludes with a death note, suggesting a closing clause about his legacy or health decline, completing the life span.

Final token ""1971"" ends an incomplete clause (""died in 1971...and died in 1971...""), strongly expecting ""."" or ""."" or ""with cancer"" or ""and his retirement from the Ohio State Medical Society."""
7,11,Finnegan died in 1971.,"[{""sentence_id"": 1, ""start"": 246, ""end"": 263, ""text"": ""his death in 1971""}, {""sentence_id"": 2, ""start"": 432, ""end"": 444, ""text"": ""died in 1971""}, {""sentence_id"": 2, ""start"": 451, ""end"": 463, ""text"": ""died in 1971""}]",detail,date,true,"[{""start"": 1192, ""end"": 1237, ""text"": ""He continued to serve until his death in 1971""}]",prefix: The explicit death year is 1971; retain this separately from the conflicting 1969 claim.; AV: Finnegan died in 1971.,False,"Edward Rowan Finnegan (June 5, 1905 – February 2, 1971) was a U.S. Representative from Illinois from 1961 to 1964. Finnegan was born in Chicago and graduated with a BA from Loyola University Chicago and a law degree from the DePaul University School of Law in 1930. He started practicing as an attorney in 1931 and then served as an Assistant State's attorney in Cook County. Later, Finnegan served as the Assistant Corporation Counsel for Chicago. Finnegan unsuccessfully sought the Democratic nomination for the position of a Chicago municipal court judge in 1939. In 1960, Finnegan was elected to Congress from Illinois' 12th district. After redistricting, Finnegan's district was merged with the neighboring 9th District of fellow Democrat Sidney Yates. Finnegan transferred to the 9th, since Yates was giving up his seat to run for the United States Senate. Yates lost, and Chicago's machine bosses persuaded Finnegan to stand down in 1964 and hand the 9th back to Yates. In return for his co-operation, Finnegan was appointed as a judge for the Circuit Court of Cook County. He resigned his seat in Congress on December 6, 1964 and commenced his service on the bench the following day. He continued to serve until his death in 1971","Wikipedia article format with biographical details listing political career and military service for an American congressman, detailing his tenure and death.

The sentence ending ""He died in office in 1969 following a heart attack, serving until his death in 1971"" concludes with a death note, suggesting a closing clause about his legacy or health decline, completing the life span.

Final token ""1971"" ends an incomplete clause (""died in 1971...and died in 1971...""), strongly expecting ""."" or ""."" or ""with cancer"" or ""and his retirement from the Ohio State Medical Society."""
7,12,The closing clause is a death note completing the lifespan.,"[{""sentence_id"": 1, ""start"": 265, ""end"": 292, ""text"": ""concludes with a death note""}, {""sentence_id"": 1, ""start"": 358, ""end"": 382, ""text"": ""completing the life span""}]",detail,local_text,true,"[{""start"": 1192, ""end"": 1237, ""text"": ""He continued to serve until his death in 1971""}]",prefix: The concluding statement concerns his death.; AV: The closing clause is a death note completing the lifespan.,False,"Edward Rowan Finnegan (June 5, 1905 – February 2, 1971) was a U.S. Representative from Illinois from 1961 to 1964. Finnegan was born in Chicago and graduated with a BA from Loyola University Chicago and a law degree from the DePaul University School of Law in 1930. He started practicing as an attorney in 1931 and then served as an Assistant State's attorney in Cook County. Later, Finnegan served as the Assistant Corporation Counsel for Chicago. Finnegan unsuccessfully sought the Democratic nomination for the position of a Chicago municipal court judge in 1939. In 1960, Finnegan was elected to Congress from Illinois' 12th district. After redistricting, Finnegan's district was merged with the neighboring 9th District of fellow Democrat Sidney Yates. Finnegan transferred to the 9th, since Yates was giving up his seat to run for the United States Senate. Yates lost, and Chicago's machine bosses persuaded Finnegan to stand down in 1964 and hand the 9th back to Yates. In return for his co-operation, Finnegan was appointed as a judge for the Circuit Court of Cook County. He resigned his seat in Congress on December 6, 1964 and commenced his service on the bench the following day. He continued to serve until his death in 1971","Wikipedia article format with biographical details listing political career and military service for an American congressman, detailing his tenure and death.

The sentence ending ""He died in office in 1969 following a heart attack, serving until his death in 1971"" concludes with a death note, suggesting a closing clause about his legacy or health decline, completing the life span.

Final token ""1971"" ends an incomplete clause (""died in 1971...and died in 1971...""), strongly expecting ""."" or ""."" or ""with cancer"" or ""and his retirement from the Ohio State Medical Society."""
7,13,The closing clause concerns legacy or declining health.,"[{""sentence_id"": 1, ""start"": 305, ""end"": 356, ""text"": ""a closing clause about his legacy or health decline""}]",detail,local_text,unsupported,[],"prefix: The ending reports service until death, without describing legacy or declining health.; AV: The closing clause concerns legacy or declining health.",False,"Edward Rowan Finnegan (June 5, 1905 – February 2, 1971) was a U.S. Representative from Illinois from 1961 to 1964. Finnegan was born in Chicago and graduated with a BA from Loyola University Chicago and a law degree from the DePaul University School of Law in 1930. He started practicing as an attorney in 1931 and then served as an Assistant State's attorney in Cook County. Later, Finnegan served as the Assistant Corporation Counsel for Chicago. Finnegan unsuccessfully sought the Democratic nomination for the position of a Chicago municipal court judge in 1939. In 1960, Finnegan was elected to Congress from Illinois' 12th district. After redistricting, Finnegan's district was merged with the neighboring 9th District of fellow Democrat Sidney Yates. Finnegan transferred to the 9th, since Yates was giving up his seat to run for the United States Senate. Yates lost, and Chicago's machine bosses persuaded Finnegan to stand down in 1964 and hand the 9th back to Yates. In return for his co-operation, Finnegan was appointed as a judge for the Circuit Court of Cook County. He resigned his seat in Congress on December 6, 1964 and commenced his service on the bench the following day. He continued to serve until his death in 1971","Wikipedia article format with biographical details listing political career and military service for an American congressman, detailing his tenure and death.

The sentence ending ""He died in office in 1969 following a heart attack, serving until his death in 1971"" concludes with a death note, suggesting a closing clause about his legacy or health decline, completing the life span.

Final token ""1971"" ends an incomplete clause (""died in 1971...and died in 1971...""), strongly expecting ""."" or ""."" or ""with cancer"" or ""and his retirement from the Ohio State Medical Society."""
7,14,The final tokenizer token is “1971”.,"[{""sentence_id"": 2, ""start"": 385, ""end"": 403, ""text"": ""Final token \""1971\""""}]",detail,final_token,unsupported,[],prefix: The final word is visible; the actual final tokenizer token is outside allowed evidence.; AV: The final tokenizer token is “1971”.,True,"Edward Rowan Finnegan (June 5, 1905 – February 2, 1971) was a U.S. Representative from Illinois from 1961 to 1964. Finnegan was born in Chicago and graduated with a BA from Loyola University Chicago and a law degree from the DePaul University School of Law in 1930. He started practicing as an attorney in 1931 and then served as an Assistant State's attorney in Cook County. Later, Finnegan served as the Assistant Corporation Counsel for Chicago. Finnegan unsuccessfully sought the Democratic nomination for the position of a Chicago municipal court judge in 1939. In 1960, Finnegan was elected to Congress from Illinois' 12th district. After redistricting, Finnegan's district was merged with the neighboring 9th District of fellow Democrat Sidney Yates. Finnegan transferred to the 9th, since Yates was giving up his seat to run for the United States Senate. Yates lost, and Chicago's machine bosses persuaded Finnegan to stand down in 1964 and hand the 9th back to Yates. In return for his co-operation, Finnegan was appointed as a judge for the Circuit Court of Cook County. He resigned his seat in Congress on December 6, 1964 and commenced his service on the bench the following day. He continued to serve until his death in 1971","Wikipedia article format with biographical details listing political career and military service for an American congressman, detailing his tenure and death.

The sentence ending ""He died in office in 1969 following a heart attack, serving until his death in 1971"" concludes with a death note, suggesting a closing clause about his legacy or health decline, completing the life span.

Final token ""1971"" ends an incomplete clause (""died in 1971...and died in 1971...""), strongly expecting ""."" or ""."" or ""with cancer"" or ""and his retirement from the Ohio State Medical Society."""
7,15,The text ends in an incomplete clause.,"[{""sentence_id"": 2, ""start"": 404, ""end"": 429, ""text"": ""ends an incomplete clause""}]",detail,local_text,false,"[{""start"": 1192, ""end"": 1237, ""text"": ""He continued to serve until his death in 1971""}]",prefix: This is a complete clause.; AV: The text ends in an incomplete clause.,True,"Edward Rowan Finnegan (June 5, 1905 – February 2, 1971) was a U.S. Representative from Illinois from 1961 to 1964. Finnegan was born in Chicago and graduated with a BA from Loyola University Chicago and a law degree from the DePaul University School of Law in 1930. He started practicing as an attorney in 1931 and then served as an Assistant State's attorney in Cook County. Later, Finnegan served as the Assistant Corporation Counsel for Chicago. Finnegan unsuccessfully sought the Democratic nomination for the position of a Chicago municipal court judge in 1939. In 1960, Finnegan was elected to Congress from Illinois' 12th district. After redistricting, Finnegan's district was merged with the neighboring 9th District of fellow Democrat Sidney Yates. Finnegan transferred to the 9th, since Yates was giving up his seat to run for the United States Senate. Yates lost, and Chicago's machine bosses persuaded Finnegan to stand down in 1964 and hand the 9th back to Yates. In return for his co-operation, Finnegan was appointed as a judge for the Circuit Court of Cook County. He resigned his seat in Congress on December 6, 1964 and commenced his service on the bench the following day. He continued to serve until his death in 1971","Wikipedia article format with biographical details listing political career and military service for an American congressman, detailing his tenure and death.

The sentence ending ""He died in office in 1969 following a heart attack, serving until his death in 1971"" concludes with a death note, suggesting a closing clause about his legacy or health decline, completing the life span.

Final token ""1971"" ends an incomplete clause (""died in 1971...and died in 1971...""), strongly expecting ""."" or ""."" or ""with cancer"" or ""and his retirement from the Ohio State Medical Society."""
7,16,"The continuation is strongly expected to be a period, “with cancer”, or “and his retirement from the Ohio State Medical Society.”","[{""sentence_id"": 2, ""start"": 470, ""end"": 577, ""text"": ""strongly expecting \"".\"" or \"".\"" or \""with cancer\"" or \""and his retirement from the Ohio State Medical Society.\""""}]",forecast,continuation,unsupported,[],"prefix: No continuation/probability evidence; duplicate period alternative is deduplicated within the forecast.; AV: The continuation is strongly expected to be a period, “with cancer”, or “and his retirement from the Ohio State Medical Society.”",False,"Edward Rowan Finnegan (June 5, 1905 – February 2, 1971) was a U.S. Representative from Illinois from 1961 to 1964. Finnegan was born in Chicago and graduated with a BA from Loyola University Chicago and a law degree from the DePaul University School of Law in 1930. He started practicing as an attorney in 1931 and then served as an Assistant State's attorney in Cook County. Later, Finnegan served as the Assistant Corporation Counsel for Chicago. Finnegan unsuccessfully sought the Democratic nomination for the position of a Chicago municipal court judge in 1939. In 1960, Finnegan was elected to Congress from Illinois' 12th district. After redistricting, Finnegan's district was merged with the neighboring 9th District of fellow Democrat Sidney Yates. Finnegan transferred to the 9th, since Yates was giving up his seat to run for the United States Senate. Yates lost, and Chicago's machine bosses persuaded Finnegan to stand down in 1964 and hand the 9th back to Yates. In return for his co-operation, Finnegan was appointed as a judge for the Circuit Court of Cook County. He resigned his seat in Congress on December 6, 1964 and commenced his service on the bench the following day. He continued to serve until his death in 1971","Wikipedia article format with biographical details listing political career and military service for an American congressman, detailing his tenure and death.

The sentence ending ""He died in office in 1969 following a heart attack, serving until his death in 1971"" concludes with a death note, suggesting a closing clause about his legacy or health decline, completing the life span.

Final token ""1971"" ends an incomplete clause (""died in 1971...and died in 1971...""), strongly expecting ""."" or ""."" or ""with cancer"" or ""and his retirement from the Ohio State Medical Society."""
8,0,The passage is biographical.,"[{""sentence_id"": 0, ""start"": 0, ""end"": 12, ""text"": ""Biographical""}]",theme,genre,true,"[{""start"": 0, ""end"": 101, ""text"": ""Frédéric Talgorn (born 2 July 1961 in Toulouse, France) is a French composer for film and television.""}]",prefix: The opening and life history support biography.; AV: The passage is biographical.,False,"Frédéric Talgorn (born 2 July 1961 in Toulouse, France) is a French composer for film and television. He studied music at the Paris Conservatoire where his teachers included Sabine Lacoraet and Yvonne Loriod, but he completed his studies on his own. In 1987 he moved to the United States where he began to compose film music. He also wrote the official music to accompany the Olympic flame for the 1992 Winter Olympic Games. Notable film scores include Edge of Sanity (1989), (1990), Robot Jox (1990), Fortress (1992) and The Temp (1993). He also has an extensive catalogue of concert music, and has often conducted his own works in concert and recording sessions. He has also conducted and recorded film scores of others with the Royal Scottish National Orchestra","Biographical music website listing compositions and performances by British composer David Ward, with informal tone and personal anecdotes about his songwriting career.

The sentence structure ""He has also recorded some of his works with the singer on various orchestral recordings including the BBC Scottish Symphony Orchestra"" suggests a concluding clause about conducting collaborations or notable performances, with ""with the Pittsburgh Symphony Orchestra"" implying a list or achievement.

Final token ""Orchestra"" ends an incomplete phrase (""with the Pittsburgh Symphony Orchestra""), part of a parenthetical list of orchestral recordings (""has recorded with some works with the Philadelphia Philharmonic Orchestra""), expecting continuation like ""and other orchestras,"" or ""and the Royal Philharmonic."""
8,1,The passage concerns music.,"[{""sentence_id"": 0, ""start"": 13, ""end"": 26, ""text"": ""music website""}]",theme,topic,true,"[{""start"": 102, ""end"": 145, ""text"": ""He studied music at the Paris Conservatoire""}]",prefix: Music is explicitly the subject.; AV: The passage concerns music.,False,"Frédéric Talgorn (born 2 July 1961 in Toulouse, France) is a French composer for film and television. He studied music at the Paris Conservatoire where his teachers included Sabine Lacoraet and Yvonne Loriod, but he completed his studies on his own. In 1987 he moved to the United States where he began to compose film music. He also wrote the official music to accompany the Olympic flame for the 1992 Winter Olympic Games. Notable film scores include Edge of Sanity (1989), (1990), Robot Jox (1990), Fortress (1992) and The Temp (1993). He also has an extensive catalogue of concert music, and has often conducted his own works in concert and recording sessions. He has also conducted and recorded film scores of others with the Royal Scottish National Orchestra","Biographical music website listing compositions and performances by British composer David Ward, with informal tone and personal anecdotes about his songwriting career.

The sentence structure ""He has also recorded some of his works with the singer on various orchestral recordings including the BBC Scottish Symphony Orchestra"" suggests a concluding clause about conducting collaborations or notable performances, with ""with the Pittsburgh Symphony Orchestra"" implying a list or achievement.

Final token ""Orchestra"" ends an incomplete phrase (""with the Pittsburgh Symphony Orchestra""), part of a parenthetical list of orchestral recordings (""has recorded with some works with the Philadelphia Philharmonic Orchestra""), expecting continuation like ""and other orchestras,"" or ""and the Royal Philharmonic."""
8,2,The passage is from a music website.,"[{""sentence_id"": 0, ""start"": 13, ""end"": 26, ""text"": ""music website""}]",theme,format,unsupported,[],prefix: Visible plain text does not establish publication on a music website.; AV: The passage is from a music website.,False,"Frédéric Talgorn (born 2 July 1961 in Toulouse, France) is a French composer for film and television. He studied music at the Paris Conservatoire where his teachers included Sabine Lacoraet and Yvonne Loriod, but he completed his studies on his own. In 1987 he moved to the United States where he began to compose film music. He also wrote the official music to accompany the Olympic flame for the 1992 Winter Olympic Games. Notable film scores include Edge of Sanity (1989), (1990), Robot Jox (1990), Fortress (1992) and The Temp (1993). He also has an extensive catalogue of concert music, and has often conducted his own works in concert and recording sessions. He has also conducted and recorded film scores of others with the Royal Scottish National Orchestra","Biographical music website listing compositions and performances by British composer David Ward, with informal tone and personal anecdotes about his songwriting career.

The sentence structure ""He has also recorded some of his works with the singer on various orchestral recordings including the BBC Scottish Symphony Orchestra"" suggests a concluding clause about conducting collaborations or notable performances, with ""with the Pittsburgh Symphony Orchestra"" implying a list or achievement.

Final token ""Orchestra"" ends an incomplete phrase (""with the Pittsburgh Symphony Orchestra""), part of a parenthetical list of orchestral recordings (""has recorded with some works with the Philadelphia Philharmonic Orchestra""), expecting continuation like ""and other orchestras,"" or ""and the Royal Philharmonic."""
8,3,The passage lists compositions.,"[{""sentence_id"": 0, ""start"": 27, ""end"": 47, ""text"": ""listing compositions""}]",theme,topic,true,"[{""start"": 425, ""end"": 538, ""text"": ""Notable film scores include Edge of Sanity (1989), (1990), Robot Jox (1990), Fortress (1992) and The Temp (1993).""}]",prefix: Film compositions are listed.; AV: The passage lists compositions.,False,"Frédéric Talgorn (born 2 July 1961 in Toulouse, France) is a French composer for film and television. He studied music at the Paris Conservatoire where his teachers included Sabine Lacoraet and Yvonne Loriod, but he completed his studies on his own. In 1987 he moved to the United States where he began to compose film music. He also wrote the official music to accompany the Olympic flame for the 1992 Winter Olympic Games. Notable film scores include Edge of Sanity (1989), (1990), Robot Jox (1990), Fortress (1992) and The Temp (1993). He also has an extensive catalogue of concert music, and has often conducted his own works in concert and recording sessions. He has also conducted and recorded film scores of others with the Royal Scottish National Orchestra","Biographical music website listing compositions and performances by British composer David Ward, with informal tone and personal anecdotes about his songwriting career.

The sentence structure ""He has also recorded some of his works with the singer on various orchestral recordings including the BBC Scottish Symphony Orchestra"" suggests a concluding clause about conducting collaborations or notable performances, with ""with the Pittsburgh Symphony Orchestra"" implying a list or achievement.

Final token ""Orchestra"" ends an incomplete phrase (""with the Pittsburgh Symphony Orchestra""), part of a parenthetical list of orchestral recordings (""has recorded with some works with the Philadelphia Philharmonic Orchestra""), expecting continuation like ""and other orchestras,"" or ""and the Royal Philharmonic."""
8,4,The passage describes performances.,"[{""sentence_id"": 0, ""start"": 48, ""end"": 64, ""text"": ""and performances""}]",theme,topic,true,"[{""start"": 596, ""end"": 663, ""text"": ""has often conducted his own works in concert and recording sessions""}]",prefix: Conducting performances is described.; AV: The passage describes performances.,False,"Frédéric Talgorn (born 2 July 1961 in Toulouse, France) is a French composer for film and television. He studied music at the Paris Conservatoire where his teachers included Sabine Lacoraet and Yvonne Loriod, but he completed his studies on his own. In 1987 he moved to the United States where he began to compose film music. He also wrote the official music to accompany the Olympic flame for the 1992 Winter Olympic Games. Notable film scores include Edge of Sanity (1989), (1990), Robot Jox (1990), Fortress (1992) and The Temp (1993). He also has an extensive catalogue of concert music, and has often conducted his own works in concert and recording sessions. He has also conducted and recorded film scores of others with the Royal Scottish National Orchestra","Biographical music website listing compositions and performances by British composer David Ward, with informal tone and personal anecdotes about his songwriting career.

The sentence structure ""He has also recorded some of his works with the singer on various orchestral recordings including the BBC Scottish Symphony Orchestra"" suggests a concluding clause about conducting collaborations or notable performances, with ""with the Pittsburgh Symphony Orchestra"" implying a list or achievement.

Final token ""Orchestra"" ends an incomplete phrase (""with the Pittsburgh Symphony Orchestra""), part of a parenthetical list of orchestral recordings (""has recorded with some works with the Philadelphia Philharmonic Orchestra""), expecting continuation like ""and other orchestras,"" or ""and the Royal Philharmonic."""
8,5,The biography subject is David Ward.,"[{""sentence_id"": 0, ""start"": 65, ""end"": 95, ""text"": ""by British composer David Ward""}]",entity,identification,false,"[{""start"": 0, ""end"": 101, ""text"": ""Frédéric Talgorn (born 2 July 1961 in Toulouse, France) is a French composer for film and television.""}]",prefix: The named subject is Frédéric Talgorn.; AV: The biography subject is David Ward.,False,"Frédéric Talgorn (born 2 July 1961 in Toulouse, France) is a French composer for film and television. He studied music at the Paris Conservatoire where his teachers included Sabine Lacoraet and Yvonne Loriod, but he completed his studies on his own. In 1987 he moved to the United States where he began to compose film music. He also wrote the official music to accompany the Olympic flame for the 1992 Winter Olympic Games. Notable film scores include Edge of Sanity (1989), (1990), Robot Jox (1990), Fortress (1992) and The Temp (1993). He also has an extensive catalogue of concert music, and has often conducted his own works in concert and recording sessions. He has also conducted and recorded film scores of others with the Royal Scottish National Orchestra","Biographical music website listing compositions and performances by British composer David Ward, with informal tone and personal anecdotes about his songwriting career.

The sentence structure ""He has also recorded some of his works with the singer on various orchestral recordings including the BBC Scottish Symphony Orchestra"" suggests a concluding clause about conducting collaborations or notable performances, with ""with the Pittsburgh Symphony Orchestra"" implying a list or achievement.

Final token ""Orchestra"" ends an incomplete phrase (""with the Pittsburgh Symphony Orchestra""), part of a parenthetical list of orchestral recordings (""has recorded with some works with the Philadelphia Philharmonic Orchestra""), expecting continuation like ""and other orchestras,"" or ""and the Royal Philharmonic."""
8,6,David Ward is British.,"[{""sentence_id"": 0, ""start"": 68, ""end"": 95, ""text"": ""British composer David Ward""}]",detail,attribute,unsupported,[],prefix: The nationality supplied concerns Talgorn; no evidence about David Ward.; AV: David Ward is British.,False,"Frédéric Talgorn (born 2 July 1961 in Toulouse, France) is a French composer for film and television. He studied music at the Paris Conservatoire where his teachers included Sabine Lacoraet and Yvonne Loriod, but he completed his studies on his own. In 1987 he moved to the United States where he began to compose film music. He also wrote the official music to accompany the Olympic flame for the 1992 Winter Olympic Games. Notable film scores include Edge of Sanity (1989), (1990), Robot Jox (1990), Fortress (1992) and The Temp (1993). He also has an extensive catalogue of concert music, and has often conducted his own works in concert and recording sessions. He has also conducted and recorded film scores of others with the Royal Scottish National Orchestra","Biographical music website listing compositions and performances by British composer David Ward, with informal tone and personal anecdotes about his songwriting career.

The sentence structure ""He has also recorded some of his works with the singer on various orchestral recordings including the BBC Scottish Symphony Orchestra"" suggests a concluding clause about conducting collaborations or notable performances, with ""with the Pittsburgh Symphony Orchestra"" implying a list or achievement.

Final token ""Orchestra"" ends an incomplete phrase (""with the Pittsburgh Symphony Orchestra""), part of a parenthetical list of orchestral recordings (""has recorded with some works with the Philadelphia Philharmonic Orchestra""), expecting continuation like ""and other orchestras,"" or ""and the Royal Philharmonic."""
8,7,David Ward is a composer.,"[{""sentence_id"": 0, ""start"": 76, ""end"": 95, ""text"": ""composer David Ward""}]",detail,attribute,unsupported,[],"prefix: The profession supplied concerns Talgorn, not David Ward.; AV: David Ward is a composer.",False,"Frédéric Talgorn (born 2 July 1961 in Toulouse, France) is a French composer for film and television. He studied music at the Paris Conservatoire where his teachers included Sabine Lacoraet and Yvonne Loriod, but he completed his studies on his own. In 1987 he moved to the United States where he began to compose film music. He also wrote the official music to accompany the Olympic flame for the 1992 Winter Olympic Games. Notable film scores include Edge of Sanity (1989), (1990), Robot Jox (1990), Fortress (1992) and The Temp (1993). He also has an extensive catalogue of concert music, and has often conducted his own works in concert and recording sessions. He has also conducted and recorded film scores of others with the Royal Scottish National Orchestra","Biographical music website listing compositions and performances by British composer David Ward, with informal tone and personal anecdotes about his songwriting career.

The sentence structure ""He has also recorded some of his works with the singer on various orchestral recordings including the BBC Scottish Symphony Orchestra"" suggests a concluding clause about conducting collaborations or notable performances, with ""with the Pittsburgh Symphony Orchestra"" implying a list or achievement.

Final token ""Orchestra"" ends an incomplete phrase (""with the Pittsburgh Symphony Orchestra""), part of a parenthetical list of orchestral recordings (""has recorded with some works with the Philadelphia Philharmonic Orchestra""), expecting continuation like ""and other orchestras,"" or ""and the Royal Philharmonic."""
8,8,The passage has an informal tone.,"[{""sentence_id"": 0, ""start"": 97, ""end"": 115, ""text"": ""with informal tone""}]",theme,style,unsupported,[],prefix: A distinctly informal register is not established.; AV: The passage has an informal tone.,True,"Frédéric Talgorn (born 2 July 1961 in Toulouse, France) is a French composer for film and television. He studied music at the Paris Conservatoire where his teachers included Sabine Lacoraet and Yvonne Loriod, but he completed his studies on his own. In 1987 he moved to the United States where he began to compose film music. He also wrote the official music to accompany the Olympic flame for the 1992 Winter Olympic Games. Notable film scores include Edge of Sanity (1989), (1990), Robot Jox (1990), Fortress (1992) and The Temp (1993). He also has an extensive catalogue of concert music, and has often conducted his own works in concert and recording sessions. He has also conducted and recorded film scores of others with the Royal Scottish National Orchestra","Biographical music website listing compositions and performances by British composer David Ward, with informal tone and personal anecdotes about his songwriting career.

The sentence structure ""He has also recorded some of his works with the singer on various orchestral recordings including the BBC Scottish Symphony Orchestra"" suggests a concluding clause about conducting collaborations or notable performances, with ""with the Pittsburgh Symphony Orchestra"" implying a list or achievement.

Final token ""Orchestra"" ends an incomplete phrase (""with the Pittsburgh Symphony Orchestra""), part of a parenthetical list of orchestral recordings (""has recorded with some works with the Philadelphia Philharmonic Orchestra""), expecting continuation like ""and other orchestras,"" or ""and the Royal Philharmonic."""
8,9,The passage contains personal anecdotes.,"[{""sentence_id"": 0, ""start"": 120, ""end"": 138, ""text"": ""personal anecdotes""}]",theme,genre,unsupported,[],prefix: Biographical facts are given but no personal anecdote is evident.; AV: The passage contains personal anecdotes.,True,"Frédéric Talgorn (born 2 July 1961 in Toulouse, France) is a French composer for film and television. He studied music at the Paris Conservatoire where his teachers included Sabine Lacoraet and Yvonne Loriod, but he completed his studies on his own. In 1987 he moved to the United States where he began to compose film music. He also wrote the official music to accompany the Olympic flame for the 1992 Winter Olympic Games. Notable film scores include Edge of Sanity (1989), (1990), Robot Jox (1990), Fortress (1992) and The Temp (1993). He also has an extensive catalogue of concert music, and has often conducted his own works in concert and recording sessions. He has also conducted and recorded film scores of others with the Royal Scottish National Orchestra","Biographical music website listing compositions and performances by British composer David Ward, with informal tone and personal anecdotes about his songwriting career.

The sentence structure ""He has also recorded some of his works with the singer on various orchestral recordings including the BBC Scottish Symphony Orchestra"" suggests a concluding clause about conducting collaborations or notable performances, with ""with the Pittsburgh Symphony Orchestra"" implying a list or achievement.

Final token ""Orchestra"" ends an incomplete phrase (""with the Pittsburgh Symphony Orchestra""), part of a parenthetical list of orchestral recordings (""has recorded with some works with the Philadelphia Philharmonic Orchestra""), expecting continuation like ""and other orchestras,"" or ""and the Royal Philharmonic."""
8,10,David Ward has a songwriting career.,"[{""sentence_id"": 0, ""start"": 145, ""end"": 167, ""text"": ""his songwriting career""}]",detail,attribute,unsupported,[],prefix: No facts about David Ward or songwriting are given.; AV: David Ward has a songwriting career.,False,"Frédéric Talgorn (born 2 July 1961 in Toulouse, France) is a French composer for film and television. He studied music at the Paris Conservatoire where his teachers included Sabine Lacoraet and Yvonne Loriod, but he completed his studies on his own. In 1987 he moved to the United States where he began to compose film music. He also wrote the official music to accompany the Olympic flame for the 1992 Winter Olympic Games. Notable film scores include Edge of Sanity (1989), (1990), Robot Jox (1990), Fortress (1992) and The Temp (1993). He also has an extensive catalogue of concert music, and has often conducted his own works in concert and recording sessions. He has also conducted and recorded film scores of others with the Royal Scottish National Orchestra","Biographical music website listing compositions and performances by British composer David Ward, with informal tone and personal anecdotes about his songwriting career.

The sentence structure ""He has also recorded some of his works with the singer on various orchestral recordings including the BBC Scottish Symphony Orchestra"" suggests a concluding clause about conducting collaborations or notable performances, with ""with the Pittsburgh Symphony Orchestra"" implying a list or achievement.

Final token ""Orchestra"" ends an incomplete phrase (""with the Pittsburgh Symphony Orchestra""), part of a parenthetical list of orchestral recordings (""has recorded with some works with the Philadelphia Philharmonic Orchestra""), expecting continuation like ""and other orchestras,"" or ""and the Royal Philharmonic."""
8,11,David Ward recorded some of his own works.,"[{""sentence_id"": 1, ""start"": 194, ""end"": 232, ""text"": ""He has also recorded some of his works""}]",detail,event,unsupported,[],prefix: Do not transfer the recording facts about Talgorn to David Ward.; AV: David Ward recorded some of his own works.,False,"Frédéric Talgorn (born 2 July 1961 in Toulouse, France) is a French composer for film and television. He studied music at the Paris Conservatoire where his teachers included Sabine Lacoraet and Yvonne Loriod, but he completed his studies on his own. In 1987 he moved to the United States where he began to compose film music. He also wrote the official music to accompany the Olympic flame for the 1992 Winter Olympic Games. Notable film scores include Edge of Sanity (1989), (1990), Robot Jox (1990), Fortress (1992) and The Temp (1993). He also has an extensive catalogue of concert music, and has often conducted his own works in concert and recording sessions. He has also conducted and recorded film scores of others with the Royal Scottish National Orchestra","Biographical music website listing compositions and performances by British composer David Ward, with informal tone and personal anecdotes about his songwriting career.

The sentence structure ""He has also recorded some of his works with the singer on various orchestral recordings including the BBC Scottish Symphony Orchestra"" suggests a concluding clause about conducting collaborations or notable performances, with ""with the Pittsburgh Symphony Orchestra"" implying a list or achievement.

Final token ""Orchestra"" ends an incomplete phrase (""with the Pittsburgh Symphony Orchestra""), part of a parenthetical list of orchestral recordings (""has recorded with some works with the Philadelphia Philharmonic Orchestra""), expecting continuation like ""and other orchestras,"" or ""and the Royal Philharmonic."""
8,12,David Ward recorded with a singer.,"[{""sentence_id"": 1, ""start"": 233, ""end"": 248, ""text"": ""with the singer""}]",entity,relationship,unsupported,[],prefix: No singer or relationship with David Ward is established.; AV: David Ward recorded with a singer.,False,"Frédéric Talgorn (born 2 July 1961 in Toulouse, France) is a French composer for film and television. He studied music at the Paris Conservatoire where his teachers included Sabine Lacoraet and Yvonne Loriod, but he completed his studies on his own. In 1987 he moved to the United States where he began to compose film music. He also wrote the official music to accompany the Olympic flame for the 1992 Winter Olympic Games. Notable film scores include Edge of Sanity (1989), (1990), Robot Jox (1990), Fortress (1992) and The Temp (1993). He also has an extensive catalogue of concert music, and has often conducted his own works in concert and recording sessions. He has also conducted and recorded film scores of others with the Royal Scottish National Orchestra","Biographical music website listing compositions and performances by British composer David Ward, with informal tone and personal anecdotes about his songwriting career.

The sentence structure ""He has also recorded some of his works with the singer on various orchestral recordings including the BBC Scottish Symphony Orchestra"" suggests a concluding clause about conducting collaborations or notable performances, with ""with the Pittsburgh Symphony Orchestra"" implying a list or achievement.

Final token ""Orchestra"" ends an incomplete phrase (""with the Pittsburgh Symphony Orchestra""), part of a parenthetical list of orchestral recordings (""has recorded with some works with the Philadelphia Philharmonic Orchestra""), expecting continuation like ""and other orchestras,"" or ""and the Royal Philharmonic."""
8,13,David Ward participated in various orchestral recordings.,"[{""sentence_id"": 1, ""start"": 249, ""end"": 281, ""text"": ""on various orchestral recordings""}]",detail,event,unsupported,[],prefix: The source describes another person.; AV: David Ward participated in various orchestral recordings.,False,"Frédéric Talgorn (born 2 July 1961 in Toulouse, France) is a French composer for film and television. He studied music at the Paris Conservatoire where his teachers included Sabine Lacoraet and Yvonne Loriod, but he completed his studies on his own. In 1987 he moved to the United States where he began to compose film music. He also wrote the official music to accompany the Olympic flame for the 1992 Winter Olympic Games. Notable film scores include Edge of Sanity (1989), (1990), Robot Jox (1990), Fortress (1992) and The Temp (1993). He also has an extensive catalogue of concert music, and has often conducted his own works in concert and recording sessions. He has also conducted and recorded film scores of others with the Royal Scottish National Orchestra","Biographical music website listing compositions and performances by British composer David Ward, with informal tone and personal anecdotes about his songwriting career.

The sentence structure ""He has also recorded some of his works with the singer on various orchestral recordings including the BBC Scottish Symphony Orchestra"" suggests a concluding clause about conducting collaborations or notable performances, with ""with the Pittsburgh Symphony Orchestra"" implying a list or achievement.

Final token ""Orchestra"" ends an incomplete phrase (""with the Pittsburgh Symphony Orchestra""), part of a parenthetical list of orchestral recordings (""has recorded with some works with the Philadelphia Philharmonic Orchestra""), expecting continuation like ""and other orchestras,"" or ""and the Royal Philharmonic."""
8,14,David Ward recorded with the BBC Scottish Symphony Orchestra.,"[{""sentence_id"": 1, ""start"": 282, ""end"": 327, ""text"": ""including the BBC Scottish Symphony Orchestra""}]",entity,relationship,unsupported,[],"prefix: The source describes Talgorn with the Royal Scottish National Orchestra, not David Ward.; AV: David Ward recorded with the BBC Scottish Symphony Orchestra.",False,"Frédéric Talgorn (born 2 July 1961 in Toulouse, France) is a French composer for film and television. He studied music at the Paris Conservatoire where his teachers included Sabine Lacoraet and Yvonne Loriod, but he completed his studies on his own. In 1987 he moved to the United States where he began to compose film music. He also wrote the official music to accompany the Olympic flame for the 1992 Winter Olympic Games. Notable film scores include Edge of Sanity (1989), (1990), Robot Jox (1990), Fortress (1992) and The Temp (1993). He also has an extensive catalogue of concert music, and has often conducted his own works in concert and recording sessions. He has also conducted and recorded film scores of others with the Royal Scottish National Orchestra","Biographical music website listing compositions and performances by British composer David Ward, with informal tone and personal anecdotes about his songwriting career.

The sentence structure ""He has also recorded some of his works with the singer on various orchestral recordings including the BBC Scottish Symphony Orchestra"" suggests a concluding clause about conducting collaborations or notable performances, with ""with the Pittsburgh Symphony Orchestra"" implying a list or achievement.

Final token ""Orchestra"" ends an incomplete phrase (""with the Pittsburgh Symphony Orchestra""), part of a parenthetical list of orchestral recordings (""has recorded with some works with the Philadelphia Philharmonic Orchestra""), expecting continuation like ""and other orchestras,"" or ""and the Royal Philharmonic."""
8,15,The concluding clause concerns conducting collaborations or notable performances.,"[{""sentence_id"": 1, ""start"": 338, ""end"": 413, ""text"": ""a concluding clause about conducting collaborations or notable performances""}]",detail,local_text,true,"[{""start"": 665, ""end"": 764, ""text"": ""He has also conducted and recorded film scores of others with the Royal Scottish National Orchestra""}]",prefix: The closing sentence describes conducting and recording with an orchestra.; AV: The concluding clause concerns conducting collaborations or notable performances.,False,"Frédéric Talgorn (born 2 July 1961 in Toulouse, France) is a French composer for film and television. He studied music at the Paris Conservatoire where his teachers included Sabine Lacoraet and Yvonne Loriod, but he completed his studies on his own. In 1987 he moved to the United States where he began to compose film music. He also wrote the official music to accompany the Olympic flame for the 1992 Winter Olympic Games. Notable film scores include Edge of Sanity (1989), (1990), Robot Jox (1990), Fortress (1992) and The Temp (1993). He also has an extensive catalogue of concert music, and has often conducted his own works in concert and recording sessions. He has also conducted and recorded film scores of others with the Royal Scottish National Orchestra","Biographical music website listing compositions and performances by British composer David Ward, with informal tone and personal anecdotes about his songwriting career.

The sentence structure ""He has also recorded some of his works with the singer on various orchestral recordings including the BBC Scottish Symphony Orchestra"" suggests a concluding clause about conducting collaborations or notable performances, with ""with the Pittsburgh Symphony Orchestra"" implying a list or achievement.

Final token ""Orchestra"" ends an incomplete phrase (""with the Pittsburgh Symphony Orchestra""), part of a parenthetical list of orchestral recordings (""has recorded with some works with the Philadelphia Philharmonic Orchestra""), expecting continuation like ""and other orchestras,"" or ""and the Royal Philharmonic."""
8,16,David Ward worked with the Pittsburgh Symphony Orchestra.,"[{""sentence_id"": 1, ""start"": 421, ""end"": 459, ""text"": ""with the Pittsburgh Symphony Orchestra""}, {""sentence_id"": 2, ""start"": 546, ""end"": 584, ""text"": ""with the Pittsburgh Symphony Orchestra""}]",entity,relationship,unsupported,[],prefix: Neither this subject nor this orchestral collaboration is supplied.; AV: David Ward worked with the Pittsburgh Symphony Orchestra.,False,"Frédéric Talgorn (born 2 July 1961 in Toulouse, France) is a French composer for film and television. He studied music at the Paris Conservatoire where his teachers included Sabine Lacoraet and Yvonne Loriod, but he completed his studies on his own. In 1987 he moved to the United States where he began to compose film music. He also wrote the official music to accompany the Olympic flame for the 1992 Winter Olympic Games. Notable film scores include Edge of Sanity (1989), (1990), Robot Jox (1990), Fortress (1992) and The Temp (1993). He also has an extensive catalogue of concert music, and has often conducted his own works in concert and recording sessions. He has also conducted and recorded film scores of others with the Royal Scottish National Orchestra","Biographical music website listing compositions and performances by British composer David Ward, with informal tone and personal anecdotes about his songwriting career.

The sentence structure ""He has also recorded some of his works with the singer on various orchestral recordings including the BBC Scottish Symphony Orchestra"" suggests a concluding clause about conducting collaborations or notable performances, with ""with the Pittsburgh Symphony Orchestra"" implying a list or achievement.

Final token ""Orchestra"" ends an incomplete phrase (""with the Pittsburgh Symphony Orchestra""), part of a parenthetical list of orchestral recordings (""has recorded with some works with the Philadelphia Philharmonic Orchestra""), expecting continuation like ""and other orchestras,"" or ""and the Royal Philharmonic."""
8,17,The ending presents an achievement or a list item.,"[{""sentence_id"": 1, ""start"": 461, ""end"": 491, ""text"": ""implying a list or achievement""}]",detail,local_text,true,"[{""start"": 665, ""end"": 764, ""text"": ""He has also conducted and recorded film scores of others with the Royal Scottish National Orchestra""}]",prefix: The final conducting/recording activity reasonably counts as an achievement.; AV: The ending presents an achievement or a list item.,True,"Frédéric Talgorn (born 2 July 1961 in Toulouse, France) is a French composer for film and television. He studied music at the Paris Conservatoire where his teachers included Sabine Lacoraet and Yvonne Loriod, but he completed his studies on his own. In 1987 he moved to the United States where he began to compose film music. He also wrote the official music to accompany the Olympic flame for the 1992 Winter Olympic Games. Notable film scores include Edge of Sanity (1989), (1990), Robot Jox (1990), Fortress (1992) and The Temp (1993). He also has an extensive catalogue of concert music, and has often conducted his own works in concert and recording sessions. He has also conducted and recorded film scores of others with the Royal Scottish National Orchestra","Biographical music website listing compositions and performances by British composer David Ward, with informal tone and personal anecdotes about his songwriting career.

The sentence structure ""He has also recorded some of his works with the singer on various orchestral recordings including the BBC Scottish Symphony Orchestra"" suggests a concluding clause about conducting collaborations or notable performances, with ""with the Pittsburgh Symphony Orchestra"" implying a list or achievement.

Final token ""Orchestra"" ends an incomplete phrase (""with the Pittsburgh Symphony Orchestra""), part of a parenthetical list of orchestral recordings (""has recorded with some works with the Philadelphia Philharmonic Orchestra""), expecting continuation like ""and other orchestras,"" or ""and the Royal Philharmonic."""
8,18,The final tokenizer token is “Orchestra”.,"[{""sentence_id"": 2, ""start"": 494, ""end"": 517, ""text"": ""Final token \""Orchestra\""""}]",detail,final_token,unsupported,[],prefix: Tokenizer evidence is excluded.; AV: The final tokenizer token is “Orchestra”.,True,"Frédéric Talgorn (born 2 July 1961 in Toulouse, France) is a French composer for film and television. He studied music at the Paris Conservatoire where his teachers included Sabine Lacoraet and Yvonne Loriod, but he completed his studies on his own. In 1987 he moved to the United States where he began to compose film music. He also wrote the official music to accompany the Olympic flame for the 1992 Winter Olympic Games. Notable film scores include Edge of Sanity (1989), (1990), Robot Jox (1990), Fortress (1992) and The Temp (1993). He also has an extensive catalogue of concert music, and has often conducted his own works in concert and recording sessions. He has also conducted and recorded film scores of others with the Royal Scottish National Orchestra","Biographical music website listing compositions and performances by British composer David Ward, with informal tone and personal anecdotes about his songwriting career.

The sentence structure ""He has also recorded some of his works with the singer on various orchestral recordings including the BBC Scottish Symphony Orchestra"" suggests a concluding clause about conducting collaborations or notable performances, with ""with the Pittsburgh Symphony Orchestra"" implying a list or achievement.

Final token ""Orchestra"" ends an incomplete phrase (""with the Pittsburgh Symphony Orchestra""), part of a parenthetical list of orchestral recordings (""has recorded with some works with the Philadelphia Philharmonic Orchestra""), expecting continuation like ""and other orchestras,"" or ""and the Royal Philharmonic."""
8,19,The final phrase is incomplete.,"[{""sentence_id"": 2, ""start"": 518, ""end"": 543, ""text"": ""ends an incomplete phrase""}]",detail,local_text,false,"[{""start"": 722, ""end"": 764, ""text"": ""with the Royal Scottish National Orchestra""}]",prefix: The final prepositional phrase is complete.; AV: The final phrase is incomplete.,True,"Frédéric Talgorn (born 2 July 1961 in Toulouse, France) is a French composer for film and television. He studied music at the Paris Conservatoire where his teachers included Sabine Lacoraet and Yvonne Loriod, but he completed his studies on his own. In 1987 he moved to the United States where he began to compose film music. He also wrote the official music to accompany the Olympic flame for the 1992 Winter Olympic Games. Notable film scores include Edge of Sanity (1989), (1990), Robot Jox (1990), Fortress (1992) and The Temp (1993). He also has an extensive catalogue of concert music, and has often conducted his own works in concert and recording sessions. He has also conducted and recorded film scores of others with the Royal Scottish National Orchestra","Biographical music website listing compositions and performances by British composer David Ward, with informal tone and personal anecdotes about his songwriting career.

The sentence structure ""He has also recorded some of his works with the singer on various orchestral recordings including the BBC Scottish Symphony Orchestra"" suggests a concluding clause about conducting collaborations or notable performances, with ""with the Pittsburgh Symphony Orchestra"" implying a list or achievement.

Final token ""Orchestra"" ends an incomplete phrase (""with the Pittsburgh Symphony Orchestra""), part of a parenthetical list of orchestral recordings (""has recorded with some works with the Philadelphia Philharmonic Orchestra""), expecting continuation like ""and other orchestras,"" or ""and the Royal Philharmonic."""
8,20,The ending is part of a parenthetical list of orchestral recordings.,"[{""sentence_id"": 2, ""start"": 588, ""end"": 641, ""text"": ""part of a parenthetical list of orchestral recordings""}]",detail,local_text,false,"[{""start"": 665, ""end"": 764, ""text"": ""He has also conducted and recorded film scores of others with the Royal Scottish National Orchestra""}]",prefix: The closing sentence is not parenthetical.; AV: The ending is part of a parenthetical list of orchestral recordings.,False,"Frédéric Talgorn (born 2 July 1961 in Toulouse, France) is a French composer for film and television. He studied music at the Paris Conservatoire where his teachers included Sabine Lacoraet and Yvonne Loriod, but he completed his studies on his own. In 1987 he moved to the United States where he began to compose film music. He also wrote the official music to accompany the Olympic flame for the 1992 Winter Olympic Games. Notable film scores include Edge of Sanity (1989), (1990), Robot Jox (1990), Fortress (1992) and The Temp (1993). He also has an extensive catalogue of concert music, and has often conducted his own works in concert and recording sessions. He has also conducted and recorded film scores of others with the Royal Scottish National Orchestra","Biographical music website listing compositions and performances by British composer David Ward, with informal tone and personal anecdotes about his songwriting career.

The sentence structure ""He has also recorded some of his works with the singer on various orchestral recordings including the BBC Scottish Symphony Orchestra"" suggests a concluding clause about conducting collaborations or notable performances, with ""with the Pittsburgh Symphony Orchestra"" implying a list or achievement.

Final token ""Orchestra"" ends an incomplete phrase (""with the Pittsburgh Symphony Orchestra""), part of a parenthetical list of orchestral recordings (""has recorded with some works with the Philadelphia Philharmonic Orchestra""), expecting continuation like ""and other orchestras,"" or ""and the Royal Philharmonic."""
8,21,David Ward recorded with the Philadelphia Philharmonic Orchestra.,"[{""sentence_id"": 2, ""start"": 644, ""end"": 717, ""text"": ""has recorded with some works with the Philadelphia Philharmonic Orchestra""}]",entity,relationship,unsupported,[],prefix: This person/orchestra relationship is absent; do not borrow facts about Talgorn.; AV: David Ward recorded with the Philadelphia Philharmonic Orchestra.,False,"Frédéric Talgorn (born 2 July 1961 in Toulouse, France) is a French composer for film and television. He studied music at the Paris Conservatoire where his teachers included Sabine Lacoraet and Yvonne Loriod, but he completed his studies on his own. In 1987 he moved to the United States where he began to compose film music. He also wrote the official music to accompany the Olympic flame for the 1992 Winter Olympic Games. Notable film scores include Edge of Sanity (1989), (1990), Robot Jox (1990), Fortress (1992) and The Temp (1993). He also has an extensive catalogue of concert music, and has often conducted his own works in concert and recording sessions. He has also conducted and recorded film scores of others with the Royal Scottish National Orchestra","Biographical music website listing compositions and performances by British composer David Ward, with informal tone and personal anecdotes about his songwriting career.

The sentence structure ""He has also recorded some of his works with the singer on various orchestral recordings including the BBC Scottish Symphony Orchestra"" suggests a concluding clause about conducting collaborations or notable performances, with ""with the Pittsburgh Symphony Orchestra"" implying a list or achievement.

Final token ""Orchestra"" ends an incomplete phrase (""with the Pittsburgh Symphony Orchestra""), part of a parenthetical list of orchestral recordings (""has recorded with some works with the Philadelphia Philharmonic Orchestra""), expecting continuation like ""and other orchestras,"" or ""and the Royal Philharmonic."""
8,22,"The continuation is expected to be “and other orchestras,” or “and the Royal Philharmonic.”","[{""sentence_id"": 2, ""start"": 721, ""end"": 805, ""text"": ""expecting continuation like \""and other orchestras,\"" or \""and the Royal Philharmonic.\""""}]",forecast,continuation,unsupported,[],"prefix: No continuation/probability evidence; alternatives stay together.; AV: The continuation is expected to be “and other orchestras,” or “and the Royal Philharmonic.”",False,"Frédéric Talgorn (born 2 July 1961 in Toulouse, France) is a French composer for film and television. He studied music at the Paris Conservatoire where his teachers included Sabine Lacoraet and Yvonne Loriod, but he completed his studies on his own. In 1987 he moved to the United States where he began to compose film music. He also wrote the official music to accompany the Olympic flame for the 1992 Winter Olympic Games. Notable film scores include Edge of Sanity (1989), (1990), Robot Jox (1990), Fortress (1992) and The Temp (1993). He also has an extensive catalogue of concert music, and has often conducted his own works in concert and recording sessions. He has also conducted and recorded film scores of others with the Royal Scottish National Orchestra","Biographical music website listing compositions and performances by British composer David Ward, with informal tone and personal anecdotes about his songwriting career.

The sentence structure ""He has also recorded some of his works with the singer on various orchestral recordings including the BBC Scottish Symphony Orchestra"" suggests a concluding clause about conducting collaborations or notable performances, with ""with the Pittsburgh Symphony Orchestra"" implying a list or achievement.

Final token ""Orchestra"" ends an incomplete phrase (""with the Pittsburgh Symphony Orchestra""), part of a parenthetical list of orchestral recordings (""has recorded with some works with the Philadelphia Philharmonic Orchestra""), expecting continuation like ""and other orchestras,"" or ""and the Royal Philharmonic."""
9,0,The passage is in Danish.,"[{""sentence_id"": 0, ""start"": 0, ""end"": 15, ""text"": ""Danish language""}]",theme,language,false,"[{""start"": 0, ""end"": 95, ""text"": ""Holmenkollen Ski Museum () is located at the base of the Holmenkollen ski jump in Oslo, Norway.""}]","prefix: The visible text is English, not Danish.; AV: The passage is in Danish.",False,"Holmenkollen Ski Museum () is located at the base of the Holmenkollen ski jump in Oslo, Norway. The Ski Museum was founded in 1923 and is the world's oldest ski museum. The initiator of the museum was the architect Hjalmar Welhaven. His private collection formed the foundation of the antique and historic skis on display at the museum. Until 1951, the collection was housed in a building in the Oslo neighborhood of Frognerseteren. In connection with the rebuilding of Holmenkollbakken in 1951, the museum collection was moved to new premises at Holmenkollbakken. The museum contains 4,000 years of skiing history, starting with rock carvings dating from the Stone Age. It also displays skiers and skis from the Viking Age. Additionally it displays equipment used in the polar expeditions of both Fridtjof Nansen and Roald Amundsen. The Ski Museum is owned and operated by Skiforeningen. This association is responsible for the organization of sports, activities and events in Holmenkollen National Park","Danish language sports event description with formal informational format listing activities and awards for a horse racing club, suggesting a bilingual or historical context about the ""Hiking Association"" in Copenhagen.

The phrase ""The association is responsible for organizing the Nordic Walking Association's activities in Copenhagen Zoo Park"" implies a concluding clause about the park's management or nature reserve status, likely completing a noun phrase about the park's jurisdiction.

Final token ""Park"" ends an incomplete noun phrase (""in Copenhagen Nature Reserve Park""), part of a clause describing organizational purpose (""the management of the Nordic Walking Association within Copenhagen Nature Park""), expecting continuation like ""and surrounding areas"" or ""of the Copenhagen Zoo."""
9,1,The passage concerns sports events.,"[{""sentence_id"": 0, ""start"": 16, ""end"": 40, ""text"": ""sports event description""}]",theme,topic,true,"[{""start"": 889, ""end"": 1004, ""text"": ""This association is responsible for the organization of sports, activities and events in Holmenkollen National Park""}]",prefix: Sports activities/events are explicitly discussed.; AV: The passage concerns sports events.,False,"Holmenkollen Ski Museum () is located at the base of the Holmenkollen ski jump in Oslo, Norway. The Ski Museum was founded in 1923 and is the world's oldest ski museum. The initiator of the museum was the architect Hjalmar Welhaven. His private collection formed the foundation of the antique and historic skis on display at the museum. Until 1951, the collection was housed in a building in the Oslo neighborhood of Frognerseteren. In connection with the rebuilding of Holmenkollbakken in 1951, the museum collection was moved to new premises at Holmenkollbakken. The museum contains 4,000 years of skiing history, starting with rock carvings dating from the Stone Age. It also displays skiers and skis from the Viking Age. Additionally it displays equipment used in the polar expeditions of both Fridtjof Nansen and Roald Amundsen. The Ski Museum is owned and operated by Skiforeningen. This association is responsible for the organization of sports, activities and events in Holmenkollen National Park","Danish language sports event description with formal informational format listing activities and awards for a horse racing club, suggesting a bilingual or historical context about the ""Hiking Association"" in Copenhagen.

The phrase ""The association is responsible for organizing the Nordic Walking Association's activities in Copenhagen Zoo Park"" implies a concluding clause about the park's management or nature reserve status, likely completing a noun phrase about the park's jurisdiction.

Final token ""Park"" ends an incomplete noun phrase (""in Copenhagen Nature Reserve Park""), part of a clause describing organizational purpose (""the management of the Nordic Walking Association within Copenhagen Nature Park""), expecting continuation like ""and surrounding areas"" or ""of the Copenhagen Zoo."""
9,2,The passage has a formal informational format.,"[{""sentence_id"": 0, ""start"": 46, ""end"": 73, ""text"": ""formal informational format""}]",theme,style,true,"[{""start"": 96, ""end"": 168, ""text"": ""The Ski Museum was founded in 1923 and is the world's oldest ski museum.""}]",prefix: Expository institutional history reasonably supports informational formality.; AV: The passage has a formal informational format.,True,"Holmenkollen Ski Museum () is located at the base of the Holmenkollen ski jump in Oslo, Norway. The Ski Museum was founded in 1923 and is the world's oldest ski museum. The initiator of the museum was the architect Hjalmar Welhaven. His private collection formed the foundation of the antique and historic skis on display at the museum. Until 1951, the collection was housed in a building in the Oslo neighborhood of Frognerseteren. In connection with the rebuilding of Holmenkollbakken in 1951, the museum collection was moved to new premises at Holmenkollbakken. The museum contains 4,000 years of skiing history, starting with rock carvings dating from the Stone Age. It also displays skiers and skis from the Viking Age. Additionally it displays equipment used in the polar expeditions of both Fridtjof Nansen and Roald Amundsen. The Ski Museum is owned and operated by Skiforeningen. This association is responsible for the organization of sports, activities and events in Holmenkollen National Park","Danish language sports event description with formal informational format listing activities and awards for a horse racing club, suggesting a bilingual or historical context about the ""Hiking Association"" in Copenhagen.

The phrase ""The association is responsible for organizing the Nordic Walking Association's activities in Copenhagen Zoo Park"" implies a concluding clause about the park's management or nature reserve status, likely completing a noun phrase about the park's jurisdiction.

Final token ""Park"" ends an incomplete noun phrase (""in Copenhagen Nature Reserve Park""), part of a clause describing organizational purpose (""the management of the Nordic Walking Association within Copenhagen Nature Park""), expecting continuation like ""and surrounding areas"" or ""of the Copenhagen Zoo."""
9,3,The passage describes activities.,"[{""sentence_id"": 0, ""start"": 74, ""end"": 92, ""text"": ""listing activities""}]",theme,topic,true,"[{""start"": 925, ""end"": 974, ""text"": ""the organization of sports, activities and events""}]",prefix: Activities are explicitly mentioned.; AV: The passage describes activities.,False,"Holmenkollen Ski Museum () is located at the base of the Holmenkollen ski jump in Oslo, Norway. The Ski Museum was founded in 1923 and is the world's oldest ski museum. The initiator of the museum was the architect Hjalmar Welhaven. His private collection formed the foundation of the antique and historic skis on display at the museum. Until 1951, the collection was housed in a building in the Oslo neighborhood of Frognerseteren. In connection with the rebuilding of Holmenkollbakken in 1951, the museum collection was moved to new premises at Holmenkollbakken. The museum contains 4,000 years of skiing history, starting with rock carvings dating from the Stone Age. It also displays skiers and skis from the Viking Age. Additionally it displays equipment used in the polar expeditions of both Fridtjof Nansen and Roald Amundsen. The Ski Museum is owned and operated by Skiforeningen. This association is responsible for the organization of sports, activities and events in Holmenkollen National Park","Danish language sports event description with formal informational format listing activities and awards for a horse racing club, suggesting a bilingual or historical context about the ""Hiking Association"" in Copenhagen.

The phrase ""The association is responsible for organizing the Nordic Walking Association's activities in Copenhagen Zoo Park"" implies a concluding clause about the park's management or nature reserve status, likely completing a noun phrase about the park's jurisdiction.

Final token ""Park"" ends an incomplete noun phrase (""in Copenhagen Nature Reserve Park""), part of a clause describing organizational purpose (""the management of the Nordic Walking Association within Copenhagen Nature Park""), expecting continuation like ""and surrounding areas"" or ""of the Copenhagen Zoo."""
9,4,The passage lists awards.,"[{""sentence_id"": 0, ""start"": 93, ""end"": 103, ""text"": ""and awards""}]",theme,topic,unsupported,[],prefix: No awards are listed; absence is not contradiction.; AV: The passage lists awards.,False,"Holmenkollen Ski Museum () is located at the base of the Holmenkollen ski jump in Oslo, Norway. The Ski Museum was founded in 1923 and is the world's oldest ski museum. The initiator of the museum was the architect Hjalmar Welhaven. His private collection formed the foundation of the antique and historic skis on display at the museum. Until 1951, the collection was housed in a building in the Oslo neighborhood of Frognerseteren. In connection with the rebuilding of Holmenkollbakken in 1951, the museum collection was moved to new premises at Holmenkollbakken. The museum contains 4,000 years of skiing history, starting with rock carvings dating from the Stone Age. It also displays skiers and skis from the Viking Age. Additionally it displays equipment used in the polar expeditions of both Fridtjof Nansen and Roald Amundsen. The Ski Museum is owned and operated by Skiforeningen. This association is responsible for the organization of sports, activities and events in Holmenkollen National Park","Danish language sports event description with formal informational format listing activities and awards for a horse racing club, suggesting a bilingual or historical context about the ""Hiking Association"" in Copenhagen.

The phrase ""The association is responsible for organizing the Nordic Walking Association's activities in Copenhagen Zoo Park"" implies a concluding clause about the park's management or nature reserve status, likely completing a noun phrase about the park's jurisdiction.

Final token ""Park"" ends an incomplete noun phrase (""in Copenhagen Nature Reserve Park""), part of a clause describing organizational purpose (""the management of the Nordic Walking Association within Copenhagen Nature Park""), expecting continuation like ""and surrounding areas"" or ""of the Copenhagen Zoo."""
9,5,The organization described is a horse racing club.,"[{""sentence_id"": 0, ""start"": 104, ""end"": 127, ""text"": ""for a horse racing club""}]",entity,identification,false,"[{""start"": 834, ""end"": 888, ""text"": ""The Ski Museum is owned and operated by Skiforeningen.""}]","prefix: The organization role is attached to the ski museum and skiing activities, not a horse racing club.; AV: The organization described is a horse racing club.",False,"Holmenkollen Ski Museum () is located at the base of the Holmenkollen ski jump in Oslo, Norway. The Ski Museum was founded in 1923 and is the world's oldest ski museum. The initiator of the museum was the architect Hjalmar Welhaven. His private collection formed the foundation of the antique and historic skis on display at the museum. Until 1951, the collection was housed in a building in the Oslo neighborhood of Frognerseteren. In connection with the rebuilding of Holmenkollbakken in 1951, the museum collection was moved to new premises at Holmenkollbakken. The museum contains 4,000 years of skiing history, starting with rock carvings dating from the Stone Age. It also displays skiers and skis from the Viking Age. Additionally it displays equipment used in the polar expeditions of both Fridtjof Nansen and Roald Amundsen. The Ski Museum is owned and operated by Skiforeningen. This association is responsible for the organization of sports, activities and events in Holmenkollen National Park","Danish language sports event description with formal informational format listing activities and awards for a horse racing club, suggesting a bilingual or historical context about the ""Hiking Association"" in Copenhagen.

The phrase ""The association is responsible for organizing the Nordic Walking Association's activities in Copenhagen Zoo Park"" implies a concluding clause about the park's management or nature reserve status, likely completing a noun phrase about the park's jurisdiction.

Final token ""Park"" ends an incomplete noun phrase (""in Copenhagen Nature Reserve Park""), part of a clause describing organizational purpose (""the management of the Nordic Walking Association within Copenhagen Nature Park""), expecting continuation like ""and surrounding areas"" or ""of the Copenhagen Zoo."""
9,6,The passage suggests a bilingual or historical context.,"[{""sentence_id"": 0, ""start"": 129, ""end"": 173, ""text"": ""suggesting a bilingual or historical context""}]",theme,topic,true,"[{""start"": 96, ""end"": 130, ""text"": ""The Ski Museum was founded in 1923""}]",prefix: The disjunction is supported by historical context; do not separately assert bilingualism.; AV: The passage suggests a bilingual or historical context.,False,"Holmenkollen Ski Museum () is located at the base of the Holmenkollen ski jump in Oslo, Norway. The Ski Museum was founded in 1923 and is the world's oldest ski museum. The initiator of the museum was the architect Hjalmar Welhaven. His private collection formed the foundation of the antique and historic skis on display at the museum. Until 1951, the collection was housed in a building in the Oslo neighborhood of Frognerseteren. In connection with the rebuilding of Holmenkollbakken in 1951, the museum collection was moved to new premises at Holmenkollbakken. The museum contains 4,000 years of skiing history, starting with rock carvings dating from the Stone Age. It also displays skiers and skis from the Viking Age. Additionally it displays equipment used in the polar expeditions of both Fridtjof Nansen and Roald Amundsen. The Ski Museum is owned and operated by Skiforeningen. This association is responsible for the organization of sports, activities and events in Holmenkollen National Park","Danish language sports event description with formal informational format listing activities and awards for a horse racing club, suggesting a bilingual or historical context about the ""Hiking Association"" in Copenhagen.

The phrase ""The association is responsible for organizing the Nordic Walking Association's activities in Copenhagen Zoo Park"" implies a concluding clause about the park's management or nature reserve status, likely completing a noun phrase about the park's jurisdiction.

Final token ""Park"" ends an incomplete noun phrase (""in Copenhagen Nature Reserve Park""), part of a clause describing organizational purpose (""the management of the Nordic Walking Association within Copenhagen Nature Park""), expecting continuation like ""and surrounding areas"" or ""of the Copenhagen Zoo."""
9,7,The organization described is the Hiking Association.,"[{""sentence_id"": 0, ""start"": 180, ""end"": 204, ""text"": ""the \""Hiking Association\""""}]",entity,identification,false,"[{""start"": 834, ""end"": 888, ""text"": ""The Ski Museum is owned and operated by Skiforeningen.""}]",prefix: The source names Skiforeningen; the proposed association identity is a substituted role.; AV: The organization described is the Hiking Association.,True,"Holmenkollen Ski Museum () is located at the base of the Holmenkollen ski jump in Oslo, Norway. The Ski Museum was founded in 1923 and is the world's oldest ski museum. The initiator of the museum was the architect Hjalmar Welhaven. His private collection formed the foundation of the antique and historic skis on display at the museum. Until 1951, the collection was housed in a building in the Oslo neighborhood of Frognerseteren. In connection with the rebuilding of Holmenkollbakken in 1951, the museum collection was moved to new premises at Holmenkollbakken. The museum contains 4,000 years of skiing history, starting with rock carvings dating from the Stone Age. It also displays skiers and skis from the Viking Age. Additionally it displays equipment used in the polar expeditions of both Fridtjof Nansen and Roald Amundsen. The Ski Museum is owned and operated by Skiforeningen. This association is responsible for the organization of sports, activities and events in Holmenkollen National Park","Danish language sports event description with formal informational format listing activities and awards for a horse racing club, suggesting a bilingual or historical context about the ""Hiking Association"" in Copenhagen.

The phrase ""The association is responsible for organizing the Nordic Walking Association's activities in Copenhagen Zoo Park"" implies a concluding clause about the park's management or nature reserve status, likely completing a noun phrase about the park's jurisdiction.

Final token ""Park"" ends an incomplete noun phrase (""in Copenhagen Nature Reserve Park""), part of a clause describing organizational purpose (""the management of the Nordic Walking Association within Copenhagen Nature Park""), expecting continuation like ""and surrounding areas"" or ""of the Copenhagen Zoo."""
9,8,The described association operates in Copenhagen.,"[{""sentence_id"": 0, ""start"": 205, ""end"": 218, ""text"": ""in Copenhagen""}, {""sentence_id"": 1, ""start"": 323, ""end"": 336, ""text"": ""in Copenhagen""}, {""sentence_id"": 2, ""start"": 545, ""end"": 558, ""text"": ""in Copenhagen""}, {""sentence_id"": 2, ""start"": 688, ""end"": 701, ""text"": ""in Copenhagen""}]",entity,relationship,false,"[{""start"": 889, ""end"": 1004, ""text"": ""This association is responsible for the organization of sports, activities and events in Holmenkollen National Park""}]","prefix: The clearly filled activity-location role is Holmenkollen in Oslo, not Copenhagen.; AV: The described association operates in Copenhagen.",False,"Holmenkollen Ski Museum () is located at the base of the Holmenkollen ski jump in Oslo, Norway. The Ski Museum was founded in 1923 and is the world's oldest ski museum. The initiator of the museum was the architect Hjalmar Welhaven. His private collection formed the foundation of the antique and historic skis on display at the museum. Until 1951, the collection was housed in a building in the Oslo neighborhood of Frognerseteren. In connection with the rebuilding of Holmenkollbakken in 1951, the museum collection was moved to new premises at Holmenkollbakken. The museum contains 4,000 years of skiing history, starting with rock carvings dating from the Stone Age. It also displays skiers and skis from the Viking Age. Additionally it displays equipment used in the polar expeditions of both Fridtjof Nansen and Roald Amundsen. The Ski Museum is owned and operated by Skiforeningen. This association is responsible for the organization of sports, activities and events in Holmenkollen National Park","Danish language sports event description with formal informational format listing activities and awards for a horse racing club, suggesting a bilingual or historical context about the ""Hiking Association"" in Copenhagen.

The phrase ""The association is responsible for organizing the Nordic Walking Association's activities in Copenhagen Zoo Park"" implies a concluding clause about the park's management or nature reserve status, likely completing a noun phrase about the park's jurisdiction.

Final token ""Park"" ends an incomplete noun phrase (""in Copenhagen Nature Reserve Park""), part of a clause describing organizational purpose (""the management of the Nordic Walking Association within Copenhagen Nature Park""), expecting continuation like ""and surrounding areas"" or ""of the Copenhagen Zoo."""
9,9,The described organization is the Nordic Walking Association.,"[{""sentence_id"": 1, ""start"": 283, ""end"": 309, ""text"": ""Nordic Walking Association""}, {""sentence_id"": 2, ""start"": 657, ""end"": 683, ""text"": ""Nordic Walking Association""}]",entity,identification,false,"[{""start"": 834, ""end"": 888, ""text"": ""The Ski Museum is owned and operated by Skiforeningen.""}]",prefix: The source organization is Skiforeningen; retain this as a separate conflicting identification.; AV: The described organization is the Nordic Walking Association.,True,"Holmenkollen Ski Museum () is located at the base of the Holmenkollen ski jump in Oslo, Norway. The Ski Museum was founded in 1923 and is the world's oldest ski museum. The initiator of the museum was the architect Hjalmar Welhaven. His private collection formed the foundation of the antique and historic skis on display at the museum. Until 1951, the collection was housed in a building in the Oslo neighborhood of Frognerseteren. In connection with the rebuilding of Holmenkollbakken in 1951, the museum collection was moved to new premises at Holmenkollbakken. The museum contains 4,000 years of skiing history, starting with rock carvings dating from the Stone Age. It also displays skiers and skis from the Viking Age. Additionally it displays equipment used in the polar expeditions of both Fridtjof Nansen and Roald Amundsen. The Ski Museum is owned and operated by Skiforeningen. This association is responsible for the organization of sports, activities and events in Holmenkollen National Park","Danish language sports event description with formal informational format listing activities and awards for a horse racing club, suggesting a bilingual or historical context about the ""Hiking Association"" in Copenhagen.

The phrase ""The association is responsible for organizing the Nordic Walking Association's activities in Copenhagen Zoo Park"" implies a concluding clause about the park's management or nature reserve status, likely completing a noun phrase about the park's jurisdiction.

Final token ""Park"" ends an incomplete noun phrase (""in Copenhagen Nature Reserve Park""), part of a clause describing organizational purpose (""the management of the Nordic Walking Association within Copenhagen Nature Park""), expecting continuation like ""and surrounding areas"" or ""of the Copenhagen Zoo."""
9,10,The association is responsible for organizing activities.,"[{""sentence_id"": 1, ""start"": 233, ""end"": 278, ""text"": ""The association is responsible for organizing""}]",detail,attribute,true,"[{""start"": 889, ""end"": 974, ""text"": ""This association is responsible for the organization of sports, activities and events""}]",prefix: The definite association subject maps to the source association; the responsibility predicate alone is supported.; AV: The association is responsible for organizing activities.,True,"Holmenkollen Ski Museum () is located at the base of the Holmenkollen ski jump in Oslo, Norway. The Ski Museum was founded in 1923 and is the world's oldest ski museum. The initiator of the museum was the architect Hjalmar Welhaven. His private collection formed the foundation of the antique and historic skis on display at the museum. Until 1951, the collection was housed in a building in the Oslo neighborhood of Frognerseteren. In connection with the rebuilding of Holmenkollbakken in 1951, the museum collection was moved to new premises at Holmenkollbakken. The museum contains 4,000 years of skiing history, starting with rock carvings dating from the Stone Age. It also displays skiers and skis from the Viking Age. Additionally it displays equipment used in the polar expeditions of both Fridtjof Nansen and Roald Amundsen. The Ski Museum is owned and operated by Skiforeningen. This association is responsible for the organization of sports, activities and events in Holmenkollen National Park","Danish language sports event description with formal informational format listing activities and awards for a horse racing club, suggesting a bilingual or historical context about the ""Hiking Association"" in Copenhagen.

The phrase ""The association is responsible for organizing the Nordic Walking Association's activities in Copenhagen Zoo Park"" implies a concluding clause about the park's management or nature reserve status, likely completing a noun phrase about the park's jurisdiction.

Final token ""Park"" ends an incomplete noun phrase (""in Copenhagen Nature Reserve Park""), part of a clause describing organizational purpose (""the management of the Nordic Walking Association within Copenhagen Nature Park""), expecting continuation like ""and surrounding areas"" or ""of the Copenhagen Zoo."""
9,11,The association organizes activities belonging to the Nordic Walking Association.,"[{""sentence_id"": 1, ""start"": 268, ""end"": 322, ""text"": ""organizing the Nordic Walking Association's activities""}]",entity,relationship,unsupported,[],prefix: The source gives no distinct Nordic Walking Association or such ownership relationship.; AV: The association organizes activities belonging to the Nordic Walking Association.,False,"Holmenkollen Ski Museum () is located at the base of the Holmenkollen ski jump in Oslo, Norway. The Ski Museum was founded in 1923 and is the world's oldest ski museum. The initiator of the museum was the architect Hjalmar Welhaven. His private collection formed the foundation of the antique and historic skis on display at the museum. Until 1951, the collection was housed in a building in the Oslo neighborhood of Frognerseteren. In connection with the rebuilding of Holmenkollbakken in 1951, the museum collection was moved to new premises at Holmenkollbakken. The museum contains 4,000 years of skiing history, starting with rock carvings dating from the Stone Age. It also displays skiers and skis from the Viking Age. Additionally it displays equipment used in the polar expeditions of both Fridtjof Nansen and Roald Amundsen. The Ski Museum is owned and operated by Skiforeningen. This association is responsible for the organization of sports, activities and events in Holmenkollen National Park","Danish language sports event description with formal informational format listing activities and awards for a horse racing club, suggesting a bilingual or historical context about the ""Hiking Association"" in Copenhagen.

The phrase ""The association is responsible for organizing the Nordic Walking Association's activities in Copenhagen Zoo Park"" implies a concluding clause about the park's management or nature reserve status, likely completing a noun phrase about the park's jurisdiction.

Final token ""Park"" ends an incomplete noun phrase (""in Copenhagen Nature Reserve Park""), part of a clause describing organizational purpose (""the management of the Nordic Walking Association within Copenhagen Nature Park""), expecting continuation like ""and surrounding areas"" or ""of the Copenhagen Zoo."""
9,12,The park in the ending is Copenhagen Zoo Park.,"[{""sentence_id"": 1, ""start"": 326, ""end"": 345, ""text"": ""Copenhagen Zoo Park""}]",entity,identification,false,"[{""start"": 975, ""end"": 1004, ""text"": ""in Holmenkollen National Park""}]",prefix: The source fills the park role with Holmenkollen National Park.; AV: The park in the ending is Copenhagen Zoo Park.,False,"Holmenkollen Ski Museum () is located at the base of the Holmenkollen ski jump in Oslo, Norway. The Ski Museum was founded in 1923 and is the world's oldest ski museum. The initiator of the museum was the architect Hjalmar Welhaven. His private collection formed the foundation of the antique and historic skis on display at the museum. Until 1951, the collection was housed in a building in the Oslo neighborhood of Frognerseteren. In connection with the rebuilding of Holmenkollbakken in 1951, the museum collection was moved to new premises at Holmenkollbakken. The museum contains 4,000 years of skiing history, starting with rock carvings dating from the Stone Age. It also displays skiers and skis from the Viking Age. Additionally it displays equipment used in the polar expeditions of both Fridtjof Nansen and Roald Amundsen. The Ski Museum is owned and operated by Skiforeningen. This association is responsible for the organization of sports, activities and events in Holmenkollen National Park","Danish language sports event description with formal informational format listing activities and awards for a horse racing club, suggesting a bilingual or historical context about the ""Hiking Association"" in Copenhagen.

The phrase ""The association is responsible for organizing the Nordic Walking Association's activities in Copenhagen Zoo Park"" implies a concluding clause about the park's management or nature reserve status, likely completing a noun phrase about the park's jurisdiction.

Final token ""Park"" ends an incomplete noun phrase (""in Copenhagen Nature Reserve Park""), part of a clause describing organizational purpose (""the management of the Nordic Walking Association within Copenhagen Nature Park""), expecting continuation like ""and surrounding areas"" or ""of the Copenhagen Zoo."""
9,13,The concluding clause concerns park management or nature-reserve status.,"[{""sentence_id"": 1, ""start"": 355, ""end"": 427, ""text"": ""a concluding clause about the park's management or nature reserve status""}]",detail,local_text,unsupported,"[{""start"": 909, ""end"": 1004, ""text"": ""responsible for the organization of sports, activities and events in Holmenkollen National Park""}]",prefix: Organizing events in a park does not entail managing the park or its nature-reserve status.; AV: The concluding clause concerns park management or nature-reserve status.,False,"Holmenkollen Ski Museum () is located at the base of the Holmenkollen ski jump in Oslo, Norway. The Ski Museum was founded in 1923 and is the world's oldest ski museum. The initiator of the museum was the architect Hjalmar Welhaven. His private collection formed the foundation of the antique and historic skis on display at the museum. Until 1951, the collection was housed in a building in the Oslo neighborhood of Frognerseteren. In connection with the rebuilding of Holmenkollbakken in 1951, the museum collection was moved to new premises at Holmenkollbakken. The museum contains 4,000 years of skiing history, starting with rock carvings dating from the Stone Age. It also displays skiers and skis from the Viking Age. Additionally it displays equipment used in the polar expeditions of both Fridtjof Nansen and Roald Amundsen. The Ski Museum is owned and operated by Skiforeningen. This association is responsible for the organization of sports, activities and events in Holmenkollen National Park","Danish language sports event description with formal informational format listing activities and awards for a horse racing club, suggesting a bilingual or historical context about the ""Hiking Association"" in Copenhagen.

The phrase ""The association is responsible for organizing the Nordic Walking Association's activities in Copenhagen Zoo Park"" implies a concluding clause about the park's management or nature reserve status, likely completing a noun phrase about the park's jurisdiction.

Final token ""Park"" ends an incomplete noun phrase (""in Copenhagen Nature Reserve Park""), part of a clause describing organizational purpose (""the management of the Nordic Walking Association within Copenhagen Nature Park""), expecting continuation like ""and surrounding areas"" or ""of the Copenhagen Zoo."""
9,14,The ending likely completes a noun phrase about the park’s jurisdiction.,"[{""sentence_id"": 1, ""start"": 429, ""end"": 490, ""text"": ""likely completing a noun phrase about the park's jurisdiction""}]",detail,local_text,unsupported,"[{""start"": 975, ""end"": 1004, ""text"": ""in Holmenkollen National Park""}]",prefix: The park name locates activities; its jurisdiction is not discussed.; AV: The ending likely completes a noun phrase about the park’s jurisdiction.,True,"Holmenkollen Ski Museum () is located at the base of the Holmenkollen ski jump in Oslo, Norway. The Ski Museum was founded in 1923 and is the world's oldest ski museum. The initiator of the museum was the architect Hjalmar Welhaven. His private collection formed the foundation of the antique and historic skis on display at the museum. Until 1951, the collection was housed in a building in the Oslo neighborhood of Frognerseteren. In connection with the rebuilding of Holmenkollbakken in 1951, the museum collection was moved to new premises at Holmenkollbakken. The museum contains 4,000 years of skiing history, starting with rock carvings dating from the Stone Age. It also displays skiers and skis from the Viking Age. Additionally it displays equipment used in the polar expeditions of both Fridtjof Nansen and Roald Amundsen. The Ski Museum is owned and operated by Skiforeningen. This association is responsible for the organization of sports, activities and events in Holmenkollen National Park","Danish language sports event description with formal informational format listing activities and awards for a horse racing club, suggesting a bilingual or historical context about the ""Hiking Association"" in Copenhagen.

The phrase ""The association is responsible for organizing the Nordic Walking Association's activities in Copenhagen Zoo Park"" implies a concluding clause about the park's management or nature reserve status, likely completing a noun phrase about the park's jurisdiction.

Final token ""Park"" ends an incomplete noun phrase (""in Copenhagen Nature Reserve Park""), part of a clause describing organizational purpose (""the management of the Nordic Walking Association within Copenhagen Nature Park""), expecting continuation like ""and surrounding areas"" or ""of the Copenhagen Zoo."""
9,15,The final tokenizer token is “Park”.,"[{""sentence_id"": 2, ""start"": 493, ""end"": 511, ""text"": ""Final token \""Park\""""}]",detail,final_token,unsupported,[],prefix: Tokenizer evidence is excluded.; AV: The final tokenizer token is “Park”.,True,"Holmenkollen Ski Museum () is located at the base of the Holmenkollen ski jump in Oslo, Norway. The Ski Museum was founded in 1923 and is the world's oldest ski museum. The initiator of the museum was the architect Hjalmar Welhaven. His private collection formed the foundation of the antique and historic skis on display at the museum. Until 1951, the collection was housed in a building in the Oslo neighborhood of Frognerseteren. In connection with the rebuilding of Holmenkollbakken in 1951, the museum collection was moved to new premises at Holmenkollbakken. The museum contains 4,000 years of skiing history, starting with rock carvings dating from the Stone Age. It also displays skiers and skis from the Viking Age. Additionally it displays equipment used in the polar expeditions of both Fridtjof Nansen and Roald Amundsen. The Ski Museum is owned and operated by Skiforeningen. This association is responsible for the organization of sports, activities and events in Holmenkollen National Park","Danish language sports event description with formal informational format listing activities and awards for a horse racing club, suggesting a bilingual or historical context about the ""Hiking Association"" in Copenhagen.

The phrase ""The association is responsible for organizing the Nordic Walking Association's activities in Copenhagen Zoo Park"" implies a concluding clause about the park's management or nature reserve status, likely completing a noun phrase about the park's jurisdiction.

Final token ""Park"" ends an incomplete noun phrase (""in Copenhagen Nature Reserve Park""), part of a clause describing organizational purpose (""the management of the Nordic Walking Association within Copenhagen Nature Park""), expecting continuation like ""and surrounding areas"" or ""of the Copenhagen Zoo."""
9,16,The final noun phrase is incomplete.,"[{""sentence_id"": 2, ""start"": 512, ""end"": 542, ""text"": ""ends an incomplete noun phrase""}]",detail,local_text,false,"[{""start"": 975, ""end"": 1004, ""text"": ""in Holmenkollen National Park""}]",prefix: The final noun phrase is complete.; AV: The final noun phrase is incomplete.,True,"Holmenkollen Ski Museum () is located at the base of the Holmenkollen ski jump in Oslo, Norway. The Ski Museum was founded in 1923 and is the world's oldest ski museum. The initiator of the museum was the architect Hjalmar Welhaven. His private collection formed the foundation of the antique and historic skis on display at the museum. Until 1951, the collection was housed in a building in the Oslo neighborhood of Frognerseteren. In connection with the rebuilding of Holmenkollbakken in 1951, the museum collection was moved to new premises at Holmenkollbakken. The museum contains 4,000 years of skiing history, starting with rock carvings dating from the Stone Age. It also displays skiers and skis from the Viking Age. Additionally it displays equipment used in the polar expeditions of both Fridtjof Nansen and Roald Amundsen. The Ski Museum is owned and operated by Skiforeningen. This association is responsible for the organization of sports, activities and events in Holmenkollen National Park","Danish language sports event description with formal informational format listing activities and awards for a horse racing club, suggesting a bilingual or historical context about the ""Hiking Association"" in Copenhagen.

The phrase ""The association is responsible for organizing the Nordic Walking Association's activities in Copenhagen Zoo Park"" implies a concluding clause about the park's management or nature reserve status, likely completing a noun phrase about the park's jurisdiction.

Final token ""Park"" ends an incomplete noun phrase (""in Copenhagen Nature Reserve Park""), part of a clause describing organizational purpose (""the management of the Nordic Walking Association within Copenhagen Nature Park""), expecting continuation like ""and surrounding areas"" or ""of the Copenhagen Zoo."""
9,17,The park in the ending is Copenhagen Nature Reserve Park.,"[{""sentence_id"": 2, ""start"": 545, ""end"": 578, ""text"": ""in Copenhagen Nature Reserve Park""}]",entity,identification,false,"[{""start"": 975, ""end"": 1004, ""text"": ""in Holmenkollen National Park""}]",prefix: A different park fills the source park role.; AV: The park in the ending is Copenhagen Nature Reserve Park.,False,"Holmenkollen Ski Museum () is located at the base of the Holmenkollen ski jump in Oslo, Norway. The Ski Museum was founded in 1923 and is the world's oldest ski museum. The initiator of the museum was the architect Hjalmar Welhaven. His private collection formed the foundation of the antique and historic skis on display at the museum. Until 1951, the collection was housed in a building in the Oslo neighborhood of Frognerseteren. In connection with the rebuilding of Holmenkollbakken in 1951, the museum collection was moved to new premises at Holmenkollbakken. The museum contains 4,000 years of skiing history, starting with rock carvings dating from the Stone Age. It also displays skiers and skis from the Viking Age. Additionally it displays equipment used in the polar expeditions of both Fridtjof Nansen and Roald Amundsen. The Ski Museum is owned and operated by Skiforeningen. This association is responsible for the organization of sports, activities and events in Holmenkollen National Park","Danish language sports event description with formal informational format listing activities and awards for a horse racing club, suggesting a bilingual or historical context about the ""Hiking Association"" in Copenhagen.

The phrase ""The association is responsible for organizing the Nordic Walking Association's activities in Copenhagen Zoo Park"" implies a concluding clause about the park's management or nature reserve status, likely completing a noun phrase about the park's jurisdiction.

Final token ""Park"" ends an incomplete noun phrase (""in Copenhagen Nature Reserve Park""), part of a clause describing organizational purpose (""the management of the Nordic Walking Association within Copenhagen Nature Park""), expecting continuation like ""and surrounding areas"" or ""of the Copenhagen Zoo."""
9,18,The park in the ending is Copenhagen Nature Park.,"[{""sentence_id"": 2, ""start"": 684, ""end"": 713, ""text"": ""within Copenhagen Nature Park""}]",entity,identification,false,"[{""start"": 975, ""end"": 1004, ""text"": ""in Holmenkollen National Park""}]",prefix: A different park fills the source park role; possible paraphrase of the preceding AV name requires review.; AV: The park in the ending is Copenhagen Nature Park.,True,"Holmenkollen Ski Museum () is located at the base of the Holmenkollen ski jump in Oslo, Norway. The Ski Museum was founded in 1923 and is the world's oldest ski museum. The initiator of the museum was the architect Hjalmar Welhaven. His private collection formed the foundation of the antique and historic skis on display at the museum. Until 1951, the collection was housed in a building in the Oslo neighborhood of Frognerseteren. In connection with the rebuilding of Holmenkollbakken in 1951, the museum collection was moved to new premises at Holmenkollbakken. The museum contains 4,000 years of skiing history, starting with rock carvings dating from the Stone Age. It also displays skiers and skis from the Viking Age. Additionally it displays equipment used in the polar expeditions of both Fridtjof Nansen and Roald Amundsen. The Ski Museum is owned and operated by Skiforeningen. This association is responsible for the organization of sports, activities and events in Holmenkollen National Park","Danish language sports event description with formal informational format listing activities and awards for a horse racing club, suggesting a bilingual or historical context about the ""Hiking Association"" in Copenhagen.

The phrase ""The association is responsible for organizing the Nordic Walking Association's activities in Copenhagen Zoo Park"" implies a concluding clause about the park's management or nature reserve status, likely completing a noun phrase about the park's jurisdiction.

Final token ""Park"" ends an incomplete noun phrase (""in Copenhagen Nature Reserve Park""), part of a clause describing organizational purpose (""the management of the Nordic Walking Association within Copenhagen Nature Park""), expecting continuation like ""and surrounding areas"" or ""of the Copenhagen Zoo."""
9,19,The final clause describes organizational purpose.,"[{""sentence_id"": 2, ""start"": 582, ""end"": 632, ""text"": ""part of a clause describing organizational purpose""}]",detail,local_text,true,"[{""start"": 909, ""end"": 974, ""text"": ""responsible for the organization of sports, activities and events""}]",prefix: The closing statement describes an organizational responsibility.; AV: The final clause describes organizational purpose.,False,"Holmenkollen Ski Museum () is located at the base of the Holmenkollen ski jump in Oslo, Norway. The Ski Museum was founded in 1923 and is the world's oldest ski museum. The initiator of the museum was the architect Hjalmar Welhaven. His private collection formed the foundation of the antique and historic skis on display at the museum. Until 1951, the collection was housed in a building in the Oslo neighborhood of Frognerseteren. In connection with the rebuilding of Holmenkollbakken in 1951, the museum collection was moved to new premises at Holmenkollbakken. The museum contains 4,000 years of skiing history, starting with rock carvings dating from the Stone Age. It also displays skiers and skis from the Viking Age. Additionally it displays equipment used in the polar expeditions of both Fridtjof Nansen and Roald Amundsen. The Ski Museum is owned and operated by Skiforeningen. This association is responsible for the organization of sports, activities and events in Holmenkollen National Park","Danish language sports event description with formal informational format listing activities and awards for a horse racing club, suggesting a bilingual or historical context about the ""Hiking Association"" in Copenhagen.

The phrase ""The association is responsible for organizing the Nordic Walking Association's activities in Copenhagen Zoo Park"" implies a concluding clause about the park's management or nature reserve status, likely completing a noun phrase about the park's jurisdiction.

Final token ""Park"" ends an incomplete noun phrase (""in Copenhagen Nature Reserve Park""), part of a clause describing organizational purpose (""the management of the Nordic Walking Association within Copenhagen Nature Park""), expecting continuation like ""and surrounding areas"" or ""of the Copenhagen Zoo."""
9,20,The Nordic Walking Association is managed within Copenhagen Nature Park.,"[{""sentence_id"": 2, ""start"": 635, ""end"": 713, ""text"": ""the management of the Nordic Walking Association within Copenhagen Nature Park""}]",detail,attribute,unsupported,[],prefix: These named entities are not supplied; the source facts cannot be transferred to them.; AV: The Nordic Walking Association is managed within Copenhagen Nature Park.,False,"Holmenkollen Ski Museum () is located at the base of the Holmenkollen ski jump in Oslo, Norway. The Ski Museum was founded in 1923 and is the world's oldest ski museum. The initiator of the museum was the architect Hjalmar Welhaven. His private collection formed the foundation of the antique and historic skis on display at the museum. Until 1951, the collection was housed in a building in the Oslo neighborhood of Frognerseteren. In connection with the rebuilding of Holmenkollbakken in 1951, the museum collection was moved to new premises at Holmenkollbakken. The museum contains 4,000 years of skiing history, starting with rock carvings dating from the Stone Age. It also displays skiers and skis from the Viking Age. Additionally it displays equipment used in the polar expeditions of both Fridtjof Nansen and Roald Amundsen. The Ski Museum is owned and operated by Skiforeningen. This association is responsible for the organization of sports, activities and events in Holmenkollen National Park","Danish language sports event description with formal informational format listing activities and awards for a horse racing club, suggesting a bilingual or historical context about the ""Hiking Association"" in Copenhagen.

The phrase ""The association is responsible for organizing the Nordic Walking Association's activities in Copenhagen Zoo Park"" implies a concluding clause about the park's management or nature reserve status, likely completing a noun phrase about the park's jurisdiction.

Final token ""Park"" ends an incomplete noun phrase (""in Copenhagen Nature Reserve Park""), part of a clause describing organizational purpose (""the management of the Nordic Walking Association within Copenhagen Nature Park""), expecting continuation like ""and surrounding areas"" or ""of the Copenhagen Zoo."""
9,21,The continuation is expected to be “and surrounding areas” or “of the Copenhagen Zoo.”,"[{""sentence_id"": 2, ""start"": 717, ""end"": 796, ""text"": ""expecting continuation like \""and surrounding areas\"" or \""of the Copenhagen Zoo.\""""}]",forecast,continuation,unsupported,[],prefix: No continuation/probability evidence.; AV: The continuation is expected to be “and surrounding areas” or “of the Copenhagen Zoo.”,False,"Holmenkollen Ski Museum () is located at the base of the Holmenkollen ski jump in Oslo, Norway. The Ski Museum was founded in 1923 and is the world's oldest ski museum. The initiator of the museum was the architect Hjalmar Welhaven. His private collection formed the foundation of the antique and historic skis on display at the museum. Until 1951, the collection was housed in a building in the Oslo neighborhood of Frognerseteren. In connection with the rebuilding of Holmenkollbakken in 1951, the museum collection was moved to new premises at Holmenkollbakken. The museum contains 4,000 years of skiing history, starting with rock carvings dating from the Stone Age. It also displays skiers and skis from the Viking Age. Additionally it displays equipment used in the polar expeditions of both Fridtjof Nansen and Roald Amundsen. The Ski Museum is owned and operated by Skiforeningen. This association is responsible for the organization of sports, activities and events in Holmenkollen National Park","Danish language sports event description with formal informational format listing activities and awards for a horse racing club, suggesting a bilingual or historical context about the ""Hiking Association"" in Copenhagen.

The phrase ""The association is responsible for organizing the Nordic Walking Association's activities in Copenhagen Zoo Park"" implies a concluding clause about the park's management or nature reserve status, likely completing a noun phrase about the park's jurisdiction.

Final token ""Park"" ends an incomplete noun phrase (""in Copenhagen Nature Reserve Park""), part of a clause describing organizational purpose (""the management of the Nordic Walking Association within Copenhagen Nature Park""), expecting continuation like ""and surrounding areas"" or ""of the Copenhagen Zoo."""
10,0,The passage has historical encyclopedic Wikipedia-style format.,"[{""sentence_id"": 0, ""start"": 0, ""end"": 61, ""text"": ""Historical/encyclopedic Canadian Wikipedia-style entry format""}]",theme,format,true,"[{""start"": 0, ""end"": 129, ""text"": ""The Ninety-Two Resolutions were drafted by Louis-Joseph Papineau and other members of the Parti patriote of Lower Canada in 1834.""}]",prefix: Expository history supports this format.; AV: The passage has historical encyclopedic Wikipedia-style format.,False,"The Ninety-Two Resolutions were drafted by Louis-Joseph Papineau and other members of the Parti patriote of Lower Canada in 1834. The resolutions were a long series of demands for political reforms in the British-governed colony. Papineau had been elected speaker of the legislative assembly of Lower Canada in 1815. His party constantly opposed the unelected colonial government, and in 1828 he helped draft an early form of the resolutions, essentially a list of grievances against the colonial administration. To ensure that the views of the Legislative Assembly be understood by the British House of Commons, the Parti patriote had sent its own delegation to London in order to submit a memoir and a petition signed by 87,000 people. On February 28, 1834, Papineau presented the Ninety-Two Resolutions to the Legislative Assembly which were approved and sent to London. The resolutions included, among other things, demands for an elected Legislative Council and an Executive Council responsible before the house of representatives. Under the Constitutional Act of 1791, the government of Lower Canada was given an elected legislative assembly, but members of the upper houses were appointed by the Governor of the colony. In the resolutions, the elected representatives once again reiterated their loyalty to the British Crown, but expressed frustration that the government of London had been unwilling to correct the injustices caused by the past governments of the colony. Papineau's resolutions were ignored for almost three years; meanwhile, the Legislative Assembly did all it could to oppose the un-elected upper houses while avoiding outright rebellion. British Colonial Secretary Lord Russell eventually responded to them by issuing ten resolutions of his own (the Russell Resolutions). All of the Legislative Assembly's demands were rejected. The ten resolutions reached Canada in 1837, and many of Papineau's reformists began to agitate for a rebellion. See the Lower Canada Rebellion","Historical/encyclopedic Canadian Wikipedia-style entry format with numbered sections defining political concepts, listing causes of the Reform Act of 1837.

The phrase ""See also the Upper Canada Rebellion"" suggests a concluding reference or historical event, likely the Rebellion of 1837, implying a closing topic or related event name follows.

Final token ""Rebellion"" ends an incomplete phrase (""See the Upper Canada Rebellion""), part of a suggested historical sequence (""For more information see the Insurrection Act and the Upper Canada Rebellion""), strongly expecting ""entry"" or ""and the Rebellion of 1837"" or ""for details on the causes."""
10,1,The passage concerns Canadian history.,"[{""sentence_id"": 0, ""start"": 24, ""end"": 32, ""text"": ""Canadian""}]",theme,topic,true,"[{""start"": 105, ""end"": 128, ""text"": ""of Lower Canada in 1834""}]",prefix: The location and historical date are explicit.; AV: The passage concerns Canadian history.,False,"The Ninety-Two Resolutions were drafted by Louis-Joseph Papineau and other members of the Parti patriote of Lower Canada in 1834. The resolutions were a long series of demands for political reforms in the British-governed colony. Papineau had been elected speaker of the legislative assembly of Lower Canada in 1815. His party constantly opposed the unelected colonial government, and in 1828 he helped draft an early form of the resolutions, essentially a list of grievances against the colonial administration. To ensure that the views of the Legislative Assembly be understood by the British House of Commons, the Parti patriote had sent its own delegation to London in order to submit a memoir and a petition signed by 87,000 people. On February 28, 1834, Papineau presented the Ninety-Two Resolutions to the Legislative Assembly which were approved and sent to London. The resolutions included, among other things, demands for an elected Legislative Council and an Executive Council responsible before the house of representatives. Under the Constitutional Act of 1791, the government of Lower Canada was given an elected legislative assembly, but members of the upper houses were appointed by the Governor of the colony. In the resolutions, the elected representatives once again reiterated their loyalty to the British Crown, but expressed frustration that the government of London had been unwilling to correct the injustices caused by the past governments of the colony. Papineau's resolutions were ignored for almost three years; meanwhile, the Legislative Assembly did all it could to oppose the un-elected upper houses while avoiding outright rebellion. British Colonial Secretary Lord Russell eventually responded to them by issuing ten resolutions of his own (the Russell Resolutions). All of the Legislative Assembly's demands were rejected. The ten resolutions reached Canada in 1837, and many of Papineau's reformists began to agitate for a rebellion. See the Lower Canada Rebellion","Historical/encyclopedic Canadian Wikipedia-style entry format with numbered sections defining political concepts, listing causes of the Reform Act of 1837.

The phrase ""See also the Upper Canada Rebellion"" suggests a concluding reference or historical event, likely the Rebellion of 1837, implying a closing topic or related event name follows.

Final token ""Rebellion"" ends an incomplete phrase (""See the Upper Canada Rebellion""), part of a suggested historical sequence (""For more information see the Insurrection Act and the Upper Canada Rebellion""), strongly expecting ""entry"" or ""and the Rebellion of 1837"" or ""for details on the causes."""
10,2,The passage has numbered sections.,"[{""sentence_id"": 0, ""start"": 62, ""end"": 84, ""text"": ""with numbered sections""}]",theme,format,false,"[{""start"": 130, ""end"": 229, ""text"": ""The resolutions were a long series of demands for political reforms in the British-governed colony.""}]",prefix: The visible passage is continuous prose with no numbered sections.; AV: The passage has numbered sections.,False,"The Ninety-Two Resolutions were drafted by Louis-Joseph Papineau and other members of the Parti patriote of Lower Canada in 1834. The resolutions were a long series of demands for political reforms in the British-governed colony. Papineau had been elected speaker of the legislative assembly of Lower Canada in 1815. His party constantly opposed the unelected colonial government, and in 1828 he helped draft an early form of the resolutions, essentially a list of grievances against the colonial administration. To ensure that the views of the Legislative Assembly be understood by the British House of Commons, the Parti patriote had sent its own delegation to London in order to submit a memoir and a petition signed by 87,000 people. On February 28, 1834, Papineau presented the Ninety-Two Resolutions to the Legislative Assembly which were approved and sent to London. The resolutions included, among other things, demands for an elected Legislative Council and an Executive Council responsible before the house of representatives. Under the Constitutional Act of 1791, the government of Lower Canada was given an elected legislative assembly, but members of the upper houses were appointed by the Governor of the colony. In the resolutions, the elected representatives once again reiterated their loyalty to the British Crown, but expressed frustration that the government of London had been unwilling to correct the injustices caused by the past governments of the colony. Papineau's resolutions were ignored for almost three years; meanwhile, the Legislative Assembly did all it could to oppose the un-elected upper houses while avoiding outright rebellion. British Colonial Secretary Lord Russell eventually responded to them by issuing ten resolutions of his own (the Russell Resolutions). All of the Legislative Assembly's demands were rejected. The ten resolutions reached Canada in 1837, and many of Papineau's reformists began to agitate for a rebellion. See the Lower Canada Rebellion","Historical/encyclopedic Canadian Wikipedia-style entry format with numbered sections defining political concepts, listing causes of the Reform Act of 1837.

The phrase ""See also the Upper Canada Rebellion"" suggests a concluding reference or historical event, likely the Rebellion of 1837, implying a closing topic or related event name follows.

Final token ""Rebellion"" ends an incomplete phrase (""See the Upper Canada Rebellion""), part of a suggested historical sequence (""For more information see the Insurrection Act and the Upper Canada Rebellion""), strongly expecting ""entry"" or ""and the Rebellion of 1837"" or ""for details on the causes."""
10,3,The passage explains political concepts.,"[{""sentence_id"": 0, ""start"": 85, ""end"": 112, ""text"": ""defining political concepts""}]",theme,topic,true,"[{""start"": 920, ""end"": 1035, ""text"": ""demands for an elected Legislative Council and an Executive Council responsible before the house of representatives""}]",prefix: It explains the political demands and institutional arrangements.; AV: The passage explains political concepts.,True,"The Ninety-Two Resolutions were drafted by Louis-Joseph Papineau and other members of the Parti patriote of Lower Canada in 1834. The resolutions were a long series of demands for political reforms in the British-governed colony. Papineau had been elected speaker of the legislative assembly of Lower Canada in 1815. His party constantly opposed the unelected colonial government, and in 1828 he helped draft an early form of the resolutions, essentially a list of grievances against the colonial administration. To ensure that the views of the Legislative Assembly be understood by the British House of Commons, the Parti patriote had sent its own delegation to London in order to submit a memoir and a petition signed by 87,000 people. On February 28, 1834, Papineau presented the Ninety-Two Resolutions to the Legislative Assembly which were approved and sent to London. The resolutions included, among other things, demands for an elected Legislative Council and an Executive Council responsible before the house of representatives. Under the Constitutional Act of 1791, the government of Lower Canada was given an elected legislative assembly, but members of the upper houses were appointed by the Governor of the colony. In the resolutions, the elected representatives once again reiterated their loyalty to the British Crown, but expressed frustration that the government of London had been unwilling to correct the injustices caused by the past governments of the colony. Papineau's resolutions were ignored for almost three years; meanwhile, the Legislative Assembly did all it could to oppose the un-elected upper houses while avoiding outright rebellion. British Colonial Secretary Lord Russell eventually responded to them by issuing ten resolutions of his own (the Russell Resolutions). All of the Legislative Assembly's demands were rejected. The ten resolutions reached Canada in 1837, and many of Papineau's reformists began to agitate for a rebellion. See the Lower Canada Rebellion","Historical/encyclopedic Canadian Wikipedia-style entry format with numbered sections defining political concepts, listing causes of the Reform Act of 1837.

The phrase ""See also the Upper Canada Rebellion"" suggests a concluding reference or historical event, likely the Rebellion of 1837, implying a closing topic or related event name follows.

Final token ""Rebellion"" ends an incomplete phrase (""See the Upper Canada Rebellion""), part of a suggested historical sequence (""For more information see the Insurrection Act and the Upper Canada Rebellion""), strongly expecting ""entry"" or ""and the Rebellion of 1837"" or ""for details on the causes."""
10,4,The political measure discussed is the Reform Act of 1837.,"[{""sentence_id"": 0, ""start"": 132, ""end"": 154, ""text"": ""the Reform Act of 1837""}]",entity,identification,false,"[{""start"": 0, ""end"": 39, ""text"": ""The Ninety-Two Resolutions were drafted""}]",prefix: The named subject measure is the Ninety-Two Resolutions.; AV: The political measure discussed is the Reform Act of 1837.,False,"The Ninety-Two Resolutions were drafted by Louis-Joseph Papineau and other members of the Parti patriote of Lower Canada in 1834. The resolutions were a long series of demands for political reforms in the British-governed colony. Papineau had been elected speaker of the legislative assembly of Lower Canada in 1815. His party constantly opposed the unelected colonial government, and in 1828 he helped draft an early form of the resolutions, essentially a list of grievances against the colonial administration. To ensure that the views of the Legislative Assembly be understood by the British House of Commons, the Parti patriote had sent its own delegation to London in order to submit a memoir and a petition signed by 87,000 people. On February 28, 1834, Papineau presented the Ninety-Two Resolutions to the Legislative Assembly which were approved and sent to London. The resolutions included, among other things, demands for an elected Legislative Council and an Executive Council responsible before the house of representatives. Under the Constitutional Act of 1791, the government of Lower Canada was given an elected legislative assembly, but members of the upper houses were appointed by the Governor of the colony. In the resolutions, the elected representatives once again reiterated their loyalty to the British Crown, but expressed frustration that the government of London had been unwilling to correct the injustices caused by the past governments of the colony. Papineau's resolutions were ignored for almost three years; meanwhile, the Legislative Assembly did all it could to oppose the un-elected upper houses while avoiding outright rebellion. British Colonial Secretary Lord Russell eventually responded to them by issuing ten resolutions of his own (the Russell Resolutions). All of the Legislative Assembly's demands were rejected. The ten resolutions reached Canada in 1837, and many of Papineau's reformists began to agitate for a rebellion. See the Lower Canada Rebellion","Historical/encyclopedic Canadian Wikipedia-style entry format with numbered sections defining political concepts, listing causes of the Reform Act of 1837.

The phrase ""See also the Upper Canada Rebellion"" suggests a concluding reference or historical event, likely the Rebellion of 1837, implying a closing topic or related event name follows.

Final token ""Rebellion"" ends an incomplete phrase (""See the Upper Canada Rebellion""), part of a suggested historical sequence (""For more information see the Insurrection Act and the Upper Canada Rebellion""), strongly expecting ""entry"" or ""and the Rebellion of 1837"" or ""for details on the causes."""
10,5,The passage lists causes of the Reform Act of 1837.,"[{""sentence_id"": 0, ""start"": 114, ""end"": 154, ""text"": ""listing causes of the Reform Act of 1837""}]",detail,cause,unsupported,[],prefix: The source discusses a different measure and gives no facts about this named act.; AV: The passage lists causes of the Reform Act of 1837.,False,"The Ninety-Two Resolutions were drafted by Louis-Joseph Papineau and other members of the Parti patriote of Lower Canada in 1834. The resolutions were a long series of demands for political reforms in the British-governed colony. Papineau had been elected speaker of the legislative assembly of Lower Canada in 1815. His party constantly opposed the unelected colonial government, and in 1828 he helped draft an early form of the resolutions, essentially a list of grievances against the colonial administration. To ensure that the views of the Legislative Assembly be understood by the British House of Commons, the Parti patriote had sent its own delegation to London in order to submit a memoir and a petition signed by 87,000 people. On February 28, 1834, Papineau presented the Ninety-Two Resolutions to the Legislative Assembly which were approved and sent to London. The resolutions included, among other things, demands for an elected Legislative Council and an Executive Council responsible before the house of representatives. Under the Constitutional Act of 1791, the government of Lower Canada was given an elected legislative assembly, but members of the upper houses were appointed by the Governor of the colony. In the resolutions, the elected representatives once again reiterated their loyalty to the British Crown, but expressed frustration that the government of London had been unwilling to correct the injustices caused by the past governments of the colony. Papineau's resolutions were ignored for almost three years; meanwhile, the Legislative Assembly did all it could to oppose the un-elected upper houses while avoiding outright rebellion. British Colonial Secretary Lord Russell eventually responded to them by issuing ten resolutions of his own (the Russell Resolutions). All of the Legislative Assembly's demands were rejected. The ten resolutions reached Canada in 1837, and many of Papineau's reformists began to agitate for a rebellion. See the Lower Canada Rebellion","Historical/encyclopedic Canadian Wikipedia-style entry format with numbered sections defining political concepts, listing causes of the Reform Act of 1837.

The phrase ""See also the Upper Canada Rebellion"" suggests a concluding reference or historical event, likely the Rebellion of 1837, implying a closing topic or related event name follows.

Final token ""Rebellion"" ends an incomplete phrase (""See the Upper Canada Rebellion""), part of a suggested historical sequence (""For more information see the Insurrection Act and the Upper Canada Rebellion""), strongly expecting ""entry"" or ""and the Rebellion of 1837"" or ""for details on the causes."""
10,6,The ending refers readers to the Upper Canada Rebellion.,"[{""sentence_id"": 1, ""start"": 169, ""end"": 204, ""text"": ""See also the Upper Canada Rebellion""}, {""sentence_id"": 2, ""start"": 398, ""end"": 428, ""text"": ""See the Upper Canada Rebellion""}, {""sentence_id"": 2, ""start"": 520, ""end"": 550, ""text"": ""and the Upper Canada Rebellion""}]",entity,identification,false,"[{""start"": 1969, ""end"": 1999, ""text"": ""See the Lower Canada Rebellion""}]","prefix: The source cross-reference names Lower, not Upper, Canada Rebellion.; AV: The ending refers readers to the Upper Canada Rebellion.",False,"The Ninety-Two Resolutions were drafted by Louis-Joseph Papineau and other members of the Parti patriote of Lower Canada in 1834. The resolutions were a long series of demands for political reforms in the British-governed colony. Papineau had been elected speaker of the legislative assembly of Lower Canada in 1815. His party constantly opposed the unelected colonial government, and in 1828 he helped draft an early form of the resolutions, essentially a list of grievances against the colonial administration. To ensure that the views of the Legislative Assembly be understood by the British House of Commons, the Parti patriote had sent its own delegation to London in order to submit a memoir and a petition signed by 87,000 people. On February 28, 1834, Papineau presented the Ninety-Two Resolutions to the Legislative Assembly which were approved and sent to London. The resolutions included, among other things, demands for an elected Legislative Council and an Executive Council responsible before the house of representatives. Under the Constitutional Act of 1791, the government of Lower Canada was given an elected legislative assembly, but members of the upper houses were appointed by the Governor of the colony. In the resolutions, the elected representatives once again reiterated their loyalty to the British Crown, but expressed frustration that the government of London had been unwilling to correct the injustices caused by the past governments of the colony. Papineau's resolutions were ignored for almost three years; meanwhile, the Legislative Assembly did all it could to oppose the un-elected upper houses while avoiding outright rebellion. British Colonial Secretary Lord Russell eventually responded to them by issuing ten resolutions of his own (the Russell Resolutions). All of the Legislative Assembly's demands were rejected. The ten resolutions reached Canada in 1837, and many of Papineau's reformists began to agitate for a rebellion. See the Lower Canada Rebellion","Historical/encyclopedic Canadian Wikipedia-style entry format with numbered sections defining political concepts, listing causes of the Reform Act of 1837.

The phrase ""See also the Upper Canada Rebellion"" suggests a concluding reference or historical event, likely the Rebellion of 1837, implying a closing topic or related event name follows.

Final token ""Rebellion"" ends an incomplete phrase (""See the Upper Canada Rebellion""), part of a suggested historical sequence (""For more information see the Insurrection Act and the Upper Canada Rebellion""), strongly expecting ""entry"" or ""and the Rebellion of 1837"" or ""for details on the causes."""
10,7,The ending is a concluding reference to a historical event.,"[{""sentence_id"": 1, ""start"": 215, ""end"": 257, ""text"": ""a concluding reference or historical event""}]",detail,local_text,true,"[{""start"": 1969, ""end"": 1999, ""text"": ""See the Lower Canada Rebellion""}]",prefix: The ending is explicitly a cross-reference.; AV: The ending is a concluding reference to a historical event.,False,"The Ninety-Two Resolutions were drafted by Louis-Joseph Papineau and other members of the Parti patriote of Lower Canada in 1834. The resolutions were a long series of demands for political reforms in the British-governed colony. Papineau had been elected speaker of the legislative assembly of Lower Canada in 1815. His party constantly opposed the unelected colonial government, and in 1828 he helped draft an early form of the resolutions, essentially a list of grievances against the colonial administration. To ensure that the views of the Legislative Assembly be understood by the British House of Commons, the Parti patriote had sent its own delegation to London in order to submit a memoir and a petition signed by 87,000 people. On February 28, 1834, Papineau presented the Ninety-Two Resolutions to the Legislative Assembly which were approved and sent to London. The resolutions included, among other things, demands for an elected Legislative Council and an Executive Council responsible before the house of representatives. Under the Constitutional Act of 1791, the government of Lower Canada was given an elected legislative assembly, but members of the upper houses were appointed by the Governor of the colony. In the resolutions, the elected representatives once again reiterated their loyalty to the British Crown, but expressed frustration that the government of London had been unwilling to correct the injustices caused by the past governments of the colony. Papineau's resolutions were ignored for almost three years; meanwhile, the Legislative Assembly did all it could to oppose the un-elected upper houses while avoiding outright rebellion. British Colonial Secretary Lord Russell eventually responded to them by issuing ten resolutions of his own (the Russell Resolutions). All of the Legislative Assembly's demands were rejected. The ten resolutions reached Canada in 1837, and many of Papineau's reformists began to agitate for a rebellion. See the Lower Canada Rebellion","Historical/encyclopedic Canadian Wikipedia-style entry format with numbered sections defining political concepts, listing causes of the Reform Act of 1837.

The phrase ""See also the Upper Canada Rebellion"" suggests a concluding reference or historical event, likely the Rebellion of 1837, implying a closing topic or related event name follows.

Final token ""Rebellion"" ends an incomplete phrase (""See the Upper Canada Rebellion""), part of a suggested historical sequence (""For more information see the Insurrection Act and the Upper Canada Rebellion""), strongly expecting ""entry"" or ""and the Rebellion of 1837"" or ""for details on the causes."""
10,8,The likely rebellion referred to is the rebellion of 1837.,"[{""sentence_id"": 1, ""start"": 259, ""end"": 287, ""text"": ""likely the Rebellion of 1837""}]",entity,identification,true,"[{""start"": 1857, ""end"": 1999, ""text"": ""The ten resolutions reached Canada in 1837, and many of Papineau's reformists began to agitate for a rebellion. See the Lower Canada Rebellion""}]",prefix: The year and immediately following rebellion reference reasonably support the hedged identification.; AV: The likely rebellion referred to is the rebellion of 1837.,True,"The Ninety-Two Resolutions were drafted by Louis-Joseph Papineau and other members of the Parti patriote of Lower Canada in 1834. The resolutions were a long series of demands for political reforms in the British-governed colony. Papineau had been elected speaker of the legislative assembly of Lower Canada in 1815. His party constantly opposed the unelected colonial government, and in 1828 he helped draft an early form of the resolutions, essentially a list of grievances against the colonial administration. To ensure that the views of the Legislative Assembly be understood by the British House of Commons, the Parti patriote had sent its own delegation to London in order to submit a memoir and a petition signed by 87,000 people. On February 28, 1834, Papineau presented the Ninety-Two Resolutions to the Legislative Assembly which were approved and sent to London. The resolutions included, among other things, demands for an elected Legislative Council and an Executive Council responsible before the house of representatives. Under the Constitutional Act of 1791, the government of Lower Canada was given an elected legislative assembly, but members of the upper houses were appointed by the Governor of the colony. In the resolutions, the elected representatives once again reiterated their loyalty to the British Crown, but expressed frustration that the government of London had been unwilling to correct the injustices caused by the past governments of the colony. Papineau's resolutions were ignored for almost three years; meanwhile, the Legislative Assembly did all it could to oppose the un-elected upper houses while avoiding outright rebellion. British Colonial Secretary Lord Russell eventually responded to them by issuing ten resolutions of his own (the Russell Resolutions). All of the Legislative Assembly's demands were rejected. The ten resolutions reached Canada in 1837, and many of Papineau's reformists began to agitate for a rebellion. See the Lower Canada Rebellion","Historical/encyclopedic Canadian Wikipedia-style entry format with numbered sections defining political concepts, listing causes of the Reform Act of 1837.

The phrase ""See also the Upper Canada Rebellion"" suggests a concluding reference or historical event, likely the Rebellion of 1837, implying a closing topic or related event name follows.

Final token ""Rebellion"" ends an incomplete phrase (""See the Upper Canada Rebellion""), part of a suggested historical sequence (""For more information see the Insurrection Act and the Upper Canada Rebellion""), strongly expecting ""entry"" or ""and the Rebellion of 1837"" or ""for details on the causes."""
10,9,A closing topic or related event name follows.,"[{""sentence_id"": 1, ""start"": 289, ""end"": 343, ""text"": ""implying a closing topic or related event name follows""}]",forecast,continuation,unsupported,[],prefix: No unseen continuation evidence.; AV: A closing topic or related event name follows.,False,"The Ninety-Two Resolutions were drafted by Louis-Joseph Papineau and other members of the Parti patriote of Lower Canada in 1834. The resolutions were a long series of demands for political reforms in the British-governed colony. Papineau had been elected speaker of the legislative assembly of Lower Canada in 1815. His party constantly opposed the unelected colonial government, and in 1828 he helped draft an early form of the resolutions, essentially a list of grievances against the colonial administration. To ensure that the views of the Legislative Assembly be understood by the British House of Commons, the Parti patriote had sent its own delegation to London in order to submit a memoir and a petition signed by 87,000 people. On February 28, 1834, Papineau presented the Ninety-Two Resolutions to the Legislative Assembly which were approved and sent to London. The resolutions included, among other things, demands for an elected Legislative Council and an Executive Council responsible before the house of representatives. Under the Constitutional Act of 1791, the government of Lower Canada was given an elected legislative assembly, but members of the upper houses were appointed by the Governor of the colony. In the resolutions, the elected representatives once again reiterated their loyalty to the British Crown, but expressed frustration that the government of London had been unwilling to correct the injustices caused by the past governments of the colony. Papineau's resolutions were ignored for almost three years; meanwhile, the Legislative Assembly did all it could to oppose the un-elected upper houses while avoiding outright rebellion. British Colonial Secretary Lord Russell eventually responded to them by issuing ten resolutions of his own (the Russell Resolutions). All of the Legislative Assembly's demands were rejected. The ten resolutions reached Canada in 1837, and many of Papineau's reformists began to agitate for a rebellion. See the Lower Canada Rebellion","Historical/encyclopedic Canadian Wikipedia-style entry format with numbered sections defining political concepts, listing causes of the Reform Act of 1837.

The phrase ""See also the Upper Canada Rebellion"" suggests a concluding reference or historical event, likely the Rebellion of 1837, implying a closing topic or related event name follows.

Final token ""Rebellion"" ends an incomplete phrase (""See the Upper Canada Rebellion""), part of a suggested historical sequence (""For more information see the Insurrection Act and the Upper Canada Rebellion""), strongly expecting ""entry"" or ""and the Rebellion of 1837"" or ""for details on the causes."""
10,10,The final tokenizer token is “Rebellion”.,"[{""sentence_id"": 2, ""start"": 346, ""end"": 369, ""text"": ""Final token \""Rebellion\""""}]",detail,final_token,unsupported,[],prefix: Tokenizer evidence is excluded.; AV: The final tokenizer token is “Rebellion”.,True,"The Ninety-Two Resolutions were drafted by Louis-Joseph Papineau and other members of the Parti patriote of Lower Canada in 1834. The resolutions were a long series of demands for political reforms in the British-governed colony. Papineau had been elected speaker of the legislative assembly of Lower Canada in 1815. His party constantly opposed the unelected colonial government, and in 1828 he helped draft an early form of the resolutions, essentially a list of grievances against the colonial administration. To ensure that the views of the Legislative Assembly be understood by the British House of Commons, the Parti patriote had sent its own delegation to London in order to submit a memoir and a petition signed by 87,000 people. On February 28, 1834, Papineau presented the Ninety-Two Resolutions to the Legislative Assembly which were approved and sent to London. The resolutions included, among other things, demands for an elected Legislative Council and an Executive Council responsible before the house of representatives. Under the Constitutional Act of 1791, the government of Lower Canada was given an elected legislative assembly, but members of the upper houses were appointed by the Governor of the colony. In the resolutions, the elected representatives once again reiterated their loyalty to the British Crown, but expressed frustration that the government of London had been unwilling to correct the injustices caused by the past governments of the colony. Papineau's resolutions were ignored for almost three years; meanwhile, the Legislative Assembly did all it could to oppose the un-elected upper houses while avoiding outright rebellion. British Colonial Secretary Lord Russell eventually responded to them by issuing ten resolutions of his own (the Russell Resolutions). All of the Legislative Assembly's demands were rejected. The ten resolutions reached Canada in 1837, and many of Papineau's reformists began to agitate for a rebellion. See the Lower Canada Rebellion","Historical/encyclopedic Canadian Wikipedia-style entry format with numbered sections defining political concepts, listing causes of the Reform Act of 1837.

The phrase ""See also the Upper Canada Rebellion"" suggests a concluding reference or historical event, likely the Rebellion of 1837, implying a closing topic or related event name follows.

Final token ""Rebellion"" ends an incomplete phrase (""See the Upper Canada Rebellion""), part of a suggested historical sequence (""For more information see the Insurrection Act and the Upper Canada Rebellion""), strongly expecting ""entry"" or ""and the Rebellion of 1837"" or ""for details on the causes."""
10,11,The final phrase is incomplete.,"[{""sentence_id"": 2, ""start"": 370, ""end"": 395, ""text"": ""ends an incomplete phrase""}]",detail,local_text,false,"[{""start"": 1969, ""end"": 1999, ""text"": ""See the Lower Canada Rebellion""}]",prefix: The cross-reference is grammatically complete.; AV: The final phrase is incomplete.,True,"The Ninety-Two Resolutions were drafted by Louis-Joseph Papineau and other members of the Parti patriote of Lower Canada in 1834. The resolutions were a long series of demands for political reforms in the British-governed colony. Papineau had been elected speaker of the legislative assembly of Lower Canada in 1815. His party constantly opposed the unelected colonial government, and in 1828 he helped draft an early form of the resolutions, essentially a list of grievances against the colonial administration. To ensure that the views of the Legislative Assembly be understood by the British House of Commons, the Parti patriote had sent its own delegation to London in order to submit a memoir and a petition signed by 87,000 people. On February 28, 1834, Papineau presented the Ninety-Two Resolutions to the Legislative Assembly which were approved and sent to London. The resolutions included, among other things, demands for an elected Legislative Council and an Executive Council responsible before the house of representatives. Under the Constitutional Act of 1791, the government of Lower Canada was given an elected legislative assembly, but members of the upper houses were appointed by the Governor of the colony. In the resolutions, the elected representatives once again reiterated their loyalty to the British Crown, but expressed frustration that the government of London had been unwilling to correct the injustices caused by the past governments of the colony. Papineau's resolutions were ignored for almost three years; meanwhile, the Legislative Assembly did all it could to oppose the un-elected upper houses while avoiding outright rebellion. British Colonial Secretary Lord Russell eventually responded to them by issuing ten resolutions of his own (the Russell Resolutions). All of the Legislative Assembly's demands were rejected. The ten resolutions reached Canada in 1837, and many of Papineau's reformists began to agitate for a rebellion. See the Lower Canada Rebellion","Historical/encyclopedic Canadian Wikipedia-style entry format with numbered sections defining political concepts, listing causes of the Reform Act of 1837.

The phrase ""See also the Upper Canada Rebellion"" suggests a concluding reference or historical event, likely the Rebellion of 1837, implying a closing topic or related event name follows.

Final token ""Rebellion"" ends an incomplete phrase (""See the Upper Canada Rebellion""), part of a suggested historical sequence (""For more information see the Insurrection Act and the Upper Canada Rebellion""), strongly expecting ""entry"" or ""and the Rebellion of 1837"" or ""for details on the causes."""
10,12,The ending is part of a suggested historical sequence.,"[{""sentence_id"": 2, ""start"": 432, ""end"": 471, ""text"": ""part of a suggested historical sequence""}]",detail,local_text,unsupported,"[{""start"": 1969, ""end"": 1999, ""text"": ""See the Lower Canada Rebellion""}]",prefix: A cross-reference is visible but a sequence of suggested events is not established.; AV: The ending is part of a suggested historical sequence.,True,"The Ninety-Two Resolutions were drafted by Louis-Joseph Papineau and other members of the Parti patriote of Lower Canada in 1834. The resolutions were a long series of demands for political reforms in the British-governed colony. Papineau had been elected speaker of the legislative assembly of Lower Canada in 1815. His party constantly opposed the unelected colonial government, and in 1828 he helped draft an early form of the resolutions, essentially a list of grievances against the colonial administration. To ensure that the views of the Legislative Assembly be understood by the British House of Commons, the Parti patriote had sent its own delegation to London in order to submit a memoir and a petition signed by 87,000 people. On February 28, 1834, Papineau presented the Ninety-Two Resolutions to the Legislative Assembly which were approved and sent to London. The resolutions included, among other things, demands for an elected Legislative Council and an Executive Council responsible before the house of representatives. Under the Constitutional Act of 1791, the government of Lower Canada was given an elected legislative assembly, but members of the upper houses were appointed by the Governor of the colony. In the resolutions, the elected representatives once again reiterated their loyalty to the British Crown, but expressed frustration that the government of London had been unwilling to correct the injustices caused by the past governments of the colony. Papineau's resolutions were ignored for almost three years; meanwhile, the Legislative Assembly did all it could to oppose the un-elected upper houses while avoiding outright rebellion. British Colonial Secretary Lord Russell eventually responded to them by issuing ten resolutions of his own (the Russell Resolutions). All of the Legislative Assembly's demands were rejected. The ten resolutions reached Canada in 1837, and many of Papineau's reformists began to agitate for a rebellion. See the Lower Canada Rebellion","Historical/encyclopedic Canadian Wikipedia-style entry format with numbered sections defining political concepts, listing causes of the Reform Act of 1837.

The phrase ""See also the Upper Canada Rebellion"" suggests a concluding reference or historical event, likely the Rebellion of 1837, implying a closing topic or related event name follows.

Final token ""Rebellion"" ends an incomplete phrase (""See the Upper Canada Rebellion""), part of a suggested historical sequence (""For more information see the Insurrection Act and the Upper Canada Rebellion""), strongly expecting ""entry"" or ""and the Rebellion of 1837"" or ""for details on the causes."""
10,13,The ending refers readers to the Insurrection Act.,"[{""sentence_id"": 2, ""start"": 474, ""end"": 519, ""text"": ""For more information see the Insurrection Act""}]",entity,identification,false,"[{""start"": 1969, ""end"": 1999, ""text"": ""See the Lower Canada Rebellion""}]",prefix: A different referent occupies the explicit see-also role.; AV: The ending refers readers to the Insurrection Act.,False,"The Ninety-Two Resolutions were drafted by Louis-Joseph Papineau and other members of the Parti patriote of Lower Canada in 1834. The resolutions were a long series of demands for political reforms in the British-governed colony. Papineau had been elected speaker of the legislative assembly of Lower Canada in 1815. His party constantly opposed the unelected colonial government, and in 1828 he helped draft an early form of the resolutions, essentially a list of grievances against the colonial administration. To ensure that the views of the Legislative Assembly be understood by the British House of Commons, the Parti patriote had sent its own delegation to London in order to submit a memoir and a petition signed by 87,000 people. On February 28, 1834, Papineau presented the Ninety-Two Resolutions to the Legislative Assembly which were approved and sent to London. The resolutions included, among other things, demands for an elected Legislative Council and an Executive Council responsible before the house of representatives. Under the Constitutional Act of 1791, the government of Lower Canada was given an elected legislative assembly, but members of the upper houses were appointed by the Governor of the colony. In the resolutions, the elected representatives once again reiterated their loyalty to the British Crown, but expressed frustration that the government of London had been unwilling to correct the injustices caused by the past governments of the colony. Papineau's resolutions were ignored for almost three years; meanwhile, the Legislative Assembly did all it could to oppose the un-elected upper houses while avoiding outright rebellion. British Colonial Secretary Lord Russell eventually responded to them by issuing ten resolutions of his own (the Russell Resolutions). All of the Legislative Assembly's demands were rejected. The ten resolutions reached Canada in 1837, and many of Papineau's reformists began to agitate for a rebellion. See the Lower Canada Rebellion","Historical/encyclopedic Canadian Wikipedia-style entry format with numbered sections defining political concepts, listing causes of the Reform Act of 1837.

The phrase ""See also the Upper Canada Rebellion"" suggests a concluding reference or historical event, likely the Rebellion of 1837, implying a closing topic or related event name follows.

Final token ""Rebellion"" ends an incomplete phrase (""See the Upper Canada Rebellion""), part of a suggested historical sequence (""For more information see the Insurrection Act and the Upper Canada Rebellion""), strongly expecting ""entry"" or ""and the Rebellion of 1837"" or ""for details on the causes."""
10,14,"The continuation is strongly expected to be “entry”, “and the Rebellion of 1837”, or “for details on the causes.”","[{""sentence_id"": 2, ""start"": 554, ""end"": 643, ""text"": ""strongly expecting \""entry\"" or \""and the Rebellion of 1837\"" or \""for details on the causes.\""""}]",forecast,continuation,unsupported,[],"prefix: No continuation/probability evidence.; AV: The continuation is strongly expected to be “entry”, “and the Rebellion of 1837”, or “for details on the causes.”",False,"The Ninety-Two Resolutions were drafted by Louis-Joseph Papineau and other members of the Parti patriote of Lower Canada in 1834. The resolutions were a long series of demands for political reforms in the British-governed colony. Papineau had been elected speaker of the legislative assembly of Lower Canada in 1815. His party constantly opposed the unelected colonial government, and in 1828 he helped draft an early form of the resolutions, essentially a list of grievances against the colonial administration. To ensure that the views of the Legislative Assembly be understood by the British House of Commons, the Parti patriote had sent its own delegation to London in order to submit a memoir and a petition signed by 87,000 people. On February 28, 1834, Papineau presented the Ninety-Two Resolutions to the Legislative Assembly which were approved and sent to London. The resolutions included, among other things, demands for an elected Legislative Council and an Executive Council responsible before the house of representatives. Under the Constitutional Act of 1791, the government of Lower Canada was given an elected legislative assembly, but members of the upper houses were appointed by the Governor of the colony. In the resolutions, the elected representatives once again reiterated their loyalty to the British Crown, but expressed frustration that the government of London had been unwilling to correct the injustices caused by the past governments of the colony. Papineau's resolutions were ignored for almost three years; meanwhile, the Legislative Assembly did all it could to oppose the un-elected upper houses while avoiding outright rebellion. British Colonial Secretary Lord Russell eventually responded to them by issuing ten resolutions of his own (the Russell Resolutions). All of the Legislative Assembly's demands were rejected. The ten resolutions reached Canada in 1837, and many of Papineau's reformists began to agitate for a rebellion. See the Lower Canada Rebellion","Historical/encyclopedic Canadian Wikipedia-style entry format with numbered sections defining political concepts, listing causes of the Reform Act of 1837.

The phrase ""See also the Upper Canada Rebellion"" suggests a concluding reference or historical event, likely the Rebellion of 1837, implying a closing topic or related event name follows.

Final token ""Rebellion"" ends an incomplete phrase (""See the Upper Canada Rebellion""), part of a suggested historical sequence (""For more information see the Insurrection Act and the Upper Canada Rebellion""), strongly expecting ""entry"" or ""and the Rebellion of 1837"" or ""for details on the causes."""
11,0,The passage has encyclopedic music-industry format.,"[{""sentence_id"": 0, ""start"": 0, ""end"": 34, ""text"": ""Music industry/encyclopedic format""}]",theme,format,true,"[{""start"": 0, ""end"": 41, ""text"": ""Mess of Blues is an album by Jeff Healey.""}]",prefix: An expository album entry supports the format.; AV: The passage has encyclopedic music-industry format.,False,"Mess of Blues is an album by Jeff Healey. It was released in 2008 less than two weeks after his death and just three weeks shy of his 42nd birthday. Four of the album's tracks were recorded live in front of audiences, two of the live tracks at the Islington Academy in London, and the other two live tracks at Jeff Healey's Roadhouse in Toronto. The other six tracks were recorded at Studio 92 in Canada by Norm Barker and Richard Uglow. The whole album features the band which normally accompanied Jeff at his club, Jeff Healey's Roadhouse. The song ""Mess of Blues"", which appears on the album was written by Doc Pomus and Mort Shuman and was originally recorded by Elvis Presley","Music industry/encyclopedic format with Australian rock band reference listing a chart single, suggesting historical context and song details.

The sentence structure ""The original version of the song was recorded by The Oak Ridge Boys and was first released as a single for the film 'American Hot Wax' featuring Elvis Presley"" implies a specific historical reference or credit, likely naming the original song's famous performance.

Final token ""Presley"" ends mid-clause (""before it was recorded by Elvis Presley""), part of a parenthetical example list (""originally recorded by Elvis Presley""), expecting continuation like ""in 1956"" or ""and other artists"" or ""as a hit."""
11,1,The featured recording artist is an Australian rock band.,"[{""sentence_id"": 0, ""start"": 40, ""end"": 70, ""text"": ""Australian rock band reference""}]",entity,identification,false,"[{""start"": 0, ""end"": 41, ""text"": ""Mess of Blues is an album by Jeff Healey.""}]","prefix: The source fills the featured-artist role with Jeff Healey, described as an individual.; AV: The featured recording artist is an Australian rock band.",True,"Mess of Blues is an album by Jeff Healey. It was released in 2008 less than two weeks after his death and just three weeks shy of his 42nd birthday. Four of the album's tracks were recorded live in front of audiences, two of the live tracks at the Islington Academy in London, and the other two live tracks at Jeff Healey's Roadhouse in Toronto. The other six tracks were recorded at Studio 92 in Canada by Norm Barker and Richard Uglow. The whole album features the band which normally accompanied Jeff at his club, Jeff Healey's Roadhouse. The song ""Mess of Blues"", which appears on the album was written by Doc Pomus and Mort Shuman and was originally recorded by Elvis Presley","Music industry/encyclopedic format with Australian rock band reference listing a chart single, suggesting historical context and song details.

The sentence structure ""The original version of the song was recorded by The Oak Ridge Boys and was first released as a single for the film 'American Hot Wax' featuring Elvis Presley"" implies a specific historical reference or credit, likely naming the original song's famous performance.

Final token ""Presley"" ends mid-clause (""before it was recorded by Elvis Presley""), part of a parenthetical example list (""originally recorded by Elvis Presley""), expecting continuation like ""in 1956"" or ""and other artists"" or ""as a hit."""
11,2,The passage lists a chart single.,"[{""sentence_id"": 0, ""start"": 71, ""end"": 93, ""text"": ""listing a chart single""}]",theme,topic,unsupported,"[{""start"": 0, ""end"": 41, ""text"": ""Mess of Blues is an album by Jeff Healey.""}]","prefix: An album and one song are discussed, but single release/chart status is not stated.; AV: The passage lists a chart single.",False,"Mess of Blues is an album by Jeff Healey. It was released in 2008 less than two weeks after his death and just three weeks shy of his 42nd birthday. Four of the album's tracks were recorded live in front of audiences, two of the live tracks at the Islington Academy in London, and the other two live tracks at Jeff Healey's Roadhouse in Toronto. The other six tracks were recorded at Studio 92 in Canada by Norm Barker and Richard Uglow. The whole album features the band which normally accompanied Jeff at his club, Jeff Healey's Roadhouse. The song ""Mess of Blues"", which appears on the album was written by Doc Pomus and Mort Shuman and was originally recorded by Elvis Presley","Music industry/encyclopedic format with Australian rock band reference listing a chart single, suggesting historical context and song details.

The sentence structure ""The original version of the song was recorded by The Oak Ridge Boys and was first released as a single for the film 'American Hot Wax' featuring Elvis Presley"" implies a specific historical reference or credit, likely naming the original song's famous performance.

Final token ""Presley"" ends mid-clause (""before it was recorded by Elvis Presley""), part of a parenthetical example list (""originally recorded by Elvis Presley""), expecting continuation like ""in 1956"" or ""and other artists"" or ""as a hit."""
11,3,The passage supplies historical context.,"[{""sentence_id"": 0, ""start"": 95, ""end"": 124, ""text"": ""suggesting historical context""}]",theme,topic,true,"[{""start"": 42, ""end"": 101, ""text"": ""It was released in 2008 less than two weeks after his death""}]",prefix: Release timing is described.; AV: The passage supplies historical context.,False,"Mess of Blues is an album by Jeff Healey. It was released in 2008 less than two weeks after his death and just three weeks shy of his 42nd birthday. Four of the album's tracks were recorded live in front of audiences, two of the live tracks at the Islington Academy in London, and the other two live tracks at Jeff Healey's Roadhouse in Toronto. The other six tracks were recorded at Studio 92 in Canada by Norm Barker and Richard Uglow. The whole album features the band which normally accompanied Jeff at his club, Jeff Healey's Roadhouse. The song ""Mess of Blues"", which appears on the album was written by Doc Pomus and Mort Shuman and was originally recorded by Elvis Presley","Music industry/encyclopedic format with Australian rock band reference listing a chart single, suggesting historical context and song details.

The sentence structure ""The original version of the song was recorded by The Oak Ridge Boys and was first released as a single for the film 'American Hot Wax' featuring Elvis Presley"" implies a specific historical reference or credit, likely naming the original song's famous performance.

Final token ""Presley"" ends mid-clause (""before it was recorded by Elvis Presley""), part of a parenthetical example list (""originally recorded by Elvis Presley""), expecting continuation like ""in 1956"" or ""and other artists"" or ""as a hit."""
11,4,The passage gives song details.,"[{""sentence_id"": 0, ""start"": 125, ""end"": 141, ""text"": ""and song details""}]",theme,topic,true,"[{""start"": 595, ""end"": 680, ""text"": ""was written by Doc Pomus and Mort Shuman and was originally recorded by Elvis Presley""}]",prefix: Authorship and recording credits are supplied.; AV: The passage gives song details.,False,"Mess of Blues is an album by Jeff Healey. It was released in 2008 less than two weeks after his death and just three weeks shy of his 42nd birthday. Four of the album's tracks were recorded live in front of audiences, two of the live tracks at the Islington Academy in London, and the other two live tracks at Jeff Healey's Roadhouse in Toronto. The other six tracks were recorded at Studio 92 in Canada by Norm Barker and Richard Uglow. The whole album features the band which normally accompanied Jeff at his club, Jeff Healey's Roadhouse. The song ""Mess of Blues"", which appears on the album was written by Doc Pomus and Mort Shuman and was originally recorded by Elvis Presley","Music industry/encyclopedic format with Australian rock band reference listing a chart single, suggesting historical context and song details.

The sentence structure ""The original version of the song was recorded by The Oak Ridge Boys and was first released as a single for the film 'American Hot Wax' featuring Elvis Presley"" implies a specific historical reference or credit, likely naming the original song's famous performance.

Final token ""Presley"" ends mid-clause (""before it was recorded by Elvis Presley""), part of a parenthetical example list (""originally recorded by Elvis Presley""), expecting continuation like ""in 1956"" or ""and other artists"" or ""as a hit."""
11,5,The song’s original version was recorded by The Oak Ridge Boys.,"[{""sentence_id"": 1, ""start"": 168, ""end"": 235, ""text"": ""The original version of the song was recorded by The Oak Ridge Boys""}]",entity,relationship,false,"[{""start"": 640, ""end"": 680, ""text"": ""was originally recorded by Elvis Presley""}]",prefix: Elvis Presley fills the original-performer role.; AV: The song’s original version was recorded by The Oak Ridge Boys.,False,"Mess of Blues is an album by Jeff Healey. It was released in 2008 less than two weeks after his death and just three weeks shy of his 42nd birthday. Four of the album's tracks were recorded live in front of audiences, two of the live tracks at the Islington Academy in London, and the other two live tracks at Jeff Healey's Roadhouse in Toronto. The other six tracks were recorded at Studio 92 in Canada by Norm Barker and Richard Uglow. The whole album features the band which normally accompanied Jeff at his club, Jeff Healey's Roadhouse. The song ""Mess of Blues"", which appears on the album was written by Doc Pomus and Mort Shuman and was originally recorded by Elvis Presley","Music industry/encyclopedic format with Australian rock band reference listing a chart single, suggesting historical context and song details.

The sentence structure ""The original version of the song was recorded by The Oak Ridge Boys and was first released as a single for the film 'American Hot Wax' featuring Elvis Presley"" implies a specific historical reference or credit, likely naming the original song's famous performance.

Final token ""Presley"" ends mid-clause (""before it was recorded by Elvis Presley""), part of a parenthetical example list (""originally recorded by Elvis Presley""), expecting continuation like ""in 1956"" or ""and other artists"" or ""as a hit."""
11,6,The song was first released as a single.,"[{""sentence_id"": 1, ""start"": 240, ""end"": 270, ""text"": ""was first released as a single""}]",detail,event,unsupported,[],prefix: Single-release history is not provided.; AV: The song was first released as a single.,False,"Mess of Blues is an album by Jeff Healey. It was released in 2008 less than two weeks after his death and just three weeks shy of his 42nd birthday. Four of the album's tracks were recorded live in front of audiences, two of the live tracks at the Islington Academy in London, and the other two live tracks at Jeff Healey's Roadhouse in Toronto. The other six tracks were recorded at Studio 92 in Canada by Norm Barker and Richard Uglow. The whole album features the band which normally accompanied Jeff at his club, Jeff Healey's Roadhouse. The song ""Mess of Blues"", which appears on the album was written by Doc Pomus and Mort Shuman and was originally recorded by Elvis Presley","Music industry/encyclopedic format with Australian rock band reference listing a chart single, suggesting historical context and song details.

The sentence structure ""The original version of the song was recorded by The Oak Ridge Boys and was first released as a single for the film 'American Hot Wax' featuring Elvis Presley"" implies a specific historical reference or credit, likely naming the original song's famous performance.

Final token ""Presley"" ends mid-clause (""before it was recorded by Elvis Presley""), part of a parenthetical example list (""originally recorded by Elvis Presley""), expecting continuation like ""in 1956"" or ""and other artists"" or ""as a hit."""
11,7,The song was released for the film American Hot Wax.,"[{""sentence_id"": 1, ""start"": 271, ""end"": 302, ""text"": ""for the film 'American Hot Wax'""}]",entity,relationship,unsupported,[],prefix: No film association is supplied.; AV: The song was released for the film American Hot Wax.,False,"Mess of Blues is an album by Jeff Healey. It was released in 2008 less than two weeks after his death and just three weeks shy of his 42nd birthday. Four of the album's tracks were recorded live in front of audiences, two of the live tracks at the Islington Academy in London, and the other two live tracks at Jeff Healey's Roadhouse in Toronto. The other six tracks were recorded at Studio 92 in Canada by Norm Barker and Richard Uglow. The whole album features the band which normally accompanied Jeff at his club, Jeff Healey's Roadhouse. The song ""Mess of Blues"", which appears on the album was written by Doc Pomus and Mort Shuman and was originally recorded by Elvis Presley","Music industry/encyclopedic format with Australian rock band reference listing a chart single, suggesting historical context and song details.

The sentence structure ""The original version of the song was recorded by The Oak Ridge Boys and was first released as a single for the film 'American Hot Wax' featuring Elvis Presley"" implies a specific historical reference or credit, likely naming the original song's famous performance.

Final token ""Presley"" ends mid-clause (""before it was recorded by Elvis Presley""), part of a parenthetical example list (""originally recorded by Elvis Presley""), expecting continuation like ""in 1956"" or ""and other artists"" or ""as a hit."""
11,8,American Hot Wax features Elvis Presley.,"[{""sentence_id"": 1, ""start"": 275, ""end"": 326, ""text"": ""the film 'American Hot Wax' featuring Elvis Presley""}]",entity,relationship,unsupported,[],prefix: The film is not mentioned; Presley is credited for recording the song.; AV: American Hot Wax features Elvis Presley.,False,"Mess of Blues is an album by Jeff Healey. It was released in 2008 less than two weeks after his death and just three weeks shy of his 42nd birthday. Four of the album's tracks were recorded live in front of audiences, two of the live tracks at the Islington Academy in London, and the other two live tracks at Jeff Healey's Roadhouse in Toronto. The other six tracks were recorded at Studio 92 in Canada by Norm Barker and Richard Uglow. The whole album features the band which normally accompanied Jeff at his club, Jeff Healey's Roadhouse. The song ""Mess of Blues"", which appears on the album was written by Doc Pomus and Mort Shuman and was originally recorded by Elvis Presley","Music industry/encyclopedic format with Australian rock band reference listing a chart single, suggesting historical context and song details.

The sentence structure ""The original version of the song was recorded by The Oak Ridge Boys and was first released as a single for the film 'American Hot Wax' featuring Elvis Presley"" implies a specific historical reference or credit, likely naming the original song's famous performance.

Final token ""Presley"" ends mid-clause (""before it was recorded by Elvis Presley""), part of a parenthetical example list (""originally recorded by Elvis Presley""), expecting continuation like ""in 1956"" or ""and other artists"" or ""as a hit."""
11,9,The ending gives a historical song credit.,"[{""sentence_id"": 1, ""start"": 336, ""end"": 377, ""text"": ""a specific historical reference or credit""}]",detail,local_text,true,"[{""start"": 640, ""end"": 680, ""text"": ""was originally recorded by Elvis Presley""}]",prefix: The concluding phrase credits the original performer.; AV: The ending gives a historical song credit.,False,"Mess of Blues is an album by Jeff Healey. It was released in 2008 less than two weeks after his death and just three weeks shy of his 42nd birthday. Four of the album's tracks were recorded live in front of audiences, two of the live tracks at the Islington Academy in London, and the other two live tracks at Jeff Healey's Roadhouse in Toronto. The other six tracks were recorded at Studio 92 in Canada by Norm Barker and Richard Uglow. The whole album features the band which normally accompanied Jeff at his club, Jeff Healey's Roadhouse. The song ""Mess of Blues"", which appears on the album was written by Doc Pomus and Mort Shuman and was originally recorded by Elvis Presley","Music industry/encyclopedic format with Australian rock band reference listing a chart single, suggesting historical context and song details.

The sentence structure ""The original version of the song was recorded by The Oak Ridge Boys and was first released as a single for the film 'American Hot Wax' featuring Elvis Presley"" implies a specific historical reference or credit, likely naming the original song's famous performance.

Final token ""Presley"" ends mid-clause (""before it was recorded by Elvis Presley""), part of a parenthetical example list (""originally recorded by Elvis Presley""), expecting continuation like ""in 1956"" or ""and other artists"" or ""as a hit."""
11,10,The original song performance is famous.,"[{""sentence_id"": 1, ""start"": 393, ""end"": 431, ""text"": ""the original song's famous performance""}]",detail,attribute,unsupported,[],prefix: No fame assessment is given.; AV: The original song performance is famous.,False,"Mess of Blues is an album by Jeff Healey. It was released in 2008 less than two weeks after his death and just three weeks shy of his 42nd birthday. Four of the album's tracks were recorded live in front of audiences, two of the live tracks at the Islington Academy in London, and the other two live tracks at Jeff Healey's Roadhouse in Toronto. The other six tracks were recorded at Studio 92 in Canada by Norm Barker and Richard Uglow. The whole album features the band which normally accompanied Jeff at his club, Jeff Healey's Roadhouse. The song ""Mess of Blues"", which appears on the album was written by Doc Pomus and Mort Shuman and was originally recorded by Elvis Presley","Music industry/encyclopedic format with Australian rock band reference listing a chart single, suggesting historical context and song details.

The sentence structure ""The original version of the song was recorded by The Oak Ridge Boys and was first released as a single for the film 'American Hot Wax' featuring Elvis Presley"" implies a specific historical reference or credit, likely naming the original song's famous performance.

Final token ""Presley"" ends mid-clause (""before it was recorded by Elvis Presley""), part of a parenthetical example list (""originally recorded by Elvis Presley""), expecting continuation like ""in 1956"" or ""and other artists"" or ""as a hit."""
11,11,The final tokenizer token is “Presley”.,"[{""sentence_id"": 2, ""start"": 434, ""end"": 455, ""text"": ""Final token \""Presley\""""}]",detail,final_token,unsupported,[],prefix: Tokenizer evidence is excluded.; AV: The final tokenizer token is “Presley”.,True,"Mess of Blues is an album by Jeff Healey. It was released in 2008 less than two weeks after his death and just three weeks shy of his 42nd birthday. Four of the album's tracks were recorded live in front of audiences, two of the live tracks at the Islington Academy in London, and the other two live tracks at Jeff Healey's Roadhouse in Toronto. The other six tracks were recorded at Studio 92 in Canada by Norm Barker and Richard Uglow. The whole album features the band which normally accompanied Jeff at his club, Jeff Healey's Roadhouse. The song ""Mess of Blues"", which appears on the album was written by Doc Pomus and Mort Shuman and was originally recorded by Elvis Presley","Music industry/encyclopedic format with Australian rock band reference listing a chart single, suggesting historical context and song details.

The sentence structure ""The original version of the song was recorded by The Oak Ridge Boys and was first released as a single for the film 'American Hot Wax' featuring Elvis Presley"" implies a specific historical reference or credit, likely naming the original song's famous performance.

Final token ""Presley"" ends mid-clause (""before it was recorded by Elvis Presley""), part of a parenthetical example list (""originally recorded by Elvis Presley""), expecting continuation like ""in 1956"" or ""and other artists"" or ""as a hit."""
11,12,The text ends mid-clause.,"[{""sentence_id"": 2, ""start"": 456, ""end"": 471, ""text"": ""ends mid-clause""}]",detail,local_text,false,"[{""start"": 640, ""end"": 680, ""text"": ""was originally recorded by Elvis Presley""}]",prefix: The final clause is complete.; AV: The text ends mid-clause.,True,"Mess of Blues is an album by Jeff Healey. It was released in 2008 less than two weeks after his death and just three weeks shy of his 42nd birthday. Four of the album's tracks were recorded live in front of audiences, two of the live tracks at the Islington Academy in London, and the other two live tracks at Jeff Healey's Roadhouse in Toronto. The other six tracks were recorded at Studio 92 in Canada by Norm Barker and Richard Uglow. The whole album features the band which normally accompanied Jeff at his club, Jeff Healey's Roadhouse. The song ""Mess of Blues"", which appears on the album was written by Doc Pomus and Mort Shuman and was originally recorded by Elvis Presley","Music industry/encyclopedic format with Australian rock band reference listing a chart single, suggesting historical context and song details.

The sentence structure ""The original version of the song was recorded by The Oak Ridge Boys and was first released as a single for the film 'American Hot Wax' featuring Elvis Presley"" implies a specific historical reference or credit, likely naming the original song's famous performance.

Final token ""Presley"" ends mid-clause (""before it was recorded by Elvis Presley""), part of a parenthetical example list (""originally recorded by Elvis Presley""), expecting continuation like ""in 1956"" or ""and other artists"" or ""as a hit."""
11,13,The song was originally recorded by Elvis Presley.,"[{""sentence_id"": 2, ""start"": 556, ""end"": 592, ""text"": ""originally recorded by Elvis Presley""}]",entity,relationship,true,"[{""start"": 640, ""end"": 680, ""text"": ""was originally recorded by Elvis Presley""}]",prefix: The original-performer credit is explicit; preserve it separately from the conflicting Oak Ridge Boys claim.; AV: The song was originally recorded by Elvis Presley.,False,"Mess of Blues is an album by Jeff Healey. It was released in 2008 less than two weeks after his death and just three weeks shy of his 42nd birthday. Four of the album's tracks were recorded live in front of audiences, two of the live tracks at the Islington Academy in London, and the other two live tracks at Jeff Healey's Roadhouse in Toronto. The other six tracks were recorded at Studio 92 in Canada by Norm Barker and Richard Uglow. The whole album features the band which normally accompanied Jeff at his club, Jeff Healey's Roadhouse. The song ""Mess of Blues"", which appears on the album was written by Doc Pomus and Mort Shuman and was originally recorded by Elvis Presley","Music industry/encyclopedic format with Australian rock band reference listing a chart single, suggesting historical context and song details.

The sentence structure ""The original version of the song was recorded by The Oak Ridge Boys and was first released as a single for the film 'American Hot Wax' featuring Elvis Presley"" implies a specific historical reference or credit, likely naming the original song's famous performance.

Final token ""Presley"" ends mid-clause (""before it was recorded by Elvis Presley""), part of a parenthetical example list (""originally recorded by Elvis Presley""), expecting continuation like ""in 1956"" or ""and other artists"" or ""as a hit."""
11,14,An earlier event occurred before Elvis Presley recorded the song.,"[{""sentence_id"": 2, ""start"": 474, ""end"": 513, ""text"": ""before it was recorded by Elvis Presley""}]",detail,event,unsupported,[],prefix: The before relation is underspecified and not supplied.; AV: An earlier event occurred before Elvis Presley recorded the song.,True,"Mess of Blues is an album by Jeff Healey. It was released in 2008 less than two weeks after his death and just three weeks shy of his 42nd birthday. Four of the album's tracks were recorded live in front of audiences, two of the live tracks at the Islington Academy in London, and the other two live tracks at Jeff Healey's Roadhouse in Toronto. The other six tracks were recorded at Studio 92 in Canada by Norm Barker and Richard Uglow. The whole album features the band which normally accompanied Jeff at his club, Jeff Healey's Roadhouse. The song ""Mess of Blues"", which appears on the album was written by Doc Pomus and Mort Shuman and was originally recorded by Elvis Presley","Music industry/encyclopedic format with Australian rock band reference listing a chart single, suggesting historical context and song details.

The sentence structure ""The original version of the song was recorded by The Oak Ridge Boys and was first released as a single for the film 'American Hot Wax' featuring Elvis Presley"" implies a specific historical reference or credit, likely naming the original song's famous performance.

Final token ""Presley"" ends mid-clause (""before it was recorded by Elvis Presley""), part of a parenthetical example list (""originally recorded by Elvis Presley""), expecting continuation like ""in 1956"" or ""and other artists"" or ""as a hit."""
11,15,The ending is part of a parenthetical example list.,"[{""sentence_id"": 2, ""start"": 517, ""end"": 553, ""text"": ""part of a parenthetical example list""}]",detail,local_text,false,"[{""start"": 595, ""end"": 680, ""text"": ""was written by Doc Pomus and Mort Shuman and was originally recorded by Elvis Presley""}]","prefix: This is an ordinary closing clause, not a parenthetical list.; AV: The ending is part of a parenthetical example list.",False,"Mess of Blues is an album by Jeff Healey. It was released in 2008 less than two weeks after his death and just three weeks shy of his 42nd birthday. Four of the album's tracks were recorded live in front of audiences, two of the live tracks at the Islington Academy in London, and the other two live tracks at Jeff Healey's Roadhouse in Toronto. The other six tracks were recorded at Studio 92 in Canada by Norm Barker and Richard Uglow. The whole album features the band which normally accompanied Jeff at his club, Jeff Healey's Roadhouse. The song ""Mess of Blues"", which appears on the album was written by Doc Pomus and Mort Shuman and was originally recorded by Elvis Presley","Music industry/encyclopedic format with Australian rock band reference listing a chart single, suggesting historical context and song details.

The sentence structure ""The original version of the song was recorded by The Oak Ridge Boys and was first released as a single for the film 'American Hot Wax' featuring Elvis Presley"" implies a specific historical reference or credit, likely naming the original song's famous performance.

Final token ""Presley"" ends mid-clause (""before it was recorded by Elvis Presley""), part of a parenthetical example list (""originally recorded by Elvis Presley""), expecting continuation like ""in 1956"" or ""and other artists"" or ""as a hit."""
11,16,"The continuation is expected to be “in 1956”, “and other artists”, or “as a hit.”","[{""sentence_id"": 2, ""start"": 596, ""end"": 671, ""text"": ""expecting continuation like \""in 1956\"" or \""and other artists\"" or \""as a hit.\""""}]",forecast,continuation,unsupported,[],"prefix: No continuation/probability evidence.; AV: The continuation is expected to be “in 1956”, “and other artists”, or “as a hit.”",False,"Mess of Blues is an album by Jeff Healey. It was released in 2008 less than two weeks after his death and just three weeks shy of his 42nd birthday. Four of the album's tracks were recorded live in front of audiences, two of the live tracks at the Islington Academy in London, and the other two live tracks at Jeff Healey's Roadhouse in Toronto. The other six tracks were recorded at Studio 92 in Canada by Norm Barker and Richard Uglow. The whole album features the band which normally accompanied Jeff at his club, Jeff Healey's Roadhouse. The song ""Mess of Blues"", which appears on the album was written by Doc Pomus and Mort Shuman and was originally recorded by Elvis Presley","Music industry/encyclopedic format with Australian rock band reference listing a chart single, suggesting historical context and song details.

The sentence structure ""The original version of the song was recorded by The Oak Ridge Boys and was first released as a single for the film 'American Hot Wax' featuring Elvis Presley"" implies a specific historical reference or credit, likely naming the original song's famous performance.

Final token ""Presley"" ends mid-clause (""before it was recorded by Elvis Presley""), part of a parenthetical example list (""originally recorded by Elvis Presley""), expecting continuation like ""in 1956"" or ""and other artists"" or ""as a hit."""
12,0,The article concerns Danish political history.,"[{""sentence_id"": 0, ""start"": 0, ""end"": 24, ""text"": ""Danish political history""}]",theme,topic,false,"[{""start"": 50, ""end"": 79, ""text"": ""was an organization in Sweden""}]","prefix: The filled national setting is Sweden and Finland, not Denmark.; AV: The article concerns Danish political history.",False,"The Committee against the Finnish White Terror () was an organization in Sweden, formed at the end of the Finnish Civil War. The formation of the Committee was preceded by a call from the Social Democratic Left Party published in Politiken in February 1918 to mobilize protests around the country to counter the official Swedish government position on the Finnish question. The Committee sought to unite the Swedish labour movement for a common position against what they termed the” White Terror” in Finland. The Committee raised funds for humanitarian aid to the victims of the repression. The Committee also opposed denials of political asylum for Finnish refugees. Sven Linderot was one of the three members of the Committee. The Committee managed to gather 21,851.53 kronor, 14,518.73 for Finnish refugees in Sweden and 6,920 kronor for affected in Finland. The Committee published 100,000 leaflets titled 'Truth about Finland', and more than 100 public meetings were organized","Danish political history article with factual narrative about communist movement during WWI, listing events and publications around the Swedish peace initiative.

The sentence structure ""The campaign received wide support and a series of lectures was organized and 150 meetings were arranged"" suggests a concluding clause describing the protest activities and organizational efforts, implying the number ""150 meetings organized"" or similar outcome.

Final token ""organized"" ends an incomplete clause (""where 150 lectures and protest meetings were organized and several demonstration meetings organized""), strongly expecting a continuation like ""in support of the campaign"" or ""across the country"" or ""by the activists during the campaign period."""
12,1,The article uses factual historical narrative.,"[{""sentence_id"": 0, ""start"": 25, ""end"": 55, ""text"": ""article with factual narrative""}]",theme,genre,true,"[{""start"": 217, ""end"": 256, ""text"": ""published in Politiken in February 1918""}]",prefix: Dated expository historical facts support the description.; AV: The article uses factual historical narrative.,False,"The Committee against the Finnish White Terror () was an organization in Sweden, formed at the end of the Finnish Civil War. The formation of the Committee was preceded by a call from the Social Democratic Left Party published in Politiken in February 1918 to mobilize protests around the country to counter the official Swedish government position on the Finnish question. The Committee sought to unite the Swedish labour movement for a common position against what they termed the” White Terror” in Finland. The Committee raised funds for humanitarian aid to the victims of the repression. The Committee also opposed denials of political asylum for Finnish refugees. Sven Linderot was one of the three members of the Committee. The Committee managed to gather 21,851.53 kronor, 14,518.73 for Finnish refugees in Sweden and 6,920 kronor for affected in Finland. The Committee published 100,000 leaflets titled 'Truth about Finland', and more than 100 public meetings were organized","Danish political history article with factual narrative about communist movement during WWI, listing events and publications around the Swedish peace initiative.

The sentence structure ""The campaign received wide support and a series of lectures was organized and 150 meetings were arranged"" suggests a concluding clause describing the protest activities and organizational efforts, implying the number ""150 meetings organized"" or similar outcome.

Final token ""organized"" ends an incomplete clause (""where 150 lectures and protest meetings were organized and several demonstration meetings organized""), strongly expecting a continuation like ""in support of the campaign"" or ""across the country"" or ""by the activists during the campaign period."""
12,2,The passage concerns a communist movement during WWI.,"[{""sentence_id"": 0, ""start"": 56, ""end"": 91, ""text"": ""about communist movement during WWI""}]",theme,topic,unsupported,"[{""start"": 172, ""end"": 216, ""text"": ""a call from the Social Democratic Left Party""}]",prefix: The exact movement classification and WWI framing are not established by the visible text alone.; AV: The passage concerns a communist movement during WWI.,False,"The Committee against the Finnish White Terror () was an organization in Sweden, formed at the end of the Finnish Civil War. The formation of the Committee was preceded by a call from the Social Democratic Left Party published in Politiken in February 1918 to mobilize protests around the country to counter the official Swedish government position on the Finnish question. The Committee sought to unite the Swedish labour movement for a common position against what they termed the” White Terror” in Finland. The Committee raised funds for humanitarian aid to the victims of the repression. The Committee also opposed denials of political asylum for Finnish refugees. Sven Linderot was one of the three members of the Committee. The Committee managed to gather 21,851.53 kronor, 14,518.73 for Finnish refugees in Sweden and 6,920 kronor for affected in Finland. The Committee published 100,000 leaflets titled 'Truth about Finland', and more than 100 public meetings were organized","Danish political history article with factual narrative about communist movement during WWI, listing events and publications around the Swedish peace initiative.

The sentence structure ""The campaign received wide support and a series of lectures was organized and 150 meetings were arranged"" suggests a concluding clause describing the protest activities and organizational efforts, implying the number ""150 meetings organized"" or similar outcome.

Final token ""organized"" ends an incomplete clause (""where 150 lectures and protest meetings were organized and several demonstration meetings organized""), strongly expecting a continuation like ""in support of the campaign"" or ""across the country"" or ""by the activists during the campaign period."""
12,3,The passage lists events and publications.,"[{""sentence_id"": 0, ""start"": 93, ""end"": 124, ""text"": ""listing events and publications""}]",theme,topic,true,"[{""start"": 863, ""end"": 982, ""text"": ""The Committee published 100,000 leaflets titled 'Truth about Finland', and more than 100 public meetings were organized""}]",prefix: Leaflets and public meetings are explicit.; AV: The passage lists events and publications.,False,"The Committee against the Finnish White Terror () was an organization in Sweden, formed at the end of the Finnish Civil War. The formation of the Committee was preceded by a call from the Social Democratic Left Party published in Politiken in February 1918 to mobilize protests around the country to counter the official Swedish government position on the Finnish question. The Committee sought to unite the Swedish labour movement for a common position against what they termed the” White Terror” in Finland. The Committee raised funds for humanitarian aid to the victims of the repression. The Committee also opposed denials of political asylum for Finnish refugees. Sven Linderot was one of the three members of the Committee. The Committee managed to gather 21,851.53 kronor, 14,518.73 for Finnish refugees in Sweden and 6,920 kronor for affected in Finland. The Committee published 100,000 leaflets titled 'Truth about Finland', and more than 100 public meetings were organized","Danish political history article with factual narrative about communist movement during WWI, listing events and publications around the Swedish peace initiative.

The sentence structure ""The campaign received wide support and a series of lectures was organized and 150 meetings were arranged"" suggests a concluding clause describing the protest activities and organizational efforts, implying the number ""150 meetings organized"" or similar outcome.

Final token ""organized"" ends an incomplete clause (""where 150 lectures and protest meetings were organized and several demonstration meetings organized""), strongly expecting a continuation like ""in support of the campaign"" or ""across the country"" or ""by the activists during the campaign period."""
12,4,The passage concerns a Swedish peace initiative.,"[{""sentence_id"": 0, ""start"": 125, ""end"": 160, ""text"": ""around the Swedish peace initiative""}]",theme,topic,true,"[{""start"": 510, ""end"": 591, ""text"": ""The Committee raised funds for humanitarian aid to the victims of the repression.""}]",prefix: An anti-repression humanitarian initiative in Sweden supports this broad description.; AV: The passage concerns a Swedish peace initiative.,True,"The Committee against the Finnish White Terror () was an organization in Sweden, formed at the end of the Finnish Civil War. The formation of the Committee was preceded by a call from the Social Democratic Left Party published in Politiken in February 1918 to mobilize protests around the country to counter the official Swedish government position on the Finnish question. The Committee sought to unite the Swedish labour movement for a common position against what they termed the” White Terror” in Finland. The Committee raised funds for humanitarian aid to the victims of the repression. The Committee also opposed denials of political asylum for Finnish refugees. Sven Linderot was one of the three members of the Committee. The Committee managed to gather 21,851.53 kronor, 14,518.73 for Finnish refugees in Sweden and 6,920 kronor for affected in Finland. The Committee published 100,000 leaflets titled 'Truth about Finland', and more than 100 public meetings were organized","Danish political history article with factual narrative about communist movement during WWI, listing events and publications around the Swedish peace initiative.

The sentence structure ""The campaign received wide support and a series of lectures was organized and 150 meetings were arranged"" suggests a concluding clause describing the protest activities and organizational efforts, implying the number ""150 meetings organized"" or similar outcome.

Final token ""organized"" ends an incomplete clause (""where 150 lectures and protest meetings were organized and several demonstration meetings organized""), strongly expecting a continuation like ""in support of the campaign"" or ""across the country"" or ""by the activists during the campaign period."""
12,5,The campaign received wide support.,"[{""sentence_id"": 1, ""start"": 187, ""end"": 221, ""text"": ""The campaign received wide support""}]",detail,attribute,unsupported,"[{""start"": 730, ""end"": 778, ""text"": ""The Committee managed to gather 21,851.53 kronor""}]",prefix: Funds and meetings do not establish the breadth of support.; AV: The campaign received wide support.,True,"The Committee against the Finnish White Terror () was an organization in Sweden, formed at the end of the Finnish Civil War. The formation of the Committee was preceded by a call from the Social Democratic Left Party published in Politiken in February 1918 to mobilize protests around the country to counter the official Swedish government position on the Finnish question. The Committee sought to unite the Swedish labour movement for a common position against what they termed the” White Terror” in Finland. The Committee raised funds for humanitarian aid to the victims of the repression. The Committee also opposed denials of political asylum for Finnish refugees. Sven Linderot was one of the three members of the Committee. The Committee managed to gather 21,851.53 kronor, 14,518.73 for Finnish refugees in Sweden and 6,920 kronor for affected in Finland. The Committee published 100,000 leaflets titled 'Truth about Finland', and more than 100 public meetings were organized","Danish political history article with factual narrative about communist movement during WWI, listing events and publications around the Swedish peace initiative.

The sentence structure ""The campaign received wide support and a series of lectures was organized and 150 meetings were arranged"" suggests a concluding clause describing the protest activities and organizational efforts, implying the number ""150 meetings organized"" or similar outcome.

Final token ""organized"" ends an incomplete clause (""where 150 lectures and protest meetings were organized and several demonstration meetings organized""), strongly expecting a continuation like ""in support of the campaign"" or ""across the country"" or ""by the activists during the campaign period."""
12,6,A series of lectures was organized.,"[{""sentence_id"": 1, ""start"": 226, ""end"": 260, ""text"": ""a series of lectures was organized""}]",detail,event,unsupported,[],prefix: Public meetings do not necessarily entail lectures.; AV: A series of lectures was organized.,False,"The Committee against the Finnish White Terror () was an organization in Sweden, formed at the end of the Finnish Civil War. The formation of the Committee was preceded by a call from the Social Democratic Left Party published in Politiken in February 1918 to mobilize protests around the country to counter the official Swedish government position on the Finnish question. The Committee sought to unite the Swedish labour movement for a common position against what they termed the” White Terror” in Finland. The Committee raised funds for humanitarian aid to the victims of the repression. The Committee also opposed denials of political asylum for Finnish refugees. Sven Linderot was one of the three members of the Committee. The Committee managed to gather 21,851.53 kronor, 14,518.73 for Finnish refugees in Sweden and 6,920 kronor for affected in Finland. The Committee published 100,000 leaflets titled 'Truth about Finland', and more than 100 public meetings were organized","Danish political history article with factual narrative about communist movement during WWI, listing events and publications around the Swedish peace initiative.

The sentence structure ""The campaign received wide support and a series of lectures was organized and 150 meetings were arranged"" suggests a concluding clause describing the protest activities and organizational efforts, implying the number ""150 meetings organized"" or similar outcome.

Final token ""organized"" ends an incomplete clause (""where 150 lectures and protest meetings were organized and several demonstration meetings organized""), strongly expecting a continuation like ""in support of the campaign"" or ""across the country"" or ""by the activists during the campaign period."""
12,7,Exactly 150 meetings were arranged.,"[{""sentence_id"": 1, ""start"": 265, ""end"": 291, ""text"": ""150 meetings were arranged""}, {""sentence_id"": 1, ""start"": 405, ""end"": 427, ""text"": ""150 meetings organized""}]",detail,quantity,unsupported,"[{""start"": 938, ""end"": 982, ""text"": ""more than 100 public meetings were organized""}]",prefix: 150 is compatible with more than 100 but unsupported as an exact count.; AV: Exactly 150 meetings were arranged.,False,"The Committee against the Finnish White Terror () was an organization in Sweden, formed at the end of the Finnish Civil War. The formation of the Committee was preceded by a call from the Social Democratic Left Party published in Politiken in February 1918 to mobilize protests around the country to counter the official Swedish government position on the Finnish question. The Committee sought to unite the Swedish labour movement for a common position against what they termed the” White Terror” in Finland. The Committee raised funds for humanitarian aid to the victims of the repression. The Committee also opposed denials of political asylum for Finnish refugees. Sven Linderot was one of the three members of the Committee. The Committee managed to gather 21,851.53 kronor, 14,518.73 for Finnish refugees in Sweden and 6,920 kronor for affected in Finland. The Committee published 100,000 leaflets titled 'Truth about Finland', and more than 100 public meetings were organized","Danish political history article with factual narrative about communist movement during WWI, listing events and publications around the Swedish peace initiative.

The sentence structure ""The campaign received wide support and a series of lectures was organized and 150 meetings were arranged"" suggests a concluding clause describing the protest activities and organizational efforts, implying the number ""150 meetings organized"" or similar outcome.

Final token ""organized"" ends an incomplete clause (""where 150 lectures and protest meetings were organized and several demonstration meetings organized""), strongly expecting a continuation like ""in support of the campaign"" or ""across the country"" or ""by the activists during the campaign period."""
12,8,The concluding clause describes protest activities and organizational efforts.,"[{""sentence_id"": 1, ""start"": 302, ""end"": 382, ""text"": ""a concluding clause describing the protest activities and organizational efforts""}]",detail,local_text,true,"[{""start"": 863, ""end"": 982, ""text"": ""The Committee published 100,000 leaflets titled 'Truth about Finland', and more than 100 public meetings were organized""}]",prefix: The closing clause describes organized meetings in the protest campaign.; AV: The concluding clause describes protest activities and organizational efforts.,False,"The Committee against the Finnish White Terror () was an organization in Sweden, formed at the end of the Finnish Civil War. The formation of the Committee was preceded by a call from the Social Democratic Left Party published in Politiken in February 1918 to mobilize protests around the country to counter the official Swedish government position on the Finnish question. The Committee sought to unite the Swedish labour movement for a common position against what they termed the” White Terror” in Finland. The Committee raised funds for humanitarian aid to the victims of the repression. The Committee also opposed denials of political asylum for Finnish refugees. Sven Linderot was one of the three members of the Committee. The Committee managed to gather 21,851.53 kronor, 14,518.73 for Finnish refugees in Sweden and 6,920 kronor for affected in Finland. The Committee published 100,000 leaflets titled 'Truth about Finland', and more than 100 public meetings were organized","Danish political history article with factual narrative about communist movement during WWI, listing events and publications around the Swedish peace initiative.

The sentence structure ""The campaign received wide support and a series of lectures was organized and 150 meetings were arranged"" suggests a concluding clause describing the protest activities and organizational efforts, implying the number ""150 meetings organized"" or similar outcome.

Final token ""organized"" ends an incomplete clause (""where 150 lectures and protest meetings were organized and several demonstration meetings organized""), strongly expecting a continuation like ""in support of the campaign"" or ""across the country"" or ""by the activists during the campaign period."""
12,9,The final tokenizer token is “organized”.,"[{""sentence_id"": 2, ""start"": 450, ""end"": 473, ""text"": ""Final token \""organized\""""}]",detail,final_token,unsupported,[],prefix: Tokenizer evidence is excluded.; AV: The final tokenizer token is “organized”.,True,"The Committee against the Finnish White Terror () was an organization in Sweden, formed at the end of the Finnish Civil War. The formation of the Committee was preceded by a call from the Social Democratic Left Party published in Politiken in February 1918 to mobilize protests around the country to counter the official Swedish government position on the Finnish question. The Committee sought to unite the Swedish labour movement for a common position against what they termed the” White Terror” in Finland. The Committee raised funds for humanitarian aid to the victims of the repression. The Committee also opposed denials of political asylum for Finnish refugees. Sven Linderot was one of the three members of the Committee. The Committee managed to gather 21,851.53 kronor, 14,518.73 for Finnish refugees in Sweden and 6,920 kronor for affected in Finland. The Committee published 100,000 leaflets titled 'Truth about Finland', and more than 100 public meetings were organized","Danish political history article with factual narrative about communist movement during WWI, listing events and publications around the Swedish peace initiative.

The sentence structure ""The campaign received wide support and a series of lectures was organized and 150 meetings were arranged"" suggests a concluding clause describing the protest activities and organizational efforts, implying the number ""150 meetings organized"" or similar outcome.

Final token ""organized"" ends an incomplete clause (""where 150 lectures and protest meetings were organized and several demonstration meetings organized""), strongly expecting a continuation like ""in support of the campaign"" or ""across the country"" or ""by the activists during the campaign period."""
12,10,The ending is an incomplete clause.,"[{""sentence_id"": 2, ""start"": 474, ""end"": 499, ""text"": ""ends an incomplete clause""}]",detail,local_text,false,"[{""start"": 938, ""end"": 982, ""text"": ""more than 100 public meetings were organized""}]",prefix: This clause is complete.; AV: The ending is an incomplete clause.,True,"The Committee against the Finnish White Terror () was an organization in Sweden, formed at the end of the Finnish Civil War. The formation of the Committee was preceded by a call from the Social Democratic Left Party published in Politiken in February 1918 to mobilize protests around the country to counter the official Swedish government position on the Finnish question. The Committee sought to unite the Swedish labour movement for a common position against what they termed the” White Terror” in Finland. The Committee raised funds for humanitarian aid to the victims of the repression. The Committee also opposed denials of political asylum for Finnish refugees. Sven Linderot was one of the three members of the Committee. The Committee managed to gather 21,851.53 kronor, 14,518.73 for Finnish refugees in Sweden and 6,920 kronor for affected in Finland. The Committee published 100,000 leaflets titled 'Truth about Finland', and more than 100 public meetings were organized","Danish political history article with factual narrative about communist movement during WWI, listing events and publications around the Swedish peace initiative.

The sentence structure ""The campaign received wide support and a series of lectures was organized and 150 meetings were arranged"" suggests a concluding clause describing the protest activities and organizational efforts, implying the number ""150 meetings organized"" or similar outcome.

Final token ""organized"" ends an incomplete clause (""where 150 lectures and protest meetings were organized and several demonstration meetings organized""), strongly expecting a continuation like ""in support of the campaign"" or ""across the country"" or ""by the activists during the campaign period."""
12,11,A total of 150 lectures and protest meetings were organized.,"[{""sentence_id"": 2, ""start"": 508, ""end"": 556, ""text"": ""150 lectures and protest meetings were organized""}]",detail,quantity,unsupported,"[{""start"": 938, ""end"": 982, ""text"": ""more than 100 public meetings were organized""}]",prefix: Neither the exact count nor the inclusion of lectures is established; this is a count over a different set than meetings alone.; AV: A total of 150 lectures and protest meetings were organized.,True,"The Committee against the Finnish White Terror () was an organization in Sweden, formed at the end of the Finnish Civil War. The formation of the Committee was preceded by a call from the Social Democratic Left Party published in Politiken in February 1918 to mobilize protests around the country to counter the official Swedish government position on the Finnish question. The Committee sought to unite the Swedish labour movement for a common position against what they termed the” White Terror” in Finland. The Committee raised funds for humanitarian aid to the victims of the repression. The Committee also opposed denials of political asylum for Finnish refugees. Sven Linderot was one of the three members of the Committee. The Committee managed to gather 21,851.53 kronor, 14,518.73 for Finnish refugees in Sweden and 6,920 kronor for affected in Finland. The Committee published 100,000 leaflets titled 'Truth about Finland', and more than 100 public meetings were organized","Danish political history article with factual narrative about communist movement during WWI, listing events and publications around the Swedish peace initiative.

The sentence structure ""The campaign received wide support and a series of lectures was organized and 150 meetings were arranged"" suggests a concluding clause describing the protest activities and organizational efforts, implying the number ""150 meetings organized"" or similar outcome.

Final token ""organized"" ends an incomplete clause (""where 150 lectures and protest meetings were organized and several demonstration meetings organized""), strongly expecting a continuation like ""in support of the campaign"" or ""across the country"" or ""by the activists during the campaign period."""
12,12,Several demonstration meetings were organized.,"[{""sentence_id"": 2, ""start"": 561, ""end"": 601, ""text"": ""several demonstration meetings organized""}]",detail,event,unsupported,[],prefix: Public meetings are stated; demonstration meetings are not necessarily entailed.; AV: Several demonstration meetings were organized.,True,"The Committee against the Finnish White Terror () was an organization in Sweden, formed at the end of the Finnish Civil War. The formation of the Committee was preceded by a call from the Social Democratic Left Party published in Politiken in February 1918 to mobilize protests around the country to counter the official Swedish government position on the Finnish question. The Committee sought to unite the Swedish labour movement for a common position against what they termed the” White Terror” in Finland. The Committee raised funds for humanitarian aid to the victims of the repression. The Committee also opposed denials of political asylum for Finnish refugees. Sven Linderot was one of the three members of the Committee. The Committee managed to gather 21,851.53 kronor, 14,518.73 for Finnish refugees in Sweden and 6,920 kronor for affected in Finland. The Committee published 100,000 leaflets titled 'Truth about Finland', and more than 100 public meetings were organized","Danish political history article with factual narrative about communist movement during WWI, listing events and publications around the Swedish peace initiative.

The sentence structure ""The campaign received wide support and a series of lectures was organized and 150 meetings were arranged"" suggests a concluding clause describing the protest activities and organizational efforts, implying the number ""150 meetings organized"" or similar outcome.

Final token ""organized"" ends an incomplete clause (""where 150 lectures and protest meetings were organized and several demonstration meetings organized""), strongly expecting a continuation like ""in support of the campaign"" or ""across the country"" or ""by the activists during the campaign period."""
12,13,"The continuation is strongly expected to be “in support of the campaign”, “across the country”, or “by the activists during the campaign period.”","[{""sentence_id"": 2, ""start"": 605, ""end"": 746, ""text"": ""strongly expecting a continuation like \""in support of the campaign\"" or \""across the country\"" or \""by the activists during the campaign period.\""""}]",forecast,continuation,unsupported,[],"prefix: No continuation/probability evidence.; AV: The continuation is strongly expected to be “in support of the campaign”, “across the country”, or “by the activists during the campaign period.”",False,"The Committee against the Finnish White Terror () was an organization in Sweden, formed at the end of the Finnish Civil War. The formation of the Committee was preceded by a call from the Social Democratic Left Party published in Politiken in February 1918 to mobilize protests around the country to counter the official Swedish government position on the Finnish question. The Committee sought to unite the Swedish labour movement for a common position against what they termed the” White Terror” in Finland. The Committee raised funds for humanitarian aid to the victims of the repression. The Committee also opposed denials of political asylum for Finnish refugees. Sven Linderot was one of the three members of the Committee. The Committee managed to gather 21,851.53 kronor, 14,518.73 for Finnish refugees in Sweden and 6,920 kronor for affected in Finland. The Committee published 100,000 leaflets titled 'Truth about Finland', and more than 100 public meetings were organized","Danish political history article with factual narrative about communist movement during WWI, listing events and publications around the Swedish peace initiative.

The sentence structure ""The campaign received wide support and a series of lectures was organized and 150 meetings were arranged"" suggests a concluding clause describing the protest activities and organizational efforts, implying the number ""150 meetings organized"" or similar outcome.

Final token ""organized"" ends an incomplete clause (""where 150 lectures and protest meetings were organized and several demonstration meetings organized""), strongly expecting a continuation like ""in support of the campaign"" or ""across the country"" or ""by the activists during the campaign period."""
13,0,The passage is in Japanese.,"[{""sentence_id"": 0, ""start"": 0, ""end"": 17, ""text"": ""Japanese-language""}]",theme,language,false,"[{""start"": 0, ""end"": 84, ""text"": ""Like every other Tōshō-gū shrine, it is characterized by enshrining the first shōgun""}]",prefix: The prose is English despite Japanese proper names and a parenthetical Japanese name.; AV: The passage is in Japanese.,False,"Like every other Tōshō-gū shrine, it is characterized by enshrining the first shōgun of the Tokugawa Shogunate, Tokugawa Ieyasu with the name Tōshō Daigongen (東照大権現). The seated wooden statue of Tokugawa enshrined there has been designated an Important Cultural Property by the Tokyo Metropolitan Government. Located inside Shiba Park, just beside the Buddhist temple Zōjō-ji, an important Jōdo-shū temple and popular attraction, and close to Tokyo Tower, Shiba Tōshō-gū can be included in the same visiting course. Shiba Tōshō-gū is notable for its giant ginkgo tree, one of the biggest in Tokyo, with a height of 21.5 m and a trunk circumference of 6.5 m. It is believed that Tokugawa Iemitsu, the third Tokugawa shōgun, planted the tree himself, when the Tōshō-gū shrine was rebuilt in 1641. Although slightly damaged on the branches and the tip of the trunk, it was designated Natural Monument in 1956. Another giant ginkgo tree of similar characteristics in Tokyo is located in the grounds of Oji Shrine","Japanese-language Wikipedia article describing Shinto shrines in Tokyo, listing famous shrines with their characteristics and historical associations.

The sentence structure ""Some other Shinto shrines are also located in the eastern part of the city: Hachimangu Shrine is one of them, while another famous one is Kamakura Shrine"" suggests a concluding example about a third shrine's location or deity connection, likely a Shinto shrine.

Final token ""Shrine"" ends an incomplete phrase (""at Inari Shrine""), part of a parenthetical clause (""The deity of this god is also worshipped at Inari Shrine""), expecting ""in Kyoto"" or ""in the Seto Inari Shrine."""
13,1,The passage has Wikipedia-article format.,"[{""sentence_id"": 0, ""start"": 18, ""end"": 35, ""text"": ""Wikipedia article""}]",theme,format,true,"[{""start"": 516, ""end"": 567, ""text"": ""Shiba Tōshō-gū is notable for its giant ginkgo tree""}]",prefix: Expository shrine description supports this format.; AV: The passage has Wikipedia-article format.,False,"Like every other Tōshō-gū shrine, it is characterized by enshrining the first shōgun of the Tokugawa Shogunate, Tokugawa Ieyasu with the name Tōshō Daigongen (東照大権現). The seated wooden statue of Tokugawa enshrined there has been designated an Important Cultural Property by the Tokyo Metropolitan Government. Located inside Shiba Park, just beside the Buddhist temple Zōjō-ji, an important Jōdo-shū temple and popular attraction, and close to Tokyo Tower, Shiba Tōshō-gū can be included in the same visiting course. Shiba Tōshō-gū is notable for its giant ginkgo tree, one of the biggest in Tokyo, with a height of 21.5 m and a trunk circumference of 6.5 m. It is believed that Tokugawa Iemitsu, the third Tokugawa shōgun, planted the tree himself, when the Tōshō-gū shrine was rebuilt in 1641. Although slightly damaged on the branches and the tip of the trunk, it was designated Natural Monument in 1956. Another giant ginkgo tree of similar characteristics in Tokyo is located in the grounds of Oji Shrine","Japanese-language Wikipedia article describing Shinto shrines in Tokyo, listing famous shrines with their characteristics and historical associations.

The sentence structure ""Some other Shinto shrines are also located in the eastern part of the city: Hachimangu Shrine is one of them, while another famous one is Kamakura Shrine"" suggests a concluding example about a third shrine's location or deity connection, likely a Shinto shrine.

Final token ""Shrine"" ends an incomplete phrase (""at Inari Shrine""), part of a parenthetical clause (""The deity of this god is also worshipped at Inari Shrine""), expecting ""in Kyoto"" or ""in the Seto Inari Shrine."""
13,2,The passage describes Shinto shrines in Tokyo.,"[{""sentence_id"": 0, ""start"": 36, ""end"": 70, ""text"": ""describing Shinto shrines in Tokyo""}]",theme,topic,true,"[{""start"": 569, ""end"": 596, ""text"": ""one of the biggest in Tokyo""}]",prefix: Tokyo shrine locations and enshrined shoguns reasonably support this topic.; AV: The passage describes Shinto shrines in Tokyo.,True,"Like every other Tōshō-gū shrine, it is characterized by enshrining the first shōgun of the Tokugawa Shogunate, Tokugawa Ieyasu with the name Tōshō Daigongen (東照大権現). The seated wooden statue of Tokugawa enshrined there has been designated an Important Cultural Property by the Tokyo Metropolitan Government. Located inside Shiba Park, just beside the Buddhist temple Zōjō-ji, an important Jōdo-shū temple and popular attraction, and close to Tokyo Tower, Shiba Tōshō-gū can be included in the same visiting course. Shiba Tōshō-gū is notable for its giant ginkgo tree, one of the biggest in Tokyo, with a height of 21.5 m and a trunk circumference of 6.5 m. It is believed that Tokugawa Iemitsu, the third Tokugawa shōgun, planted the tree himself, when the Tōshō-gū shrine was rebuilt in 1641. Although slightly damaged on the branches and the tip of the trunk, it was designated Natural Monument in 1956. Another giant ginkgo tree of similar characteristics in Tokyo is located in the grounds of Oji Shrine","Japanese-language Wikipedia article describing Shinto shrines in Tokyo, listing famous shrines with their characteristics and historical associations.

The sentence structure ""Some other Shinto shrines are also located in the eastern part of the city: Hachimangu Shrine is one of them, while another famous one is Kamakura Shrine"" suggests a concluding example about a third shrine's location or deity connection, likely a Shinto shrine.

Final token ""Shrine"" ends an incomplete phrase (""at Inari Shrine""), part of a parenthetical clause (""The deity of this god is also worshipped at Inari Shrine""), expecting ""in Kyoto"" or ""in the Seto Inari Shrine."""
13,3,The described shrines are famous.,"[{""sentence_id"": 0, ""start"": 72, ""end"": 94, ""text"": ""listing famous shrines""}]",theme,topic,unsupported,[],"prefix: An adjacent temple is called popular, but fame of the described shrines is not established.; AV: The described shrines are famous.",False,"Like every other Tōshō-gū shrine, it is characterized by enshrining the first shōgun of the Tokugawa Shogunate, Tokugawa Ieyasu with the name Tōshō Daigongen (東照大権現). The seated wooden statue of Tokugawa enshrined there has been designated an Important Cultural Property by the Tokyo Metropolitan Government. Located inside Shiba Park, just beside the Buddhist temple Zōjō-ji, an important Jōdo-shū temple and popular attraction, and close to Tokyo Tower, Shiba Tōshō-gū can be included in the same visiting course. Shiba Tōshō-gū is notable for its giant ginkgo tree, one of the biggest in Tokyo, with a height of 21.5 m and a trunk circumference of 6.5 m. It is believed that Tokugawa Iemitsu, the third Tokugawa shōgun, planted the tree himself, when the Tōshō-gū shrine was rebuilt in 1641. Although slightly damaged on the branches and the tip of the trunk, it was designated Natural Monument in 1956. Another giant ginkgo tree of similar characteristics in Tokyo is located in the grounds of Oji Shrine","Japanese-language Wikipedia article describing Shinto shrines in Tokyo, listing famous shrines with their characteristics and historical associations.

The sentence structure ""Some other Shinto shrines are also located in the eastern part of the city: Hachimangu Shrine is one of them, while another famous one is Kamakura Shrine"" suggests a concluding example about a third shrine's location or deity connection, likely a Shinto shrine.

Final token ""Shrine"" ends an incomplete phrase (""at Inari Shrine""), part of a parenthetical clause (""The deity of this god is also worshipped at Inari Shrine""), expecting ""in Kyoto"" or ""in the Seto Inari Shrine."""
13,4,The passage gives shrine characteristics and historical associations.,"[{""sentence_id"": 0, ""start"": 95, ""end"": 149, ""text"": ""with their characteristics and historical associations""}]",theme,topic,true,"[{""start"": 658, ""end"": 747, ""text"": ""It is believed that Tokugawa Iemitsu, the third Tokugawa shōgun, planted the tree himself""}]",prefix: Historical association and the notable tree are explicit.; AV: The passage gives shrine characteristics and historical associations.,False,"Like every other Tōshō-gū shrine, it is characterized by enshrining the first shōgun of the Tokugawa Shogunate, Tokugawa Ieyasu with the name Tōshō Daigongen (東照大権現). The seated wooden statue of Tokugawa enshrined there has been designated an Important Cultural Property by the Tokyo Metropolitan Government. Located inside Shiba Park, just beside the Buddhist temple Zōjō-ji, an important Jōdo-shū temple and popular attraction, and close to Tokyo Tower, Shiba Tōshō-gū can be included in the same visiting course. Shiba Tōshō-gū is notable for its giant ginkgo tree, one of the biggest in Tokyo, with a height of 21.5 m and a trunk circumference of 6.5 m. It is believed that Tokugawa Iemitsu, the third Tokugawa shōgun, planted the tree himself, when the Tōshō-gū shrine was rebuilt in 1641. Although slightly damaged on the branches and the tip of the trunk, it was designated Natural Monument in 1956. Another giant ginkgo tree of similar characteristics in Tokyo is located in the grounds of Oji Shrine","Japanese-language Wikipedia article describing Shinto shrines in Tokyo, listing famous shrines with their characteristics and historical associations.

The sentence structure ""Some other Shinto shrines are also located in the eastern part of the city: Hachimangu Shrine is one of them, while another famous one is Kamakura Shrine"" suggests a concluding example about a third shrine's location or deity connection, likely a Shinto shrine.

Final token ""Shrine"" ends an incomplete phrase (""at Inari Shrine""), part of a parenthetical clause (""The deity of this god is also worshipped at Inari Shrine""), expecting ""in Kyoto"" or ""in the Seto Inari Shrine."""
13,5,Other Shinto shrines are located in the eastern part of the city.,"[{""sentence_id"": 1, ""start"": 176, ""end"": 250, ""text"": ""Some other Shinto shrines are also located in the eastern part of the city""}]",detail,attribute,unsupported,[],prefix: No east-of-city location is supplied.; AV: Other Shinto shrines are located in the eastern part of the city.,False,"Like every other Tōshō-gū shrine, it is characterized by enshrining the first shōgun of the Tokugawa Shogunate, Tokugawa Ieyasu with the name Tōshō Daigongen (東照大権現). The seated wooden statue of Tokugawa enshrined there has been designated an Important Cultural Property by the Tokyo Metropolitan Government. Located inside Shiba Park, just beside the Buddhist temple Zōjō-ji, an important Jōdo-shū temple and popular attraction, and close to Tokyo Tower, Shiba Tōshō-gū can be included in the same visiting course. Shiba Tōshō-gū is notable for its giant ginkgo tree, one of the biggest in Tokyo, with a height of 21.5 m and a trunk circumference of 6.5 m. It is believed that Tokugawa Iemitsu, the third Tokugawa shōgun, planted the tree himself, when the Tōshō-gū shrine was rebuilt in 1641. Although slightly damaged on the branches and the tip of the trunk, it was designated Natural Monument in 1956. Another giant ginkgo tree of similar characteristics in Tokyo is located in the grounds of Oji Shrine","Japanese-language Wikipedia article describing Shinto shrines in Tokyo, listing famous shrines with their characteristics and historical associations.

The sentence structure ""Some other Shinto shrines are also located in the eastern part of the city: Hachimangu Shrine is one of them, while another famous one is Kamakura Shrine"" suggests a concluding example about a third shrine's location or deity connection, likely a Shinto shrine.

Final token ""Shrine"" ends an incomplete phrase (""at Inari Shrine""), part of a parenthetical clause (""The deity of this god is also worshipped at Inari Shrine""), expecting ""in Kyoto"" or ""in the Seto Inari Shrine."""
13,6,Hachimangu Shrine is one of the other shrines referenced.,"[{""sentence_id"": 1, ""start"": 252, ""end"": 284, ""text"": ""Hachimangu Shrine is one of them""}]",entity,relationship,false,"[{""start"": 907, ""end"": 1008, ""text"": ""Another giant ginkgo tree of similar characteristics in Tokyo is located in the grounds of Oji Shrine""}]","prefix: The source example names Oji Shrine, not this replacement.; AV: Hachimangu Shrine is one of the other shrines referenced.",True,"Like every other Tōshō-gū shrine, it is characterized by enshrining the first shōgun of the Tokugawa Shogunate, Tokugawa Ieyasu with the name Tōshō Daigongen (東照大権現). The seated wooden statue of Tokugawa enshrined there has been designated an Important Cultural Property by the Tokyo Metropolitan Government. Located inside Shiba Park, just beside the Buddhist temple Zōjō-ji, an important Jōdo-shū temple and popular attraction, and close to Tokyo Tower, Shiba Tōshō-gū can be included in the same visiting course. Shiba Tōshō-gū is notable for its giant ginkgo tree, one of the biggest in Tokyo, with a height of 21.5 m and a trunk circumference of 6.5 m. It is believed that Tokugawa Iemitsu, the third Tokugawa shōgun, planted the tree himself, when the Tōshō-gū shrine was rebuilt in 1641. Although slightly damaged on the branches and the tip of the trunk, it was designated Natural Monument in 1956. Another giant ginkgo tree of similar characteristics in Tokyo is located in the grounds of Oji Shrine","Japanese-language Wikipedia article describing Shinto shrines in Tokyo, listing famous shrines with their characteristics and historical associations.

The sentence structure ""Some other Shinto shrines are also located in the eastern part of the city: Hachimangu Shrine is one of them, while another famous one is Kamakura Shrine"" suggests a concluding example about a third shrine's location or deity connection, likely a Shinto shrine.

Final token ""Shrine"" ends an incomplete phrase (""at Inari Shrine""), part of a parenthetical clause (""The deity of this god is also worshipped at Inari Shrine""), expecting ""in Kyoto"" or ""in the Seto Inari Shrine."""
13,7,Kamakura Shrine is another referenced shrine.,"[{""sentence_id"": 1, ""start"": 292, ""end"": 329, ""text"": ""another famous one is Kamakura Shrine""}]",entity,relationship,false,"[{""start"": 980, ""end"": 1008, ""text"": ""in the grounds of Oji Shrine""}]",prefix: A different named shrine fills the concluding example role.; AV: Kamakura Shrine is another referenced shrine.,True,"Like every other Tōshō-gū shrine, it is characterized by enshrining the first shōgun of the Tokugawa Shogunate, Tokugawa Ieyasu with the name Tōshō Daigongen (東照大権現). The seated wooden statue of Tokugawa enshrined there has been designated an Important Cultural Property by the Tokyo Metropolitan Government. Located inside Shiba Park, just beside the Buddhist temple Zōjō-ji, an important Jōdo-shū temple and popular attraction, and close to Tokyo Tower, Shiba Tōshō-gū can be included in the same visiting course. Shiba Tōshō-gū is notable for its giant ginkgo tree, one of the biggest in Tokyo, with a height of 21.5 m and a trunk circumference of 6.5 m. It is believed that Tokugawa Iemitsu, the third Tokugawa shōgun, planted the tree himself, when the Tōshō-gū shrine was rebuilt in 1641. Although slightly damaged on the branches and the tip of the trunk, it was designated Natural Monument in 1956. Another giant ginkgo tree of similar characteristics in Tokyo is located in the grounds of Oji Shrine","Japanese-language Wikipedia article describing Shinto shrines in Tokyo, listing famous shrines with their characteristics and historical associations.

The sentence structure ""Some other Shinto shrines are also located in the eastern part of the city: Hachimangu Shrine is one of them, while another famous one is Kamakura Shrine"" suggests a concluding example about a third shrine's location or deity connection, likely a Shinto shrine.

Final token ""Shrine"" ends an incomplete phrase (""at Inari Shrine""), part of a parenthetical clause (""The deity of this god is also worshipped at Inari Shrine""), expecting ""in Kyoto"" or ""in the Seto Inari Shrine."""
13,8,Kamakura Shrine is famous.,"[{""sentence_id"": 1, ""start"": 292, ""end"": 329, ""text"": ""another famous one is Kamakura Shrine""}]",detail,attribute,unsupported,[],prefix: No facts about Kamakura Shrine are given.; AV: Kamakura Shrine is famous.,False,"Like every other Tōshō-gū shrine, it is characterized by enshrining the first shōgun of the Tokugawa Shogunate, Tokugawa Ieyasu with the name Tōshō Daigongen (東照大権現). The seated wooden statue of Tokugawa enshrined there has been designated an Important Cultural Property by the Tokyo Metropolitan Government. Located inside Shiba Park, just beside the Buddhist temple Zōjō-ji, an important Jōdo-shū temple and popular attraction, and close to Tokyo Tower, Shiba Tōshō-gū can be included in the same visiting course. Shiba Tōshō-gū is notable for its giant ginkgo tree, one of the biggest in Tokyo, with a height of 21.5 m and a trunk circumference of 6.5 m. It is believed that Tokugawa Iemitsu, the third Tokugawa shōgun, planted the tree himself, when the Tōshō-gū shrine was rebuilt in 1641. Although slightly damaged on the branches and the tip of the trunk, it was designated Natural Monument in 1956. Another giant ginkgo tree of similar characteristics in Tokyo is located in the grounds of Oji Shrine","Japanese-language Wikipedia article describing Shinto shrines in Tokyo, listing famous shrines with their characteristics and historical associations.

The sentence structure ""Some other Shinto shrines are also located in the eastern part of the city: Hachimangu Shrine is one of them, while another famous one is Kamakura Shrine"" suggests a concluding example about a third shrine's location or deity connection, likely a Shinto shrine.

Final token ""Shrine"" ends an incomplete phrase (""at Inari Shrine""), part of a parenthetical clause (""The deity of this god is also worshipped at Inari Shrine""), expecting ""in Kyoto"" or ""in the Seto Inari Shrine."""
13,9,The ending gives a concluding example of a shrine location or deity connection.,"[{""sentence_id"": 1, ""start"": 340, ""end"": 412, ""text"": ""a concluding example about a third shrine's location or deity connection""}]",detail,local_text,true,"[{""start"": 907, ""end"": 1008, ""text"": ""Another giant ginkgo tree of similar characteristics in Tokyo is located in the grounds of Oji Shrine""}]",prefix: The ending supplies a shrine-location example; the ordinal third requires separate review.; AV: The ending gives a concluding example of a shrine location or deity connection.,True,"Like every other Tōshō-gū shrine, it is characterized by enshrining the first shōgun of the Tokugawa Shogunate, Tokugawa Ieyasu with the name Tōshō Daigongen (東照大権現). The seated wooden statue of Tokugawa enshrined there has been designated an Important Cultural Property by the Tokyo Metropolitan Government. Located inside Shiba Park, just beside the Buddhist temple Zōjō-ji, an important Jōdo-shū temple and popular attraction, and close to Tokyo Tower, Shiba Tōshō-gū can be included in the same visiting course. Shiba Tōshō-gū is notable for its giant ginkgo tree, one of the biggest in Tokyo, with a height of 21.5 m and a trunk circumference of 6.5 m. It is believed that Tokugawa Iemitsu, the third Tokugawa shōgun, planted the tree himself, when the Tōshō-gū shrine was rebuilt in 1641. Although slightly damaged on the branches and the tip of the trunk, it was designated Natural Monument in 1956. Another giant ginkgo tree of similar characteristics in Tokyo is located in the grounds of Oji Shrine","Japanese-language Wikipedia article describing Shinto shrines in Tokyo, listing famous shrines with their characteristics and historical associations.

The sentence structure ""Some other Shinto shrines are also located in the eastern part of the city: Hachimangu Shrine is one of them, while another famous one is Kamakura Shrine"" suggests a concluding example about a third shrine's location or deity connection, likely a Shinto shrine.

Final token ""Shrine"" ends an incomplete phrase (""at Inari Shrine""), part of a parenthetical clause (""The deity of this god is also worshipped at Inari Shrine""), expecting ""in Kyoto"" or ""in the Seto Inari Shrine."""
13,10,The shrine in the concluding example is the third shrine.,"[{""sentence_id"": 1, ""start"": 367, ""end"": 381, ""text"": ""a third shrine""}]",detail,quantity,unsupported,[],prefix: The source does not designate the final example as third.; AV: The shrine in the concluding example is the third shrine.,False,"Like every other Tōshō-gū shrine, it is characterized by enshrining the first shōgun of the Tokugawa Shogunate, Tokugawa Ieyasu with the name Tōshō Daigongen (東照大権現). The seated wooden statue of Tokugawa enshrined there has been designated an Important Cultural Property by the Tokyo Metropolitan Government. Located inside Shiba Park, just beside the Buddhist temple Zōjō-ji, an important Jōdo-shū temple and popular attraction, and close to Tokyo Tower, Shiba Tōshō-gū can be included in the same visiting course. Shiba Tōshō-gū is notable for its giant ginkgo tree, one of the biggest in Tokyo, with a height of 21.5 m and a trunk circumference of 6.5 m. It is believed that Tokugawa Iemitsu, the third Tokugawa shōgun, planted the tree himself, when the Tōshō-gū shrine was rebuilt in 1641. Although slightly damaged on the branches and the tip of the trunk, it was designated Natural Monument in 1956. Another giant ginkgo tree of similar characteristics in Tokyo is located in the grounds of Oji Shrine","Japanese-language Wikipedia article describing Shinto shrines in Tokyo, listing famous shrines with their characteristics and historical associations.

The sentence structure ""Some other Shinto shrines are also located in the eastern part of the city: Hachimangu Shrine is one of them, while another famous one is Kamakura Shrine"" suggests a concluding example about a third shrine's location or deity connection, likely a Shinto shrine.

Final token ""Shrine"" ends an incomplete phrase (""at Inari Shrine""), part of a parenthetical clause (""The deity of this god is also worshipped at Inari Shrine""), expecting ""in Kyoto"" or ""in the Seto Inari Shrine."""
13,11,The final tokenizer token is “Shrine”.,"[{""sentence_id"": 2, ""start"": 439, ""end"": 459, ""text"": ""Final token \""Shrine\""""}]",detail,final_token,unsupported,[],prefix: Tokenizer evidence is excluded.; AV: The final tokenizer token is “Shrine”.,True,"Like every other Tōshō-gū shrine, it is characterized by enshrining the first shōgun of the Tokugawa Shogunate, Tokugawa Ieyasu with the name Tōshō Daigongen (東照大権現). The seated wooden statue of Tokugawa enshrined there has been designated an Important Cultural Property by the Tokyo Metropolitan Government. Located inside Shiba Park, just beside the Buddhist temple Zōjō-ji, an important Jōdo-shū temple and popular attraction, and close to Tokyo Tower, Shiba Tōshō-gū can be included in the same visiting course. Shiba Tōshō-gū is notable for its giant ginkgo tree, one of the biggest in Tokyo, with a height of 21.5 m and a trunk circumference of 6.5 m. It is believed that Tokugawa Iemitsu, the third Tokugawa shōgun, planted the tree himself, when the Tōshō-gū shrine was rebuilt in 1641. Although slightly damaged on the branches and the tip of the trunk, it was designated Natural Monument in 1956. Another giant ginkgo tree of similar characteristics in Tokyo is located in the grounds of Oji Shrine","Japanese-language Wikipedia article describing Shinto shrines in Tokyo, listing famous shrines with their characteristics and historical associations.

The sentence structure ""Some other Shinto shrines are also located in the eastern part of the city: Hachimangu Shrine is one of them, while another famous one is Kamakura Shrine"" suggests a concluding example about a third shrine's location or deity connection, likely a Shinto shrine.

Final token ""Shrine"" ends an incomplete phrase (""at Inari Shrine""), part of a parenthetical clause (""The deity of this god is also worshipped at Inari Shrine""), expecting ""in Kyoto"" or ""in the Seto Inari Shrine."""
13,12,The final phrase is incomplete.,"[{""sentence_id"": 2, ""start"": 460, ""end"": 485, ""text"": ""ends an incomplete phrase""}]",detail,local_text,false,"[{""start"": 980, ""end"": 1008, ""text"": ""in the grounds of Oji Shrine""}]",prefix: The final prepositional phrase is complete.; AV: The final phrase is incomplete.,True,"Like every other Tōshō-gū shrine, it is characterized by enshrining the first shōgun of the Tokugawa Shogunate, Tokugawa Ieyasu with the name Tōshō Daigongen (東照大権現). The seated wooden statue of Tokugawa enshrined there has been designated an Important Cultural Property by the Tokyo Metropolitan Government. Located inside Shiba Park, just beside the Buddhist temple Zōjō-ji, an important Jōdo-shū temple and popular attraction, and close to Tokyo Tower, Shiba Tōshō-gū can be included in the same visiting course. Shiba Tōshō-gū is notable for its giant ginkgo tree, one of the biggest in Tokyo, with a height of 21.5 m and a trunk circumference of 6.5 m. It is believed that Tokugawa Iemitsu, the third Tokugawa shōgun, planted the tree himself, when the Tōshō-gū shrine was rebuilt in 1641. Although slightly damaged on the branches and the tip of the trunk, it was designated Natural Monument in 1956. Another giant ginkgo tree of similar characteristics in Tokyo is located in the grounds of Oji Shrine","Japanese-language Wikipedia article describing Shinto shrines in Tokyo, listing famous shrines with their characteristics and historical associations.

The sentence structure ""Some other Shinto shrines are also located in the eastern part of the city: Hachimangu Shrine is one of them, while another famous one is Kamakura Shrine"" suggests a concluding example about a third shrine's location or deity connection, likely a Shinto shrine.

Final token ""Shrine"" ends an incomplete phrase (""at Inari Shrine""), part of a parenthetical clause (""The deity of this god is also worshipped at Inari Shrine""), expecting ""in Kyoto"" or ""in the Seto Inari Shrine."""
13,13,The shrine in the ending is Inari Shrine.,"[{""sentence_id"": 2, ""start"": 488, ""end"": 503, ""text"": ""at Inari Shrine""}, {""sentence_id"": 2, ""start"": 581, ""end"": 596, ""text"": ""at Inari Shrine""}]",entity,identification,false,"[{""start"": 980, ""end"": 1008, ""text"": ""in the grounds of Oji Shrine""}]",prefix: The filled shrine role names Oji Shrine.; AV: The shrine in the ending is Inari Shrine.,False,"Like every other Tōshō-gū shrine, it is characterized by enshrining the first shōgun of the Tokugawa Shogunate, Tokugawa Ieyasu with the name Tōshō Daigongen (東照大権現). The seated wooden statue of Tokugawa enshrined there has been designated an Important Cultural Property by the Tokyo Metropolitan Government. Located inside Shiba Park, just beside the Buddhist temple Zōjō-ji, an important Jōdo-shū temple and popular attraction, and close to Tokyo Tower, Shiba Tōshō-gū can be included in the same visiting course. Shiba Tōshō-gū is notable for its giant ginkgo tree, one of the biggest in Tokyo, with a height of 21.5 m and a trunk circumference of 6.5 m. It is believed that Tokugawa Iemitsu, the third Tokugawa shōgun, planted the tree himself, when the Tōshō-gū shrine was rebuilt in 1641. Although slightly damaged on the branches and the tip of the trunk, it was designated Natural Monument in 1956. Another giant ginkgo tree of similar characteristics in Tokyo is located in the grounds of Oji Shrine","Japanese-language Wikipedia article describing Shinto shrines in Tokyo, listing famous shrines with their characteristics and historical associations.

The sentence structure ""Some other Shinto shrines are also located in the eastern part of the city: Hachimangu Shrine is one of them, while another famous one is Kamakura Shrine"" suggests a concluding example about a third shrine's location or deity connection, likely a Shinto shrine.

Final token ""Shrine"" ends an incomplete phrase (""at Inari Shrine""), part of a parenthetical clause (""The deity of this god is also worshipped at Inari Shrine""), expecting ""in Kyoto"" or ""in the Seto Inari Shrine."""
13,14,The ending is a parenthetical clause.,"[{""sentence_id"": 2, ""start"": 507, ""end"": 537, ""text"": ""part of a parenthetical clause""}]",detail,local_text,false,"[{""start"": 907, ""end"": 1008, ""text"": ""Another giant ginkgo tree of similar characteristics in Tokyo is located in the grounds of Oji Shrine""}]",prefix: The final sentence is not parenthetical.; AV: The ending is a parenthetical clause.,False,"Like every other Tōshō-gū shrine, it is characterized by enshrining the first shōgun of the Tokugawa Shogunate, Tokugawa Ieyasu with the name Tōshō Daigongen (東照大権現). The seated wooden statue of Tokugawa enshrined there has been designated an Important Cultural Property by the Tokyo Metropolitan Government. Located inside Shiba Park, just beside the Buddhist temple Zōjō-ji, an important Jōdo-shū temple and popular attraction, and close to Tokyo Tower, Shiba Tōshō-gū can be included in the same visiting course. Shiba Tōshō-gū is notable for its giant ginkgo tree, one of the biggest in Tokyo, with a height of 21.5 m and a trunk circumference of 6.5 m. It is believed that Tokugawa Iemitsu, the third Tokugawa shōgun, planted the tree himself, when the Tōshō-gū shrine was rebuilt in 1641. Although slightly damaged on the branches and the tip of the trunk, it was designated Natural Monument in 1956. Another giant ginkgo tree of similar characteristics in Tokyo is located in the grounds of Oji Shrine","Japanese-language Wikipedia article describing Shinto shrines in Tokyo, listing famous shrines with their characteristics and historical associations.

The sentence structure ""Some other Shinto shrines are also located in the eastern part of the city: Hachimangu Shrine is one of them, while another famous one is Kamakura Shrine"" suggests a concluding example about a third shrine's location or deity connection, likely a Shinto shrine.

Final token ""Shrine"" ends an incomplete phrase (""at Inari Shrine""), part of a parenthetical clause (""The deity of this god is also worshipped at Inari Shrine""), expecting ""in Kyoto"" or ""in the Seto Inari Shrine."""
13,15,The same deity is also worshipped at Inari Shrine.,"[{""sentence_id"": 2, ""start"": 540, ""end"": 596, ""text"": ""The deity of this god is also worshipped at Inari Shrine""}]",entity,relationship,unsupported,[],prefix: No Inari Shrine worship relationship is stated.; AV: The same deity is also worshipped at Inari Shrine.,False,"Like every other Tōshō-gū shrine, it is characterized by enshrining the first shōgun of the Tokugawa Shogunate, Tokugawa Ieyasu with the name Tōshō Daigongen (東照大権現). The seated wooden statue of Tokugawa enshrined there has been designated an Important Cultural Property by the Tokyo Metropolitan Government. Located inside Shiba Park, just beside the Buddhist temple Zōjō-ji, an important Jōdo-shū temple and popular attraction, and close to Tokyo Tower, Shiba Tōshō-gū can be included in the same visiting course. Shiba Tōshō-gū is notable for its giant ginkgo tree, one of the biggest in Tokyo, with a height of 21.5 m and a trunk circumference of 6.5 m. It is believed that Tokugawa Iemitsu, the third Tokugawa shōgun, planted the tree himself, when the Tōshō-gū shrine was rebuilt in 1641. Although slightly damaged on the branches and the tip of the trunk, it was designated Natural Monument in 1956. Another giant ginkgo tree of similar characteristics in Tokyo is located in the grounds of Oji Shrine","Japanese-language Wikipedia article describing Shinto shrines in Tokyo, listing famous shrines with their characteristics and historical associations.

The sentence structure ""Some other Shinto shrines are also located in the eastern part of the city: Hachimangu Shrine is one of them, while another famous one is Kamakura Shrine"" suggests a concluding example about a third shrine's location or deity connection, likely a Shinto shrine.

Final token ""Shrine"" ends an incomplete phrase (""at Inari Shrine""), part of a parenthetical clause (""The deity of this god is also worshipped at Inari Shrine""), expecting ""in Kyoto"" or ""in the Seto Inari Shrine."""
13,16,The continuation is expected to be “in Kyoto” or “in the Seto Inari Shrine.”,"[{""sentence_id"": 2, ""start"": 600, ""end"": 651, ""text"": ""expecting \""in Kyoto\"" or \""in the Seto Inari Shrine.\""""}]",forecast,continuation,unsupported,[],prefix: No continuation/probability evidence.; AV: The continuation is expected to be “in Kyoto” or “in the Seto Inari Shrine.”,False,"Like every other Tōshō-gū shrine, it is characterized by enshrining the first shōgun of the Tokugawa Shogunate, Tokugawa Ieyasu with the name Tōshō Daigongen (東照大権現). The seated wooden statue of Tokugawa enshrined there has been designated an Important Cultural Property by the Tokyo Metropolitan Government. Located inside Shiba Park, just beside the Buddhist temple Zōjō-ji, an important Jōdo-shū temple and popular attraction, and close to Tokyo Tower, Shiba Tōshō-gū can be included in the same visiting course. Shiba Tōshō-gū is notable for its giant ginkgo tree, one of the biggest in Tokyo, with a height of 21.5 m and a trunk circumference of 6.5 m. It is believed that Tokugawa Iemitsu, the third Tokugawa shōgun, planted the tree himself, when the Tōshō-gū shrine was rebuilt in 1641. Although slightly damaged on the branches and the tip of the trunk, it was designated Natural Monument in 1956. Another giant ginkgo tree of similar characteristics in Tokyo is located in the grounds of Oji Shrine","Japanese-language Wikipedia article describing Shinto shrines in Tokyo, listing famous shrines with their characteristics and historical associations.

The sentence structure ""Some other Shinto shrines are also located in the eastern part of the city: Hachimangu Shrine is one of them, while another famous one is Kamakura Shrine"" suggests a concluding example about a third shrine's location or deity connection, likely a Shinto shrine.

Final token ""Shrine"" ends an incomplete phrase (""at Inari Shrine""), part of a parenthetical clause (""The deity of this god is also worshipped at Inari Shrine""), expecting ""in Kyoto"" or ""in the Seto Inari Shrine."""
14,0,The passage has Wikipedia-article format.,"[{""sentence_id"": 0, ""start"": 0, ""end"": 24, ""text"": ""Wikipedia article format""}]",theme,format,true,"[{""start"": 0, ""end"": 107, ""text"": ""\""Portugal no coração\"" (\""Portugal in my heart\"") was the Portuguese entry in the Eurovision Song Contest 1977""}]",prefix: An expository contest-song entry supports the format.; AV: The passage has Wikipedia-article format.,False,"""Portugal no coração"" (""Portugal in my heart"") was the Portuguese entry in the Eurovision Song Contest 1977, performed in Portuguese by Os Amigos. The song is a ballad in praise of Portugal itself. The song is about freedom, brotherhood and hope. Many of the verses of the lyrics are acclamations of the end of the Estado Novo dictatorship that lasted for 48 years, and the end of the wars that the Portuguese people had been forced to fight on the African colonies by that regime. It's also a love hymn from Portuguese people to their ex-colonies people, whom they had fought. The song was performed eighth on the night, following Luxembourg's Anne-Marie B. with ""Frère Jacques"" and preceding the United Kingdom's Lynsey de Paul & Mike Moran with ""Rock Bottom"". At the close of voting, it had received 18 points, placing 14th in a field of 18. It was succeeded as Portuguese representative at the 1978 Contest by Gemini with","Wikipedia article format with biographical structure listing career achievements of Dutch singer Willy Van Rysselberghe, establishing a pattern of award results and song performances.

The sentence ""After his participation at the Eurovision Song Contest 1964, he initially performed with the song 'Een lieve vrouw', but subsequently withdrew in favour of another artist with"" implies a second song title follows.

Final token ""with"" ends an incomplete noun phrase (""Netherlands with Willy Van Rysselberghe with""), directly requiring a song title or "" 'The Star'"" or "" 'De Gouden Kruis'"" — the second entry of his chosen contest entry."
14,1,The passage has a biographical structure.,"[{""sentence_id"": 0, ""start"": 25, ""end"": 52, ""text"": ""with biographical structure""}]",theme,genre,false,"[{""start"": 147, ""end"": 197, ""text"": ""The song is a ballad in praise of Portugal itself.""}]","prefix: The visible passage is structured around a song and contest results, not a person's life.; AV: The passage has a biographical structure.",True,"""Portugal no coração"" (""Portugal in my heart"") was the Portuguese entry in the Eurovision Song Contest 1977, performed in Portuguese by Os Amigos. The song is a ballad in praise of Portugal itself. The song is about freedom, brotherhood and hope. Many of the verses of the lyrics are acclamations of the end of the Estado Novo dictatorship that lasted for 48 years, and the end of the wars that the Portuguese people had been forced to fight on the African colonies by that regime. It's also a love hymn from Portuguese people to their ex-colonies people, whom they had fought. The song was performed eighth on the night, following Luxembourg's Anne-Marie B. with ""Frère Jacques"" and preceding the United Kingdom's Lynsey de Paul & Mike Moran with ""Rock Bottom"". At the close of voting, it had received 18 points, placing 14th in a field of 18. It was succeeded as Portuguese representative at the 1978 Contest by Gemini with","Wikipedia article format with biographical structure listing career achievements of Dutch singer Willy Van Rysselberghe, establishing a pattern of award results and song performances.

The sentence ""After his participation at the Eurovision Song Contest 1964, he initially performed with the song 'Een lieve vrouw', but subsequently withdrew in favour of another artist with"" implies a second song title follows.

Final token ""with"" ends an incomplete noun phrase (""Netherlands with Willy Van Rysselberghe with""), directly requiring a song title or "" 'The Star'"" or "" 'De Gouden Kruis'"" — the second entry of his chosen contest entry."
14,2,The passage lists career achievements.,"[{""sentence_id"": 0, ""start"": 53, ""end"": 80, ""text"": ""listing career achievements""}]",theme,topic,unsupported,[],prefix: Contest results are given but are not framed as a person's career achievements.; AV: The passage lists career achievements.,False,"""Portugal no coração"" (""Portugal in my heart"") was the Portuguese entry in the Eurovision Song Contest 1977, performed in Portuguese by Os Amigos. The song is a ballad in praise of Portugal itself. The song is about freedom, brotherhood and hope. Many of the verses of the lyrics are acclamations of the end of the Estado Novo dictatorship that lasted for 48 years, and the end of the wars that the Portuguese people had been forced to fight on the African colonies by that regime. It's also a love hymn from Portuguese people to their ex-colonies people, whom they had fought. The song was performed eighth on the night, following Luxembourg's Anne-Marie B. with ""Frère Jacques"" and preceding the United Kingdom's Lynsey de Paul & Mike Moran with ""Rock Bottom"". At the close of voting, it had received 18 points, placing 14th in a field of 18. It was succeeded as Portuguese representative at the 1978 Contest by Gemini with","Wikipedia article format with biographical structure listing career achievements of Dutch singer Willy Van Rysselberghe, establishing a pattern of award results and song performances.

The sentence ""After his participation at the Eurovision Song Contest 1964, he initially performed with the song 'Een lieve vrouw', but subsequently withdrew in favour of another artist with"" implies a second song title follows.

Final token ""with"" ends an incomplete noun phrase (""Netherlands with Willy Van Rysselberghe with""), directly requiring a song title or "" 'The Star'"" or "" 'De Gouden Kruis'"" — the second entry of his chosen contest entry."
14,3,The subject performer is Willy Van Rysselberghe.,"[{""sentence_id"": 0, ""start"": 84, ""end"": 119, ""text"": ""Dutch singer Willy Van Rysselberghe""}]",entity,identification,false,"[{""start"": 109, ""end"": 145, ""text"": ""performed in Portuguese by Os Amigos""}]",prefix: The performer role is filled by Os Amigos.; AV: The subject performer is Willy Van Rysselberghe.,False,"""Portugal no coração"" (""Portugal in my heart"") was the Portuguese entry in the Eurovision Song Contest 1977, performed in Portuguese by Os Amigos. The song is a ballad in praise of Portugal itself. The song is about freedom, brotherhood and hope. Many of the verses of the lyrics are acclamations of the end of the Estado Novo dictatorship that lasted for 48 years, and the end of the wars that the Portuguese people had been forced to fight on the African colonies by that regime. It's also a love hymn from Portuguese people to their ex-colonies people, whom they had fought. The song was performed eighth on the night, following Luxembourg's Anne-Marie B. with ""Frère Jacques"" and preceding the United Kingdom's Lynsey de Paul & Mike Moran with ""Rock Bottom"". At the close of voting, it had received 18 points, placing 14th in a field of 18. It was succeeded as Portuguese representative at the 1978 Contest by Gemini with","Wikipedia article format with biographical structure listing career achievements of Dutch singer Willy Van Rysselberghe, establishing a pattern of award results and song performances.

The sentence ""After his participation at the Eurovision Song Contest 1964, he initially performed with the song 'Een lieve vrouw', but subsequently withdrew in favour of another artist with"" implies a second song title follows.

Final token ""with"" ends an incomplete noun phrase (""Netherlands with Willy Van Rysselberghe with""), directly requiring a song title or "" 'The Star'"" or "" 'De Gouden Kruis'"" — the second entry of his chosen contest entry."
14,4,Willy Van Rysselberghe is Dutch.,"[{""sentence_id"": 0, ""start"": 84, ""end"": 119, ""text"": ""Dutch singer Willy Van Rysselberghe""}]",detail,attribute,unsupported,[],prefix: No information about this named person is supplied.; AV: Willy Van Rysselberghe is Dutch.,False,"""Portugal no coração"" (""Portugal in my heart"") was the Portuguese entry in the Eurovision Song Contest 1977, performed in Portuguese by Os Amigos. The song is a ballad in praise of Portugal itself. The song is about freedom, brotherhood and hope. Many of the verses of the lyrics are acclamations of the end of the Estado Novo dictatorship that lasted for 48 years, and the end of the wars that the Portuguese people had been forced to fight on the African colonies by that regime. It's also a love hymn from Portuguese people to their ex-colonies people, whom they had fought. The song was performed eighth on the night, following Luxembourg's Anne-Marie B. with ""Frère Jacques"" and preceding the United Kingdom's Lynsey de Paul & Mike Moran with ""Rock Bottom"". At the close of voting, it had received 18 points, placing 14th in a field of 18. It was succeeded as Portuguese representative at the 1978 Contest by Gemini with","Wikipedia article format with biographical structure listing career achievements of Dutch singer Willy Van Rysselberghe, establishing a pattern of award results and song performances.

The sentence ""After his participation at the Eurovision Song Contest 1964, he initially performed with the song 'Een lieve vrouw', but subsequently withdrew in favour of another artist with"" implies a second song title follows.

Final token ""with"" ends an incomplete noun phrase (""Netherlands with Willy Van Rysselberghe with""), directly requiring a song title or "" 'The Star'"" or "" 'De Gouden Kruis'"" — the second entry of his chosen contest entry."
14,5,Willy Van Rysselberghe is a singer.,"[{""sentence_id"": 0, ""start"": 90, ""end"": 119, ""text"": ""singer Willy Van Rysselberghe""}]",detail,attribute,unsupported,[],prefix: Do not transfer performer facts from Os Amigos to this person.; AV: Willy Van Rysselberghe is a singer.,False,"""Portugal no coração"" (""Portugal in my heart"") was the Portuguese entry in the Eurovision Song Contest 1977, performed in Portuguese by Os Amigos. The song is a ballad in praise of Portugal itself. The song is about freedom, brotherhood and hope. Many of the verses of the lyrics are acclamations of the end of the Estado Novo dictatorship that lasted for 48 years, and the end of the wars that the Portuguese people had been forced to fight on the African colonies by that regime. It's also a love hymn from Portuguese people to their ex-colonies people, whom they had fought. The song was performed eighth on the night, following Luxembourg's Anne-Marie B. with ""Frère Jacques"" and preceding the United Kingdom's Lynsey de Paul & Mike Moran with ""Rock Bottom"". At the close of voting, it had received 18 points, placing 14th in a field of 18. It was succeeded as Portuguese representative at the 1978 Contest by Gemini with","Wikipedia article format with biographical structure listing career achievements of Dutch singer Willy Van Rysselberghe, establishing a pattern of award results and song performances.

The sentence ""After his participation at the Eurovision Song Contest 1964, he initially performed with the song 'Een lieve vrouw', but subsequently withdrew in favour of another artist with"" implies a second song title follows.

Final token ""with"" ends an incomplete noun phrase (""Netherlands with Willy Van Rysselberghe with""), directly requiring a song title or "" 'The Star'"" or "" 'De Gouden Kruis'"" — the second entry of his chosen contest entry."
14,6,The passage presents contest results and song performances.,"[{""sentence_id"": 0, ""start"": 134, ""end"": 182, ""text"": ""a pattern of award results and song performances""}]",theme,topic,true,"[{""start"": 763, ""end"": 844, ""text"": ""At the close of voting, it had received 18 points, placing 14th in a field of 18.""}]",prefix: Contest performance and voting results are explicit; award is interpreted broadly.; AV: The passage presents contest results and song performances.,True,"""Portugal no coração"" (""Portugal in my heart"") was the Portuguese entry in the Eurovision Song Contest 1977, performed in Portuguese by Os Amigos. The song is a ballad in praise of Portugal itself. The song is about freedom, brotherhood and hope. Many of the verses of the lyrics are acclamations of the end of the Estado Novo dictatorship that lasted for 48 years, and the end of the wars that the Portuguese people had been forced to fight on the African colonies by that regime. It's also a love hymn from Portuguese people to their ex-colonies people, whom they had fought. The song was performed eighth on the night, following Luxembourg's Anne-Marie B. with ""Frère Jacques"" and preceding the United Kingdom's Lynsey de Paul & Mike Moran with ""Rock Bottom"". At the close of voting, it had received 18 points, placing 14th in a field of 18. It was succeeded as Portuguese representative at the 1978 Contest by Gemini with","Wikipedia article format with biographical structure listing career achievements of Dutch singer Willy Van Rysselberghe, establishing a pattern of award results and song performances.

The sentence ""After his participation at the Eurovision Song Contest 1964, he initially performed with the song 'Een lieve vrouw', but subsequently withdrew in favour of another artist with"" implies a second song title follows.

Final token ""with"" ends an incomplete noun phrase (""Netherlands with Willy Van Rysselberghe with""), directly requiring a song title or "" 'The Star'"" or "" 'De Gouden Kruis'"" — the second entry of his chosen contest entry."
14,7,Willy Van Rysselberghe participated in Eurovision.,"[{""sentence_id"": 1, ""start"": 205, ""end"": 258, ""text"": ""his participation at the Eurovision Song Contest 1964""}]",detail,event,unsupported,[],prefix: The prefix describes different performers.; AV: Willy Van Rysselberghe participated in Eurovision.,False,"""Portugal no coração"" (""Portugal in my heart"") was the Portuguese entry in the Eurovision Song Contest 1977, performed in Portuguese by Os Amigos. The song is a ballad in praise of Portugal itself. The song is about freedom, brotherhood and hope. Many of the verses of the lyrics are acclamations of the end of the Estado Novo dictatorship that lasted for 48 years, and the end of the wars that the Portuguese people had been forced to fight on the African colonies by that regime. It's also a love hymn from Portuguese people to their ex-colonies people, whom they had fought. The song was performed eighth on the night, following Luxembourg's Anne-Marie B. with ""Frère Jacques"" and preceding the United Kingdom's Lynsey de Paul & Mike Moran with ""Rock Bottom"". At the close of voting, it had received 18 points, placing 14th in a field of 18. It was succeeded as Portuguese representative at the 1978 Contest by Gemini with","Wikipedia article format with biographical structure listing career achievements of Dutch singer Willy Van Rysselberghe, establishing a pattern of award results and song performances.

The sentence ""After his participation at the Eurovision Song Contest 1964, he initially performed with the song 'Een lieve vrouw', but subsequently withdrew in favour of another artist with"" implies a second song title follows.

Final token ""with"" ends an incomplete noun phrase (""Netherlands with Willy Van Rysselberghe with""), directly requiring a song title or "" 'The Star'"" or "" 'De Gouden Kruis'"" — the second entry of his chosen contest entry."
14,8,Willy Van Rysselberghe participated in Eurovision in 1964.,"[{""sentence_id"": 1, ""start"": 205, ""end"": 258, ""text"": ""his participation at the Eurovision Song Contest 1964""}]",detail,date,unsupported,[],prefix: No participation date for this person is given; 1977 concerns a different participant.; AV: Willy Van Rysselberghe participated in Eurovision in 1964.,False,"""Portugal no coração"" (""Portugal in my heart"") was the Portuguese entry in the Eurovision Song Contest 1977, performed in Portuguese by Os Amigos. The song is a ballad in praise of Portugal itself. The song is about freedom, brotherhood and hope. Many of the verses of the lyrics are acclamations of the end of the Estado Novo dictatorship that lasted for 48 years, and the end of the wars that the Portuguese people had been forced to fight on the African colonies by that regime. It's also a love hymn from Portuguese people to their ex-colonies people, whom they had fought. The song was performed eighth on the night, following Luxembourg's Anne-Marie B. with ""Frère Jacques"" and preceding the United Kingdom's Lynsey de Paul & Mike Moran with ""Rock Bottom"". At the close of voting, it had received 18 points, placing 14th in a field of 18. It was succeeded as Portuguese representative at the 1978 Contest by Gemini with","Wikipedia article format with biographical structure listing career achievements of Dutch singer Willy Van Rysselberghe, establishing a pattern of award results and song performances.

The sentence ""After his participation at the Eurovision Song Contest 1964, he initially performed with the song 'Een lieve vrouw', but subsequently withdrew in favour of another artist with"" implies a second song title follows.

Final token ""with"" ends an incomplete noun phrase (""Netherlands with Willy Van Rysselberghe with""), directly requiring a song title or "" 'The Star'"" or "" 'De Gouden Kruis'"" — the second entry of his chosen contest entry."
14,9,Willy Van Rysselberghe initially performed Een lieve vrouw.,"[{""sentence_id"": 1, ""start"": 260, ""end"": 314, ""text"": ""he initially performed with the song 'Een lieve vrouw'""}]",entity,relationship,unsupported,[],prefix: Neither the named person nor this song relationship is given.; AV: Willy Van Rysselberghe initially performed Een lieve vrouw.,False,"""Portugal no coração"" (""Portugal in my heart"") was the Portuguese entry in the Eurovision Song Contest 1977, performed in Portuguese by Os Amigos. The song is a ballad in praise of Portugal itself. The song is about freedom, brotherhood and hope. Many of the verses of the lyrics are acclamations of the end of the Estado Novo dictatorship that lasted for 48 years, and the end of the wars that the Portuguese people had been forced to fight on the African colonies by that regime. It's also a love hymn from Portuguese people to their ex-colonies people, whom they had fought. The song was performed eighth on the night, following Luxembourg's Anne-Marie B. with ""Frère Jacques"" and preceding the United Kingdom's Lynsey de Paul & Mike Moran with ""Rock Bottom"". At the close of voting, it had received 18 points, placing 14th in a field of 18. It was succeeded as Portuguese representative at the 1978 Contest by Gemini with","Wikipedia article format with biographical structure listing career achievements of Dutch singer Willy Van Rysselberghe, establishing a pattern of award results and song performances.

The sentence ""After his participation at the Eurovision Song Contest 1964, he initially performed with the song 'Een lieve vrouw', but subsequently withdrew in favour of another artist with"" implies a second song title follows.

Final token ""with"" ends an incomplete noun phrase (""Netherlands with Willy Van Rysselberghe with""), directly requiring a song title or "" 'The Star'"" or "" 'De Gouden Kruis'"" — the second entry of his chosen contest entry."
14,10,Willy Van Rysselberghe subsequently withdrew in favor of another artist.,"[{""sentence_id"": 1, ""start"": 316, ""end"": 369, ""text"": ""but subsequently withdrew in favour of another artist""}]",detail,event,unsupported,[],"prefix: A later contest representative is supplied, not a withdrawal by this person.; AV: Willy Van Rysselberghe subsequently withdrew in favor of another artist.",False,"""Portugal no coração"" (""Portugal in my heart"") was the Portuguese entry in the Eurovision Song Contest 1977, performed in Portuguese by Os Amigos. The song is a ballad in praise of Portugal itself. The song is about freedom, brotherhood and hope. Many of the verses of the lyrics are acclamations of the end of the Estado Novo dictatorship that lasted for 48 years, and the end of the wars that the Portuguese people had been forced to fight on the African colonies by that regime. It's also a love hymn from Portuguese people to their ex-colonies people, whom they had fought. The song was performed eighth on the night, following Luxembourg's Anne-Marie B. with ""Frère Jacques"" and preceding the United Kingdom's Lynsey de Paul & Mike Moran with ""Rock Bottom"". At the close of voting, it had received 18 points, placing 14th in a field of 18. It was succeeded as Portuguese representative at the 1978 Contest by Gemini with","Wikipedia article format with biographical structure listing career achievements of Dutch singer Willy Van Rysselberghe, establishing a pattern of award results and song performances.

The sentence ""After his participation at the Eurovision Song Contest 1964, he initially performed with the song 'Een lieve vrouw', but subsequently withdrew in favour of another artist with"" implies a second song title follows.

Final token ""with"" ends an incomplete noun phrase (""Netherlands with Willy Van Rysselberghe with""), directly requiring a song title or "" 'The Star'"" or "" 'De Gouden Kruis'"" — the second entry of his chosen contest entry."
14,11,"A second song title follows, possibly The Star or De Gouden Kruis.","[{""sentence_id"": 1, ""start"": 376, ""end"": 411, ""text"": ""implies a second song title follows""}, {""sentence_id"": 2, ""start"": 514, ""end"": 586, ""text"": ""directly requiring a song title or \"" 'The Star'\"" or \"" 'De Gouden Kruis'\""""}]",forecast,continuation,unsupported,[],"prefix: No unseen continuation evidence. The repeated title prediction and offered alternatives form one forecast.; AV: A second song title follows, possibly The Star or De Gouden Kruis.",False,"""Portugal no coração"" (""Portugal in my heart"") was the Portuguese entry in the Eurovision Song Contest 1977, performed in Portuguese by Os Amigos. The song is a ballad in praise of Portugal itself. The song is about freedom, brotherhood and hope. Many of the verses of the lyrics are acclamations of the end of the Estado Novo dictatorship that lasted for 48 years, and the end of the wars that the Portuguese people had been forced to fight on the African colonies by that regime. It's also a love hymn from Portuguese people to their ex-colonies people, whom they had fought. The song was performed eighth on the night, following Luxembourg's Anne-Marie B. with ""Frère Jacques"" and preceding the United Kingdom's Lynsey de Paul & Mike Moran with ""Rock Bottom"". At the close of voting, it had received 18 points, placing 14th in a field of 18. It was succeeded as Portuguese representative at the 1978 Contest by Gemini with","Wikipedia article format with biographical structure listing career achievements of Dutch singer Willy Van Rysselberghe, establishing a pattern of award results and song performances.

The sentence ""After his participation at the Eurovision Song Contest 1964, he initially performed with the song 'Een lieve vrouw', but subsequently withdrew in favour of another artist with"" implies a second song title follows.

Final token ""with"" ends an incomplete noun phrase (""Netherlands with Willy Van Rysselberghe with""), directly requiring a song title or "" 'The Star'"" or "" 'De Gouden Kruis'"" — the second entry of his chosen contest entry."
14,12,The final tokenizer token is “with”.,"[{""sentence_id"": 2, ""start"": 414, ""end"": 432, ""text"": ""Final token \""with\""""}]",detail,final_token,unsupported,[],prefix: Tokenizer evidence is excluded.; AV: The final tokenizer token is “with”.,True,"""Portugal no coração"" (""Portugal in my heart"") was the Portuguese entry in the Eurovision Song Contest 1977, performed in Portuguese by Os Amigos. The song is a ballad in praise of Portugal itself. The song is about freedom, brotherhood and hope. Many of the verses of the lyrics are acclamations of the end of the Estado Novo dictatorship that lasted for 48 years, and the end of the wars that the Portuguese people had been forced to fight on the African colonies by that regime. It's also a love hymn from Portuguese people to their ex-colonies people, whom they had fought. The song was performed eighth on the night, following Luxembourg's Anne-Marie B. with ""Frère Jacques"" and preceding the United Kingdom's Lynsey de Paul & Mike Moran with ""Rock Bottom"". At the close of voting, it had received 18 points, placing 14th in a field of 18. It was succeeded as Portuguese representative at the 1978 Contest by Gemini with","Wikipedia article format with biographical structure listing career achievements of Dutch singer Willy Van Rysselberghe, establishing a pattern of award results and song performances.

The sentence ""After his participation at the Eurovision Song Contest 1964, he initially performed with the song 'Een lieve vrouw', but subsequently withdrew in favour of another artist with"" implies a second song title follows.

Final token ""with"" ends an incomplete noun phrase (""Netherlands with Willy Van Rysselberghe with""), directly requiring a song title or "" 'The Star'"" or "" 'De Gouden Kruis'"" — the second entry of his chosen contest entry."
14,13,The text ends in an incomplete phrase at “with”.,"[{""sentence_id"": 2, ""start"": 433, ""end"": 463, ""text"": ""ends an incomplete noun phrase""}]",detail,local_text,true,"[{""start"": 845, ""end"": 925, ""text"": ""It was succeeded as Portuguese representative at the 1978 Contest by Gemini with""}]",prefix: The preposition awaits a complement; the label noun phrase is imprecise.; AV: The text ends in an incomplete phrase at “with”.,True,"""Portugal no coração"" (""Portugal in my heart"") was the Portuguese entry in the Eurovision Song Contest 1977, performed in Portuguese by Os Amigos. The song is a ballad in praise of Portugal itself. The song is about freedom, brotherhood and hope. Many of the verses of the lyrics are acclamations of the end of the Estado Novo dictatorship that lasted for 48 years, and the end of the wars that the Portuguese people had been forced to fight on the African colonies by that regime. It's also a love hymn from Portuguese people to their ex-colonies people, whom they had fought. The song was performed eighth on the night, following Luxembourg's Anne-Marie B. with ""Frère Jacques"" and preceding the United Kingdom's Lynsey de Paul & Mike Moran with ""Rock Bottom"". At the close of voting, it had received 18 points, placing 14th in a field of 18. It was succeeded as Portuguese representative at the 1978 Contest by Gemini with","Wikipedia article format with biographical structure listing career achievements of Dutch singer Willy Van Rysselberghe, establishing a pattern of award results and song performances.

The sentence ""After his participation at the Eurovision Song Contest 1964, he initially performed with the song 'Een lieve vrouw', but subsequently withdrew in favour of another artist with"" implies a second song title follows.

Final token ""with"" ends an incomplete noun phrase (""Netherlands with Willy Van Rysselberghe with""), directly requiring a song title or "" 'The Star'"" or "" 'De Gouden Kruis'"" — the second entry of his chosen contest entry."
14,14,The contest entry is associated with the Netherlands and Willy Van Rysselberghe.,"[{""sentence_id"": 2, ""start"": 466, ""end"": 510, ""text"": ""Netherlands with Willy Van Rysselberghe with""}]",entity,relationship,false,"[{""start"": 109, ""end"": 145, ""text"": ""performed in Portuguese by Os Amigos""}]",prefix: The filled country/performer role is Portuguese/Os Amigos; source role binding is contradicted.; AV: The contest entry is associated with the Netherlands and Willy Van Rysselberghe.,False,"""Portugal no coração"" (""Portugal in my heart"") was the Portuguese entry in the Eurovision Song Contest 1977, performed in Portuguese by Os Amigos. The song is a ballad in praise of Portugal itself. The song is about freedom, brotherhood and hope. Many of the verses of the lyrics are acclamations of the end of the Estado Novo dictatorship that lasted for 48 years, and the end of the wars that the Portuguese people had been forced to fight on the African colonies by that regime. It's also a love hymn from Portuguese people to their ex-colonies people, whom they had fought. The song was performed eighth on the night, following Luxembourg's Anne-Marie B. with ""Frère Jacques"" and preceding the United Kingdom's Lynsey de Paul & Mike Moran with ""Rock Bottom"". At the close of voting, it had received 18 points, placing 14th in a field of 18. It was succeeded as Portuguese representative at the 1978 Contest by Gemini with","Wikipedia article format with biographical structure listing career achievements of Dutch singer Willy Van Rysselberghe, establishing a pattern of award results and song performances.

The sentence ""After his participation at the Eurovision Song Contest 1964, he initially performed with the song 'Een lieve vrouw', but subsequently withdrew in favour of another artist with"" implies a second song title follows.

Final token ""with"" ends an incomplete noun phrase (""Netherlands with Willy Van Rysselberghe with""), directly requiring a song title or "" 'The Star'"" or "" 'De Gouden Kruis'"" — the second entry of his chosen contest entry."
14,15,The next title is the second entry chosen by Willy Van Rysselberghe.,"[{""sentence_id"": 2, ""start"": 589, ""end"": 633, ""text"": ""the second entry of his chosen contest entry""}]",detail,quantity,unsupported,[],prefix: No entry choices for this named person are described.; AV: The next title is the second entry chosen by Willy Van Rysselberghe.,False,"""Portugal no coração"" (""Portugal in my heart"") was the Portuguese entry in the Eurovision Song Contest 1977, performed in Portuguese by Os Amigos. The song is a ballad in praise of Portugal itself. The song is about freedom, brotherhood and hope. Many of the verses of the lyrics are acclamations of the end of the Estado Novo dictatorship that lasted for 48 years, and the end of the wars that the Portuguese people had been forced to fight on the African colonies by that regime. It's also a love hymn from Portuguese people to their ex-colonies people, whom they had fought. The song was performed eighth on the night, following Luxembourg's Anne-Marie B. with ""Frère Jacques"" and preceding the United Kingdom's Lynsey de Paul & Mike Moran with ""Rock Bottom"". At the close of voting, it had received 18 points, placing 14th in a field of 18. It was succeeded as Portuguese representative at the 1978 Contest by Gemini with","Wikipedia article format with biographical structure listing career achievements of Dutch singer Willy Van Rysselberghe, establishing a pattern of award results and song performances.

The sentence ""After his participation at the Eurovision Song Contest 1964, he initially performed with the song 'Een lieve vrouw', but subsequently withdrew in favour of another artist with"" implies a second song title follows.

Final token ""with"" ends an incomplete noun phrase (""Netherlands with Willy Van Rysselberghe with""), directly requiring a song title or "" 'The Star'"" or "" 'De Gouden Kruis'"" — the second entry of his chosen contest entry."
15,0,The passage is in Malay.,"[{""sentence_id"": 0, ""start"": 0, ""end"": 5, ""text"": ""Malay""}]",theme,language,false,"[{""start"": 0, ""end"": 40, ""text"": ""Hong Kong Chinese official football team""}]",prefix: The visible prose is English.; AV: The passage is in Malay.,False,"Hong Kong Chinese official football team (or) was a football team held by the Chinese Football Association of Hong Kong, a sub-association of the Hong Kong Football Association, the and China National Football Association of Taiwan. It was a feeder team of China national football team (1947–1949) and later Republic of China (Taiwan) from 1949 to 1971. Some players of Hong Kong Chinese also chose to represent Hong Kong national football team instead (official match since 1954); none of the player represented China PR national football team. The team participated in annual, a competition that Chinese from Hong Kong against Western expatriates from Hong Kong, as well as Ho Ho Cup, a competition against Malayan Chinese. However, in 1969 edition, South Korean Huh Yoon-jung also received call-up. The team also one of the teams to participate in friendly match against football club that visited Hong Kong, along with Hong Kong national football team and Hong Kong League XI. The team also toured in Australia in 1953 and Asia in August 1959","Malay Wikipedia article format with biographical details listing military ranks and appearances of Singapore football team members during 1950s.

The sentence structure ""He also participated in several international tours including 1957 Asian Games in Japan and 1959 Asian Games in Indonesia"" suggests a list of dates or events, implying a concluding event or additional tour details about the 1959 Asian Games.

Final token ""1959"" ends an incomplete date range (""in September 1959 and July 1959""), strongly expecting ""."" or ""and other tours"" or ""with the Singapore Football Association."""
15,1,The passage has Wikipedia-article format.,"[{""sentence_id"": 0, ""start"": 6, ""end"": 30, ""text"": ""Wikipedia article format""}]",theme,format,true,"[{""start"": 233, ""end"": 285, ""text"": ""It was a feeder team of China national football team""}]",prefix: Expository team history supports this format.; AV: The passage has Wikipedia-article format.,False,"Hong Kong Chinese official football team (or) was a football team held by the Chinese Football Association of Hong Kong, a sub-association of the Hong Kong Football Association, the and China National Football Association of Taiwan. It was a feeder team of China national football team (1947–1949) and later Republic of China (Taiwan) from 1949 to 1971. Some players of Hong Kong Chinese also chose to represent Hong Kong national football team instead (official match since 1954); none of the player represented China PR national football team. The team participated in annual, a competition that Chinese from Hong Kong against Western expatriates from Hong Kong, as well as Ho Ho Cup, a competition against Malayan Chinese. However, in 1969 edition, South Korean Huh Yoon-jung also received call-up. The team also one of the teams to participate in friendly match against football club that visited Hong Kong, along with Hong Kong national football team and Hong Kong League XI. The team also toured in Australia in 1953 and Asia in August 1959","Malay Wikipedia article format with biographical details listing military ranks and appearances of Singapore football team members during 1950s.

The sentence structure ""He also participated in several international tours including 1957 Asian Games in Japan and 1959 Asian Games in Indonesia"" suggests a list of dates or events, implying a concluding event or additional tour details about the 1959 Asian Games.

Final token ""1959"" ends an incomplete date range (""in September 1959 and July 1959""), strongly expecting ""."" or ""and other tours"" or ""with the Singapore Football Association."""
15,2,The passage supplies a personal biography.,"[{""sentence_id"": 0, ""start"": 31, ""end"": 56, ""text"": ""with biographical details""}]",theme,genre,false,"[{""start"": 0, ""end"": 40, ""text"": ""Hong Kong Chinese official football team""}]","prefix: The subject is a team, not an individual life.; AV: The passage supplies a personal biography.",True,"Hong Kong Chinese official football team (or) was a football team held by the Chinese Football Association of Hong Kong, a sub-association of the Hong Kong Football Association, the and China National Football Association of Taiwan. It was a feeder team of China national football team (1947–1949) and later Republic of China (Taiwan) from 1949 to 1971. Some players of Hong Kong Chinese also chose to represent Hong Kong national football team instead (official match since 1954); none of the player represented China PR national football team. The team participated in annual, a competition that Chinese from Hong Kong against Western expatriates from Hong Kong, as well as Ho Ho Cup, a competition against Malayan Chinese. However, in 1969 edition, South Korean Huh Yoon-jung also received call-up. The team also one of the teams to participate in friendly match against football club that visited Hong Kong, along with Hong Kong national football team and Hong Kong League XI. The team also toured in Australia in 1953 and Asia in August 1959","Malay Wikipedia article format with biographical details listing military ranks and appearances of Singapore football team members during 1950s.

The sentence structure ""He also participated in several international tours including 1957 Asian Games in Japan and 1959 Asian Games in Indonesia"" suggests a list of dates or events, implying a concluding event or additional tour details about the 1959 Asian Games.

Final token ""1959"" ends an incomplete date range (""in September 1959 and July 1959""), strongly expecting ""."" or ""and other tours"" or ""with the Singapore Football Association."""
15,3,The passage lists military ranks.,"[{""sentence_id"": 0, ""start"": 57, ""end"": 79, ""text"": ""listing military ranks""}]",theme,topic,unsupported,[],prefix: No military rank is supplied.; AV: The passage lists military ranks.,False,"Hong Kong Chinese official football team (or) was a football team held by the Chinese Football Association of Hong Kong, a sub-association of the Hong Kong Football Association, the and China National Football Association of Taiwan. It was a feeder team of China national football team (1947–1949) and later Republic of China (Taiwan) from 1949 to 1971. Some players of Hong Kong Chinese also chose to represent Hong Kong national football team instead (official match since 1954); none of the player represented China PR national football team. The team participated in annual, a competition that Chinese from Hong Kong against Western expatriates from Hong Kong, as well as Ho Ho Cup, a competition against Malayan Chinese. However, in 1969 edition, South Korean Huh Yoon-jung also received call-up. The team also one of the teams to participate in friendly match against football club that visited Hong Kong, along with Hong Kong national football team and Hong Kong League XI. The team also toured in Australia in 1953 and Asia in August 1959","Malay Wikipedia article format with biographical details listing military ranks and appearances of Singapore football team members during 1950s.

The sentence structure ""He also participated in several international tours including 1957 Asian Games in Japan and 1959 Asian Games in Indonesia"" suggests a list of dates or events, implying a concluding event or additional tour details about the 1959 Asian Games.

Final token ""1959"" ends an incomplete date range (""in September 1959 and July 1959""), strongly expecting ""."" or ""and other tours"" or ""with the Singapore Football Association."""
15,4,The team described is the Singapore football team.,"[{""sentence_id"": 0, ""start"": 99, ""end"": 130, ""text"": ""Singapore football team members""}]",entity,identification,false,"[{""start"": 0, ""end"": 40, ""text"": ""Hong Kong Chinese official football team""}]",prefix: The source identifies Hong Kong Chinese official football team.; AV: The team described is the Singapore football team.,False,"Hong Kong Chinese official football team (or) was a football team held by the Chinese Football Association of Hong Kong, a sub-association of the Hong Kong Football Association, the and China National Football Association of Taiwan. It was a feeder team of China national football team (1947–1949) and later Republic of China (Taiwan) from 1949 to 1971. Some players of Hong Kong Chinese also chose to represent Hong Kong national football team instead (official match since 1954); none of the player represented China PR national football team. The team participated in annual, a competition that Chinese from Hong Kong against Western expatriates from Hong Kong, as well as Ho Ho Cup, a competition against Malayan Chinese. However, in 1969 edition, South Korean Huh Yoon-jung also received call-up. The team also one of the teams to participate in friendly match against football club that visited Hong Kong, along with Hong Kong national football team and Hong Kong League XI. The team also toured in Australia in 1953 and Asia in August 1959","Malay Wikipedia article format with biographical details listing military ranks and appearances of Singapore football team members during 1950s.

The sentence structure ""He also participated in several international tours including 1957 Asian Games in Japan and 1959 Asian Games in Indonesia"" suggests a list of dates or events, implying a concluding event or additional tour details about the 1959 Asian Games.

Final token ""1959"" ends an incomplete date range (""in September 1959 and July 1959""), strongly expecting ""."" or ""and other tours"" or ""with the Singapore Football Association."""
15,5,The passage describes football appearances in the 1950s.,"[{""sentence_id"": 0, ""start"": 84, ""end"": 143, ""text"": ""appearances of Singapore football team members during 1950s""}]",theme,topic,true,"[{""start"": 981, ""end"": 1046, ""text"": ""The team also toured in Australia in 1953 and Asia in August 1959""}]",prefix: The broad topic is team appearances during the 1950s; this does not transfer the named team binding.; AV: The passage describes football appearances in the 1950s.,True,"Hong Kong Chinese official football team (or) was a football team held by the Chinese Football Association of Hong Kong, a sub-association of the Hong Kong Football Association, the and China National Football Association of Taiwan. It was a feeder team of China national football team (1947–1949) and later Republic of China (Taiwan) from 1949 to 1971. Some players of Hong Kong Chinese also chose to represent Hong Kong national football team instead (official match since 1954); none of the player represented China PR national football team. The team participated in annual, a competition that Chinese from Hong Kong against Western expatriates from Hong Kong, as well as Ho Ho Cup, a competition against Malayan Chinese. However, in 1969 edition, South Korean Huh Yoon-jung also received call-up. The team also one of the teams to participate in friendly match against football club that visited Hong Kong, along with Hong Kong national football team and Hong Kong League XI. The team also toured in Australia in 1953 and Asia in August 1959","Malay Wikipedia article format with biographical details listing military ranks and appearances of Singapore football team members during 1950s.

The sentence structure ""He also participated in several international tours including 1957 Asian Games in Japan and 1959 Asian Games in Indonesia"" suggests a list of dates or events, implying a concluding event or additional tour details about the 1959 Asian Games.

Final token ""1959"" ends an incomplete date range (""in September 1959 and July 1959""), strongly expecting ""."" or ""and other tours"" or ""with the Singapore Football Association."""
15,6,The AV’s unnamed male subject participated in several international tours.,"[{""sentence_id"": 1, ""start"": 170, ""end"": 221, ""text"": ""He also participated in several international tours""}]",detail,event,unsupported,[],"prefix: The prefix attributes tours to a team, not the AV's individual subject.; AV: The AV’s unnamed male subject participated in several international tours.",True,"Hong Kong Chinese official football team (or) was a football team held by the Chinese Football Association of Hong Kong, a sub-association of the Hong Kong Football Association, the and China National Football Association of Taiwan. It was a feeder team of China national football team (1947–1949) and later Republic of China (Taiwan) from 1949 to 1971. Some players of Hong Kong Chinese also chose to represent Hong Kong national football team instead (official match since 1954); none of the player represented China PR national football team. The team participated in annual, a competition that Chinese from Hong Kong against Western expatriates from Hong Kong, as well as Ho Ho Cup, a competition against Malayan Chinese. However, in 1969 edition, South Korean Huh Yoon-jung also received call-up. The team also one of the teams to participate in friendly match against football club that visited Hong Kong, along with Hong Kong national football team and Hong Kong League XI. The team also toured in Australia in 1953 and Asia in August 1959","Malay Wikipedia article format with biographical details listing military ranks and appearances of Singapore football team members during 1950s.

The sentence structure ""He also participated in several international tours including 1957 Asian Games in Japan and 1959 Asian Games in Indonesia"" suggests a list of dates or events, implying a concluding event or additional tour details about the 1959 Asian Games.

Final token ""1959"" ends an incomplete date range (""in September 1959 and July 1959""), strongly expecting ""."" or ""and other tours"" or ""with the Singapore Football Association."""
15,7,The unnamed male subject participated in the 1957 Asian Games in Japan.,"[{""sentence_id"": 1, ""start"": 222, ""end"": 257, ""text"": ""including 1957 Asian Games in Japan""}]",entity,relationship,unsupported,[],prefix: No individual participation or Asian Games is given.; AV: The unnamed male subject participated in the 1957 Asian Games in Japan.,False,"Hong Kong Chinese official football team (or) was a football team held by the Chinese Football Association of Hong Kong, a sub-association of the Hong Kong Football Association, the and China National Football Association of Taiwan. It was a feeder team of China national football team (1947–1949) and later Republic of China (Taiwan) from 1949 to 1971. Some players of Hong Kong Chinese also chose to represent Hong Kong national football team instead (official match since 1954); none of the player represented China PR national football team. The team participated in annual, a competition that Chinese from Hong Kong against Western expatriates from Hong Kong, as well as Ho Ho Cup, a competition against Malayan Chinese. However, in 1969 edition, South Korean Huh Yoon-jung also received call-up. The team also one of the teams to participate in friendly match against football club that visited Hong Kong, along with Hong Kong national football team and Hong Kong League XI. The team also toured in Australia in 1953 and Asia in August 1959","Malay Wikipedia article format with biographical details listing military ranks and appearances of Singapore football team members during 1950s.

The sentence structure ""He also participated in several international tours including 1957 Asian Games in Japan and 1959 Asian Games in Indonesia"" suggests a list of dates or events, implying a concluding event or additional tour details about the 1959 Asian Games.

Final token ""1959"" ends an incomplete date range (""in September 1959 and July 1959""), strongly expecting ""."" or ""and other tours"" or ""with the Singapore Football Association."""
15,8,The unnamed male subject participated in the 1959 Asian Games in Indonesia.,"[{""sentence_id"": 1, ""start"": 258, ""end"": 291, ""text"": ""and 1959 Asian Games in Indonesia""}]",entity,relationship,unsupported,[],prefix: No such participation or Games venue is given.; AV: The unnamed male subject participated in the 1959 Asian Games in Indonesia.,False,"Hong Kong Chinese official football team (or) was a football team held by the Chinese Football Association of Hong Kong, a sub-association of the Hong Kong Football Association, the and China National Football Association of Taiwan. It was a feeder team of China national football team (1947–1949) and later Republic of China (Taiwan) from 1949 to 1971. Some players of Hong Kong Chinese also chose to represent Hong Kong national football team instead (official match since 1954); none of the player represented China PR national football team. The team participated in annual, a competition that Chinese from Hong Kong against Western expatriates from Hong Kong, as well as Ho Ho Cup, a competition against Malayan Chinese. However, in 1969 edition, South Korean Huh Yoon-jung also received call-up. The team also one of the teams to participate in friendly match against football club that visited Hong Kong, along with Hong Kong national football team and Hong Kong League XI. The team also toured in Australia in 1953 and Asia in August 1959","Malay Wikipedia article format with biographical details listing military ranks and appearances of Singapore football team members during 1950s.

The sentence structure ""He also participated in several international tours including 1957 Asian Games in Japan and 1959 Asian Games in Indonesia"" suggests a list of dates or events, implying a concluding event or additional tour details about the 1959 Asian Games.

Final token ""1959"" ends an incomplete date range (""in September 1959 and July 1959""), strongly expecting ""."" or ""and other tours"" or ""with the Singapore Football Association."""
15,9,The ending lists dates or events.,"[{""sentence_id"": 1, ""start"": 293, ""end"": 327, ""text"": ""suggests a list of dates or events""}]",detail,local_text,true,"[{""start"": 1002, ""end"": 1046, ""text"": ""in Australia in 1953 and Asia in August 1959""}]",prefix: Two dated tours are listed.; AV: The ending lists dates or events.,False,"Hong Kong Chinese official football team (or) was a football team held by the Chinese Football Association of Hong Kong, a sub-association of the Hong Kong Football Association, the and China National Football Association of Taiwan. It was a feeder team of China national football team (1947–1949) and later Republic of China (Taiwan) from 1949 to 1971. Some players of Hong Kong Chinese also chose to represent Hong Kong national football team instead (official match since 1954); none of the player represented China PR national football team. The team participated in annual, a competition that Chinese from Hong Kong against Western expatriates from Hong Kong, as well as Ho Ho Cup, a competition against Malayan Chinese. However, in 1969 edition, South Korean Huh Yoon-jung also received call-up. The team also one of the teams to participate in friendly match against football club that visited Hong Kong, along with Hong Kong national football team and Hong Kong League XI. The team also toured in Australia in 1953 and Asia in August 1959","Malay Wikipedia article format with biographical details listing military ranks and appearances of Singapore football team members during 1950s.

The sentence structure ""He also participated in several international tours including 1957 Asian Games in Japan and 1959 Asian Games in Indonesia"" suggests a list of dates or events, implying a concluding event or additional tour details about the 1959 Asian Games.

Final token ""1959"" ends an incomplete date range (""in September 1959 and July 1959""), strongly expecting ""."" or ""and other tours"" or ""with the Singapore Football Association."""
15,10,The ending implies another event or details about the 1959 Asian Games.,"[{""sentence_id"": 1, ""start"": 329, ""end"": 410, ""text"": ""implying a concluding event or additional tour details about the 1959 Asian Games""}]",forecast,continuation,unsupported,[],prefix: No unseen completion evidence; keep alternatives together.; AV: The ending implies another event or details about the 1959 Asian Games.,False,"Hong Kong Chinese official football team (or) was a football team held by the Chinese Football Association of Hong Kong, a sub-association of the Hong Kong Football Association, the and China National Football Association of Taiwan. It was a feeder team of China national football team (1947–1949) and later Republic of China (Taiwan) from 1949 to 1971. Some players of Hong Kong Chinese also chose to represent Hong Kong national football team instead (official match since 1954); none of the player represented China PR national football team. The team participated in annual, a competition that Chinese from Hong Kong against Western expatriates from Hong Kong, as well as Ho Ho Cup, a competition against Malayan Chinese. However, in 1969 edition, South Korean Huh Yoon-jung also received call-up. The team also one of the teams to participate in friendly match against football club that visited Hong Kong, along with Hong Kong national football team and Hong Kong League XI. The team also toured in Australia in 1953 and Asia in August 1959","Malay Wikipedia article format with biographical details listing military ranks and appearances of Singapore football team members during 1950s.

The sentence structure ""He also participated in several international tours including 1957 Asian Games in Japan and 1959 Asian Games in Indonesia"" suggests a list of dates or events, implying a concluding event or additional tour details about the 1959 Asian Games.

Final token ""1959"" ends an incomplete date range (""in September 1959 and July 1959""), strongly expecting ""."" or ""and other tours"" or ""with the Singapore Football Association."""
15,11,The final tour occurred in September 1959.,"[{""sentence_id"": 2, ""start"": 464, ""end"": 481, ""text"": ""in September 1959""}]",detail,date,false,"[{""start"": 1027, ""end"": 1046, ""text"": ""Asia in August 1959""}]",prefix: The source fills the final-tour date with August.; AV: The final tour occurred in September 1959.,False,"Hong Kong Chinese official football team (or) was a football team held by the Chinese Football Association of Hong Kong, a sub-association of the Hong Kong Football Association, the and China National Football Association of Taiwan. It was a feeder team of China national football team (1947–1949) and later Republic of China (Taiwan) from 1949 to 1971. Some players of Hong Kong Chinese also chose to represent Hong Kong national football team instead (official match since 1954); none of the player represented China PR national football team. The team participated in annual, a competition that Chinese from Hong Kong against Western expatriates from Hong Kong, as well as Ho Ho Cup, a competition against Malayan Chinese. However, in 1969 edition, South Korean Huh Yoon-jung also received call-up. The team also one of the teams to participate in friendly match against football club that visited Hong Kong, along with Hong Kong national football team and Hong Kong League XI. The team also toured in Australia in 1953 and Asia in August 1959","Malay Wikipedia article format with biographical details listing military ranks and appearances of Singapore football team members during 1950s.

The sentence structure ""He also participated in several international tours including 1957 Asian Games in Japan and 1959 Asian Games in Indonesia"" suggests a list of dates or events, implying a concluding event or additional tour details about the 1959 Asian Games.

Final token ""1959"" ends an incomplete date range (""in September 1959 and July 1959""), strongly expecting ""."" or ""and other tours"" or ""with the Singapore Football Association."""
15,12,The final tour occurred in July 1959.,"[{""sentence_id"": 2, ""start"": 482, ""end"": 495, ""text"": ""and July 1959""}]",detail,date,false,"[{""start"": 1027, ""end"": 1046, ""text"": ""Asia in August 1959""}]",prefix: The source fills the same tour-date role with August; retain the conflicting July assertion.; AV: The final tour occurred in July 1959.,False,"Hong Kong Chinese official football team (or) was a football team held by the Chinese Football Association of Hong Kong, a sub-association of the Hong Kong Football Association, the and China National Football Association of Taiwan. It was a feeder team of China national football team (1947–1949) and later Republic of China (Taiwan) from 1949 to 1971. Some players of Hong Kong Chinese also chose to represent Hong Kong national football team instead (official match since 1954); none of the player represented China PR national football team. The team participated in annual, a competition that Chinese from Hong Kong against Western expatriates from Hong Kong, as well as Ho Ho Cup, a competition against Malayan Chinese. However, in 1969 edition, South Korean Huh Yoon-jung also received call-up. The team also one of the teams to participate in friendly match against football club that visited Hong Kong, along with Hong Kong national football team and Hong Kong League XI. The team also toured in Australia in 1953 and Asia in August 1959","Malay Wikipedia article format with biographical details listing military ranks and appearances of Singapore football team members during 1950s.

The sentence structure ""He also participated in several international tours including 1957 Asian Games in Japan and 1959 Asian Games in Indonesia"" suggests a list of dates or events, implying a concluding event or additional tour details about the 1959 Asian Games.

Final token ""1959"" ends an incomplete date range (""in September 1959 and July 1959""), strongly expecting ""."" or ""and other tours"" or ""with the Singapore Football Association."""
15,13,The final tokenizer token is “1959”.,"[{""sentence_id"": 2, ""start"": 413, ""end"": 431, ""text"": ""Final token \""1959\""""}]",detail,final_token,unsupported,[],prefix: Tokenizer evidence is excluded under the prefix-only protocol.; AV: The final tokenizer token is “1959”.,True,"Hong Kong Chinese official football team (or) was a football team held by the Chinese Football Association of Hong Kong, a sub-association of the Hong Kong Football Association, the and China National Football Association of Taiwan. It was a feeder team of China national football team (1947–1949) and later Republic of China (Taiwan) from 1949 to 1971. Some players of Hong Kong Chinese also chose to represent Hong Kong national football team instead (official match since 1954); none of the player represented China PR national football team. The team participated in annual, a competition that Chinese from Hong Kong against Western expatriates from Hong Kong, as well as Ho Ho Cup, a competition against Malayan Chinese. However, in 1969 edition, South Korean Huh Yoon-jung also received call-up. The team also one of the teams to participate in friendly match against football club that visited Hong Kong, along with Hong Kong national football team and Hong Kong League XI. The team also toured in Australia in 1953 and Asia in August 1959","Malay Wikipedia article format with biographical details listing military ranks and appearances of Singapore football team members during 1950s.

The sentence structure ""He also participated in several international tours including 1957 Asian Games in Japan and 1959 Asian Games in Indonesia"" suggests a list of dates or events, implying a concluding event or additional tour details about the 1959 Asian Games.

Final token ""1959"" ends an incomplete date range (""in September 1959 and July 1959""), strongly expecting ""."" or ""and other tours"" or ""with the Singapore Football Association."""
15,14,The visible ending is syntactically incomplete.,"[{""sentence_id"": 2, ""start"": 432, ""end"": 462, ""text"": ""ends an incomplete date range ""}]",detail,local_text,false,"[{""start"": 981, ""end"": 1046, ""text"": ""The team also toured in Australia in 1953 and Asia in August 1959""}]",prefix: The final date phrase and tour clause are complete.; AV: The visible ending is syntactically incomplete.,True,"Hong Kong Chinese official football team (or) was a football team held by the Chinese Football Association of Hong Kong, a sub-association of the Hong Kong Football Association, the and China National Football Association of Taiwan. It was a feeder team of China national football team (1947–1949) and later Republic of China (Taiwan) from 1949 to 1971. Some players of Hong Kong Chinese also chose to represent Hong Kong national football team instead (official match since 1954); none of the player represented China PR national football team. The team participated in annual, a competition that Chinese from Hong Kong against Western expatriates from Hong Kong, as well as Ho Ho Cup, a competition against Malayan Chinese. However, in 1969 edition, South Korean Huh Yoon-jung also received call-up. The team also one of the teams to participate in friendly match against football club that visited Hong Kong, along with Hong Kong national football team and Hong Kong League XI. The team also toured in Australia in 1953 and Asia in August 1959","Malay Wikipedia article format with biographical details listing military ranks and appearances of Singapore football team members during 1950s.

The sentence structure ""He also participated in several international tours including 1957 Asian Games in Japan and 1959 Asian Games in Indonesia"" suggests a list of dates or events, implying a concluding event or additional tour details about the 1959 Asian Games.

Final token ""1959"" ends an incomplete date range (""in September 1959 and July 1959""), strongly expecting ""."" or ""and other tours"" or ""with the Singapore Football Association."""
15,15,"The AV predicts the following continuation alternatives: strongly expecting ""."" or ""and other tours"" or ""with the Singapore Football Association."".","[{""sentence_id"": 2, ""start"": 499, ""end"": 588, ""text"": ""strongly expecting \"".\"" or \""and other tours\"" or \""with the Singapore Football Association.\""""}]",forecast,continuation,unsupported,[],"prefix: No continuation or probability evidence; keep the offered alternatives together.; AV: The AV predicts the following continuation alternatives: strongly expecting ""."" or ""and other tours"" or ""with the Singapore Football Association."".",False,"Hong Kong Chinese official football team (or) was a football team held by the Chinese Football Association of Hong Kong, a sub-association of the Hong Kong Football Association, the and China National Football Association of Taiwan. It was a feeder team of China national football team (1947–1949) and later Republic of China (Taiwan) from 1949 to 1971. Some players of Hong Kong Chinese also chose to represent Hong Kong national football team instead (official match since 1954); none of the player represented China PR national football team. The team participated in annual, a competition that Chinese from Hong Kong against Western expatriates from Hong Kong, as well as Ho Ho Cup, a competition against Malayan Chinese. However, in 1969 edition, South Korean Huh Yoon-jung also received call-up. The team also one of the teams to participate in friendly match against football club that visited Hong Kong, along with Hong Kong national football team and Hong Kong League XI. The team also toured in Australia in 1953 and Asia in August 1959","Malay Wikipedia article format with biographical details listing military ranks and appearances of Singapore football team members during 1950s.

The sentence structure ""He also participated in several international tours including 1957 Asian Games in Japan and 1959 Asian Games in Indonesia"" suggests a list of dates or events, implying a concluding event or additional tour details about the 1959 Asian Games.

Final token ""1959"" ends an incomplete date range (""in September 1959 and July 1959""), strongly expecting ""."" or ""and other tours"" or ""with the Singapore Football Association."""
16,0,The passage is an Indian film-actor biography.,"[{""sentence_id"": 0, ""start"": 0, ""end"": 34, ""text"": ""Indian film actor biography format""}]",theme,genre,true,"[{""start"": 0, ""end"": 82, ""text"": ""Ashwathy Kurup, better known by her stage name Parvathy, is an Indian film actress""}]",prefix: The subject is an Indian actress.; AV: The passage is an Indian film-actor biography.,False,"Ashwathy Kurup, better known by her stage name Parvathy, is an Indian film actress and classical dancer, who appeared in Malayalam films. Parvathy was a popular actress in Malayalam cinema during the late-1980s and early-1990s. Her first film was directed by Lenin Rajendran, but was shelved and never released. She was introduced to the industry by actor-director Balachandra Menon through Vivahithare Ithile in 1986. Her notable works include Amrutham Gamaya, Oru Minnaminunginte Nurunguvettam, Thoovanathumbikal (1987), Ponmuttayidunna Tharavu (1988), Vadakkunokkiyantram, Peruvannapurathe Visheshangal and Kireedam (1989). Parvathy married film actor Jayaram who was her co-star in many films on 7th September 1992 at Town Hall, Ernakulam. After marriage, Parvathy effectively quit acting in films. She now lives with her family in Chennai. She has two children, Kalidas Jayaram and Malavika Jayaram","Indian film actor biography format with Indian language script details, listing achievements and career milestones of a Hindu film director.

The sentence ending ""His two daughters Namrata and Ananya Sriram are also actors and his son Anil Sriram and daughter Ananya Sriram"" suggests a closing clause about his children's names and careers, implying a concluding phrase about their family or personal life.

Final token ""Sriramaram"" ends an incomplete list (""Ananya Sriram and Ananya Sriram, two daughters Namrata and Ananya Sriram""), strongly expecting ""."" or ""."" or ""who are"" or ""and their respective careers"" to complete the family status statement."
16,1,The passage contains Indian-language script details.,"[{""sentence_id"": 0, ""start"": 35, ""end"": 70, ""text"": ""with Indian language script details""}]",theme,language,false,"[{""start"": 0, ""end"": 55, ""text"": ""Ashwathy Kurup, better known by her stage name Parvathy""}]",prefix: Visible text is Latin-script English; names are transliterated.; AV: The passage contains Indian-language script details.,True,"Ashwathy Kurup, better known by her stage name Parvathy, is an Indian film actress and classical dancer, who appeared in Malayalam films. Parvathy was a popular actress in Malayalam cinema during the late-1980s and early-1990s. Her first film was directed by Lenin Rajendran, but was shelved and never released. She was introduced to the industry by actor-director Balachandra Menon through Vivahithare Ithile in 1986. Her notable works include Amrutham Gamaya, Oru Minnaminunginte Nurunguvettam, Thoovanathumbikal (1987), Ponmuttayidunna Tharavu (1988), Vadakkunokkiyantram, Peruvannapurathe Visheshangal and Kireedam (1989). Parvathy married film actor Jayaram who was her co-star in many films on 7th September 1992 at Town Hall, Ernakulam. After marriage, Parvathy effectively quit acting in films. She now lives with her family in Chennai. She has two children, Kalidas Jayaram and Malavika Jayaram","Indian film actor biography format with Indian language script details, listing achievements and career milestones of a Hindu film director.

The sentence ending ""His two daughters Namrata and Ananya Sriram are also actors and his son Anil Sriram and daughter Ananya Sriram"" suggests a closing clause about his children's names and careers, implying a concluding phrase about their family or personal life.

Final token ""Sriramaram"" ends an incomplete list (""Ananya Sriram and Ananya Sriram, two daughters Namrata and Ananya Sriram""), strongly expecting ""."" or ""."" or ""who are"" or ""and their respective careers"" to complete the family status statement."
16,2,The passage lists career milestones.,"[{""sentence_id"": 0, ""start"": 72, ""end"": 114, ""text"": ""listing achievements and career milestones""}]",theme,topic,true,"[{""start"": 312, ""end"": 418, ""text"": ""She was introduced to the industry by actor-director Balachandra Menon through Vivahithare Ithile in 1986.""}]",prefix: Career introduction and notable works are given.; AV: The passage lists career milestones.,False,"Ashwathy Kurup, better known by her stage name Parvathy, is an Indian film actress and classical dancer, who appeared in Malayalam films. Parvathy was a popular actress in Malayalam cinema during the late-1980s and early-1990s. Her first film was directed by Lenin Rajendran, but was shelved and never released. She was introduced to the industry by actor-director Balachandra Menon through Vivahithare Ithile in 1986. Her notable works include Amrutham Gamaya, Oru Minnaminunginte Nurunguvettam, Thoovanathumbikal (1987), Ponmuttayidunna Tharavu (1988), Vadakkunokkiyantram, Peruvannapurathe Visheshangal and Kireedam (1989). Parvathy married film actor Jayaram who was her co-star in many films on 7th September 1992 at Town Hall, Ernakulam. After marriage, Parvathy effectively quit acting in films. She now lives with her family in Chennai. She has two children, Kalidas Jayaram and Malavika Jayaram","Indian film actor biography format with Indian language script details, listing achievements and career milestones of a Hindu film director.

The sentence ending ""His two daughters Namrata and Ananya Sriram are also actors and his son Anil Sriram and daughter Ananya Sriram"" suggests a closing clause about his children's names and careers, implying a concluding phrase about their family or personal life.

Final token ""Sriramaram"" ends an incomplete list (""Ananya Sriram and Ananya Sriram, two daughters Namrata and Ananya Sriram""), strongly expecting ""."" or ""."" or ""who are"" or ""and their respective careers"" to complete the family status statement."
16,3,The biography subject is Hindu.,"[{""sentence_id"": 0, ""start"": 118, ""end"": 139, ""text"": ""a Hindu film director""}]",detail,attribute,unsupported,[],prefix: Religion is not given.; AV: The biography subject is Hindu.,False,"Ashwathy Kurup, better known by her stage name Parvathy, is an Indian film actress and classical dancer, who appeared in Malayalam films. Parvathy was a popular actress in Malayalam cinema during the late-1980s and early-1990s. Her first film was directed by Lenin Rajendran, but was shelved and never released. She was introduced to the industry by actor-director Balachandra Menon through Vivahithare Ithile in 1986. Her notable works include Amrutham Gamaya, Oru Minnaminunginte Nurunguvettam, Thoovanathumbikal (1987), Ponmuttayidunna Tharavu (1988), Vadakkunokkiyantram, Peruvannapurathe Visheshangal and Kireedam (1989). Parvathy married film actor Jayaram who was her co-star in many films on 7th September 1992 at Town Hall, Ernakulam. After marriage, Parvathy effectively quit acting in films. She now lives with her family in Chennai. She has two children, Kalidas Jayaram and Malavika Jayaram","Indian film actor biography format with Indian language script details, listing achievements and career milestones of a Hindu film director.

The sentence ending ""His two daughters Namrata and Ananya Sriram are also actors and his son Anil Sriram and daughter Ananya Sriram"" suggests a closing clause about his children's names and careers, implying a concluding phrase about their family or personal life.

Final token ""Sriramaram"" ends an incomplete list (""Ananya Sriram and Ananya Sriram, two daughters Namrata and Ananya Sriram""), strongly expecting ""."" or ""."" or ""who are"" or ""and their respective careers"" to complete the family status statement."
16,4,The biography subject is a male film director.,"[{""sentence_id"": 0, ""start"": 118, ""end"": 139, ""text"": ""a Hindu film director""}, {""sentence_id"": 1, ""start"": 163, ""end"": 180, ""text"": ""His two daughters""}]",entity,identification,false,"[{""start"": 57, ""end"": 103, ""text"": ""is an Indian film actress and classical dancer""}]","prefix: The filled subject role is a female actress, not the reconstructed male director.; AV: The biography subject is a male film director.",True,"Ashwathy Kurup, better known by her stage name Parvathy, is an Indian film actress and classical dancer, who appeared in Malayalam films. Parvathy was a popular actress in Malayalam cinema during the late-1980s and early-1990s. Her first film was directed by Lenin Rajendran, but was shelved and never released. She was introduced to the industry by actor-director Balachandra Menon through Vivahithare Ithile in 1986. Her notable works include Amrutham Gamaya, Oru Minnaminunginte Nurunguvettam, Thoovanathumbikal (1987), Ponmuttayidunna Tharavu (1988), Vadakkunokkiyantram, Peruvannapurathe Visheshangal and Kireedam (1989). Parvathy married film actor Jayaram who was her co-star in many films on 7th September 1992 at Town Hall, Ernakulam. After marriage, Parvathy effectively quit acting in films. She now lives with her family in Chennai. She has two children, Kalidas Jayaram and Malavika Jayaram","Indian film actor biography format with Indian language script details, listing achievements and career milestones of a Hindu film director.

The sentence ending ""His two daughters Namrata and Ananya Sriram are also actors and his son Anil Sriram and daughter Ananya Sriram"" suggests a closing clause about his children's names and careers, implying a concluding phrase about their family or personal life.

Final token ""Sriramaram"" ends an incomplete list (""Ananya Sriram and Ananya Sriram, two daughters Namrata and Ananya Sriram""), strongly expecting ""."" or ""."" or ""who are"" or ""and their respective careers"" to complete the family status statement."
16,5,The AV’s male subject has two daughters.,"[{""sentence_id"": 1, ""start"": 163, ""end"": 206, ""text"": ""His two daughters Namrata and Ananya Sriram""}]",detail,quantity,unsupported,[],prefix: No facts about the AV male subject are supplied; do not transfer Parvathy's children.; AV: The AV’s male subject has two daughters.,False,"Ashwathy Kurup, better known by her stage name Parvathy, is an Indian film actress and classical dancer, who appeared in Malayalam films. Parvathy was a popular actress in Malayalam cinema during the late-1980s and early-1990s. Her first film was directed by Lenin Rajendran, but was shelved and never released. She was introduced to the industry by actor-director Balachandra Menon through Vivahithare Ithile in 1986. Her notable works include Amrutham Gamaya, Oru Minnaminunginte Nurunguvettam, Thoovanathumbikal (1987), Ponmuttayidunna Tharavu (1988), Vadakkunokkiyantram, Peruvannapurathe Visheshangal and Kireedam (1989). Parvathy married film actor Jayaram who was her co-star in many films on 7th September 1992 at Town Hall, Ernakulam. After marriage, Parvathy effectively quit acting in films. She now lives with her family in Chennai. She has two children, Kalidas Jayaram and Malavika Jayaram","Indian film actor biography format with Indian language script details, listing achievements and career milestones of a Hindu film director.

The sentence ending ""His two daughters Namrata and Ananya Sriram are also actors and his son Anil Sriram and daughter Ananya Sriram"" suggests a closing clause about his children's names and careers, implying a concluding phrase about their family or personal life.

Final token ""Sriramaram"" ends an incomplete list (""Ananya Sriram and Ananya Sriram, two daughters Namrata and Ananya Sriram""), strongly expecting ""."" or ""."" or ""who are"" or ""and their respective careers"" to complete the family status statement."
16,6,Namrata is a daughter of the AV’s male subject.,"[{""sentence_id"": 1, ""start"": 167, ""end"": 206, ""text"": ""two daughters Namrata and Ananya Sriram""}, {""sentence_id"": 2, ""start"": 492, ""end"": 531, ""text"": ""two daughters Namrata and Ananya Sriram""}]",entity,relationship,unsupported,[],prefix: The source describes children of a different subject.; AV: Namrata is a daughter of the AV’s male subject.,False,"Ashwathy Kurup, better known by her stage name Parvathy, is an Indian film actress and classical dancer, who appeared in Malayalam films. Parvathy was a popular actress in Malayalam cinema during the late-1980s and early-1990s. Her first film was directed by Lenin Rajendran, but was shelved and never released. She was introduced to the industry by actor-director Balachandra Menon through Vivahithare Ithile in 1986. Her notable works include Amrutham Gamaya, Oru Minnaminunginte Nurunguvettam, Thoovanathumbikal (1987), Ponmuttayidunna Tharavu (1988), Vadakkunokkiyantram, Peruvannapurathe Visheshangal and Kireedam (1989). Parvathy married film actor Jayaram who was her co-star in many films on 7th September 1992 at Town Hall, Ernakulam. After marriage, Parvathy effectively quit acting in films. She now lives with her family in Chennai. She has two children, Kalidas Jayaram and Malavika Jayaram","Indian film actor biography format with Indian language script details, listing achievements and career milestones of a Hindu film director.

The sentence ending ""His two daughters Namrata and Ananya Sriram are also actors and his son Anil Sriram and daughter Ananya Sriram"" suggests a closing clause about his children's names and careers, implying a concluding phrase about their family or personal life.

Final token ""Sriramaram"" ends an incomplete list (""Ananya Sriram and Ananya Sriram, two daughters Namrata and Ananya Sriram""), strongly expecting ""."" or ""."" or ""who are"" or ""and their respective careers"" to complete the family status statement."
16,7,Ananya Sriram is a daughter of the AV’s male subject.,"[{""sentence_id"": 1, ""start"": 167, ""end"": 206, ""text"": ""two daughters Namrata and Ananya Sriram""}, {""sentence_id"": 1, ""start"": 251, ""end"": 273, ""text"": ""daughter Ananya Sriram""}, {""sentence_id"": 2, ""start"": 492, ""end"": 531, ""text"": ""two daughters Namrata and Ananya Sriram""}]",entity,relationship,unsupported,[],prefix: This relationship is not given for that subject; repeated occurrences retained.; AV: Ananya Sriram is a daughter of the AV’s male subject.,False,"Ashwathy Kurup, better known by her stage name Parvathy, is an Indian film actress and classical dancer, who appeared in Malayalam films. Parvathy was a popular actress in Malayalam cinema during the late-1980s and early-1990s. Her first film was directed by Lenin Rajendran, but was shelved and never released. She was introduced to the industry by actor-director Balachandra Menon through Vivahithare Ithile in 1986. Her notable works include Amrutham Gamaya, Oru Minnaminunginte Nurunguvettam, Thoovanathumbikal (1987), Ponmuttayidunna Tharavu (1988), Vadakkunokkiyantram, Peruvannapurathe Visheshangal and Kireedam (1989). Parvathy married film actor Jayaram who was her co-star in many films on 7th September 1992 at Town Hall, Ernakulam. After marriage, Parvathy effectively quit acting in films. She now lives with her family in Chennai. She has two children, Kalidas Jayaram and Malavika Jayaram","Indian film actor biography format with Indian language script details, listing achievements and career milestones of a Hindu film director.

The sentence ending ""His two daughters Namrata and Ananya Sriram are also actors and his son Anil Sriram and daughter Ananya Sriram"" suggests a closing clause about his children's names and careers, implying a concluding phrase about their family or personal life.

Final token ""Sriramaram"" ends an incomplete list (""Ananya Sriram and Ananya Sriram, two daughters Namrata and Ananya Sriram""), strongly expecting ""."" or ""."" or ""who are"" or ""and their respective careers"" to complete the family status statement."
16,8,Namrata is an actor.,"[{""sentence_id"": 1, ""start"": 163, ""end"": 222, ""text"": ""His two daughters Namrata and Ananya Sriram are also actors""}]",detail,attribute,unsupported,[],prefix: No facts about Namrata are supplied.; AV: Namrata is an actor.,False,"Ashwathy Kurup, better known by her stage name Parvathy, is an Indian film actress and classical dancer, who appeared in Malayalam films. Parvathy was a popular actress in Malayalam cinema during the late-1980s and early-1990s. Her first film was directed by Lenin Rajendran, but was shelved and never released. She was introduced to the industry by actor-director Balachandra Menon through Vivahithare Ithile in 1986. Her notable works include Amrutham Gamaya, Oru Minnaminunginte Nurunguvettam, Thoovanathumbikal (1987), Ponmuttayidunna Tharavu (1988), Vadakkunokkiyantram, Peruvannapurathe Visheshangal and Kireedam (1989). Parvathy married film actor Jayaram who was her co-star in many films on 7th September 1992 at Town Hall, Ernakulam. After marriage, Parvathy effectively quit acting in films. She now lives with her family in Chennai. She has two children, Kalidas Jayaram and Malavika Jayaram","Indian film actor biography format with Indian language script details, listing achievements and career milestones of a Hindu film director.

The sentence ending ""His two daughters Namrata and Ananya Sriram are also actors and his son Anil Sriram and daughter Ananya Sriram"" suggests a closing clause about his children's names and careers, implying a concluding phrase about their family or personal life.

Final token ""Sriramaram"" ends an incomplete list (""Ananya Sriram and Ananya Sriram, two daughters Namrata and Ananya Sriram""), strongly expecting ""."" or ""."" or ""who are"" or ""and their respective careers"" to complete the family status statement."
16,9,Ananya Sriram is an actor.,"[{""sentence_id"": 1, ""start"": 163, ""end"": 222, ""text"": ""His two daughters Namrata and Ananya Sriram are also actors""}]",detail,attribute,unsupported,[],prefix: No facts about Ananya Sriram are supplied.; AV: Ananya Sriram is an actor.,False,"Ashwathy Kurup, better known by her stage name Parvathy, is an Indian film actress and classical dancer, who appeared in Malayalam films. Parvathy was a popular actress in Malayalam cinema during the late-1980s and early-1990s. Her first film was directed by Lenin Rajendran, but was shelved and never released. She was introduced to the industry by actor-director Balachandra Menon through Vivahithare Ithile in 1986. Her notable works include Amrutham Gamaya, Oru Minnaminunginte Nurunguvettam, Thoovanathumbikal (1987), Ponmuttayidunna Tharavu (1988), Vadakkunokkiyantram, Peruvannapurathe Visheshangal and Kireedam (1989). Parvathy married film actor Jayaram who was her co-star in many films on 7th September 1992 at Town Hall, Ernakulam. After marriage, Parvathy effectively quit acting in films. She now lives with her family in Chennai. She has two children, Kalidas Jayaram and Malavika Jayaram","Indian film actor biography format with Indian language script details, listing achievements and career milestones of a Hindu film director.

The sentence ending ""His two daughters Namrata and Ananya Sriram are also actors and his son Anil Sriram and daughter Ananya Sriram"" suggests a closing clause about his children's names and careers, implying a concluding phrase about their family or personal life.

Final token ""Sriramaram"" ends an incomplete list (""Ananya Sriram and Ananya Sriram, two daughters Namrata and Ananya Sriram""), strongly expecting ""."" or ""."" or ""who are"" or ""and their respective careers"" to complete the family status statement."
16,10,Anil Sriram is a son of the AV’s male subject.,"[{""sentence_id"": 1, ""start"": 227, ""end"": 246, ""text"": ""his son Anil Sriram""}]",entity,relationship,unsupported,[],prefix: This subject-child relationship is not given.; AV: Anil Sriram is a son of the AV’s male subject.,False,"Ashwathy Kurup, better known by her stage name Parvathy, is an Indian film actress and classical dancer, who appeared in Malayalam films. Parvathy was a popular actress in Malayalam cinema during the late-1980s and early-1990s. Her first film was directed by Lenin Rajendran, but was shelved and never released. She was introduced to the industry by actor-director Balachandra Menon through Vivahithare Ithile in 1986. Her notable works include Amrutham Gamaya, Oru Minnaminunginte Nurunguvettam, Thoovanathumbikal (1987), Ponmuttayidunna Tharavu (1988), Vadakkunokkiyantram, Peruvannapurathe Visheshangal and Kireedam (1989). Parvathy married film actor Jayaram who was her co-star in many films on 7th September 1992 at Town Hall, Ernakulam. After marriage, Parvathy effectively quit acting in films. She now lives with her family in Chennai. She has two children, Kalidas Jayaram and Malavika Jayaram","Indian film actor biography format with Indian language script details, listing achievements and career milestones of a Hindu film director.

The sentence ending ""His two daughters Namrata and Ananya Sriram are also actors and his son Anil Sriram and daughter Ananya Sriram"" suggests a closing clause about his children's names and careers, implying a concluding phrase about their family or personal life.

Final token ""Sriramaram"" ends an incomplete list (""Ananya Sriram and Ananya Sriram, two daughters Namrata and Ananya Sriram""), strongly expecting ""."" or ""."" or ""who are"" or ""and their respective careers"" to complete the family status statement."
16,11,The closing clause names the subject’s children.,"[{""sentence_id"": 1, ""start"": 284, ""end"": 327, ""text"": ""a closing clause about his children's names""}]",detail,local_text,true,"[{""start"": 845, ""end"": 903, ""text"": ""She has two children, Kalidas Jayaram and Malavika Jayaram""}]","prefix: The source closes with two children's names; this is a textual observation, not a fact about the wrong subject.; AV: The closing clause names the subject’s children.",False,"Ashwathy Kurup, better known by her stage name Parvathy, is an Indian film actress and classical dancer, who appeared in Malayalam films. Parvathy was a popular actress in Malayalam cinema during the late-1980s and early-1990s. Her first film was directed by Lenin Rajendran, but was shelved and never released. She was introduced to the industry by actor-director Balachandra Menon through Vivahithare Ithile in 1986. Her notable works include Amrutham Gamaya, Oru Minnaminunginte Nurunguvettam, Thoovanathumbikal (1987), Ponmuttayidunna Tharavu (1988), Vadakkunokkiyantram, Peruvannapurathe Visheshangal and Kireedam (1989). Parvathy married film actor Jayaram who was her co-star in many films on 7th September 1992 at Town Hall, Ernakulam. After marriage, Parvathy effectively quit acting in films. She now lives with her family in Chennai. She has two children, Kalidas Jayaram and Malavika Jayaram","Indian film actor biography format with Indian language script details, listing achievements and career milestones of a Hindu film director.

The sentence ending ""His two daughters Namrata and Ananya Sriram are also actors and his son Anil Sriram and daughter Ananya Sriram"" suggests a closing clause about his children's names and careers, implying a concluding phrase about their family or personal life.

Final token ""Sriramaram"" ends an incomplete list (""Ananya Sriram and Ananya Sriram, two daughters Namrata and Ananya Sriram""), strongly expecting ""."" or ""."" or ""who are"" or ""and their respective careers"" to complete the family status statement."
16,12,The closing clause describes the children’s careers.,"[{""sentence_id"": 1, ""start"": 322, ""end"": 339, ""text"": ""names and careers""}]",detail,local_text,unsupported,[],prefix: Only their names are given.; AV: The closing clause describes the children’s careers.,False,"Ashwathy Kurup, better known by her stage name Parvathy, is an Indian film actress and classical dancer, who appeared in Malayalam films. Parvathy was a popular actress in Malayalam cinema during the late-1980s and early-1990s. Her first film was directed by Lenin Rajendran, but was shelved and never released. She was introduced to the industry by actor-director Balachandra Menon through Vivahithare Ithile in 1986. Her notable works include Amrutham Gamaya, Oru Minnaminunginte Nurunguvettam, Thoovanathumbikal (1987), Ponmuttayidunna Tharavu (1988), Vadakkunokkiyantram, Peruvannapurathe Visheshangal and Kireedam (1989). Parvathy married film actor Jayaram who was her co-star in many films on 7th September 1992 at Town Hall, Ernakulam. After marriage, Parvathy effectively quit acting in films. She now lives with her family in Chennai. She has two children, Kalidas Jayaram and Malavika Jayaram","Indian film actor biography format with Indian language script details, listing achievements and career milestones of a Hindu film director.

The sentence ending ""His two daughters Namrata and Ananya Sriram are also actors and his son Anil Sriram and daughter Ananya Sriram"" suggests a closing clause about his children's names and careers, implying a concluding phrase about their family or personal life.

Final token ""Sriramaram"" ends an incomplete list (""Ananya Sriram and Ananya Sriram, two daughters Namrata and Ananya Sriram""), strongly expecting ""."" or ""."" or ""who are"" or ""and their respective careers"" to complete the family status statement."
16,13,A concluding phrase about family or personal life follows.,"[{""sentence_id"": 1, ""start"": 341, ""end"": 405, ""text"": ""implying a concluding phrase about their family or personal life""}]",forecast,continuation,unsupported,[],prefix: No unseen continuation evidence.; AV: A concluding phrase about family or personal life follows.,False,"Ashwathy Kurup, better known by her stage name Parvathy, is an Indian film actress and classical dancer, who appeared in Malayalam films. Parvathy was a popular actress in Malayalam cinema during the late-1980s and early-1990s. Her first film was directed by Lenin Rajendran, but was shelved and never released. She was introduced to the industry by actor-director Balachandra Menon through Vivahithare Ithile in 1986. Her notable works include Amrutham Gamaya, Oru Minnaminunginte Nurunguvettam, Thoovanathumbikal (1987), Ponmuttayidunna Tharavu (1988), Vadakkunokkiyantram, Peruvannapurathe Visheshangal and Kireedam (1989). Parvathy married film actor Jayaram who was her co-star in many films on 7th September 1992 at Town Hall, Ernakulam. After marriage, Parvathy effectively quit acting in films. She now lives with her family in Chennai. She has two children, Kalidas Jayaram and Malavika Jayaram","Indian film actor biography format with Indian language script details, listing achievements and career milestones of a Hindu film director.

The sentence ending ""His two daughters Namrata and Ananya Sriram are also actors and his son Anil Sriram and daughter Ananya Sriram"" suggests a closing clause about his children's names and careers, implying a concluding phrase about their family or personal life.

Final token ""Sriramaram"" ends an incomplete list (""Ananya Sriram and Ananya Sriram, two daughters Namrata and Ananya Sriram""), strongly expecting ""."" or ""."" or ""who are"" or ""and their respective careers"" to complete the family status statement."
16,14,The final tokenizer token is “Sriramaram”.,"[{""sentence_id"": 2, ""start"": 408, ""end"": 432, ""text"": ""Final token \""Sriramaram\""""}]",detail,final_token,unsupported,[],prefix: Tokenizer evidence is excluded under the prefix-only protocol.; AV: The final tokenizer token is “Sriramaram”.,True,"Ashwathy Kurup, better known by her stage name Parvathy, is an Indian film actress and classical dancer, who appeared in Malayalam films. Parvathy was a popular actress in Malayalam cinema during the late-1980s and early-1990s. Her first film was directed by Lenin Rajendran, but was shelved and never released. She was introduced to the industry by actor-director Balachandra Menon through Vivahithare Ithile in 1986. Her notable works include Amrutham Gamaya, Oru Minnaminunginte Nurunguvettam, Thoovanathumbikal (1987), Ponmuttayidunna Tharavu (1988), Vadakkunokkiyantram, Peruvannapurathe Visheshangal and Kireedam (1989). Parvathy married film actor Jayaram who was her co-star in many films on 7th September 1992 at Town Hall, Ernakulam. After marriage, Parvathy effectively quit acting in films. She now lives with her family in Chennai. She has two children, Kalidas Jayaram and Malavika Jayaram","Indian film actor biography format with Indian language script details, listing achievements and career milestones of a Hindu film director.

The sentence ending ""His two daughters Namrata and Ananya Sriram are also actors and his son Anil Sriram and daughter Ananya Sriram"" suggests a closing clause about his children's names and careers, implying a concluding phrase about their family or personal life.

Final token ""Sriramaram"" ends an incomplete list (""Ananya Sriram and Ananya Sriram, two daughters Namrata and Ananya Sriram""), strongly expecting ""."" or ""."" or ""who are"" or ""and their respective careers"" to complete the family status statement."
16,15,The visible ending is syntactically incomplete.,"[{""sentence_id"": 2, ""start"": 433, ""end"": 457, ""text"": ""ends an incomplete list ""}]",detail,local_text,false,"[{""start"": 845, ""end"": 903, ""text"": ""She has two children, Kalidas Jayaram and Malavika Jayaram""}]",prefix: The children list has two names and is syntactically complete.; AV: The visible ending is syntactically incomplete.,True,"Ashwathy Kurup, better known by her stage name Parvathy, is an Indian film actress and classical dancer, who appeared in Malayalam films. Parvathy was a popular actress in Malayalam cinema during the late-1980s and early-1990s. Her first film was directed by Lenin Rajendran, but was shelved and never released. She was introduced to the industry by actor-director Balachandra Menon through Vivahithare Ithile in 1986. Her notable works include Amrutham Gamaya, Oru Minnaminunginte Nurunguvettam, Thoovanathumbikal (1987), Ponmuttayidunna Tharavu (1988), Vadakkunokkiyantram, Peruvannapurathe Visheshangal and Kireedam (1989). Parvathy married film actor Jayaram who was her co-star in many films on 7th September 1992 at Town Hall, Ernakulam. After marriage, Parvathy effectively quit acting in films. She now lives with her family in Chennai. She has two children, Kalidas Jayaram and Malavika Jayaram","Indian film actor biography format with Indian language script details, listing achievements and career milestones of a Hindu film director.

The sentence ending ""His two daughters Namrata and Ananya Sriram are also actors and his son Anil Sriram and daughter Ananya Sriram"" suggests a closing clause about his children's names and careers, implying a concluding phrase about their family or personal life.

Final token ""Sriramaram"" ends an incomplete list (""Ananya Sriram and Ananya Sriram, two daughters Namrata and Ananya Sriram""), strongly expecting ""."" or ""."" or ""who are"" or ""and their respective careers"" to complete the family status statement."
16,16,"The AV predicts the following continuation alternatives: strongly expecting ""."" or ""."" or ""who are"" or ""and their respective careers"" to complete the family status statement..","[{""sentence_id"": 2, ""start"": 535, ""end"": 652, ""text"": ""strongly expecting \"".\"" or \"".\"" or \""who are\"" or \""and their respective careers\"" to complete the family status statement.""}]",forecast,continuation,unsupported,[],"prefix: No continuation or probability evidence; keep the offered alternatives together.; AV: The AV predicts the following continuation alternatives: strongly expecting ""."" or ""."" or ""who are"" or ""and their respective careers"" to complete the family status statement..",False,"Ashwathy Kurup, better known by her stage name Parvathy, is an Indian film actress and classical dancer, who appeared in Malayalam films. Parvathy was a popular actress in Malayalam cinema during the late-1980s and early-1990s. Her first film was directed by Lenin Rajendran, but was shelved and never released. She was introduced to the industry by actor-director Balachandra Menon through Vivahithare Ithile in 1986. Her notable works include Amrutham Gamaya, Oru Minnaminunginte Nurunguvettam, Thoovanathumbikal (1987), Ponmuttayidunna Tharavu (1988), Vadakkunokkiyantram, Peruvannapurathe Visheshangal and Kireedam (1989). Parvathy married film actor Jayaram who was her co-star in many films on 7th September 1992 at Town Hall, Ernakulam. After marriage, Parvathy effectively quit acting in films. She now lives with her family in Chennai. She has two children, Kalidas Jayaram and Malavika Jayaram","Indian film actor biography format with Indian language script details, listing achievements and career milestones of a Hindu film director.

The sentence ending ""His two daughters Namrata and Ananya Sriram are also actors and his son Anil Sriram and daughter Ananya Sriram"" suggests a closing clause about his children's names and careers, implying a concluding phrase about their family or personal life.

Final token ""Sriramaram"" ends an incomplete list (""Ananya Sriram and Ananya Sriram, two daughters Namrata and Ananya Sriram""), strongly expecting ""."" or ""."" or ""who are"" or ""and their respective careers"" to complete the family status statement."
17,0,The passage is a historical or encyclopedic account.,"[{""sentence_id"": 0, ""start"": 0, ""end"": 31, ""text"": ""Historical/encyclopedic account""}]",theme,format,true,"[{""start"": 0, ""end"": 107, ""text"": ""Zarir (also spelled Zarih) was a Sasanian prince who was the leader of a rebellion in northern Iran in 485.""}]",prefix: An expository historical narrative supports this format.; AV: The passage is a historical or encyclopedic account.,False,"Zarir (also spelled Zarih) was a Sasanian prince who was the leader of a rebellion in northern Iran in 485. According to Armenian historian Ghazar Parpetsi, who is the only source about the life of Zarir, the latter was a son of the Sasanian shah Yazdegerd II. He had several brothers named Balash, Hormizd III, and Peroz I. After the death of Peroz I (who had succeeded his father as king), Balash was elected as king by the nobility and clergy. Zarir, dissatisfied with the election, rebelled. Balash was thus forced to make peace with his enemy Vahan Mamikonian and sent him at the head of an army to suppress the rebellion of Zarir. Zarir was shortly defeated, and fled to the mountains, but was quickly captured and","Historical/encyclopedic account of Persian king Artaxerxes II, detailing his political conflicts with the rebel Satrap Bagoas.

The sentence structure ""After his capture he was brought to Constantinople and condemned to death but was arrested and executed"" implies a narrative sequence describing his fate, with ""captured and punished"" suggesting the outcome of his betrayal.

Final token ""and"" is a conjunction mid-clause (""was captured and captured and was captured and...""), completing a list of actions (""He was brought back to the throne but was condemned and""), strongly expecting ""executed"" or ""sent to prison"" or ""killed"" or ""returned to the king."""
17,1,The subject is the Persian king Artaxerxes II.,"[{""sentence_id"": 0, ""start"": 35, ""end"": 61, ""text"": ""Persian king Artaxerxes II""}]",entity,identification,false,"[{""start"": 0, ""end"": 48, ""text"": ""Zarir (also spelled Zarih) was a Sasanian prince""}]",prefix: The filled subject role is Zarir.; AV: The subject is the Persian king Artaxerxes II.,False,"Zarir (also spelled Zarih) was a Sasanian prince who was the leader of a rebellion in northern Iran in 485. According to Armenian historian Ghazar Parpetsi, who is the only source about the life of Zarir, the latter was a son of the Sasanian shah Yazdegerd II. He had several brothers named Balash, Hormizd III, and Peroz I. After the death of Peroz I (who had succeeded his father as king), Balash was elected as king by the nobility and clergy. Zarir, dissatisfied with the election, rebelled. Balash was thus forced to make peace with his enemy Vahan Mamikonian and sent him at the head of an army to suppress the rebellion of Zarir. Zarir was shortly defeated, and fled to the mountains, but was quickly captured and","Historical/encyclopedic account of Persian king Artaxerxes II, detailing his political conflicts with the rebel Satrap Bagoas.

The sentence structure ""After his capture he was brought to Constantinople and condemned to death but was arrested and executed"" implies a narrative sequence describing his fate, with ""captured and punished"" suggesting the outcome of his betrayal.

Final token ""and"" is a conjunction mid-clause (""was captured and captured and was captured and...""), completing a list of actions (""He was brought back to the throne but was condemned and""), strongly expecting ""executed"" or ""sent to prison"" or ""killed"" or ""returned to the king."""
17,2,The passage details political conflicts.,"[{""sentence_id"": 0, ""start"": 63, ""end"": 96, ""text"": ""detailing his political conflicts""}]",theme,topic,true,"[{""start"": 447, ""end"": 495, ""text"": ""Zarir, dissatisfied with the election, rebelled.""}]",prefix: A contested royal election and rebellion are described.; AV: The passage details political conflicts.,False,"Zarir (also spelled Zarih) was a Sasanian prince who was the leader of a rebellion in northern Iran in 485. According to Armenian historian Ghazar Parpetsi, who is the only source about the life of Zarir, the latter was a son of the Sasanian shah Yazdegerd II. He had several brothers named Balash, Hormizd III, and Peroz I. After the death of Peroz I (who had succeeded his father as king), Balash was elected as king by the nobility and clergy. Zarir, dissatisfied with the election, rebelled. Balash was thus forced to make peace with his enemy Vahan Mamikonian and sent him at the head of an army to suppress the rebellion of Zarir. Zarir was shortly defeated, and fled to the mountains, but was quickly captured and","Historical/encyclopedic account of Persian king Artaxerxes II, detailing his political conflicts with the rebel Satrap Bagoas.

The sentence structure ""After his capture he was brought to Constantinople and condemned to death but was arrested and executed"" implies a narrative sequence describing his fate, with ""captured and punished"" suggesting the outcome of his betrayal.

Final token ""and"" is a conjunction mid-clause (""was captured and captured and was captured and...""), completing a list of actions (""He was brought back to the throne but was condemned and""), strongly expecting ""executed"" or ""sent to prison"" or ""killed"" or ""returned to the king."""
17,3,Artaxerxes II had political conflicts with Bagoas.,"[{""sentence_id"": 0, ""start"": 73, ""end"": 125, ""text"": ""his political conflicts with the rebel Satrap Bagoas""}]",entity,relationship,unsupported,[],prefix: No facts about Artaxerxes or Bagoas are given.; AV: Artaxerxes II had political conflicts with Bagoas.,False,"Zarir (also spelled Zarih) was a Sasanian prince who was the leader of a rebellion in northern Iran in 485. According to Armenian historian Ghazar Parpetsi, who is the only source about the life of Zarir, the latter was a son of the Sasanian shah Yazdegerd II. He had several brothers named Balash, Hormizd III, and Peroz I. After the death of Peroz I (who had succeeded his father as king), Balash was elected as king by the nobility and clergy. Zarir, dissatisfied with the election, rebelled. Balash was thus forced to make peace with his enemy Vahan Mamikonian and sent him at the head of an army to suppress the rebellion of Zarir. Zarir was shortly defeated, and fled to the mountains, but was quickly captured and","Historical/encyclopedic account of Persian king Artaxerxes II, detailing his political conflicts with the rebel Satrap Bagoas.

The sentence structure ""After his capture he was brought to Constantinople and condemned to death but was arrested and executed"" implies a narrative sequence describing his fate, with ""captured and punished"" suggesting the outcome of his betrayal.

Final token ""and"" is a conjunction mid-clause (""was captured and captured and was captured and...""), completing a list of actions (""He was brought back to the throne but was condemned and""), strongly expecting ""executed"" or ""sent to prison"" or ""killed"" or ""returned to the king."""
17,4,Bagoas was a rebel satrap.,"[{""sentence_id"": 0, ""start"": 102, ""end"": 125, ""text"": ""the rebel Satrap Bagoas""}]",detail,attribute,unsupported,[],prefix: Bagoas is absent; both title and role are unsupported.; AV: Bagoas was a rebel satrap.,True,"Zarir (also spelled Zarih) was a Sasanian prince who was the leader of a rebellion in northern Iran in 485. According to Armenian historian Ghazar Parpetsi, who is the only source about the life of Zarir, the latter was a son of the Sasanian shah Yazdegerd II. He had several brothers named Balash, Hormizd III, and Peroz I. After the death of Peroz I (who had succeeded his father as king), Balash was elected as king by the nobility and clergy. Zarir, dissatisfied with the election, rebelled. Balash was thus forced to make peace with his enemy Vahan Mamikonian and sent him at the head of an army to suppress the rebellion of Zarir. Zarir was shortly defeated, and fled to the mountains, but was quickly captured and","Historical/encyclopedic account of Persian king Artaxerxes II, detailing his political conflicts with the rebel Satrap Bagoas.

The sentence structure ""After his capture he was brought to Constantinople and condemned to death but was arrested and executed"" implies a narrative sequence describing his fate, with ""captured and punished"" suggesting the outcome of his betrayal.

Final token ""and"" is a conjunction mid-clause (""was captured and captured and was captured and...""), completing a list of actions (""He was brought back to the throne but was condemned and""), strongly expecting ""executed"" or ""sent to prison"" or ""killed"" or ""returned to the king."""
17,5,The AV’s male subject was captured.,"[{""sentence_id"": 1, ""start"": 152, ""end"": 169, ""text"": ""After his capture""}, {""sentence_id"": 1, ""start"": 313, ""end"": 334, ""text"": ""captured and punished""}, {""sentence_id"": 2, ""start"": 425, ""end"": 437, ""text"": ""was captured""}, {""sentence_id"": 2, ""start"": 455, ""end"": 467, ""text"": ""was captured""}]",detail,event,unsupported,[],"prefix: The AV-named subject is Artaxerxes II, while the source capture concerns Zarir.; AV: The AV’s male subject was captured.",True,"Zarir (also spelled Zarih) was a Sasanian prince who was the leader of a rebellion in northern Iran in 485. According to Armenian historian Ghazar Parpetsi, who is the only source about the life of Zarir, the latter was a son of the Sasanian shah Yazdegerd II. He had several brothers named Balash, Hormizd III, and Peroz I. After the death of Peroz I (who had succeeded his father as king), Balash was elected as king by the nobility and clergy. Zarir, dissatisfied with the election, rebelled. Balash was thus forced to make peace with his enemy Vahan Mamikonian and sent him at the head of an army to suppress the rebellion of Zarir. Zarir was shortly defeated, and fled to the mountains, but was quickly captured and","Historical/encyclopedic account of Persian king Artaxerxes II, detailing his political conflicts with the rebel Satrap Bagoas.

The sentence structure ""After his capture he was brought to Constantinople and condemned to death but was arrested and executed"" implies a narrative sequence describing his fate, with ""captured and punished"" suggesting the outcome of his betrayal.

Final token ""and"" is a conjunction mid-clause (""was captured and captured and was captured and...""), completing a list of actions (""He was brought back to the throne but was condemned and""), strongly expecting ""executed"" or ""sent to prison"" or ""killed"" or ""returned to the king."""
17,6,After capture the AV’s male subject was brought to Constantinople.,"[{""sentence_id"": 1, ""start"": 152, ""end"": 202, ""text"": ""After his capture he was brought to Constantinople""}]",entity,relationship,unsupported,[],prefix: The prefix ends before any post-capture destination.; AV: After capture the AV’s male subject was brought to Constantinople.,False,"Zarir (also spelled Zarih) was a Sasanian prince who was the leader of a rebellion in northern Iran in 485. According to Armenian historian Ghazar Parpetsi, who is the only source about the life of Zarir, the latter was a son of the Sasanian shah Yazdegerd II. He had several brothers named Balash, Hormizd III, and Peroz I. After the death of Peroz I (who had succeeded his father as king), Balash was elected as king by the nobility and clergy. Zarir, dissatisfied with the election, rebelled. Balash was thus forced to make peace with his enemy Vahan Mamikonian and sent him at the head of an army to suppress the rebellion of Zarir. Zarir was shortly defeated, and fled to the mountains, but was quickly captured and","Historical/encyclopedic account of Persian king Artaxerxes II, detailing his political conflicts with the rebel Satrap Bagoas.

The sentence structure ""After his capture he was brought to Constantinople and condemned to death but was arrested and executed"" implies a narrative sequence describing his fate, with ""captured and punished"" suggesting the outcome of his betrayal.

Final token ""and"" is a conjunction mid-clause (""was captured and captured and was captured and...""), completing a list of actions (""He was brought back to the throne but was condemned and""), strongly expecting ""executed"" or ""sent to prison"" or ""killed"" or ""returned to the king."""
17,7,The AV’s male subject was condemned to death.,"[{""sentence_id"": 1, ""start"": 207, ""end"": 225, ""text"": ""condemned to death""}, {""sentence_id"": 2, ""start"": 547, ""end"": 564, ""text"": ""was condemned and""}]",detail,event,unsupported,[],prefix: The visible prefix gives no such fate.; AV: The AV’s male subject was condemned to death.,False,"Zarir (also spelled Zarih) was a Sasanian prince who was the leader of a rebellion in northern Iran in 485. According to Armenian historian Ghazar Parpetsi, who is the only source about the life of Zarir, the latter was a son of the Sasanian shah Yazdegerd II. He had several brothers named Balash, Hormizd III, and Peroz I. After the death of Peroz I (who had succeeded his father as king), Balash was elected as king by the nobility and clergy. Zarir, dissatisfied with the election, rebelled. Balash was thus forced to make peace with his enemy Vahan Mamikonian and sent him at the head of an army to suppress the rebellion of Zarir. Zarir was shortly defeated, and fled to the mountains, but was quickly captured and","Historical/encyclopedic account of Persian king Artaxerxes II, detailing his political conflicts with the rebel Satrap Bagoas.

The sentence structure ""After his capture he was brought to Constantinople and condemned to death but was arrested and executed"" implies a narrative sequence describing his fate, with ""captured and punished"" suggesting the outcome of his betrayal.

Final token ""and"" is a conjunction mid-clause (""was captured and captured and was captured and...""), completing a list of actions (""He was brought back to the throne but was condemned and""), strongly expecting ""executed"" or ""sent to prison"" or ""killed"" or ""returned to the king."""
17,8,The AV’s male subject was arrested.,"[{""sentence_id"": 1, ""start"": 230, ""end"": 255, ""text"": ""was arrested and executed""}]",detail,event,unsupported,[],prefix: No facts about the wrongly named subject or this specific arrest sequence are given.; AV: The AV’s male subject was arrested.,False,"Zarir (also spelled Zarih) was a Sasanian prince who was the leader of a rebellion in northern Iran in 485. According to Armenian historian Ghazar Parpetsi, who is the only source about the life of Zarir, the latter was a son of the Sasanian shah Yazdegerd II. He had several brothers named Balash, Hormizd III, and Peroz I. After the death of Peroz I (who had succeeded his father as king), Balash was elected as king by the nobility and clergy. Zarir, dissatisfied with the election, rebelled. Balash was thus forced to make peace with his enemy Vahan Mamikonian and sent him at the head of an army to suppress the rebellion of Zarir. Zarir was shortly defeated, and fled to the mountains, but was quickly captured and","Historical/encyclopedic account of Persian king Artaxerxes II, detailing his political conflicts with the rebel Satrap Bagoas.

The sentence structure ""After his capture he was brought to Constantinople and condemned to death but was arrested and executed"" implies a narrative sequence describing his fate, with ""captured and punished"" suggesting the outcome of his betrayal.

Final token ""and"" is a conjunction mid-clause (""was captured and captured and was captured and...""), completing a list of actions (""He was brought back to the throne but was condemned and""), strongly expecting ""executed"" or ""sent to prison"" or ""killed"" or ""returned to the king."""
17,9,The AV’s male subject was executed.,"[{""sentence_id"": 1, ""start"": 243, ""end"": 255, ""text"": ""and executed""}]",detail,event,unsupported,[],prefix: The prefix cuts after capture and supplies no execution.; AV: The AV’s male subject was executed.,False,"Zarir (also spelled Zarih) was a Sasanian prince who was the leader of a rebellion in northern Iran in 485. According to Armenian historian Ghazar Parpetsi, who is the only source about the life of Zarir, the latter was a son of the Sasanian shah Yazdegerd II. He had several brothers named Balash, Hormizd III, and Peroz I. After the death of Peroz I (who had succeeded his father as king), Balash was elected as king by the nobility and clergy. Zarir, dissatisfied with the election, rebelled. Balash was thus forced to make peace with his enemy Vahan Mamikonian and sent him at the head of an army to suppress the rebellion of Zarir. Zarir was shortly defeated, and fled to the mountains, but was quickly captured and","Historical/encyclopedic account of Persian king Artaxerxes II, detailing his political conflicts with the rebel Satrap Bagoas.

The sentence structure ""After his capture he was brought to Constantinople and condemned to death but was arrested and executed"" implies a narrative sequence describing his fate, with ""captured and punished"" suggesting the outcome of his betrayal.

Final token ""and"" is a conjunction mid-clause (""was captured and captured and was captured and...""), completing a list of actions (""He was brought back to the throne but was condemned and""), strongly expecting ""executed"" or ""sent to prison"" or ""killed"" or ""returned to the king."""
17,10,The AV’s male subject was punished.,"[{""sentence_id"": 1, ""start"": 313, ""end"": 334, ""text"": ""captured and punished""}]",detail,event,unsupported,[],prefix: No punishment is visible.; AV: The AV’s male subject was punished.,False,"Zarir (also spelled Zarih) was a Sasanian prince who was the leader of a rebellion in northern Iran in 485. According to Armenian historian Ghazar Parpetsi, who is the only source about the life of Zarir, the latter was a son of the Sasanian shah Yazdegerd II. He had several brothers named Balash, Hormizd III, and Peroz I. After the death of Peroz I (who had succeeded his father as king), Balash was elected as king by the nobility and clergy. Zarir, dissatisfied with the election, rebelled. Balash was thus forced to make peace with his enemy Vahan Mamikonian and sent him at the head of an army to suppress the rebellion of Zarir. Zarir was shortly defeated, and fled to the mountains, but was quickly captured and","Historical/encyclopedic account of Persian king Artaxerxes II, detailing his political conflicts with the rebel Satrap Bagoas.

The sentence structure ""After his capture he was brought to Constantinople and condemned to death but was arrested and executed"" implies a narrative sequence describing his fate, with ""captured and punished"" suggesting the outcome of his betrayal.

Final token ""and"" is a conjunction mid-clause (""was captured and captured and was captured and...""), completing a list of actions (""He was brought back to the throne but was condemned and""), strongly expecting ""executed"" or ""sent to prison"" or ""killed"" or ""returned to the king."""
17,11,The AV’s male subject committed betrayal.,"[{""sentence_id"": 1, ""start"": 362, ""end"": 374, ""text"": ""his betrayal""}]",detail,event,unsupported,[],"prefix: The source describes Zarir's rebellion, not betrayal by the AV's subject.; AV: The AV’s male subject committed betrayal.",False,"Zarir (also spelled Zarih) was a Sasanian prince who was the leader of a rebellion in northern Iran in 485. According to Armenian historian Ghazar Parpetsi, who is the only source about the life of Zarir, the latter was a son of the Sasanian shah Yazdegerd II. He had several brothers named Balash, Hormizd III, and Peroz I. After the death of Peroz I (who had succeeded his father as king), Balash was elected as king by the nobility and clergy. Zarir, dissatisfied with the election, rebelled. Balash was thus forced to make peace with his enemy Vahan Mamikonian and sent him at the head of an army to suppress the rebellion of Zarir. Zarir was shortly defeated, and fled to the mountains, but was quickly captured and","Historical/encyclopedic account of Persian king Artaxerxes II, detailing his political conflicts with the rebel Satrap Bagoas.

The sentence structure ""After his capture he was brought to Constantinople and condemned to death but was arrested and executed"" implies a narrative sequence describing his fate, with ""captured and punished"" suggesting the outcome of his betrayal.

Final token ""and"" is a conjunction mid-clause (""was captured and captured and was captured and...""), completing a list of actions (""He was brought back to the throne but was condemned and""), strongly expecting ""executed"" or ""sent to prison"" or ""killed"" or ""returned to the king."""
17,12,Punishment was the outcome of the AV subject’s betrayal.,"[{""sentence_id"": 1, ""start"": 336, ""end"": 374, ""text"": ""suggesting the outcome of his betrayal""}]",detail,cause,unsupported,[],"prefix: Neither this subject, betrayal, nor punishment causal chain is given.; AV: Punishment was the outcome of the AV subject’s betrayal.",False,"Zarir (also spelled Zarih) was a Sasanian prince who was the leader of a rebellion in northern Iran in 485. According to Armenian historian Ghazar Parpetsi, who is the only source about the life of Zarir, the latter was a son of the Sasanian shah Yazdegerd II. He had several brothers named Balash, Hormizd III, and Peroz I. After the death of Peroz I (who had succeeded his father as king), Balash was elected as king by the nobility and clergy. Zarir, dissatisfied with the election, rebelled. Balash was thus forced to make peace with his enemy Vahan Mamikonian and sent him at the head of an army to suppress the rebellion of Zarir. Zarir was shortly defeated, and fled to the mountains, but was quickly captured and","Historical/encyclopedic account of Persian king Artaxerxes II, detailing his political conflicts with the rebel Satrap Bagoas.

The sentence structure ""After his capture he was brought to Constantinople and condemned to death but was arrested and executed"" implies a narrative sequence describing his fate, with ""captured and punished"" suggesting the outcome of his betrayal.

Final token ""and"" is a conjunction mid-clause (""was captured and captured and was captured and...""), completing a list of actions (""He was brought back to the throne but was condemned and""), strongly expecting ""executed"" or ""sent to prison"" or ""killed"" or ""returned to the king."""
17,13,The ending narrates a sequence describing the subject’s fate.,"[{""sentence_id"": 1, ""start"": 265, ""end"": 305, ""text"": ""a narrative sequence describing his fate""}]",detail,local_text,true,"[{""start"": 637, ""end"": 720, ""text"": ""Zarir was shortly defeated, and fled to the mountains, but was quickly captured and""}]","prefix: Defeat, flight and capture are narrated.; AV: The ending narrates a sequence describing the subject’s fate.",False,"Zarir (also spelled Zarih) was a Sasanian prince who was the leader of a rebellion in northern Iran in 485. According to Armenian historian Ghazar Parpetsi, who is the only source about the life of Zarir, the latter was a son of the Sasanian shah Yazdegerd II. He had several brothers named Balash, Hormizd III, and Peroz I. After the death of Peroz I (who had succeeded his father as king), Balash was elected as king by the nobility and clergy. Zarir, dissatisfied with the election, rebelled. Balash was thus forced to make peace with his enemy Vahan Mamikonian and sent him at the head of an army to suppress the rebellion of Zarir. Zarir was shortly defeated, and fled to the mountains, but was quickly captured and","Historical/encyclopedic account of Persian king Artaxerxes II, detailing his political conflicts with the rebel Satrap Bagoas.

The sentence structure ""After his capture he was brought to Constantinople and condemned to death but was arrested and executed"" implies a narrative sequence describing his fate, with ""captured and punished"" suggesting the outcome of his betrayal.

Final token ""and"" is a conjunction mid-clause (""was captured and captured and was captured and...""), completing a list of actions (""He was brought back to the throne but was condemned and""), strongly expecting ""executed"" or ""sent to prison"" or ""killed"" or ""returned to the king."""
17,14,The ending is a conjunction in mid-clause.,"[{""sentence_id"": 2, ""start"": 395, ""end"": 422, ""text"": ""is a conjunction mid-clause""}]",detail,local_text,true,"[{""start"": 692, ""end"": 720, ""text"": ""but was quickly captured and""}]",prefix: And ends the visible incomplete clause.; AV: The ending is a conjunction in mid-clause.,False,"Zarir (also spelled Zarih) was a Sasanian prince who was the leader of a rebellion in northern Iran in 485. According to Armenian historian Ghazar Parpetsi, who is the only source about the life of Zarir, the latter was a son of the Sasanian shah Yazdegerd II. He had several brothers named Balash, Hormizd III, and Peroz I. After the death of Peroz I (who had succeeded his father as king), Balash was elected as king by the nobility and clergy. Zarir, dissatisfied with the election, rebelled. Balash was thus forced to make peace with his enemy Vahan Mamikonian and sent him at the head of an army to suppress the rebellion of Zarir. Zarir was shortly defeated, and fled to the mountains, but was quickly captured and","Historical/encyclopedic account of Persian king Artaxerxes II, detailing his political conflicts with the rebel Satrap Bagoas.

The sentence structure ""After his capture he was brought to Constantinople and condemned to death but was arrested and executed"" implies a narrative sequence describing his fate, with ""captured and punished"" suggesting the outcome of his betrayal.

Final token ""and"" is a conjunction mid-clause (""was captured and captured and was captured and...""), completing a list of actions (""He was brought back to the throne but was condemned and""), strongly expecting ""executed"" or ""sent to prison"" or ""killed"" or ""returned to the king."""
17,15,The ending coordinates a list of actions.,"[{""sentence_id"": 2, ""start"": 478, ""end"": 506, ""text"": ""completing a list of actions""}]",detail,local_text,true,"[{""start"": 643, ""end"": 720, ""text"": ""was shortly defeated, and fled to the mountains, but was quickly captured and""}]",prefix: The ending coordinates actions; completion is prospective.; AV: The ending coordinates a list of actions.,True,"Zarir (also spelled Zarih) was a Sasanian prince who was the leader of a rebellion in northern Iran in 485. According to Armenian historian Ghazar Parpetsi, who is the only source about the life of Zarir, the latter was a son of the Sasanian shah Yazdegerd II. He had several brothers named Balash, Hormizd III, and Peroz I. After the death of Peroz I (who had succeeded his father as king), Balash was elected as king by the nobility and clergy. Zarir, dissatisfied with the election, rebelled. Balash was thus forced to make peace with his enemy Vahan Mamikonian and sent him at the head of an army to suppress the rebellion of Zarir. Zarir was shortly defeated, and fled to the mountains, but was quickly captured and","Historical/encyclopedic account of Persian king Artaxerxes II, detailing his political conflicts with the rebel Satrap Bagoas.

The sentence structure ""After his capture he was brought to Constantinople and condemned to death but was arrested and executed"" implies a narrative sequence describing his fate, with ""captured and punished"" suggesting the outcome of his betrayal.

Final token ""and"" is a conjunction mid-clause (""was captured and captured and was captured and...""), completing a list of actions (""He was brought back to the throne but was condemned and""), strongly expecting ""executed"" or ""sent to prison"" or ""killed"" or ""returned to the king."""
17,16,The AV’s male subject was brought back to the throne.,"[{""sentence_id"": 2, ""start"": 509, ""end"": 542, ""text"": ""He was brought back to the throne""}]",detail,event,unsupported,[],prefix: No such return is visible.; AV: The AV’s male subject was brought back to the throne.,False,"Zarir (also spelled Zarih) was a Sasanian prince who was the leader of a rebellion in northern Iran in 485. According to Armenian historian Ghazar Parpetsi, who is the only source about the life of Zarir, the latter was a son of the Sasanian shah Yazdegerd II. He had several brothers named Balash, Hormizd III, and Peroz I. After the death of Peroz I (who had succeeded his father as king), Balash was elected as king by the nobility and clergy. Zarir, dissatisfied with the election, rebelled. Balash was thus forced to make peace with his enemy Vahan Mamikonian and sent him at the head of an army to suppress the rebellion of Zarir. Zarir was shortly defeated, and fled to the mountains, but was quickly captured and","Historical/encyclopedic account of Persian king Artaxerxes II, detailing his political conflicts with the rebel Satrap Bagoas.

The sentence structure ""After his capture he was brought to Constantinople and condemned to death but was arrested and executed"" implies a narrative sequence describing his fate, with ""captured and punished"" suggesting the outcome of his betrayal.

Final token ""and"" is a conjunction mid-clause (""was captured and captured and was captured and...""), completing a list of actions (""He was brought back to the throne but was condemned and""), strongly expecting ""executed"" or ""sent to prison"" or ""killed"" or ""returned to the king."""
17,17,The final tokenizer token is “and”.,"[{""sentence_id"": 2, ""start"": 377, ""end"": 394, ""text"": ""Final token \""and\""""}]",detail,final_token,unsupported,[],prefix: Tokenizer evidence is excluded under the prefix-only protocol.; AV: The final tokenizer token is “and”.,True,"Zarir (also spelled Zarih) was a Sasanian prince who was the leader of a rebellion in northern Iran in 485. According to Armenian historian Ghazar Parpetsi, who is the only source about the life of Zarir, the latter was a son of the Sasanian shah Yazdegerd II. He had several brothers named Balash, Hormizd III, and Peroz I. After the death of Peroz I (who had succeeded his father as king), Balash was elected as king by the nobility and clergy. Zarir, dissatisfied with the election, rebelled. Balash was thus forced to make peace with his enemy Vahan Mamikonian and sent him at the head of an army to suppress the rebellion of Zarir. Zarir was shortly defeated, and fled to the mountains, but was quickly captured and","Historical/encyclopedic account of Persian king Artaxerxes II, detailing his political conflicts with the rebel Satrap Bagoas.

The sentence structure ""After his capture he was brought to Constantinople and condemned to death but was arrested and executed"" implies a narrative sequence describing his fate, with ""captured and punished"" suggesting the outcome of his betrayal.

Final token ""and"" is a conjunction mid-clause (""was captured and captured and was captured and...""), completing a list of actions (""He was brought back to the throne but was condemned and""), strongly expecting ""executed"" or ""sent to prison"" or ""killed"" or ""returned to the king."""
17,18,"The AV predicts the following continuation alternatives: strongly expecting ""executed"" or ""sent to prison"" or ""killed"" or ""returned to the king."".","[{""sentence_id"": 2, ""start"": 568, ""end"": 656, ""text"": ""strongly expecting \""executed\"" or \""sent to prison\"" or \""killed\"" or \""returned to the king.\""""}]",forecast,continuation,unsupported,[],"prefix: No continuation or probability evidence; keep the offered alternatives together.; AV: The AV predicts the following continuation alternatives: strongly expecting ""executed"" or ""sent to prison"" or ""killed"" or ""returned to the king."".",False,"Zarir (also spelled Zarih) was a Sasanian prince who was the leader of a rebellion in northern Iran in 485. According to Armenian historian Ghazar Parpetsi, who is the only source about the life of Zarir, the latter was a son of the Sasanian shah Yazdegerd II. He had several brothers named Balash, Hormizd III, and Peroz I. After the death of Peroz I (who had succeeded his father as king), Balash was elected as king by the nobility and clergy. Zarir, dissatisfied with the election, rebelled. Balash was thus forced to make peace with his enemy Vahan Mamikonian and sent him at the head of an army to suppress the rebellion of Zarir. Zarir was shortly defeated, and fled to the mountains, but was quickly captured and","Historical/encyclopedic account of Persian king Artaxerxes II, detailing his political conflicts with the rebel Satrap Bagoas.

The sentence structure ""After his capture he was brought to Constantinople and condemned to death but was arrested and executed"" implies a narrative sequence describing his fate, with ""captured and punished"" suggesting the outcome of his betrayal.

Final token ""and"" is a conjunction mid-clause (""was captured and captured and was captured and...""), completing a list of actions (""He was brought back to the throne but was condemned and""), strongly expecting ""executed"" or ""sent to prison"" or ""killed"" or ""returned to the king."""
18,0,The passage has a wiki game-article format.,"[{""sentence_id"": 0, ""start"": 0, ""end"": 48, ""text"": ""Wiki article format with structured game article""}]",theme,format,true,"[{""start"": 0, ""end"": 129, ""text"": ""MCPON John-117, or \""Master Chief\"", is a fictional character and the protagonist of the Halo fictional universe created by Bungie.""}]",prefix: An encyclopedia-style game-character article supports this format.; AV: The passage has a wiki game-article format.,False,"MCPON John-117, or ""Master Chief"", is a fictional character and the protagonist of the Halo fictional universe created by Bungie. Master Chief is a playable character in the series of science fiction first-person shooter video games, Halo 2, Halo 3, Halo 4, and. Outside video games, the character appears in books and graphic novels—,,, and —and has cameos in other Halo media, including,, The Halo Graphic Novel, Halo Legends and. The Master Chief is a towering biochemically and cybernetically-enhanced supersoldier, raised and trained from an early age to be a weapon; he is almost faceless, never seen without his green-colored armor and helmet. He is commonly referred to by his naval rank, rather than his given birth-name or serial-designation. The character is voiced by Steve Downes, a Chicago disc jockey, in the video games in which he appears. Downes based his personification of the Chief on an initial character sketch which called for a Clint Eastwood – type character of few words. The Master Chief is a video game icon, a relative newcomer among more established franchise characters, such as Mario, Sonic the Hedgehog and Lara Croft. The character has received a mostly positive reception. While some have described the Chief's silent and faceless nature as a weakness of the character, other publications have suggested these attributes better allow players to assume his role","Wiki article format with structured game article detailing a video game's cinematic style, establishing factual tone with descriptive analysis of Star Wars characters.

The sentence ""The portrayal of the protagonist is often designed to allow players to assume the role of the film's characters, thus diminishing their own sense of presence"" suggests a concluding clause about the game's immersive nature or player identification with the hero.

Final token ""role"" ends an incomplete clause (""allow him to assume his role""), part of a parallel structure (""this may aid his ability to take on the character's perspective, allowing him to assume his role""), strongly expecting ""and responsibility"" or ""in the narrative"" or ""as a player."""
18,1,The passage details a video game’s cinematic style.,"[{""sentence_id"": 0, ""start"": 49, ""end"": 89, ""text"": ""detailing a video game's cinematic style""}]",theme,topic,unsupported,[],prefix: Character appearance and player identification do not establish cinematography or cinematic style.; AV: The passage details a video game’s cinematic style.,False,"MCPON John-117, or ""Master Chief"", is a fictional character and the protagonist of the Halo fictional universe created by Bungie. Master Chief is a playable character in the series of science fiction first-person shooter video games, Halo 2, Halo 3, Halo 4, and. Outside video games, the character appears in books and graphic novels—,,, and —and has cameos in other Halo media, including,, The Halo Graphic Novel, Halo Legends and. The Master Chief is a towering biochemically and cybernetically-enhanced supersoldier, raised and trained from an early age to be a weapon; he is almost faceless, never seen without his green-colored armor and helmet. He is commonly referred to by his naval rank, rather than his given birth-name or serial-designation. The character is voiced by Steve Downes, a Chicago disc jockey, in the video games in which he appears. Downes based his personification of the Chief on an initial character sketch which called for a Clint Eastwood – type character of few words. The Master Chief is a video game icon, a relative newcomer among more established franchise characters, such as Mario, Sonic the Hedgehog and Lara Croft. The character has received a mostly positive reception. While some have described the Chief's silent and faceless nature as a weakness of the character, other publications have suggested these attributes better allow players to assume his role","Wiki article format with structured game article detailing a video game's cinematic style, establishing factual tone with descriptive analysis of Star Wars characters.

The sentence ""The portrayal of the protagonist is often designed to allow players to assume the role of the film's characters, thus diminishing their own sense of presence"" suggests a concluding clause about the game's immersive nature or player identification with the hero.

Final token ""role"" ends an incomplete clause (""allow him to assume his role""), part of a parallel structure (""this may aid his ability to take on the character's perspective, allowing him to assume his role""), strongly expecting ""and responsibility"" or ""in the narrative"" or ""as a player."""
18,2,The passage uses a factual descriptive tone.,"[{""sentence_id"": 0, ""start"": 91, ""end"": 116, ""text"": ""establishing factual tone""}]",theme,style,true,"[{""start"": 753, ""end"": 815, ""text"": ""The character is voiced by Steve Downes, a Chicago disc jockey""}]",prefix: Expository factual descriptions support the register.; AV: The passage uses a factual descriptive tone.,False,"MCPON John-117, or ""Master Chief"", is a fictional character and the protagonist of the Halo fictional universe created by Bungie. Master Chief is a playable character in the series of science fiction first-person shooter video games, Halo 2, Halo 3, Halo 4, and. Outside video games, the character appears in books and graphic novels—,,, and —and has cameos in other Halo media, including,, The Halo Graphic Novel, Halo Legends and. The Master Chief is a towering biochemically and cybernetically-enhanced supersoldier, raised and trained from an early age to be a weapon; he is almost faceless, never seen without his green-colored armor and helmet. He is commonly referred to by his naval rank, rather than his given birth-name or serial-designation. The character is voiced by Steve Downes, a Chicago disc jockey, in the video games in which he appears. Downes based his personification of the Chief on an initial character sketch which called for a Clint Eastwood – type character of few words. The Master Chief is a video game icon, a relative newcomer among more established franchise characters, such as Mario, Sonic the Hedgehog and Lara Croft. The character has received a mostly positive reception. While some have described the Chief's silent and faceless nature as a weakness of the character, other publications have suggested these attributes better allow players to assume his role","Wiki article format with structured game article detailing a video game's cinematic style, establishing factual tone with descriptive analysis of Star Wars characters.

The sentence ""The portrayal of the protagonist is often designed to allow players to assume the role of the film's characters, thus diminishing their own sense of presence"" suggests a concluding clause about the game's immersive nature or player identification with the hero.

Final token ""role"" ends an incomplete clause (""allow him to assume his role""), part of a parallel structure (""this may aid his ability to take on the character's perspective, allowing him to assume his role""), strongly expecting ""and responsibility"" or ""in the narrative"" or ""as a player."""
18,3,The characters being analyzed belong to Star Wars.,"[{""sentence_id"": 0, ""start"": 122, ""end"": 166, ""text"": ""descriptive analysis of Star Wars characters""}]",entity,identification,false,"[{""start"": 64, ""end"": 110, ""text"": ""the protagonist of the Halo fictional universe""}]",prefix: The filled fictional-universe role is Halo.; AV: The characters being analyzed belong to Star Wars.,False,"MCPON John-117, or ""Master Chief"", is a fictional character and the protagonist of the Halo fictional universe created by Bungie. Master Chief is a playable character in the series of science fiction first-person shooter video games, Halo 2, Halo 3, Halo 4, and. Outside video games, the character appears in books and graphic novels—,,, and —and has cameos in other Halo media, including,, The Halo Graphic Novel, Halo Legends and. The Master Chief is a towering biochemically and cybernetically-enhanced supersoldier, raised and trained from an early age to be a weapon; he is almost faceless, never seen without his green-colored armor and helmet. He is commonly referred to by his naval rank, rather than his given birth-name or serial-designation. The character is voiced by Steve Downes, a Chicago disc jockey, in the video games in which he appears. Downes based his personification of the Chief on an initial character sketch which called for a Clint Eastwood – type character of few words. The Master Chief is a video game icon, a relative newcomer among more established franchise characters, such as Mario, Sonic the Hedgehog and Lara Croft. The character has received a mostly positive reception. While some have described the Chief's silent and faceless nature as a weakness of the character, other publications have suggested these attributes better allow players to assume his role","Wiki article format with structured game article detailing a video game's cinematic style, establishing factual tone with descriptive analysis of Star Wars characters.

The sentence ""The portrayal of the protagonist is often designed to allow players to assume the role of the film's characters, thus diminishing their own sense of presence"" suggests a concluding clause about the game's immersive nature or player identification with the hero.

Final token ""role"" ends an incomplete clause (""allow him to assume his role""), part of a parallel structure (""this may aid his ability to take on the character's perspective, allowing him to assume his role""), strongly expecting ""and responsibility"" or ""in the narrative"" or ""as a player."""
18,4,The protagonist’s portrayal is often deliberately designed to let players assume film characters’ roles.,"[{""sentence_id"": 1, ""start"": 183, ""end"": 294, ""text"": ""The portrayal of the protagonist is often designed to allow players to assume the role of the film's characters""}]",detail,cause,unsupported,"[{""start"": 1306, ""end"": 1396, ""text"": ""other publications have suggested these attributes better allow players to assume his role""}]","prefix: The source reports suggestions about one game character; design intention, frequency, and film-character scope are not established.; AV: The protagonist’s portrayal is often deliberately designed to let players assume film characters’ roles.",True,"MCPON John-117, or ""Master Chief"", is a fictional character and the protagonist of the Halo fictional universe created by Bungie. Master Chief is a playable character in the series of science fiction first-person shooter video games, Halo 2, Halo 3, Halo 4, and. Outside video games, the character appears in books and graphic novels—,,, and —and has cameos in other Halo media, including,, The Halo Graphic Novel, Halo Legends and. The Master Chief is a towering biochemically and cybernetically-enhanced supersoldier, raised and trained from an early age to be a weapon; he is almost faceless, never seen without his green-colored armor and helmet. He is commonly referred to by his naval rank, rather than his given birth-name or serial-designation. The character is voiced by Steve Downes, a Chicago disc jockey, in the video games in which he appears. Downes based his personification of the Chief on an initial character sketch which called for a Clint Eastwood – type character of few words. The Master Chief is a video game icon, a relative newcomer among more established franchise characters, such as Mario, Sonic the Hedgehog and Lara Croft. The character has received a mostly positive reception. While some have described the Chief's silent and faceless nature as a weakness of the character, other publications have suggested these attributes better allow players to assume his role","Wiki article format with structured game article detailing a video game's cinematic style, establishing factual tone with descriptive analysis of Star Wars characters.

The sentence ""The portrayal of the protagonist is often designed to allow players to assume the role of the film's characters, thus diminishing their own sense of presence"" suggests a concluding clause about the game's immersive nature or player identification with the hero.

Final token ""role"" ends an incomplete clause (""allow him to assume his role""), part of a parallel structure (""this may aid his ability to take on the character's perspective, allowing him to assume his role""), strongly expecting ""and responsibility"" or ""in the narrative"" or ""as a player."""
18,5,Taking the character’s role diminishes the player’s own sense of presence.,"[{""sentence_id"": 1, ""start"": 296, ""end"": 340, ""text"": ""thus diminishing their own sense of presence""}]",detail,cause,unsupported,[],prefix: The source does not state this psychological effect.; AV: Taking the character’s role diminishes the player’s own sense of presence.,False,"MCPON John-117, or ""Master Chief"", is a fictional character and the protagonist of the Halo fictional universe created by Bungie. Master Chief is a playable character in the series of science fiction first-person shooter video games, Halo 2, Halo 3, Halo 4, and. Outside video games, the character appears in books and graphic novels—,,, and —and has cameos in other Halo media, including,, The Halo Graphic Novel, Halo Legends and. The Master Chief is a towering biochemically and cybernetically-enhanced supersoldier, raised and trained from an early age to be a weapon; he is almost faceless, never seen without his green-colored armor and helmet. He is commonly referred to by his naval rank, rather than his given birth-name or serial-designation. The character is voiced by Steve Downes, a Chicago disc jockey, in the video games in which he appears. Downes based his personification of the Chief on an initial character sketch which called for a Clint Eastwood – type character of few words. The Master Chief is a video game icon, a relative newcomer among more established franchise characters, such as Mario, Sonic the Hedgehog and Lara Croft. The character has received a mostly positive reception. While some have described the Chief's silent and faceless nature as a weakness of the character, other publications have suggested these attributes better allow players to assume his role","Wiki article format with structured game article detailing a video game's cinematic style, establishing factual tone with descriptive analysis of Star Wars characters.

The sentence ""The portrayal of the protagonist is often designed to allow players to assume the role of the film's characters, thus diminishing their own sense of presence"" suggests a concluding clause about the game's immersive nature or player identification with the hero.

Final token ""role"" ends an incomplete clause (""allow him to assume his role""), part of a parallel structure (""this may aid his ability to take on the character's perspective, allowing him to assume his role""), strongly expecting ""and responsibility"" or ""in the narrative"" or ""as a player."""
18,6,The final clause concerns immersion or player identification with the hero.,"[{""sentence_id"": 1, ""start"": 377, ""end"": 443, ""text"": ""the game's immersive nature or player identification with the hero""}]",detail,local_text,true,"[{""start"": 1306, ""end"": 1396, ""text"": ""other publications have suggested these attributes better allow players to assume his role""}]",prefix: Player identification is explicitly discussed; preserve the disjunction.; AV: The final clause concerns immersion or player identification with the hero.,False,"MCPON John-117, or ""Master Chief"", is a fictional character and the protagonist of the Halo fictional universe created by Bungie. Master Chief is a playable character in the series of science fiction first-person shooter video games, Halo 2, Halo 3, Halo 4, and. Outside video games, the character appears in books and graphic novels—,,, and —and has cameos in other Halo media, including,, The Halo Graphic Novel, Halo Legends and. The Master Chief is a towering biochemically and cybernetically-enhanced supersoldier, raised and trained from an early age to be a weapon; he is almost faceless, never seen without his green-colored armor and helmet. He is commonly referred to by his naval rank, rather than his given birth-name or serial-designation. The character is voiced by Steve Downes, a Chicago disc jockey, in the video games in which he appears. Downes based his personification of the Chief on an initial character sketch which called for a Clint Eastwood – type character of few words. The Master Chief is a video game icon, a relative newcomer among more established franchise characters, such as Mario, Sonic the Hedgehog and Lara Croft. The character has received a mostly positive reception. While some have described the Chief's silent and faceless nature as a weakness of the character, other publications have suggested these attributes better allow players to assume his role","Wiki article format with structured game article detailing a video game's cinematic style, establishing factual tone with descriptive analysis of Star Wars characters.

The sentence ""The portrayal of the protagonist is often designed to allow players to assume the role of the film's characters, thus diminishing their own sense of presence"" suggests a concluding clause about the game's immersive nature or player identification with the hero.

Final token ""role"" ends an incomplete clause (""allow him to assume his role""), part of a parallel structure (""this may aid his ability to take on the character's perspective, allowing him to assume his role""), strongly expecting ""and responsibility"" or ""in the narrative"" or ""as a player."""
18,7,The protagonist’s attributes may help players assume his role or perspective.,"[{""sentence_id"": 2, ""start"": 493, ""end"": 521, ""text"": ""allow him to assume his role""}, {""sentence_id"": 2, ""start"": 556, ""end"": 652, ""text"": ""this may aid his ability to take on the character's perspective, allowing him to assume his role""}]",detail,cause,true,"[{""start"": 1306, ""end"": 1396, ""text"": ""other publications have suggested these attributes better allow players to assume his role""}]",prefix: The hedged player-identification proposition is supported by the reported suggestion.; AV: The protagonist’s attributes may help players assume his role or perspective.,False,"MCPON John-117, or ""Master Chief"", is a fictional character and the protagonist of the Halo fictional universe created by Bungie. Master Chief is a playable character in the series of science fiction first-person shooter video games, Halo 2, Halo 3, Halo 4, and. Outside video games, the character appears in books and graphic novels—,,, and —and has cameos in other Halo media, including,, The Halo Graphic Novel, Halo Legends and. The Master Chief is a towering biochemically and cybernetically-enhanced supersoldier, raised and trained from an early age to be a weapon; he is almost faceless, never seen without his green-colored armor and helmet. He is commonly referred to by his naval rank, rather than his given birth-name or serial-designation. The character is voiced by Steve Downes, a Chicago disc jockey, in the video games in which he appears. Downes based his personification of the Chief on an initial character sketch which called for a Clint Eastwood – type character of few words. The Master Chief is a video game icon, a relative newcomer among more established franchise characters, such as Mario, Sonic the Hedgehog and Lara Croft. The character has received a mostly positive reception. While some have described the Chief's silent and faceless nature as a weakness of the character, other publications have suggested these attributes better allow players to assume his role","Wiki article format with structured game article detailing a video game's cinematic style, establishing factual tone with descriptive analysis of Star Wars characters.

The sentence ""The portrayal of the protagonist is often designed to allow players to assume the role of the film's characters, thus diminishing their own sense of presence"" suggests a concluding clause about the game's immersive nature or player identification with the hero.

Final token ""role"" ends an incomplete clause (""allow him to assume his role""), part of a parallel structure (""this may aid his ability to take on the character's perspective, allowing him to assume his role""), strongly expecting ""and responsibility"" or ""in the narrative"" or ""as a player."""
18,8,The ending forms a parallel structure.,"[{""sentence_id"": 2, ""start"": 525, ""end"": 553, ""text"": ""part of a parallel structure""}]",detail,local_text,unsupported,"[{""start"": 1306, ""end"": 1396, ""text"": ""other publications have suggested these attributes better allow players to assume his role""}]",prefix: The claimed parallel structure is ambiguous rather than clearly established.; AV: The ending forms a parallel structure.,True,"MCPON John-117, or ""Master Chief"", is a fictional character and the protagonist of the Halo fictional universe created by Bungie. Master Chief is a playable character in the series of science fiction first-person shooter video games, Halo 2, Halo 3, Halo 4, and. Outside video games, the character appears in books and graphic novels—,,, and —and has cameos in other Halo media, including,, The Halo Graphic Novel, Halo Legends and. The Master Chief is a towering biochemically and cybernetically-enhanced supersoldier, raised and trained from an early age to be a weapon; he is almost faceless, never seen without his green-colored armor and helmet. He is commonly referred to by his naval rank, rather than his given birth-name or serial-designation. The character is voiced by Steve Downes, a Chicago disc jockey, in the video games in which he appears. Downes based his personification of the Chief on an initial character sketch which called for a Clint Eastwood – type character of few words. The Master Chief is a video game icon, a relative newcomer among more established franchise characters, such as Mario, Sonic the Hedgehog and Lara Croft. The character has received a mostly positive reception. While some have described the Chief's silent and faceless nature as a weakness of the character, other publications have suggested these attributes better allow players to assume his role","Wiki article format with structured game article detailing a video game's cinematic style, establishing factual tone with descriptive analysis of Star Wars characters.

The sentence ""The portrayal of the protagonist is often designed to allow players to assume the role of the film's characters, thus diminishing their own sense of presence"" suggests a concluding clause about the game's immersive nature or player identification with the hero.

Final token ""role"" ends an incomplete clause (""allow him to assume his role""), part of a parallel structure (""this may aid his ability to take on the character's perspective, allowing him to assume his role""), strongly expecting ""and responsibility"" or ""in the narrative"" or ""as a player."""
18,9,The final tokenizer token is “role”.,"[{""sentence_id"": 2, ""start"": 446, ""end"": 464, ""text"": ""Final token \""role\""""}]",detail,final_token,unsupported,[],prefix: Tokenizer evidence is excluded under the prefix-only protocol.; AV: The final tokenizer token is “role”.,True,"MCPON John-117, or ""Master Chief"", is a fictional character and the protagonist of the Halo fictional universe created by Bungie. Master Chief is a playable character in the series of science fiction first-person shooter video games, Halo 2, Halo 3, Halo 4, and. Outside video games, the character appears in books and graphic novels—,,, and —and has cameos in other Halo media, including,, The Halo Graphic Novel, Halo Legends and. The Master Chief is a towering biochemically and cybernetically-enhanced supersoldier, raised and trained from an early age to be a weapon; he is almost faceless, never seen without his green-colored armor and helmet. He is commonly referred to by his naval rank, rather than his given birth-name or serial-designation. The character is voiced by Steve Downes, a Chicago disc jockey, in the video games in which he appears. Downes based his personification of the Chief on an initial character sketch which called for a Clint Eastwood – type character of few words. The Master Chief is a video game icon, a relative newcomer among more established franchise characters, such as Mario, Sonic the Hedgehog and Lara Croft. The character has received a mostly positive reception. While some have described the Chief's silent and faceless nature as a weakness of the character, other publications have suggested these attributes better allow players to assume his role","Wiki article format with structured game article detailing a video game's cinematic style, establishing factual tone with descriptive analysis of Star Wars characters.

The sentence ""The portrayal of the protagonist is often designed to allow players to assume the role of the film's characters, thus diminishing their own sense of presence"" suggests a concluding clause about the game's immersive nature or player identification with the hero.

Final token ""role"" ends an incomplete clause (""allow him to assume his role""), part of a parallel structure (""this may aid his ability to take on the character's perspective, allowing him to assume his role""), strongly expecting ""and responsibility"" or ""in the narrative"" or ""as a player."""
18,10,The visible ending is syntactically incomplete.,"[{""sentence_id"": 2, ""start"": 465, ""end"": 491, ""text"": ""ends an incomplete clause ""}]",detail,local_text,false,"[{""start"": 1357, ""end"": 1396, ""text"": ""better allow players to assume his role""}]",prefix: The final clause and infinitival complement are complete.; AV: The visible ending is syntactically incomplete.,True,"MCPON John-117, or ""Master Chief"", is a fictional character and the protagonist of the Halo fictional universe created by Bungie. Master Chief is a playable character in the series of science fiction first-person shooter video games, Halo 2, Halo 3, Halo 4, and. Outside video games, the character appears in books and graphic novels—,,, and —and has cameos in other Halo media, including,, The Halo Graphic Novel, Halo Legends and. The Master Chief is a towering biochemically and cybernetically-enhanced supersoldier, raised and trained from an early age to be a weapon; he is almost faceless, never seen without his green-colored armor and helmet. He is commonly referred to by his naval rank, rather than his given birth-name or serial-designation. The character is voiced by Steve Downes, a Chicago disc jockey, in the video games in which he appears. Downes based his personification of the Chief on an initial character sketch which called for a Clint Eastwood – type character of few words. The Master Chief is a video game icon, a relative newcomer among more established franchise characters, such as Mario, Sonic the Hedgehog and Lara Croft. The character has received a mostly positive reception. While some have described the Chief's silent and faceless nature as a weakness of the character, other publications have suggested these attributes better allow players to assume his role","Wiki article format with structured game article detailing a video game's cinematic style, establishing factual tone with descriptive analysis of Star Wars characters.

The sentence ""The portrayal of the protagonist is often designed to allow players to assume the role of the film's characters, thus diminishing their own sense of presence"" suggests a concluding clause about the game's immersive nature or player identification with the hero.

Final token ""role"" ends an incomplete clause (""allow him to assume his role""), part of a parallel structure (""this may aid his ability to take on the character's perspective, allowing him to assume his role""), strongly expecting ""and responsibility"" or ""in the narrative"" or ""as a player."""
18,11,"The AV predicts the following continuation alternatives: strongly expecting ""and responsibility"" or ""in the narrative"" or ""as a player."".","[{""sentence_id"": 2, ""start"": 656, ""end"": 735, ""text"": ""strongly expecting \""and responsibility\"" or \""in the narrative\"" or \""as a player.\""""}]",forecast,continuation,unsupported,[],"prefix: No continuation or probability evidence; keep the offered alternatives together.; AV: The AV predicts the following continuation alternatives: strongly expecting ""and responsibility"" or ""in the narrative"" or ""as a player."".",False,"MCPON John-117, or ""Master Chief"", is a fictional character and the protagonist of the Halo fictional universe created by Bungie. Master Chief is a playable character in the series of science fiction first-person shooter video games, Halo 2, Halo 3, Halo 4, and. Outside video games, the character appears in books and graphic novels—,,, and —and has cameos in other Halo media, including,, The Halo Graphic Novel, Halo Legends and. The Master Chief is a towering biochemically and cybernetically-enhanced supersoldier, raised and trained from an early age to be a weapon; he is almost faceless, never seen without his green-colored armor and helmet. He is commonly referred to by his naval rank, rather than his given birth-name or serial-designation. The character is voiced by Steve Downes, a Chicago disc jockey, in the video games in which he appears. Downes based his personification of the Chief on an initial character sketch which called for a Clint Eastwood – type character of few words. The Master Chief is a video game icon, a relative newcomer among more established franchise characters, such as Mario, Sonic the Hedgehog and Lara Croft. The character has received a mostly positive reception. While some have described the Chief's silent and faceless nature as a weakness of the character, other publications have suggested these attributes better allow players to assume his role","Wiki article format with structured game article detailing a video game's cinematic style, establishing factual tone with descriptive analysis of Star Wars characters.

The sentence ""The portrayal of the protagonist is often designed to allow players to assume the role of the film's characters, thus diminishing their own sense of presence"" suggests a concluding clause about the game's immersive nature or player identification with the hero.

Final token ""role"" ends an incomplete clause (""allow him to assume his role""), part of a parallel structure (""this may aid his ability to take on the character's perspective, allowing him to assume his role""), strongly expecting ""and responsibility"" or ""in the narrative"" or ""as a player."""
19,0,The passage has Wikipedia-article format.,"[{""sentence_id"": 0, ""start"": 0, ""end"": 24, ""text"": ""Wikipedia article format""}]",theme,format,true,"[{""start"": 0, ""end"": 75, ""text"": ""\""Lisa Mona Lisa\"" was the Austrian entry in the Eurovision Song Contest 1988""}]",prefix: An expository song entry supports the format.; AV: The passage has Wikipedia-article format.,False,"""Lisa Mona Lisa"" was the Austrian entry in the Eurovision Song Contest 1988, performed in German by Wilfried. The song was performed twelfth on the night, following Germany's Maxi & Chris Garden with ""Lied für einen Freund"" and preceding Denmark's Kirsten & Søren with ""Ka 'du se hva' jeg sa'?"". At the close of voting, it had received no points, placing it last out of a field of 21. The song is a ballad in which the singer likens the object of his affection to the Mona Lisa, in that she is very mysterious but nonetheless entrancing. The song was recorded in German, French and English. Due to the song's poor performance, the English version was not released. It was succeeded as Austrian representative at the 1989 Contest by Thomas Forstner singing","Wikipedia article format with bilingual song listing structure, describing Austrian pop music chart history and awards.

The sentence ""His debut single in the Eurovision Song Contest 1985 was performed by German singer Thomas Reiter, while another Austrian artist singing under the name Thomas singing"" implies a second artist's name and song title follows, completing a contrasting performer's entry.

Final token ""singing"" ends an incomplete clause (""when Thomas Reiter singing""), part of a list of performances (""one of them, Austrian singer Thomas Reiter singing the song""), strongly expecting "" 'The Other Side'"" or "" 'His Own Song'"" or "" 'Der Schatten'""."
19,1,The passage has a bilingual listing structure.,"[{""sentence_id"": 0, ""start"": 25, ""end"": 62, ""text"": ""with bilingual song listing structure""}]",theme,language,false,"[{""start"": 538, ""end"": 590, ""text"": ""The song was recorded in German, French and English.""}]","prefix: The prose is English and the recordings are described as trilingual, not a bilingual listing.; AV: The passage has a bilingual listing structure.",True,"""Lisa Mona Lisa"" was the Austrian entry in the Eurovision Song Contest 1988, performed in German by Wilfried. The song was performed twelfth on the night, following Germany's Maxi & Chris Garden with ""Lied für einen Freund"" and preceding Denmark's Kirsten & Søren with ""Ka 'du se hva' jeg sa'?"". At the close of voting, it had received no points, placing it last out of a field of 21. The song is a ballad in which the singer likens the object of his affection to the Mona Lisa, in that she is very mysterious but nonetheless entrancing. The song was recorded in German, French and English. Due to the song's poor performance, the English version was not released. It was succeeded as Austrian representative at the 1989 Contest by Thomas Forstner singing","Wikipedia article format with bilingual song listing structure, describing Austrian pop music chart history and awards.

The sentence ""His debut single in the Eurovision Song Contest 1985 was performed by German singer Thomas Reiter, while another Austrian artist singing under the name Thomas singing"" implies a second artist's name and song title follows, completing a contrasting performer's entry.

Final token ""singing"" ends an incomplete clause (""when Thomas Reiter singing""), part of a list of performances (""one of them, Austrian singer Thomas Reiter singing the song""), strongly expecting "" 'The Other Side'"" or "" 'His Own Song'"" or "" 'Der Schatten'""."
19,2,The passage concerns Austrian pop music.,"[{""sentence_id"": 0, ""start"": 64, ""end"": 93, ""text"": ""describing Austrian pop music""}]",theme,topic,true,"[{""start"": 17, ""end"": 75, ""text"": ""was the Austrian entry in the Eurovision Song Contest 1988""}]",prefix: Austrian contest-song context supports the broad topic.; AV: The passage concerns Austrian pop music.,True,"""Lisa Mona Lisa"" was the Austrian entry in the Eurovision Song Contest 1988, performed in German by Wilfried. The song was performed twelfth on the night, following Germany's Maxi & Chris Garden with ""Lied für einen Freund"" and preceding Denmark's Kirsten & Søren with ""Ka 'du se hva' jeg sa'?"". At the close of voting, it had received no points, placing it last out of a field of 21. The song is a ballad in which the singer likens the object of his affection to the Mona Lisa, in that she is very mysterious but nonetheless entrancing. The song was recorded in German, French and English. Due to the song's poor performance, the English version was not released. It was succeeded as Austrian representative at the 1989 Contest by Thomas Forstner singing","Wikipedia article format with bilingual song listing structure, describing Austrian pop music chart history and awards.

The sentence ""His debut single in the Eurovision Song Contest 1985 was performed by German singer Thomas Reiter, while another Austrian artist singing under the name Thomas singing"" implies a second artist's name and song title follows, completing a contrasting performer's entry.

Final token ""singing"" ends an incomplete clause (""when Thomas Reiter singing""), part of a list of performances (""one of them, Austrian singer Thomas Reiter singing the song""), strongly expecting "" 'The Other Side'"" or "" 'His Own Song'"" or "" 'Der Schatten'""."
19,3,The passage describes music chart history and awards.,"[{""sentence_id"": 0, ""start"": 94, ""end"": 118, ""text"": ""chart history and awards""}]",theme,topic,unsupported,"[{""start"": 320, ""end"": 383, ""text"": ""it had received no points, placing it last out of a field of 21""}]","prefix: Contest results are explicit, but chart performance and awards are not.; AV: The passage describes music chart history and awards.",False,"""Lisa Mona Lisa"" was the Austrian entry in the Eurovision Song Contest 1988, performed in German by Wilfried. The song was performed twelfth on the night, following Germany's Maxi & Chris Garden with ""Lied für einen Freund"" and preceding Denmark's Kirsten & Søren with ""Ka 'du se hva' jeg sa'?"". At the close of voting, it had received no points, placing it last out of a field of 21. The song is a ballad in which the singer likens the object of his affection to the Mona Lisa, in that she is very mysterious but nonetheless entrancing. The song was recorded in German, French and English. Due to the song's poor performance, the English version was not released. It was succeeded as Austrian representative at the 1989 Contest by Thomas Forstner singing","Wikipedia article format with bilingual song listing structure, describing Austrian pop music chart history and awards.

The sentence ""His debut single in the Eurovision Song Contest 1985 was performed by German singer Thomas Reiter, while another Austrian artist singing under the name Thomas singing"" implies a second artist's name and song title follows, completing a contrasting performer's entry.

Final token ""singing"" ends an incomplete clause (""when Thomas Reiter singing""), part of a list of performances (""one of them, Austrian singer Thomas Reiter singing the song""), strongly expecting "" 'The Other Side'"" or "" 'His Own Song'"" or "" 'Der Schatten'""."
19,4,The song was the performer’s debut single.,"[{""sentence_id"": 1, ""start"": 135, ""end"": 151, ""text"": ""His debut single""}]",detail,attribute,unsupported,[],prefix: No debut status is provided.; AV: The song was the performer’s debut single.,False,"""Lisa Mona Lisa"" was the Austrian entry in the Eurovision Song Contest 1988, performed in German by Wilfried. The song was performed twelfth on the night, following Germany's Maxi & Chris Garden with ""Lied für einen Freund"" and preceding Denmark's Kirsten & Søren with ""Ka 'du se hva' jeg sa'?"". At the close of voting, it had received no points, placing it last out of a field of 21. The song is a ballad in which the singer likens the object of his affection to the Mona Lisa, in that she is very mysterious but nonetheless entrancing. The song was recorded in German, French and English. Due to the song's poor performance, the English version was not released. It was succeeded as Austrian representative at the 1989 Contest by Thomas Forstner singing","Wikipedia article format with bilingual song listing structure, describing Austrian pop music chart history and awards.

The sentence ""His debut single in the Eurovision Song Contest 1985 was performed by German singer Thomas Reiter, while another Austrian artist singing under the name Thomas singing"" implies a second artist's name and song title follows, completing a contrasting performer's entry.

Final token ""singing"" ends an incomplete clause (""when Thomas Reiter singing""), part of a list of performances (""one of them, Austrian singer Thomas Reiter singing the song""), strongly expecting "" 'The Other Side'"" or "" 'His Own Song'"" or "" 'Der Schatten'""."
19,5,The described Eurovision entry was in 1985.,"[{""sentence_id"": 1, ""start"": 159, ""end"": 187, ""text"": ""Eurovision Song Contest 1985""}]",detail,date,false,"[{""start"": 47, ""end"": 75, ""text"": ""Eurovision Song Contest 1988""}]",prefix: The filled contest-year role is 1988.; AV: The described Eurovision entry was in 1985.,False,"""Lisa Mona Lisa"" was the Austrian entry in the Eurovision Song Contest 1988, performed in German by Wilfried. The song was performed twelfth on the night, following Germany's Maxi & Chris Garden with ""Lied für einen Freund"" and preceding Denmark's Kirsten & Søren with ""Ka 'du se hva' jeg sa'?"". At the close of voting, it had received no points, placing it last out of a field of 21. The song is a ballad in which the singer likens the object of his affection to the Mona Lisa, in that she is very mysterious but nonetheless entrancing. The song was recorded in German, French and English. Due to the song's poor performance, the English version was not released. It was succeeded as Austrian representative at the 1989 Contest by Thomas Forstner singing","Wikipedia article format with bilingual song listing structure, describing Austrian pop music chart history and awards.

The sentence ""His debut single in the Eurovision Song Contest 1985 was performed by German singer Thomas Reiter, while another Austrian artist singing under the name Thomas singing"" implies a second artist's name and song title follows, completing a contrasting performer's entry.

Final token ""singing"" ends an incomplete clause (""when Thomas Reiter singing""), part of a list of performances (""one of them, Austrian singer Thomas Reiter singing the song""), strongly expecting "" 'The Other Side'"" or "" 'His Own Song'"" or "" 'Der Schatten'""."
19,6,The performer of the described song was Thomas Reiter.,"[{""sentence_id"": 1, ""start"": 188, ""end"": 232, ""text"": ""was performed by German singer Thomas Reiter""}]",entity,identification,false,"[{""start"": 77, ""end"": 108, ""text"": ""performed in German by Wilfried""}]",prefix: The source performer is Wilfried.; AV: The performer of the described song was Thomas Reiter.,False,"""Lisa Mona Lisa"" was the Austrian entry in the Eurovision Song Contest 1988, performed in German by Wilfried. The song was performed twelfth on the night, following Germany's Maxi & Chris Garden with ""Lied für einen Freund"" and preceding Denmark's Kirsten & Søren with ""Ka 'du se hva' jeg sa'?"". At the close of voting, it had received no points, placing it last out of a field of 21. The song is a ballad in which the singer likens the object of his affection to the Mona Lisa, in that she is very mysterious but nonetheless entrancing. The song was recorded in German, French and English. Due to the song's poor performance, the English version was not released. It was succeeded as Austrian representative at the 1989 Contest by Thomas Forstner singing","Wikipedia article format with bilingual song listing structure, describing Austrian pop music chart history and awards.

The sentence ""His debut single in the Eurovision Song Contest 1985 was performed by German singer Thomas Reiter, while another Austrian artist singing under the name Thomas singing"" implies a second artist's name and song title follows, completing a contrasting performer's entry.

Final token ""singing"" ends an incomplete clause (""when Thomas Reiter singing""), part of a list of performances (""one of them, Austrian singer Thomas Reiter singing the song""), strongly expecting "" 'The Other Side'"" or "" 'His Own Song'"" or "" 'Der Schatten'""."
19,7,Thomas Reiter is German.,"[{""sentence_id"": 1, ""start"": 205, ""end"": 232, ""text"": ""German singer Thomas Reiter""}]",detail,attribute,unsupported,[],prefix: The nationality of this named person is not supplied.; AV: Thomas Reiter is German.,False,"""Lisa Mona Lisa"" was the Austrian entry in the Eurovision Song Contest 1988, performed in German by Wilfried. The song was performed twelfth on the night, following Germany's Maxi & Chris Garden with ""Lied für einen Freund"" and preceding Denmark's Kirsten & Søren with ""Ka 'du se hva' jeg sa'?"". At the close of voting, it had received no points, placing it last out of a field of 21. The song is a ballad in which the singer likens the object of his affection to the Mona Lisa, in that she is very mysterious but nonetheless entrancing. The song was recorded in German, French and English. Due to the song's poor performance, the English version was not released. It was succeeded as Austrian representative at the 1989 Contest by Thomas Forstner singing","Wikipedia article format with bilingual song listing structure, describing Austrian pop music chart history and awards.

The sentence ""His debut single in the Eurovision Song Contest 1985 was performed by German singer Thomas Reiter, while another Austrian artist singing under the name Thomas singing"" implies a second artist's name and song title follows, completing a contrasting performer's entry.

Final token ""singing"" ends an incomplete clause (""when Thomas Reiter singing""), part of a list of performances (""one of them, Austrian singer Thomas Reiter singing the song""), strongly expecting "" 'The Other Side'"" or "" 'His Own Song'"" or "" 'Der Schatten'""."
19,8,Thomas Reiter is a singer.,"[{""sentence_id"": 1, ""start"": 205, ""end"": 232, ""text"": ""German singer Thomas Reiter""}, {""sentence_id"": 2, ""start"": 529, ""end"": 558, ""text"": ""Austrian singer Thomas Reiter""}]",detail,attribute,unsupported,[],prefix: No facts about Thomas Reiter are supplied; repeated profession kept in one atom.; AV: Thomas Reiter is a singer.,False,"""Lisa Mona Lisa"" was the Austrian entry in the Eurovision Song Contest 1988, performed in German by Wilfried. The song was performed twelfth on the night, following Germany's Maxi & Chris Garden with ""Lied für einen Freund"" and preceding Denmark's Kirsten & Søren with ""Ka 'du se hva' jeg sa'?"". At the close of voting, it had received no points, placing it last out of a field of 21. The song is a ballad in which the singer likens the object of his affection to the Mona Lisa, in that she is very mysterious but nonetheless entrancing. The song was recorded in German, French and English. Due to the song's poor performance, the English version was not released. It was succeeded as Austrian representative at the 1989 Contest by Thomas Forstner singing","Wikipedia article format with bilingual song listing structure, describing Austrian pop music chart history and awards.

The sentence ""His debut single in the Eurovision Song Contest 1985 was performed by German singer Thomas Reiter, while another Austrian artist singing under the name Thomas singing"" implies a second artist's name and song title follows, completing a contrasting performer's entry.

Final token ""singing"" ends an incomplete clause (""when Thomas Reiter singing""), part of a list of performances (""one of them, Austrian singer Thomas Reiter singing the song""), strongly expecting "" 'The Other Side'"" or "" 'His Own Song'"" or "" 'Der Schatten'""."
19,9,The next Austrian artist is named Thomas.,"[{""sentence_id"": 1, ""start"": 240, ""end"": 293, ""text"": ""another Austrian artist singing under the name Thomas""}]",entity,identification,true,"[{""start"": 729, ""end"": 755, ""text"": ""by Thomas Forstner singing""}]",prefix: The next representative is Thomas Forstner; first-name-only identification is compatible and entailed.; AV: The next Austrian artist is named Thomas.,True,"""Lisa Mona Lisa"" was the Austrian entry in the Eurovision Song Contest 1988, performed in German by Wilfried. The song was performed twelfth on the night, following Germany's Maxi & Chris Garden with ""Lied für einen Freund"" and preceding Denmark's Kirsten & Søren with ""Ka 'du se hva' jeg sa'?"". At the close of voting, it had received no points, placing it last out of a field of 21. The song is a ballad in which the singer likens the object of his affection to the Mona Lisa, in that she is very mysterious but nonetheless entrancing. The song was recorded in German, French and English. Due to the song's poor performance, the English version was not released. It was succeeded as Austrian representative at the 1989 Contest by Thomas Forstner singing","Wikipedia article format with bilingual song listing structure, describing Austrian pop music chart history and awards.

The sentence ""His debut single in the Eurovision Song Contest 1985 was performed by German singer Thomas Reiter, while another Austrian artist singing under the name Thomas singing"" implies a second artist's name and song title follows, completing a contrasting performer's entry.

Final token ""singing"" ends an incomplete clause (""when Thomas Reiter singing""), part of a list of performances (""one of them, Austrian singer Thomas Reiter singing the song""), strongly expecting "" 'The Other Side'"" or "" 'His Own Song'"" or "" 'Der Schatten'""."
19,10,A second artist’s name and song title follow to complete a contrasting entry.,"[{""sentence_id"": 1, ""start"": 303, ""end"": 400, ""text"": ""implies a second artist's name and song title follows, completing a contrasting performer's entry""}]",forecast,continuation,unsupported,[],prefix: The unseen continuation is not evidence.; AV: A second artist’s name and song title follow to complete a contrasting entry.,False,"""Lisa Mona Lisa"" was the Austrian entry in the Eurovision Song Contest 1988, performed in German by Wilfried. The song was performed twelfth on the night, following Germany's Maxi & Chris Garden with ""Lied für einen Freund"" and preceding Denmark's Kirsten & Søren with ""Ka 'du se hva' jeg sa'?"". At the close of voting, it had received no points, placing it last out of a field of 21. The song is a ballad in which the singer likens the object of his affection to the Mona Lisa, in that she is very mysterious but nonetheless entrancing. The song was recorded in German, French and English. Due to the song's poor performance, the English version was not released. It was succeeded as Austrian representative at the 1989 Contest by Thomas Forstner singing","Wikipedia article format with bilingual song listing structure, describing Austrian pop music chart history and awards.

The sentence ""His debut single in the Eurovision Song Contest 1985 was performed by German singer Thomas Reiter, while another Austrian artist singing under the name Thomas singing"" implies a second artist's name and song title follows, completing a contrasting performer's entry.

Final token ""singing"" ends an incomplete clause (""when Thomas Reiter singing""), part of a list of performances (""one of them, Austrian singer Thomas Reiter singing the song""), strongly expecting "" 'The Other Side'"" or "" 'His Own Song'"" or "" 'Der Schatten'""."
19,11,The ending is part of a list of performances.,"[{""sentence_id"": 2, ""start"": 483, ""end"": 513, ""text"": ""part of a list of performances""}]",detail,local_text,true,"[{""start"": 665, ""end"": 755, ""text"": ""It was succeeded as Austrian representative at the 1989 Contest by Thomas Forstner singing""}]",prefix: A succession of contest performances is described.; AV: The ending is part of a list of performances.,True,"""Lisa Mona Lisa"" was the Austrian entry in the Eurovision Song Contest 1988, performed in German by Wilfried. The song was performed twelfth on the night, following Germany's Maxi & Chris Garden with ""Lied für einen Freund"" and preceding Denmark's Kirsten & Søren with ""Ka 'du se hva' jeg sa'?"". At the close of voting, it had received no points, placing it last out of a field of 21. The song is a ballad in which the singer likens the object of his affection to the Mona Lisa, in that she is very mysterious but nonetheless entrancing. The song was recorded in German, French and English. Due to the song's poor performance, the English version was not released. It was succeeded as Austrian representative at the 1989 Contest by Thomas Forstner singing","Wikipedia article format with bilingual song listing structure, describing Austrian pop music chart history and awards.

The sentence ""His debut single in the Eurovision Song Contest 1985 was performed by German singer Thomas Reiter, while another Austrian artist singing under the name Thomas singing"" implies a second artist's name and song title follows, completing a contrasting performer's entry.

Final token ""singing"" ends an incomplete clause (""when Thomas Reiter singing""), part of a list of performances (""one of them, Austrian singer Thomas Reiter singing the song""), strongly expecting "" 'The Other Side'"" or "" 'His Own Song'"" or "" 'Der Schatten'""."
19,12,Thomas Reiter is Austrian.,"[{""sentence_id"": 2, ""start"": 529, ""end"": 558, ""text"": ""Austrian singer Thomas Reiter""}]",detail,attribute,unsupported,[],prefix: No facts about this named person are given; keep this separate from the conflicting German claim.; AV: Thomas Reiter is Austrian.,False,"""Lisa Mona Lisa"" was the Austrian entry in the Eurovision Song Contest 1988, performed in German by Wilfried. The song was performed twelfth on the night, following Germany's Maxi & Chris Garden with ""Lied für einen Freund"" and preceding Denmark's Kirsten & Søren with ""Ka 'du se hva' jeg sa'?"". At the close of voting, it had received no points, placing it last out of a field of 21. The song is a ballad in which the singer likens the object of his affection to the Mona Lisa, in that she is very mysterious but nonetheless entrancing. The song was recorded in German, French and English. Due to the song's poor performance, the English version was not released. It was succeeded as Austrian representative at the 1989 Contest by Thomas Forstner singing","Wikipedia article format with bilingual song listing structure, describing Austrian pop music chart history and awards.

The sentence ""His debut single in the Eurovision Song Contest 1985 was performed by German singer Thomas Reiter, while another Austrian artist singing under the name Thomas singing"" implies a second artist's name and song title follows, completing a contrasting performer's entry.

Final token ""singing"" ends an incomplete clause (""when Thomas Reiter singing""), part of a list of performances (""one of them, Austrian singer Thomas Reiter singing the song""), strongly expecting "" 'The Other Side'"" or "" 'His Own Song'"" or "" 'Der Schatten'""."
19,13,Thomas Reiter sings the song.,"[{""sentence_id"": 2, ""start"": 453, ""end"": 479, ""text"": ""when Thomas Reiter singing""}, {""sentence_id"": 2, ""start"": 545, ""end"": 575, ""text"": ""Thomas Reiter singing the song""}]",detail,event,unsupported,[],prefix: The prefix instead names Thomas Forstner in this later-performer role.; AV: Thomas Reiter sings the song.,False,"""Lisa Mona Lisa"" was the Austrian entry in the Eurovision Song Contest 1988, performed in German by Wilfried. The song was performed twelfth on the night, following Germany's Maxi & Chris Garden with ""Lied für einen Freund"" and preceding Denmark's Kirsten & Søren with ""Ka 'du se hva' jeg sa'?"". At the close of voting, it had received no points, placing it last out of a field of 21. The song is a ballad in which the singer likens the object of his affection to the Mona Lisa, in that she is very mysterious but nonetheless entrancing. The song was recorded in German, French and English. Due to the song's poor performance, the English version was not released. It was succeeded as Austrian representative at the 1989 Contest by Thomas Forstner singing","Wikipedia article format with bilingual song listing structure, describing Austrian pop music chart history and awards.

The sentence ""His debut single in the Eurovision Song Contest 1985 was performed by German singer Thomas Reiter, while another Austrian artist singing under the name Thomas singing"" implies a second artist's name and song title follows, completing a contrasting performer's entry.

Final token ""singing"" ends an incomplete clause (""when Thomas Reiter singing""), part of a list of performances (""one of them, Austrian singer Thomas Reiter singing the song""), strongly expecting "" 'The Other Side'"" or "" 'His Own Song'"" or "" 'Der Schatten'""."
19,14,The final tokenizer token is “singing”.,"[{""sentence_id"": 2, ""start"": 403, ""end"": 424, ""text"": ""Final token \""singing\""""}]",detail,final_token,unsupported,[],prefix: Tokenizer evidence is excluded under the prefix-only protocol.; AV: The final tokenizer token is “singing”.,True,"""Lisa Mona Lisa"" was the Austrian entry in the Eurovision Song Contest 1988, performed in German by Wilfried. The song was performed twelfth on the night, following Germany's Maxi & Chris Garden with ""Lied für einen Freund"" and preceding Denmark's Kirsten & Søren with ""Ka 'du se hva' jeg sa'?"". At the close of voting, it had received no points, placing it last out of a field of 21. The song is a ballad in which the singer likens the object of his affection to the Mona Lisa, in that she is very mysterious but nonetheless entrancing. The song was recorded in German, French and English. Due to the song's poor performance, the English version was not released. It was succeeded as Austrian representative at the 1989 Contest by Thomas Forstner singing","Wikipedia article format with bilingual song listing structure, describing Austrian pop music chart history and awards.

The sentence ""His debut single in the Eurovision Song Contest 1985 was performed by German singer Thomas Reiter, while another Austrian artist singing under the name Thomas singing"" implies a second artist's name and song title follows, completing a contrasting performer's entry.

Final token ""singing"" ends an incomplete clause (""when Thomas Reiter singing""), part of a list of performances (""one of them, Austrian singer Thomas Reiter singing the song""), strongly expecting "" 'The Other Side'"" or "" 'His Own Song'"" or "" 'Der Schatten'""."
19,15,The visible ending is syntactically incomplete.,"[{""sentence_id"": 2, ""start"": 425, ""end"": 451, ""text"": ""ends an incomplete clause ""}]",detail,local_text,true,"[{""start"": 729, ""end"": 755, ""text"": ""by Thomas Forstner singing""}]",prefix: Singing awaits its song complement.; AV: The visible ending is syntactically incomplete.,True,"""Lisa Mona Lisa"" was the Austrian entry in the Eurovision Song Contest 1988, performed in German by Wilfried. The song was performed twelfth on the night, following Germany's Maxi & Chris Garden with ""Lied für einen Freund"" and preceding Denmark's Kirsten & Søren with ""Ka 'du se hva' jeg sa'?"". At the close of voting, it had received no points, placing it last out of a field of 21. The song is a ballad in which the singer likens the object of his affection to the Mona Lisa, in that she is very mysterious but nonetheless entrancing. The song was recorded in German, French and English. Due to the song's poor performance, the English version was not released. It was succeeded as Austrian representative at the 1989 Contest by Thomas Forstner singing","Wikipedia article format with bilingual song listing structure, describing Austrian pop music chart history and awards.

The sentence ""His debut single in the Eurovision Song Contest 1985 was performed by German singer Thomas Reiter, while another Austrian artist singing under the name Thomas singing"" implies a second artist's name and song title follows, completing a contrasting performer's entry.

Final token ""singing"" ends an incomplete clause (""when Thomas Reiter singing""), part of a list of performances (""one of them, Austrian singer Thomas Reiter singing the song""), strongly expecting "" 'The Other Side'"" or "" 'His Own Song'"" or "" 'Der Schatten'""."
19,16,"The AV predicts the following continuation alternatives: strongly expecting "" 'The Other Side'"" or "" 'His Own Song'"" or "" 'Der Schatten'""..","[{""sentence_id"": 2, ""start"": 579, ""end"": 660, ""text"": ""strongly expecting \"" 'The Other Side'\"" or \"" 'His Own Song'\"" or \"" 'Der Schatten'\"".""}]",forecast,continuation,unsupported,[],"prefix: No continuation or probability evidence; keep the offered alternatives together.; AV: The AV predicts the following continuation alternatives: strongly expecting "" 'The Other Side'"" or "" 'His Own Song'"" or "" 'Der Schatten'""..",False,"""Lisa Mona Lisa"" was the Austrian entry in the Eurovision Song Contest 1988, performed in German by Wilfried. The song was performed twelfth on the night, following Germany's Maxi & Chris Garden with ""Lied für einen Freund"" and preceding Denmark's Kirsten & Søren with ""Ka 'du se hva' jeg sa'?"". At the close of voting, it had received no points, placing it last out of a field of 21. The song is a ballad in which the singer likens the object of his affection to the Mona Lisa, in that she is very mysterious but nonetheless entrancing. The song was recorded in German, French and English. Due to the song's poor performance, the English version was not released. It was succeeded as Austrian representative at the 1989 Contest by Thomas Forstner singing","Wikipedia article format with bilingual song listing structure, describing Austrian pop music chart history and awards.

The sentence ""His debut single in the Eurovision Song Contest 1985 was performed by German singer Thomas Reiter, while another Austrian artist singing under the name Thomas singing"" implies a second artist's name and song title follows, completing a contrasting performer's entry.

Final token ""singing"" ends an incomplete clause (""when Thomas Reiter singing""), part of a list of performances (""one of them, Austrian singer Thomas Reiter singing the song""), strongly expecting "" 'The Other Side'"" or "" 'His Own Song'"" or "" 'Der Schatten'""."
20,0,The passage is a Wikipedia-style descriptive article.,"[{""sentence_id"": 0, ""start"": 0, ""end"": 35, ""text"": ""Wikipedia-style descriptive article""}]",theme,format,true,"[{""start"": 0, ""end"": 88, ""text"": ""The Church of Saint Francis of Assisi is a Rococo Catholic church in Ouro Preto, Brazil.""}]",prefix: Expository monument description supports the format.; AV: The passage is a Wikipedia-style descriptive article.,False,"The Church of Saint Francis of Assisi is a Rococo Catholic church in Ouro Preto, Brazil. Its erection began in 1766 after a design by the Brazilian architect and sculptor Antônio Francisco Lisboa, otherwise known as Aleijadinho. Lisboa designed both the structure of the church and the carved decorations on the interior, which were only finished towards the end of the 19th century. The circular bell towers and the oculus closed by a relief were original features in religious architecture of that time in Brazil. The façade has a single entrance door under a soapstone frontispiece under a relief depicting Saint Francis receiving the stigmata. The interior is richly decorated with golden woodwork, statues and paintings, and the wooden ceiling displays a painting by Manuel da Costa Ataíde. Due to its architecture and historical significance regarding eighteenth century gold mining, this church is classified on the UNESCO World Heritage List","Wikipedia-style descriptive article about a Portuguese historical monument, with structured factual details about the Convent of São João de Nazaré.

The phrase ""The city together with other Portuguese historical sites is included in the UNESCO World Heritage List"" implies a concluding clause about the site's listing status, suggesting the sentence completes with ""as part of the Historic Center of Macau.""

Final token ""List"" ends an incomplete phrase (""is included on the UNESCO World Heritage List and is listed on the UNESCO World Heritage List""), strongly expecting ""as a"" or ""since 1995"" or ""as a cultural heritage."" or ""and the related area."""
20,1,The passage describes a historical monument.,"[{""sentence_id"": 0, ""start"": 55, ""end"": 74, ""text"": ""historical monument""}]",theme,topic,true,"[{""start"": 796, ""end"": 888, ""text"": ""Due to its architecture and historical significance regarding eighteenth century gold mining""}]",prefix: Historical architectural significance is explicit.; AV: The passage describes a historical monument.,False,"The Church of Saint Francis of Assisi is a Rococo Catholic church in Ouro Preto, Brazil. Its erection began in 1766 after a design by the Brazilian architect and sculptor Antônio Francisco Lisboa, otherwise known as Aleijadinho. Lisboa designed both the structure of the church and the carved decorations on the interior, which were only finished towards the end of the 19th century. The circular bell towers and the oculus closed by a relief were original features in religious architecture of that time in Brazil. The façade has a single entrance door under a soapstone frontispiece under a relief depicting Saint Francis receiving the stigmata. The interior is richly decorated with golden woodwork, statues and paintings, and the wooden ceiling displays a painting by Manuel da Costa Ataíde. Due to its architecture and historical significance regarding eighteenth century gold mining, this church is classified on the UNESCO World Heritage List","Wikipedia-style descriptive article about a Portuguese historical monument, with structured factual details about the Convent of São João de Nazaré.

The phrase ""The city together with other Portuguese historical sites is included in the UNESCO World Heritage List"" implies a concluding clause about the site's listing status, suggesting the sentence completes with ""as part of the Historic Center of Macau.""

Final token ""List"" ends an incomplete phrase (""is included on the UNESCO World Heritage List and is listed on the UNESCO World Heritage List""), strongly expecting ""as a"" or ""since 1995"" or ""as a cultural heritage."" or ""and the related area."""
20,2,The described monument is Portuguese.,"[{""sentence_id"": 0, ""start"": 44, ""end"": 74, ""text"": ""Portuguese historical monument""}]",detail,attribute,unsupported,"[{""start"": 66, ""end"": 87, ""text"": ""in Ouro Preto, Brazil""}]",prefix: Brazilian location does not establish a Portuguese cultural or national attribution.; AV: The described monument is Portuguese.,True,"The Church of Saint Francis of Assisi is a Rococo Catholic church in Ouro Preto, Brazil. Its erection began in 1766 after a design by the Brazilian architect and sculptor Antônio Francisco Lisboa, otherwise known as Aleijadinho. Lisboa designed both the structure of the church and the carved decorations on the interior, which were only finished towards the end of the 19th century. The circular bell towers and the oculus closed by a relief were original features in religious architecture of that time in Brazil. The façade has a single entrance door under a soapstone frontispiece under a relief depicting Saint Francis receiving the stigmata. The interior is richly decorated with golden woodwork, statues and paintings, and the wooden ceiling displays a painting by Manuel da Costa Ataíde. Due to its architecture and historical significance regarding eighteenth century gold mining, this church is classified on the UNESCO World Heritage List","Wikipedia-style descriptive article about a Portuguese historical monument, with structured factual details about the Convent of São João de Nazaré.

The phrase ""The city together with other Portuguese historical sites is included in the UNESCO World Heritage List"" implies a concluding clause about the site's listing status, suggesting the sentence completes with ""as part of the Historic Center of Macau.""

Final token ""List"" ends an incomplete phrase (""is included on the UNESCO World Heritage List and is listed on the UNESCO World Heritage List""), strongly expecting ""as a"" or ""since 1995"" or ""as a cultural heritage."" or ""and the related area."""
20,3,The article presents structured factual details.,"[{""sentence_id"": 0, ""start"": 76, ""end"": 107, ""text"": ""with structured factual details""}]",theme,style,true,"[{""start"": 89, ""end"": 115, ""text"": ""Its erection began in 1766""}]",prefix: Construction chronology and organized architectural descriptions support the style.; AV: The article presents structured factual details.,False,"The Church of Saint Francis of Assisi is a Rococo Catholic church in Ouro Preto, Brazil. Its erection began in 1766 after a design by the Brazilian architect and sculptor Antônio Francisco Lisboa, otherwise known as Aleijadinho. Lisboa designed both the structure of the church and the carved decorations on the interior, which were only finished towards the end of the 19th century. The circular bell towers and the oculus closed by a relief were original features in religious architecture of that time in Brazil. The façade has a single entrance door under a soapstone frontispiece under a relief depicting Saint Francis receiving the stigmata. The interior is richly decorated with golden woodwork, statues and paintings, and the wooden ceiling displays a painting by Manuel da Costa Ataíde. Due to its architecture and historical significance regarding eighteenth century gold mining, this church is classified on the UNESCO World Heritage List","Wikipedia-style descriptive article about a Portuguese historical monument, with structured factual details about the Convent of São João de Nazaré.

The phrase ""The city together with other Portuguese historical sites is included in the UNESCO World Heritage List"" implies a concluding clause about the site's listing status, suggesting the sentence completes with ""as part of the Historic Center of Macau.""

Final token ""List"" ends an incomplete phrase (""is included on the UNESCO World Heritage List and is listed on the UNESCO World Heritage List""), strongly expecting ""as a"" or ""since 1995"" or ""as a cultural heritage."" or ""and the related area."""
20,4,The monument described is the Convent of São João de Nazaré.,"[{""sentence_id"": 0, ""start"": 114, ""end"": 147, ""text"": ""the Convent of São João de Nazaré""}]",entity,identification,false,"[{""start"": 0, ""end"": 37, ""text"": ""The Church of Saint Francis of Assisi""}]",prefix: The filled monument role has a different name.; AV: The monument described is the Convent of São João de Nazaré.,False,"The Church of Saint Francis of Assisi is a Rococo Catholic church in Ouro Preto, Brazil. Its erection began in 1766 after a design by the Brazilian architect and sculptor Antônio Francisco Lisboa, otherwise known as Aleijadinho. Lisboa designed both the structure of the church and the carved decorations on the interior, which were only finished towards the end of the 19th century. The circular bell towers and the oculus closed by a relief were original features in religious architecture of that time in Brazil. The façade has a single entrance door under a soapstone frontispiece under a relief depicting Saint Francis receiving the stigmata. The interior is richly decorated with golden woodwork, statues and paintings, and the wooden ceiling displays a painting by Manuel da Costa Ataíde. Due to its architecture and historical significance regarding eighteenth century gold mining, this church is classified on the UNESCO World Heritage List","Wikipedia-style descriptive article about a Portuguese historical monument, with structured factual details about the Convent of São João de Nazaré.

The phrase ""The city together with other Portuguese historical sites is included in the UNESCO World Heritage List"" implies a concluding clause about the site's listing status, suggesting the sentence completes with ""as part of the Historic Center of Macau.""

Final token ""List"" ends an incomplete phrase (""is included on the UNESCO World Heritage List and is listed on the UNESCO World Heritage List""), strongly expecting ""as a"" or ""since 1995"" or ""as a cultural heritage."" or ""and the related area."""
20,5,The city and other Portuguese historical sites are jointly included on the UNESCO World Heritage List.,"[{""sentence_id"": 1, ""start"": 162, ""end"": 264, ""text"": ""The city together with other Portuguese historical sites is included in the UNESCO World Heritage List""}]",entity,relationship,unsupported,"[{""start"": 890, ""end"": 949, ""text"": ""this church is classified on the UNESCO World Heritage List""}]",prefix: Only the church listing is stated; the wider city/group scope is unsupported.; AV: The city and other Portuguese historical sites are jointly included on the UNESCO World Heritage List.,False,"The Church of Saint Francis of Assisi is a Rococo Catholic church in Ouro Preto, Brazil. Its erection began in 1766 after a design by the Brazilian architect and sculptor Antônio Francisco Lisboa, otherwise known as Aleijadinho. Lisboa designed both the structure of the church and the carved decorations on the interior, which were only finished towards the end of the 19th century. The circular bell towers and the oculus closed by a relief were original features in religious architecture of that time in Brazil. The façade has a single entrance door under a soapstone frontispiece under a relief depicting Saint Francis receiving the stigmata. The interior is richly decorated with golden woodwork, statues and paintings, and the wooden ceiling displays a painting by Manuel da Costa Ataíde. Due to its architecture and historical significance regarding eighteenth century gold mining, this church is classified on the UNESCO World Heritage List","Wikipedia-style descriptive article about a Portuguese historical monument, with structured factual details about the Convent of São João de Nazaré.

The phrase ""The city together with other Portuguese historical sites is included in the UNESCO World Heritage List"" implies a concluding clause about the site's listing status, suggesting the sentence completes with ""as part of the Historic Center of Macau.""

Final token ""List"" ends an incomplete phrase (""is included on the UNESCO World Heritage List and is listed on the UNESCO World Heritage List""), strongly expecting ""as a"" or ""since 1995"" or ""as a cultural heritage."" or ""and the related area."""
20,6,The final clause concerns the site’s listing status.,"[{""sentence_id"": 1, ""start"": 274, ""end"": 325, ""text"": ""a concluding clause about the site's listing status""}]",detail,local_text,true,"[{""start"": 890, ""end"": 949, ""text"": ""this church is classified on the UNESCO World Heritage List""}]",prefix: The final clause states the listing.; AV: The final clause concerns the site’s listing status.,False,"The Church of Saint Francis of Assisi is a Rococo Catholic church in Ouro Preto, Brazil. Its erection began in 1766 after a design by the Brazilian architect and sculptor Antônio Francisco Lisboa, otherwise known as Aleijadinho. Lisboa designed both the structure of the church and the carved decorations on the interior, which were only finished towards the end of the 19th century. The circular bell towers and the oculus closed by a relief were original features in religious architecture of that time in Brazil. The façade has a single entrance door under a soapstone frontispiece under a relief depicting Saint Francis receiving the stigmata. The interior is richly decorated with golden woodwork, statues and paintings, and the wooden ceiling displays a painting by Manuel da Costa Ataíde. Due to its architecture and historical significance regarding eighteenth century gold mining, this church is classified on the UNESCO World Heritage List","Wikipedia-style descriptive article about a Portuguese historical monument, with structured factual details about the Convent of São João de Nazaré.

The phrase ""The city together with other Portuguese historical sites is included in the UNESCO World Heritage List"" implies a concluding clause about the site's listing status, suggesting the sentence completes with ""as part of the Historic Center of Macau.""

Final token ""List"" ends an incomplete phrase (""is included on the UNESCO World Heritage List and is listed on the UNESCO World Heritage List""), strongly expecting ""as a"" or ""since 1995"" or ""as a cultural heritage."" or ""and the related area."""
20,7,The sentence completes with “as part of the Historic Center of Macau.”,"[{""sentence_id"": 1, ""start"": 327, ""end"": 408, ""text"": ""suggesting the sentence completes with \""as part of the Historic Center of Macau.\""""}]",forecast,continuation,unsupported,[],prefix: No unseen continuation evidence.; AV: The sentence completes with “as part of the Historic Center of Macau.”,False,"The Church of Saint Francis of Assisi is a Rococo Catholic church in Ouro Preto, Brazil. Its erection began in 1766 after a design by the Brazilian architect and sculptor Antônio Francisco Lisboa, otherwise known as Aleijadinho. Lisboa designed both the structure of the church and the carved decorations on the interior, which were only finished towards the end of the 19th century. The circular bell towers and the oculus closed by a relief were original features in religious architecture of that time in Brazil. The façade has a single entrance door under a soapstone frontispiece under a relief depicting Saint Francis receiving the stigmata. The interior is richly decorated with golden woodwork, statues and paintings, and the wooden ceiling displays a painting by Manuel da Costa Ataíde. Due to its architecture and historical significance regarding eighteenth century gold mining, this church is classified on the UNESCO World Heritage List","Wikipedia-style descriptive article about a Portuguese historical monument, with structured factual details about the Convent of São João de Nazaré.

The phrase ""The city together with other Portuguese historical sites is included in the UNESCO World Heritage List"" implies a concluding clause about the site's listing status, suggesting the sentence completes with ""as part of the Historic Center of Macau.""

Final token ""List"" ends an incomplete phrase (""is included on the UNESCO World Heritage List and is listed on the UNESCO World Heritage List""), strongly expecting ""as a"" or ""since 1995"" or ""as a cultural heritage."" or ""and the related area."""
20,8,The AV-named Convent of São João de Nazaré is on the UNESCO World Heritage List.,"[{""sentence_id"": 2, ""start"": 457, ""end"": 550, ""text"": ""is included on the UNESCO World Heritage List and is listed on the UNESCO World Heritage List""}]",entity,relationship,unsupported,[],"prefix: The source listing concerns the Church of Saint Francis of Assisi, not the AV-named convent.; AV: The AV-named Convent of São João de Nazaré is on the UNESCO World Heritage List.",True,"The Church of Saint Francis of Assisi is a Rococo Catholic church in Ouro Preto, Brazil. Its erection began in 1766 after a design by the Brazilian architect and sculptor Antônio Francisco Lisboa, otherwise known as Aleijadinho. Lisboa designed both the structure of the church and the carved decorations on the interior, which were only finished towards the end of the 19th century. The circular bell towers and the oculus closed by a relief were original features in religious architecture of that time in Brazil. The façade has a single entrance door under a soapstone frontispiece under a relief depicting Saint Francis receiving the stigmata. The interior is richly decorated with golden woodwork, statues and paintings, and the wooden ceiling displays a painting by Manuel da Costa Ataíde. Due to its architecture and historical significance regarding eighteenth century gold mining, this church is classified on the UNESCO World Heritage List","Wikipedia-style descriptive article about a Portuguese historical monument, with structured factual details about the Convent of São João de Nazaré.

The phrase ""The city together with other Portuguese historical sites is included in the UNESCO World Heritage List"" implies a concluding clause about the site's listing status, suggesting the sentence completes with ""as part of the Historic Center of Macau.""

Final token ""List"" ends an incomplete phrase (""is included on the UNESCO World Heritage List and is listed on the UNESCO World Heritage List""), strongly expecting ""as a"" or ""since 1995"" or ""as a cultural heritage."" or ""and the related area."""
20,9,The final tokenizer token is “List”.,"[{""sentence_id"": 2, ""start"": 410, ""end"": 428, ""text"": ""Final token \""List\""""}]",detail,final_token,unsupported,[],prefix: Tokenizer evidence is excluded under the prefix-only protocol.; AV: The final tokenizer token is “List”.,True,"The Church of Saint Francis of Assisi is a Rococo Catholic church in Ouro Preto, Brazil. Its erection began in 1766 after a design by the Brazilian architect and sculptor Antônio Francisco Lisboa, otherwise known as Aleijadinho. Lisboa designed both the structure of the church and the carved decorations on the interior, which were only finished towards the end of the 19th century. The circular bell towers and the oculus closed by a relief were original features in religious architecture of that time in Brazil. The façade has a single entrance door under a soapstone frontispiece under a relief depicting Saint Francis receiving the stigmata. The interior is richly decorated with golden woodwork, statues and paintings, and the wooden ceiling displays a painting by Manuel da Costa Ataíde. Due to its architecture and historical significance regarding eighteenth century gold mining, this church is classified on the UNESCO World Heritage List","Wikipedia-style descriptive article about a Portuguese historical monument, with structured factual details about the Convent of São João de Nazaré.

The phrase ""The city together with other Portuguese historical sites is included in the UNESCO World Heritage List"" implies a concluding clause about the site's listing status, suggesting the sentence completes with ""as part of the Historic Center of Macau.""

Final token ""List"" ends an incomplete phrase (""is included on the UNESCO World Heritage List and is listed on the UNESCO World Heritage List""), strongly expecting ""as a"" or ""since 1995"" or ""as a cultural heritage."" or ""and the related area."""
20,10,The visible ending is syntactically incomplete.,"[{""sentence_id"": 2, ""start"": 429, ""end"": 455, ""text"": ""ends an incomplete phrase ""}]",detail,local_text,false,"[{""start"": 890, ""end"": 949, ""text"": ""this church is classified on the UNESCO World Heritage List""}]",prefix: The closing listing clause is complete.; AV: The visible ending is syntactically incomplete.,True,"The Church of Saint Francis of Assisi is a Rococo Catholic church in Ouro Preto, Brazil. Its erection began in 1766 after a design by the Brazilian architect and sculptor Antônio Francisco Lisboa, otherwise known as Aleijadinho. Lisboa designed both the structure of the church and the carved decorations on the interior, which were only finished towards the end of the 19th century. The circular bell towers and the oculus closed by a relief were original features in religious architecture of that time in Brazil. The façade has a single entrance door under a soapstone frontispiece under a relief depicting Saint Francis receiving the stigmata. The interior is richly decorated with golden woodwork, statues and paintings, and the wooden ceiling displays a painting by Manuel da Costa Ataíde. Due to its architecture and historical significance regarding eighteenth century gold mining, this church is classified on the UNESCO World Heritage List","Wikipedia-style descriptive article about a Portuguese historical monument, with structured factual details about the Convent of São João de Nazaré.

The phrase ""The city together with other Portuguese historical sites is included in the UNESCO World Heritage List"" implies a concluding clause about the site's listing status, suggesting the sentence completes with ""as part of the Historic Center of Macau.""

Final token ""List"" ends an incomplete phrase (""is included on the UNESCO World Heritage List and is listed on the UNESCO World Heritage List""), strongly expecting ""as a"" or ""since 1995"" or ""as a cultural heritage."" or ""and the related area."""
20,11,"The AV predicts the following continuation alternatives: strongly expecting ""as a"" or ""since 1995"" or ""as a cultural heritage."" or ""and the related area."".","[{""sentence_id"": 2, ""start"": 554, ""end"": 651, ""text"": ""strongly expecting \""as a\"" or \""since 1995\"" or \""as a cultural heritage.\"" or \""and the related area.\""""}]",forecast,continuation,unsupported,[],"prefix: No continuation or probability evidence; keep the offered alternatives together.; AV: The AV predicts the following continuation alternatives: strongly expecting ""as a"" or ""since 1995"" or ""as a cultural heritage."" or ""and the related area."".",False,"The Church of Saint Francis of Assisi is a Rococo Catholic church in Ouro Preto, Brazil. Its erection began in 1766 after a design by the Brazilian architect and sculptor Antônio Francisco Lisboa, otherwise known as Aleijadinho. Lisboa designed both the structure of the church and the carved decorations on the interior, which were only finished towards the end of the 19th century. The circular bell towers and the oculus closed by a relief were original features in religious architecture of that time in Brazil. The façade has a single entrance door under a soapstone frontispiece under a relief depicting Saint Francis receiving the stigmata. The interior is richly decorated with golden woodwork, statues and paintings, and the wooden ceiling displays a painting by Manuel da Costa Ataíde. Due to its architecture and historical significance regarding eighteenth century gold mining, this church is classified on the UNESCO World Heritage List","Wikipedia-style descriptive article about a Portuguese historical monument, with structured factual details about the Convent of São João de Nazaré.

The phrase ""The city together with other Portuguese historical sites is included in the UNESCO World Heritage List"" implies a concluding clause about the site's listing status, suggesting the sentence completes with ""as part of the Historic Center of Macau.""

Final token ""List"" ends an incomplete phrase (""is included on the UNESCO World Heritage List and is listed on the UNESCO World Heritage List""), strongly expecting ""as a"" or ""since 1995"" or ""as a cultural heritage."" or ""and the related area."""
21,0,The article is historical or encyclopedic.,"[{""sentence_id"": 0, ""start"": 0, ""end"": 23, ""text"": ""Historical/encyclopedic""}]",theme,format,true,"[{""start"": 242, ""end"": 270, ""text"": ""Founded on February 18, 1976""}]",prefix: Dated institutional history supports the format.; AV: The article is historical or encyclopedic.,False,"The Chapel of St. Francis of Assisi () is a chapel of the Roman Catholic Church located on the Esperanza Base administered by Argentina, on the northern tip of the Antarctic Peninsula in Antarctica. It is one of eight churches on Antarctica. Founded on February 18, 1976, and installed by the Argentine Army, it was the first Catholic chapel of the Antarctic continent. The chapel provides spiritual support to the residents and staff of the base. Its first priest was the Jesuit Buenaventura De Filippis, born in Italy. This site has been part of several Antarctic milestones, including the first religious marriage, the baptism of Emilio Palma, who was the first recorded birth in Antarctica, and first communion ceremony","Historical/encyclopedic Spanish language article describing a Antarctic military base, listing significant firsts for Jewish settlers in Argentina.

The sentence structure ""Also was the first religious celebration, first baptism ceremony, first wedding ceremony and first communion ceremony in Antarctica, and the first funeral ceremony and first communion ceremony"" suggests a concluding list item describing a milestone religious event's first occurrence.

Final token ""ceremony"" ends an incomplete list item (""first communion ceremony and first communion ceremony...and first religious ceremony ceremony""), strongly expecting ""in Antarctica"" or ""held by settlers"" or ""on the continent"" to close the enumeration, likely completing the historical significance of the first religious rites."
21,1,The article is in Spanish.,"[{""sentence_id"": 0, ""start"": 24, ""end"": 48, ""text"": ""Spanish language article""}]",theme,language,false,"[{""start"": 0, ""end"": 50, ""text"": ""The Chapel of St. Francis of Assisi () is a chapel""}]",prefix: The visible prose is English.; AV: The article is in Spanish.,False,"The Chapel of St. Francis of Assisi () is a chapel of the Roman Catholic Church located on the Esperanza Base administered by Argentina, on the northern tip of the Antarctic Peninsula in Antarctica. It is one of eight churches on Antarctica. Founded on February 18, 1976, and installed by the Argentine Army, it was the first Catholic chapel of the Antarctic continent. The chapel provides spiritual support to the residents and staff of the base. Its first priest was the Jesuit Buenaventura De Filippis, born in Italy. This site has been part of several Antarctic milestones, including the first religious marriage, the baptism of Emilio Palma, who was the first recorded birth in Antarctica, and first communion ceremony","Historical/encyclopedic Spanish language article describing a Antarctic military base, listing significant firsts for Jewish settlers in Argentina.

The sentence structure ""Also was the first religious celebration, first baptism ceremony, first wedding ceremony and first communion ceremony in Antarctica, and the first funeral ceremony and first communion ceremony"" suggests a concluding list item describing a milestone religious event's first occurrence.

Final token ""ceremony"" ends an incomplete list item (""first communion ceremony and first communion ceremony...and first religious ceremony ceremony""), strongly expecting ""in Antarctica"" or ""held by settlers"" or ""on the continent"" to close the enumeration, likely completing the historical significance of the first religious rites."
21,2,The article describes an Antarctic military-base setting.,"[{""sentence_id"": 0, ""start"": 49, ""end"": 85, ""text"": ""describing a Antarctic military base""}]",theme,topic,true,"[{""start"": 80, ""end"": 135, ""text"": ""located on the Esperanza Base administered by Argentina""}]",prefix: The base location and army installation are explicit.; AV: The article describes an Antarctic military-base setting.,False,"The Chapel of St. Francis of Assisi () is a chapel of the Roman Catholic Church located on the Esperanza Base administered by Argentina, on the northern tip of the Antarctic Peninsula in Antarctica. It is one of eight churches on Antarctica. Founded on February 18, 1976, and installed by the Argentine Army, it was the first Catholic chapel of the Antarctic continent. The chapel provides spiritual support to the residents and staff of the base. Its first priest was the Jesuit Buenaventura De Filippis, born in Italy. This site has been part of several Antarctic milestones, including the first religious marriage, the baptism of Emilio Palma, who was the first recorded birth in Antarctica, and first communion ceremony","Historical/encyclopedic Spanish language article describing a Antarctic military base, listing significant firsts for Jewish settlers in Argentina.

The sentence structure ""Also was the first religious celebration, first baptism ceremony, first wedding ceremony and first communion ceremony in Antarctica, and the first funeral ceremony and first communion ceremony"" suggests a concluding list item describing a milestone religious event's first occurrence.

Final token ""ceremony"" ends an incomplete list item (""first communion ceremony and first communion ceremony...and first religious ceremony ceremony""), strongly expecting ""in Antarctica"" or ""held by settlers"" or ""on the continent"" to close the enumeration, likely completing the historical significance of the first religious rites."
21,3,The passage lists significant firsts.,"[{""sentence_id"": 0, ""start"": 87, ""end"": 113, ""text"": ""listing significant firsts""}]",theme,topic,true,"[{""start"": 578, ""end"": 616, ""text"": ""including the first religious marriage""}]",prefix: Historical firsts are explicit.; AV: The passage lists significant firsts.,False,"The Chapel of St. Francis of Assisi () is a chapel of the Roman Catholic Church located on the Esperanza Base administered by Argentina, on the northern tip of the Antarctic Peninsula in Antarctica. It is one of eight churches on Antarctica. Founded on February 18, 1976, and installed by the Argentine Army, it was the first Catholic chapel of the Antarctic continent. The chapel provides spiritual support to the residents and staff of the base. Its first priest was the Jesuit Buenaventura De Filippis, born in Italy. This site has been part of several Antarctic milestones, including the first religious marriage, the baptism of Emilio Palma, who was the first recorded birth in Antarctica, and first communion ceremony","Historical/encyclopedic Spanish language article describing a Antarctic military base, listing significant firsts for Jewish settlers in Argentina.

The sentence structure ""Also was the first religious celebration, first baptism ceremony, first wedding ceremony and first communion ceremony in Antarctica, and the first funeral ceremony and first communion ceremony"" suggests a concluding list item describing a milestone religious event's first occurrence.

Final token ""ceremony"" ends an incomplete list item (""first communion ceremony and first communion ceremony...and first religious ceremony ceremony""), strongly expecting ""in Antarctica"" or ""held by settlers"" or ""on the continent"" to close the enumeration, likely completing the historical significance of the first religious rites."
21,4,The people associated with the described rites are Jewish settlers in Argentina.,"[{""sentence_id"": 0, ""start"": 114, ""end"": 146, ""text"": ""for Jewish settlers in Argentina""}]",entity,identification,false,"[{""start"": 42, ""end"": 135, ""text"": ""a chapel of the Roman Catholic Church located on the Esperanza Base administered by Argentina""}]","prefix: The source religious/site role is a Catholic chapel in Antarctica, not Jewish settlers in Argentina.; AV: The people associated with the described rites are Jewish settlers in Argentina.",False,"The Chapel of St. Francis of Assisi () is a chapel of the Roman Catholic Church located on the Esperanza Base administered by Argentina, on the northern tip of the Antarctic Peninsula in Antarctica. It is one of eight churches on Antarctica. Founded on February 18, 1976, and installed by the Argentine Army, it was the first Catholic chapel of the Antarctic continent. The chapel provides spiritual support to the residents and staff of the base. Its first priest was the Jesuit Buenaventura De Filippis, born in Italy. This site has been part of several Antarctic milestones, including the first religious marriage, the baptism of Emilio Palma, who was the first recorded birth in Antarctica, and first communion ceremony","Historical/encyclopedic Spanish language article describing a Antarctic military base, listing significant firsts for Jewish settlers in Argentina.

The sentence structure ""Also was the first religious celebration, first baptism ceremony, first wedding ceremony and first communion ceremony in Antarctica, and the first funeral ceremony and first communion ceremony"" suggests a concluding list item describing a milestone religious event's first occurrence.

Final token ""ceremony"" ends an incomplete list item (""first communion ceremony and first communion ceremony...and first religious ceremony ceremony""), strongly expecting ""in Antarctica"" or ""held by settlers"" or ""on the continent"" to close the enumeration, likely completing the historical significance of the first religious rites."
21,5,The site hosted the first religious celebration in Antarctica.,"[{""sentence_id"": 1, ""start"": 182, ""end"": 213, ""text"": ""the first religious celebration""}]",detail,event,unsupported,[],"prefix: First religious marriage is stated, not first celebration of any kind.; AV: The site hosted the first religious celebration in Antarctica.",False,"The Chapel of St. Francis of Assisi () is a chapel of the Roman Catholic Church located on the Esperanza Base administered by Argentina, on the northern tip of the Antarctic Peninsula in Antarctica. It is one of eight churches on Antarctica. Founded on February 18, 1976, and installed by the Argentine Army, it was the first Catholic chapel of the Antarctic continent. The chapel provides spiritual support to the residents and staff of the base. Its first priest was the Jesuit Buenaventura De Filippis, born in Italy. This site has been part of several Antarctic milestones, including the first religious marriage, the baptism of Emilio Palma, who was the first recorded birth in Antarctica, and first communion ceremony","Historical/encyclopedic Spanish language article describing a Antarctic military base, listing significant firsts for Jewish settlers in Argentina.

The sentence structure ""Also was the first religious celebration, first baptism ceremony, first wedding ceremony and first communion ceremony in Antarctica, and the first funeral ceremony and first communion ceremony"" suggests a concluding list item describing a milestone religious event's first occurrence.

Final token ""ceremony"" ends an incomplete list item (""first communion ceremony and first communion ceremony...and first religious ceremony ceremony""), strongly expecting ""in Antarctica"" or ""held by settlers"" or ""on the continent"" to close the enumeration, likely completing the historical significance of the first religious rites."
21,6,The site hosted the first baptism ceremony in Antarctica.,"[{""sentence_id"": 1, ""start"": 215, ""end"": 237, ""text"": ""first baptism ceremony""}]",detail,event,unsupported,"[{""start"": 618, ""end"": 693, ""text"": ""the baptism of Emilio Palma, who was the first recorded birth in Antarctica""}]","prefix: The baptism is given, but first modifies his birth, not explicitly the baptism.; AV: The site hosted the first baptism ceremony in Antarctica.",True,"The Chapel of St. Francis of Assisi () is a chapel of the Roman Catholic Church located on the Esperanza Base administered by Argentina, on the northern tip of the Antarctic Peninsula in Antarctica. It is one of eight churches on Antarctica. Founded on February 18, 1976, and installed by the Argentine Army, it was the first Catholic chapel of the Antarctic continent. The chapel provides spiritual support to the residents and staff of the base. Its first priest was the Jesuit Buenaventura De Filippis, born in Italy. This site has been part of several Antarctic milestones, including the first religious marriage, the baptism of Emilio Palma, who was the first recorded birth in Antarctica, and first communion ceremony","Historical/encyclopedic Spanish language article describing a Antarctic military base, listing significant firsts for Jewish settlers in Argentina.

The sentence structure ""Also was the first religious celebration, first baptism ceremony, first wedding ceremony and first communion ceremony in Antarctica, and the first funeral ceremony and first communion ceremony"" suggests a concluding list item describing a milestone religious event's first occurrence.

Final token ""ceremony"" ends an incomplete list item (""first communion ceremony and first communion ceremony...and first religious ceremony ceremony""), strongly expecting ""in Antarctica"" or ""held by settlers"" or ""on the continent"" to close the enumeration, likely completing the historical significance of the first religious rites."
21,7,The site hosted the first religious wedding ceremony in Antarctica.,"[{""sentence_id"": 1, ""start"": 239, ""end"": 261, ""text"": ""first wedding ceremony""}]",detail,event,true,"[{""start"": 578, ""end"": 616, ""text"": ""including the first religious marriage""}]",prefix: First religious marriage is explicit.; AV: The site hosted the first religious wedding ceremony in Antarctica.,False,"The Chapel of St. Francis of Assisi () is a chapel of the Roman Catholic Church located on the Esperanza Base administered by Argentina, on the northern tip of the Antarctic Peninsula in Antarctica. It is one of eight churches on Antarctica. Founded on February 18, 1976, and installed by the Argentine Army, it was the first Catholic chapel of the Antarctic continent. The chapel provides spiritual support to the residents and staff of the base. Its first priest was the Jesuit Buenaventura De Filippis, born in Italy. This site has been part of several Antarctic milestones, including the first religious marriage, the baptism of Emilio Palma, who was the first recorded birth in Antarctica, and first communion ceremony","Historical/encyclopedic Spanish language article describing a Antarctic military base, listing significant firsts for Jewish settlers in Argentina.

The sentence structure ""Also was the first religious celebration, first baptism ceremony, first wedding ceremony and first communion ceremony in Antarctica, and the first funeral ceremony and first communion ceremony"" suggests a concluding list item describing a milestone religious event's first occurrence.

Final token ""ceremony"" ends an incomplete list item (""first communion ceremony and first communion ceremony...and first religious ceremony ceremony""), strongly expecting ""in Antarctica"" or ""held by settlers"" or ""on the continent"" to close the enumeration, likely completing the historical significance of the first religious rites."
21,8,The site hosted the first communion ceremony in Antarctica.,"[{""sentence_id"": 1, ""start"": 266, ""end"": 290, ""text"": ""first communion ceremony""}, {""sentence_id"": 1, ""start"": 341, ""end"": 365, ""text"": ""first communion ceremony""}, {""sentence_id"": 2, ""start"": 513, ""end"": 537, ""text"": ""first communion ceremony""}, {""sentence_id"": 2, ""start"": 542, ""end"": 566, ""text"": ""first communion ceremony""}]",detail,event,true,"[{""start"": 695, ""end"": 723, ""text"": ""and first communion ceremony""}]",prefix: The final first communion milestone is explicit; repeated occurrences deduplicated.; AV: The site hosted the first communion ceremony in Antarctica.,False,"The Chapel of St. Francis of Assisi () is a chapel of the Roman Catholic Church located on the Esperanza Base administered by Argentina, on the northern tip of the Antarctic Peninsula in Antarctica. It is one of eight churches on Antarctica. Founded on February 18, 1976, and installed by the Argentine Army, it was the first Catholic chapel of the Antarctic continent. The chapel provides spiritual support to the residents and staff of the base. Its first priest was the Jesuit Buenaventura De Filippis, born in Italy. This site has been part of several Antarctic milestones, including the first religious marriage, the baptism of Emilio Palma, who was the first recorded birth in Antarctica, and first communion ceremony","Historical/encyclopedic Spanish language article describing a Antarctic military base, listing significant firsts for Jewish settlers in Argentina.

The sentence structure ""Also was the first religious celebration, first baptism ceremony, first wedding ceremony and first communion ceremony in Antarctica, and the first funeral ceremony and first communion ceremony"" suggests a concluding list item describing a milestone religious event's first occurrence.

Final token ""ceremony"" ends an incomplete list item (""first communion ceremony and first communion ceremony...and first religious ceremony ceremony""), strongly expecting ""in Antarctica"" or ""held by settlers"" or ""on the continent"" to close the enumeration, likely completing the historical significance of the first religious rites."
21,9,The site hosted the first funeral ceremony in Antarctica.,"[{""sentence_id"": 1, ""start"": 310, ""end"": 336, ""text"": ""the first funeral ceremony""}]",detail,event,unsupported,[],prefix: No funeral is mentioned.; AV: The site hosted the first funeral ceremony in Antarctica.,False,"The Chapel of St. Francis of Assisi () is a chapel of the Roman Catholic Church located on the Esperanza Base administered by Argentina, on the northern tip of the Antarctic Peninsula in Antarctica. It is one of eight churches on Antarctica. Founded on February 18, 1976, and installed by the Argentine Army, it was the first Catholic chapel of the Antarctic continent. The chapel provides spiritual support to the residents and staff of the base. Its first priest was the Jesuit Buenaventura De Filippis, born in Italy. This site has been part of several Antarctic milestones, including the first religious marriage, the baptism of Emilio Palma, who was the first recorded birth in Antarctica, and first communion ceremony","Historical/encyclopedic Spanish language article describing a Antarctic military base, listing significant firsts for Jewish settlers in Argentina.

The sentence structure ""Also was the first religious celebration, first baptism ceremony, first wedding ceremony and first communion ceremony in Antarctica, and the first funeral ceremony and first communion ceremony"" suggests a concluding list item describing a milestone religious event's first occurrence.

Final token ""ceremony"" ends an incomplete list item (""first communion ceremony and first communion ceremony...and first religious ceremony ceremony""), strongly expecting ""in Antarctica"" or ""held by settlers"" or ""on the continent"" to close the enumeration, likely completing the historical significance of the first religious rites."
21,10,The final list item describes the first occurrence of a religious milestone.,"[{""sentence_id"": 1, ""start"": 376, ""end"": 456, ""text"": ""a concluding list item describing a milestone religious event's first occurrence""}]",detail,local_text,true,"[{""start"": 695, ""end"": 723, ""text"": ""and first communion ceremony""}]",prefix: The ending is a first-communion milestone.; AV: The final list item describes the first occurrence of a religious milestone.,False,"The Chapel of St. Francis of Assisi () is a chapel of the Roman Catholic Church located on the Esperanza Base administered by Argentina, on the northern tip of the Antarctic Peninsula in Antarctica. It is one of eight churches on Antarctica. Founded on February 18, 1976, and installed by the Argentine Army, it was the first Catholic chapel of the Antarctic continent. The chapel provides spiritual support to the residents and staff of the base. Its first priest was the Jesuit Buenaventura De Filippis, born in Italy. This site has been part of several Antarctic milestones, including the first religious marriage, the baptism of Emilio Palma, who was the first recorded birth in Antarctica, and first communion ceremony","Historical/encyclopedic Spanish language article describing a Antarctic military base, listing significant firsts for Jewish settlers in Argentina.

The sentence structure ""Also was the first religious celebration, first baptism ceremony, first wedding ceremony and first communion ceremony in Antarctica, and the first funeral ceremony and first communion ceremony"" suggests a concluding list item describing a milestone religious event's first occurrence.

Final token ""ceremony"" ends an incomplete list item (""first communion ceremony and first communion ceremony...and first religious ceremony ceremony""), strongly expecting ""in Antarctica"" or ""held by settlers"" or ""on the continent"" to close the enumeration, likely completing the historical significance of the first religious rites."
21,11,The site hosted the first religious ceremony of any kind in Antarctica.,"[{""sentence_id"": 2, ""start"": 573, ""end"": 606, ""text"": ""first religious ceremony ceremony""}]",detail,event,unsupported,[],prefix: First communion and first religious marriage do not establish first ceremony of any kind.; AV: The site hosted the first religious ceremony of any kind in Antarctica.,False,"The Chapel of St. Francis of Assisi () is a chapel of the Roman Catholic Church located on the Esperanza Base administered by Argentina, on the northern tip of the Antarctic Peninsula in Antarctica. It is one of eight churches on Antarctica. Founded on February 18, 1976, and installed by the Argentine Army, it was the first Catholic chapel of the Antarctic continent. The chapel provides spiritual support to the residents and staff of the base. Its first priest was the Jesuit Buenaventura De Filippis, born in Italy. This site has been part of several Antarctic milestones, including the first religious marriage, the baptism of Emilio Palma, who was the first recorded birth in Antarctica, and first communion ceremony","Historical/encyclopedic Spanish language article describing a Antarctic military base, listing significant firsts for Jewish settlers in Argentina.

The sentence structure ""Also was the first religious celebration, first baptism ceremony, first wedding ceremony and first communion ceremony in Antarctica, and the first funeral ceremony and first communion ceremony"" suggests a concluding list item describing a milestone religious event's first occurrence.

Final token ""ceremony"" ends an incomplete list item (""first communion ceremony and first communion ceremony...and first religious ceremony ceremony""), strongly expecting ""in Antarctica"" or ""held by settlers"" or ""on the continent"" to close the enumeration, likely completing the historical significance of the first religious rites."
21,12,The final tokenizer token is “ceremony”.,"[{""sentence_id"": 2, ""start"": 459, ""end"": 481, ""text"": ""Final token \""ceremony\""""}]",detail,final_token,unsupported,[],prefix: Tokenizer evidence is excluded under the prefix-only protocol.; AV: The final tokenizer token is “ceremony”.,True,"The Chapel of St. Francis of Assisi () is a chapel of the Roman Catholic Church located on the Esperanza Base administered by Argentina, on the northern tip of the Antarctic Peninsula in Antarctica. It is one of eight churches on Antarctica. Founded on February 18, 1976, and installed by the Argentine Army, it was the first Catholic chapel of the Antarctic continent. The chapel provides spiritual support to the residents and staff of the base. Its first priest was the Jesuit Buenaventura De Filippis, born in Italy. This site has been part of several Antarctic milestones, including the first religious marriage, the baptism of Emilio Palma, who was the first recorded birth in Antarctica, and first communion ceremony","Historical/encyclopedic Spanish language article describing a Antarctic military base, listing significant firsts for Jewish settlers in Argentina.

The sentence structure ""Also was the first religious celebration, first baptism ceremony, first wedding ceremony and first communion ceremony in Antarctica, and the first funeral ceremony and first communion ceremony"" suggests a concluding list item describing a milestone religious event's first occurrence.

Final token ""ceremony"" ends an incomplete list item (""first communion ceremony and first communion ceremony...and first religious ceremony ceremony""), strongly expecting ""in Antarctica"" or ""held by settlers"" or ""on the continent"" to close the enumeration, likely completing the historical significance of the first religious rites."
21,13,The visible ending is syntactically incomplete.,"[{""sentence_id"": 2, ""start"": 482, ""end"": 511, ""text"": ""ends an incomplete list item ""}]",detail,local_text,false,"[{""start"": 695, ""end"": 723, ""text"": ""and first communion ceremony""}]",prefix: The final list item is a complete noun phrase.; AV: The visible ending is syntactically incomplete.,True,"The Chapel of St. Francis of Assisi () is a chapel of the Roman Catholic Church located on the Esperanza Base administered by Argentina, on the northern tip of the Antarctic Peninsula in Antarctica. It is one of eight churches on Antarctica. Founded on February 18, 1976, and installed by the Argentine Army, it was the first Catholic chapel of the Antarctic continent. The chapel provides spiritual support to the residents and staff of the base. Its first priest was the Jesuit Buenaventura De Filippis, born in Italy. This site has been part of several Antarctic milestones, including the first religious marriage, the baptism of Emilio Palma, who was the first recorded birth in Antarctica, and first communion ceremony","Historical/encyclopedic Spanish language article describing a Antarctic military base, listing significant firsts for Jewish settlers in Argentina.

The sentence structure ""Also was the first religious celebration, first baptism ceremony, first wedding ceremony and first communion ceremony in Antarctica, and the first funeral ceremony and first communion ceremony"" suggests a concluding list item describing a milestone religious event's first occurrence.

Final token ""ceremony"" ends an incomplete list item (""first communion ceremony and first communion ceremony...and first religious ceremony ceremony""), strongly expecting ""in Antarctica"" or ""held by settlers"" or ""on the continent"" to close the enumeration, likely completing the historical significance of the first religious rites."
21,14,"The AV predicts the following continuation alternatives: strongly expecting ""in Antarctica"" or ""held by settlers"" or ""on the continent"" to close the enumeration, likely completing the historical significance of the first religious rites..","[{""sentence_id"": 2, ""start"": 610, ""end"": 790, ""text"": ""strongly expecting \""in Antarctica\"" or \""held by settlers\"" or \""on the continent\"" to close the enumeration, likely completing the historical significance of the first religious rites.""}]",forecast,continuation,unsupported,[],"prefix: No continuation or probability evidence; keep the offered alternatives together.; AV: The AV predicts the following continuation alternatives: strongly expecting ""in Antarctica"" or ""held by settlers"" or ""on the continent"" to close the enumeration, likely completing the historical significance of the first religious rites..",False,"The Chapel of St. Francis of Assisi () is a chapel of the Roman Catholic Church located on the Esperanza Base administered by Argentina, on the northern tip of the Antarctic Peninsula in Antarctica. It is one of eight churches on Antarctica. Founded on February 18, 1976, and installed by the Argentine Army, it was the first Catholic chapel of the Antarctic continent. The chapel provides spiritual support to the residents and staff of the base. Its first priest was the Jesuit Buenaventura De Filippis, born in Italy. This site has been part of several Antarctic milestones, including the first religious marriage, the baptism of Emilio Palma, who was the first recorded birth in Antarctica, and first communion ceremony","Historical/encyclopedic Spanish language article describing a Antarctic military base, listing significant firsts for Jewish settlers in Argentina.

The sentence structure ""Also was the first religious celebration, first baptism ceremony, first wedding ceremony and first communion ceremony in Antarctica, and the first funeral ceremony and first communion ceremony"" suggests a concluding list item describing a milestone religious event's first occurrence.

Final token ""ceremony"" ends an incomplete list item (""first communion ceremony and first communion ceremony...and first religious ceremony ceremony""), strongly expecting ""in Antarctica"" or ""held by settlers"" or ""on the continent"" to close the enumeration, likely completing the historical significance of the first religious rites."
22,0,The passage has Wikipedia-style radio-station article format.,"[{""sentence_id"": 0, ""start"": 0, ""end"": 44, ""text"": ""Wikipedia-style radio station article format""}]",theme,format,true,"[{""start"": 0, ""end"": 35, ""text"": ""CKNL-FM is a Canadian radio station""}]",prefix: An expository station entry supports the format.; AV: The passage has Wikipedia-style radio-station article format.,False,"CKNL-FM is a Canadian radio station that broadcasts a mainstream rock format at 101.5 FM in Fort St. John, British Columbia. The station is branded as 101.5 The Bear and is owned by Bell Media. It is one of three ""Bear"" rock stations in Canada; the others are CFBR-FM in Edmonton, Alberta, and CKRX-FM in Fort Nelson, British Columbia. The station originally began broadcasting June 20, 1962 at 970 AM, and later moved to 560 AM and finally to the FM dial at 101.5 FM in 2003. When the FM flip was approved, the station was to continue the country music format of the former 560 CKNL. However, likely in response to the recent licensing of CKFU-FM in the same market at that time, when the station flipped to FM the format was switched to a rock station","Wikipedia-style radio station article format with historical details about a Canadian FM station's branding changes, establishing chronological narrative about a station's identity shift.

The sentence structure ""The station was initially planned as a soft rock formatted station, but after a delay it changed to a new format and became a rock station"" implies a concluding clause describing the final naming or branding decision.

Final token ""station"" ends an incomplete noun phrase (""reopened as a rock station and became a rock radio station""), strongly expecting a continuation like ""with the name"" or ""called"" or ""rather than a talk station"" or ""in October 2005."" completing the historical description of the branding change."
22,1,The described station is a Canadian FM station.,"[{""sentence_id"": 0, ""start"": 75, ""end"": 96, ""text"": ""a Canadian FM station""}]",entity,identification,true,"[{""start"": 0, ""end"": 88, ""text"": ""CKNL-FM is a Canadian radio station that broadcasts a mainstream rock format at 101.5 FM""}]",prefix: Nationality and frequency band are explicit.; AV: The described station is a Canadian FM station.,False,"CKNL-FM is a Canadian radio station that broadcasts a mainstream rock format at 101.5 FM in Fort St. John, British Columbia. The station is branded as 101.5 The Bear and is owned by Bell Media. It is one of three ""Bear"" rock stations in Canada; the others are CFBR-FM in Edmonton, Alberta, and CKRX-FM in Fort Nelson, British Columbia. The station originally began broadcasting June 20, 1962 at 970 AM, and later moved to 560 AM and finally to the FM dial at 101.5 FM in 2003. When the FM flip was approved, the station was to continue the country music format of the former 560 CKNL. However, likely in response to the recent licensing of CKFU-FM in the same market at that time, when the station flipped to FM the format was switched to a rock station","Wikipedia-style radio station article format with historical details about a Canadian FM station's branding changes, establishing chronological narrative about a station's identity shift.

The sentence structure ""The station was initially planned as a soft rock formatted station, but after a delay it changed to a new format and became a rock station"" implies a concluding clause describing the final naming or branding decision.

Final token ""station"" ends an incomplete noun phrase (""reopened as a rock station and became a rock radio station""), strongly expecting a continuation like ""with the name"" or ""called"" or ""rather than a talk station"" or ""in October 2005."" completing the historical description of the branding change."
22,2,The passage describes historical station changes.,"[{""sentence_id"": 0, ""start"": 50, ""end"": 68, ""text"": ""historical details""}]",theme,topic,true,"[{""start"": 407, ""end"": 475, ""text"": ""later moved to 560 AM and finally to the FM dial at 101.5 FM in 2003""}]",prefix: Frequency and format history are stated.; AV: The passage describes historical station changes.,False,"CKNL-FM is a Canadian radio station that broadcasts a mainstream rock format at 101.5 FM in Fort St. John, British Columbia. The station is branded as 101.5 The Bear and is owned by Bell Media. It is one of three ""Bear"" rock stations in Canada; the others are CFBR-FM in Edmonton, Alberta, and CKRX-FM in Fort Nelson, British Columbia. The station originally began broadcasting June 20, 1962 at 970 AM, and later moved to 560 AM and finally to the FM dial at 101.5 FM in 2003. When the FM flip was approved, the station was to continue the country music format of the former 560 CKNL. However, likely in response to the recent licensing of CKFU-FM in the same market at that time, when the station flipped to FM the format was switched to a rock station","Wikipedia-style radio station article format with historical details about a Canadian FM station's branding changes, establishing chronological narrative about a station's identity shift.

The sentence structure ""The station was initially planned as a soft rock formatted station, but after a delay it changed to a new format and became a rock station"" implies a concluding clause describing the final naming or branding decision.

Final token ""station"" ends an incomplete noun phrase (""reopened as a rock station and became a rock radio station""), strongly expecting a continuation like ""with the name"" or ""called"" or ""rather than a talk station"" or ""in October 2005."" completing the historical description of the branding change."
22,3,The passage describes changes in branding.,"[{""sentence_id"": 0, ""start"": 99, ""end"": 115, ""text"": ""branding changes""}, {""sentence_id"": 2, ""start"": 711, ""end"": 730, ""text"": ""the branding change""}]",theme,topic,unsupported,"[{""start"": 125, ""end"": 165, ""text"": ""The station is branded as 101.5 The Bear""}]",prefix: A brand and music-format changes are supplied; a brand-name change is not established.; AV: The passage describes changes in branding.,True,"CKNL-FM is a Canadian radio station that broadcasts a mainstream rock format at 101.5 FM in Fort St. John, British Columbia. The station is branded as 101.5 The Bear and is owned by Bell Media. It is one of three ""Bear"" rock stations in Canada; the others are CFBR-FM in Edmonton, Alberta, and CKRX-FM in Fort Nelson, British Columbia. The station originally began broadcasting June 20, 1962 at 970 AM, and later moved to 560 AM and finally to the FM dial at 101.5 FM in 2003. When the FM flip was approved, the station was to continue the country music format of the former 560 CKNL. However, likely in response to the recent licensing of CKFU-FM in the same market at that time, when the station flipped to FM the format was switched to a rock station","Wikipedia-style radio station article format with historical details about a Canadian FM station's branding changes, establishing chronological narrative about a station's identity shift.

The sentence structure ""The station was initially planned as a soft rock formatted station, but after a delay it changed to a new format and became a rock station"" implies a concluding clause describing the final naming or branding decision.

Final token ""station"" ends an incomplete noun phrase (""reopened as a rock station and became a rock radio station""), strongly expecting a continuation like ""with the name"" or ""called"" or ""rather than a talk station"" or ""in October 2005."" completing the historical description of the branding change."
22,4,The article uses a chronological narrative of a station identity shift.,"[{""sentence_id"": 0, ""start"": 117, ""end"": 186, ""text"": ""establishing chronological narrative about a station's identity shift""}]",theme,style,true,"[{""start"": 348, ""end"": 391, ""text"": ""originally began broadcasting June 20, 1962""}]",prefix: The narrative follows dated frequency and format transitions.; AV: The article uses a chronological narrative of a station identity shift.,False,"CKNL-FM is a Canadian radio station that broadcasts a mainstream rock format at 101.5 FM in Fort St. John, British Columbia. The station is branded as 101.5 The Bear and is owned by Bell Media. It is one of three ""Bear"" rock stations in Canada; the others are CFBR-FM in Edmonton, Alberta, and CKRX-FM in Fort Nelson, British Columbia. The station originally began broadcasting June 20, 1962 at 970 AM, and later moved to 560 AM and finally to the FM dial at 101.5 FM in 2003. When the FM flip was approved, the station was to continue the country music format of the former 560 CKNL. However, likely in response to the recent licensing of CKFU-FM in the same market at that time, when the station flipped to FM the format was switched to a rock station","Wikipedia-style radio station article format with historical details about a Canadian FM station's branding changes, establishing chronological narrative about a station's identity shift.

The sentence structure ""The station was initially planned as a soft rock formatted station, but after a delay it changed to a new format and became a rock station"" implies a concluding clause describing the final naming or branding decision.

Final token ""station"" ends an incomplete noun phrase (""reopened as a rock station and became a rock radio station""), strongly expecting a continuation like ""with the name"" or ""called"" or ""rather than a talk station"" or ""in October 2005."" completing the historical description of the branding change."
22,5,The planned station format was soft rock.,"[{""sentence_id"": 1, ""start"": 229, ""end"": 279, ""text"": ""initially planned as a soft rock formatted station""}]",detail,attribute,false,"[{""start"": 508, ""end"": 560, ""text"": ""the station was to continue the country music format""}]",prefix: The source planned format is country music.; AV: The planned station format was soft rock.,False,"CKNL-FM is a Canadian radio station that broadcasts a mainstream rock format at 101.5 FM in Fort St. John, British Columbia. The station is branded as 101.5 The Bear and is owned by Bell Media. It is one of three ""Bear"" rock stations in Canada; the others are CFBR-FM in Edmonton, Alberta, and CKRX-FM in Fort Nelson, British Columbia. The station originally began broadcasting June 20, 1962 at 970 AM, and later moved to 560 AM and finally to the FM dial at 101.5 FM in 2003. When the FM flip was approved, the station was to continue the country music format of the former 560 CKNL. However, likely in response to the recent licensing of CKFU-FM in the same market at that time, when the station flipped to FM the format was switched to a rock station","Wikipedia-style radio station article format with historical details about a Canadian FM station's branding changes, establishing chronological narrative about a station's identity shift.

The sentence structure ""The station was initially planned as a soft rock formatted station, but after a delay it changed to a new format and became a rock station"" implies a concluding clause describing the final naming or branding decision.

Final token ""station"" ends an incomplete noun phrase (""reopened as a rock station and became a rock radio station""), strongly expecting a continuation like ""with the name"" or ""called"" or ""rather than a talk station"" or ""in October 2005."" completing the historical description of the branding change."
22,6,The format change occurred after a delay.,"[{""sentence_id"": 1, ""start"": 285, ""end"": 298, ""text"": ""after a delay""}]",detail,event,unsupported,[],prefix: No delay is described.; AV: The format change occurred after a delay.,False,"CKNL-FM is a Canadian radio station that broadcasts a mainstream rock format at 101.5 FM in Fort St. John, British Columbia. The station is branded as 101.5 The Bear and is owned by Bell Media. It is one of three ""Bear"" rock stations in Canada; the others are CFBR-FM in Edmonton, Alberta, and CKRX-FM in Fort Nelson, British Columbia. The station originally began broadcasting June 20, 1962 at 970 AM, and later moved to 560 AM and finally to the FM dial at 101.5 FM in 2003. When the FM flip was approved, the station was to continue the country music format of the former 560 CKNL. However, likely in response to the recent licensing of CKFU-FM in the same market at that time, when the station flipped to FM the format was switched to a rock station","Wikipedia-style radio station article format with historical details about a Canadian FM station's branding changes, establishing chronological narrative about a station's identity shift.

The sentence structure ""The station was initially planned as a soft rock formatted station, but after a delay it changed to a new format and became a rock station"" implies a concluding clause describing the final naming or branding decision.

Final token ""station"" ends an incomplete noun phrase (""reopened as a rock station and became a rock radio station""), strongly expecting a continuation like ""with the name"" or ""called"" or ""rather than a talk station"" or ""in October 2005."" completing the historical description of the branding change."
22,7,The station changed to a rock format.,"[{""sentence_id"": 1, ""start"": 302, ""end"": 351, ""text"": ""changed to a new format and became a rock station""}, {""sentence_id"": 2, ""start"": 518, ""end"": 545, ""text"": ""became a rock radio station""}]",detail,event,true,"[{""start"": 712, ""end"": 753, ""text"": ""the format was switched to a rock station""}]",prefix: The rock-format switch is explicit.; AV: The station changed to a rock format.,False,"CKNL-FM is a Canadian radio station that broadcasts a mainstream rock format at 101.5 FM in Fort St. John, British Columbia. The station is branded as 101.5 The Bear and is owned by Bell Media. It is one of three ""Bear"" rock stations in Canada; the others are CFBR-FM in Edmonton, Alberta, and CKRX-FM in Fort Nelson, British Columbia. The station originally began broadcasting June 20, 1962 at 970 AM, and later moved to 560 AM and finally to the FM dial at 101.5 FM in 2003. When the FM flip was approved, the station was to continue the country music format of the former 560 CKNL. However, likely in response to the recent licensing of CKFU-FM in the same market at that time, when the station flipped to FM the format was switched to a rock station","Wikipedia-style radio station article format with historical details about a Canadian FM station's branding changes, establishing chronological narrative about a station's identity shift.

The sentence structure ""The station was initially planned as a soft rock formatted station, but after a delay it changed to a new format and became a rock station"" implies a concluding clause describing the final naming or branding decision.

Final token ""station"" ends an incomplete noun phrase (""reopened as a rock station and became a rock radio station""), strongly expecting a continuation like ""with the name"" or ""called"" or ""rather than a talk station"" or ""in October 2005."" completing the historical description of the branding change."
22,8,The concluding clause describes a final naming or branding decision.,"[{""sentence_id"": 1, ""start"": 361, ""end"": 429, ""text"": ""a concluding clause describing the final naming or branding decision""}]",detail,local_text,unsupported,"[{""start"": 712, ""end"": 753, ""text"": ""the format was switched to a rock station""}]","prefix: The final clause gives music format, not a name or brand choice.; AV: The concluding clause describes a final naming or branding decision.",False,"CKNL-FM is a Canadian radio station that broadcasts a mainstream rock format at 101.5 FM in Fort St. John, British Columbia. The station is branded as 101.5 The Bear and is owned by Bell Media. It is one of three ""Bear"" rock stations in Canada; the others are CFBR-FM in Edmonton, Alberta, and CKRX-FM in Fort Nelson, British Columbia. The station originally began broadcasting June 20, 1962 at 970 AM, and later moved to 560 AM and finally to the FM dial at 101.5 FM in 2003. When the FM flip was approved, the station was to continue the country music format of the former 560 CKNL. However, likely in response to the recent licensing of CKFU-FM in the same market at that time, when the station flipped to FM the format was switched to a rock station","Wikipedia-style radio station article format with historical details about a Canadian FM station's branding changes, establishing chronological narrative about a station's identity shift.

The sentence structure ""The station was initially planned as a soft rock formatted station, but after a delay it changed to a new format and became a rock station"" implies a concluding clause describing the final naming or branding decision.

Final token ""station"" ends an incomplete noun phrase (""reopened as a rock station and became a rock radio station""), strongly expecting a continuation like ""with the name"" or ""called"" or ""rather than a talk station"" or ""in October 2005."" completing the historical description of the branding change."
22,9,The station reopened as a rock station.,"[{""sentence_id"": 2, ""start"": 487, ""end"": 513, ""text"": ""reopened as a rock station""}]",detail,event,unsupported,[],prefix: A format switch does not establish closure and reopening.; AV: The station reopened as a rock station.,False,"CKNL-FM is a Canadian radio station that broadcasts a mainstream rock format at 101.5 FM in Fort St. John, British Columbia. The station is branded as 101.5 The Bear and is owned by Bell Media. It is one of three ""Bear"" rock stations in Canada; the others are CFBR-FM in Edmonton, Alberta, and CKRX-FM in Fort Nelson, British Columbia. The station originally began broadcasting June 20, 1962 at 970 AM, and later moved to 560 AM and finally to the FM dial at 101.5 FM in 2003. When the FM flip was approved, the station was to continue the country music format of the former 560 CKNL. However, likely in response to the recent licensing of CKFU-FM in the same market at that time, when the station flipped to FM the format was switched to a rock station","Wikipedia-style radio station article format with historical details about a Canadian FM station's branding changes, establishing chronological narrative about a station's identity shift.

The sentence structure ""The station was initially planned as a soft rock formatted station, but after a delay it changed to a new format and became a rock station"" implies a concluding clause describing the final naming or branding decision.

Final token ""station"" ends an incomplete noun phrase (""reopened as a rock station and became a rock radio station""), strongly expecting a continuation like ""with the name"" or ""called"" or ""rather than a talk station"" or ""in October 2005."" completing the historical description of the branding change."
22,10,The final tokenizer token is “station”.,"[{""sentence_id"": 2, ""start"": 432, ""end"": 453, ""text"": ""Final token \""station\""""}]",detail,final_token,unsupported,[],prefix: Tokenizer evidence is excluded under the prefix-only protocol.; AV: The final tokenizer token is “station”.,True,"CKNL-FM is a Canadian radio station that broadcasts a mainstream rock format at 101.5 FM in Fort St. John, British Columbia. The station is branded as 101.5 The Bear and is owned by Bell Media. It is one of three ""Bear"" rock stations in Canada; the others are CFBR-FM in Edmonton, Alberta, and CKRX-FM in Fort Nelson, British Columbia. The station originally began broadcasting June 20, 1962 at 970 AM, and later moved to 560 AM and finally to the FM dial at 101.5 FM in 2003. When the FM flip was approved, the station was to continue the country music format of the former 560 CKNL. However, likely in response to the recent licensing of CKFU-FM in the same market at that time, when the station flipped to FM the format was switched to a rock station","Wikipedia-style radio station article format with historical details about a Canadian FM station's branding changes, establishing chronological narrative about a station's identity shift.

The sentence structure ""The station was initially planned as a soft rock formatted station, but after a delay it changed to a new format and became a rock station"" implies a concluding clause describing the final naming or branding decision.

Final token ""station"" ends an incomplete noun phrase (""reopened as a rock station and became a rock radio station""), strongly expecting a continuation like ""with the name"" or ""called"" or ""rather than a talk station"" or ""in October 2005."" completing the historical description of the branding change."
22,11,The visible ending is syntactically incomplete.,"[{""sentence_id"": 2, ""start"": 454, ""end"": 485, ""text"": ""ends an incomplete noun phrase ""}]",detail,local_text,false,"[{""start"": 712, ""end"": 753, ""text"": ""the format was switched to a rock station""}]",prefix: The final noun phrase and clause are complete.; AV: The visible ending is syntactically incomplete.,True,"CKNL-FM is a Canadian radio station that broadcasts a mainstream rock format at 101.5 FM in Fort St. John, British Columbia. The station is branded as 101.5 The Bear and is owned by Bell Media. It is one of three ""Bear"" rock stations in Canada; the others are CFBR-FM in Edmonton, Alberta, and CKRX-FM in Fort Nelson, British Columbia. The station originally began broadcasting June 20, 1962 at 970 AM, and later moved to 560 AM and finally to the FM dial at 101.5 FM in 2003. When the FM flip was approved, the station was to continue the country music format of the former 560 CKNL. However, likely in response to the recent licensing of CKFU-FM in the same market at that time, when the station flipped to FM the format was switched to a rock station","Wikipedia-style radio station article format with historical details about a Canadian FM station's branding changes, establishing chronological narrative about a station's identity shift.

The sentence structure ""The station was initially planned as a soft rock formatted station, but after a delay it changed to a new format and became a rock station"" implies a concluding clause describing the final naming or branding decision.

Final token ""station"" ends an incomplete noun phrase (""reopened as a rock station and became a rock radio station""), strongly expecting a continuation like ""with the name"" or ""called"" or ""rather than a talk station"" or ""in October 2005."" completing the historical description of the branding change."
22,12,"The AV predicts the following continuation alternatives: strongly expecting a continuation like ""with the name"" or ""called"" or ""rather than a talk station"" or ""in October 2005."" completing the historical description of the branding change..","[{""sentence_id"": 2, ""start"": 549, ""end"": 731, ""text"": ""strongly expecting a continuation like \""with the name\"" or \""called\"" or \""rather than a talk station\"" or \""in October 2005.\"" completing the historical description of the branding change.""}]",forecast,continuation,unsupported,[],"prefix: No continuation or probability evidence; keep the offered alternatives together.; AV: The AV predicts the following continuation alternatives: strongly expecting a continuation like ""with the name"" or ""called"" or ""rather than a talk station"" or ""in October 2005."" completing the historical description of the branding change..",False,"CKNL-FM is a Canadian radio station that broadcasts a mainstream rock format at 101.5 FM in Fort St. John, British Columbia. The station is branded as 101.5 The Bear and is owned by Bell Media. It is one of three ""Bear"" rock stations in Canada; the others are CFBR-FM in Edmonton, Alberta, and CKRX-FM in Fort Nelson, British Columbia. The station originally began broadcasting June 20, 1962 at 970 AM, and later moved to 560 AM and finally to the FM dial at 101.5 FM in 2003. When the FM flip was approved, the station was to continue the country music format of the former 560 CKNL. However, likely in response to the recent licensing of CKFU-FM in the same market at that time, when the station flipped to FM the format was switched to a rock station","Wikipedia-style radio station article format with historical details about a Canadian FM station's branding changes, establishing chronological narrative about a station's identity shift.

The sentence structure ""The station was initially planned as a soft rock formatted station, but after a delay it changed to a new format and became a rock station"" implies a concluding clause describing the final naming or branding decision.

Final token ""station"" ends an incomplete noun phrase (""reopened as a rock station and became a rock radio station""), strongly expecting a continuation like ""with the name"" or ""called"" or ""rather than a talk station"" or ""in October 2005."" completing the historical description of the branding change."
23,0,The passage is a Wikipedia-style biographical article.,"[{""sentence_id"": 0, ""start"": 0, ""end"": 37, ""text"": ""Wikipedia biographical article format""}]",theme,format,true,"[{""start"": 0, ""end"": 107, ""text"": ""Joseph Octave Mousseau (April 25, 1844 – December 13, 1898) was a physician and political figure in Quebec.""}]",prefix: Life dates and career history support the format.; AV: The passage is a Wikipedia-style biographical article.,False,"Joseph Octave Mousseau (April 25, 1844 – December 13, 1898) was a physician and political figure in Quebec. He represented Soulanges in the House of Commons of Canada from 1891 to 1892 as an Independent member. He was born in Berthier, Canada East, the son of Louis Mousseau, who was the son of Alexis Mousseau, and Sophie Duteau, dit Grandpré. Mousseau was educated at Montreal and Nicolet. He served on the town council for Saint-Polycarpe and also served as mayor. Mousseau married Marie Rose-Avelina Cadieux. He ran unsuccessfully for a seat in the House of Commons in 1887. His election to the House of Commons in 1891 was overturned in 1892 and he was defeated by James William Bain in the two by-elections which followed. He was the brother of Joseph-Alfred Mousseau. His son Joseph-Octave was a member of the Quebec legislative assembly","Wikipedia biographical article format with Canadian political figure entries listing political careers and military service, including a numbered list of premiers.

The sentence ending ""His brother Thomas McColl was a member of the Ontario legislative assembly"" suggests a concluding clause about another family member's political career or a historical fact about the Liberal Party's political legacy, likely a provincial assembly member.

Final token ""assembly"" ends an incomplete phrase (""who served in the ontario legislative assembly""), part of a ""His brother was a member of the ontario provincial assembly"" clause, strongly expecting ""from 1890 to 1920"" or ""and was also a politician"" or similar."
23,1,The passage concerns a Canadian political figure.,"[{""sentence_id"": 0, ""start"": 38, ""end"": 76, ""text"": ""with Canadian political figure entries""}]",theme,topic,true,"[{""start"": 108, ""end"": 166, ""text"": ""He represented Soulanges in the House of Commons of Canada""}]",prefix: A Canadian political career is explicit.; AV: The passage concerns a Canadian political figure.,False,"Joseph Octave Mousseau (April 25, 1844 – December 13, 1898) was a physician and political figure in Quebec. He represented Soulanges in the House of Commons of Canada from 1891 to 1892 as an Independent member. He was born in Berthier, Canada East, the son of Louis Mousseau, who was the son of Alexis Mousseau, and Sophie Duteau, dit Grandpré. Mousseau was educated at Montreal and Nicolet. He served on the town council for Saint-Polycarpe and also served as mayor. Mousseau married Marie Rose-Avelina Cadieux. He ran unsuccessfully for a seat in the House of Commons in 1887. His election to the House of Commons in 1891 was overturned in 1892 and he was defeated by James William Bain in the two by-elections which followed. He was the brother of Joseph-Alfred Mousseau. His son Joseph-Octave was a member of the Quebec legislative assembly","Wikipedia biographical article format with Canadian political figure entries listing political careers and military service, including a numbered list of premiers.

The sentence ending ""His brother Thomas McColl was a member of the Ontario legislative assembly"" suggests a concluding clause about another family member's political career or a historical fact about the Liberal Party's political legacy, likely a provincial assembly member.

Final token ""assembly"" ends an incomplete phrase (""who served in the ontario legislative assembly""), part of a ""His brother was a member of the ontario provincial assembly"" clause, strongly expecting ""from 1890 to 1920"" or ""and was also a politician"" or similar."
23,2,The passage lists political careers.,"[{""sentence_id"": 0, ""start"": 77, ""end"": 102, ""text"": ""listing political careers""}]",theme,topic,true,"[{""start"": 775, ""end"": 844, ""text"": ""His son Joseph-Octave was a member of the Quebec legislative assembly""}]",prefix: The subject and family member's political careers are mentioned.; AV: The passage lists political careers.,False,"Joseph Octave Mousseau (April 25, 1844 – December 13, 1898) was a physician and political figure in Quebec. He represented Soulanges in the House of Commons of Canada from 1891 to 1892 as an Independent member. He was born in Berthier, Canada East, the son of Louis Mousseau, who was the son of Alexis Mousseau, and Sophie Duteau, dit Grandpré. Mousseau was educated at Montreal and Nicolet. He served on the town council for Saint-Polycarpe and also served as mayor. Mousseau married Marie Rose-Avelina Cadieux. He ran unsuccessfully for a seat in the House of Commons in 1887. His election to the House of Commons in 1891 was overturned in 1892 and he was defeated by James William Bain in the two by-elections which followed. He was the brother of Joseph-Alfred Mousseau. His son Joseph-Octave was a member of the Quebec legislative assembly","Wikipedia biographical article format with Canadian political figure entries listing political careers and military service, including a numbered list of premiers.

The sentence ending ""His brother Thomas McColl was a member of the Ontario legislative assembly"" suggests a concluding clause about another family member's political career or a historical fact about the Liberal Party's political legacy, likely a provincial assembly member.

Final token ""assembly"" ends an incomplete phrase (""who served in the ontario legislative assembly""), part of a ""His brother was a member of the ontario provincial assembly"" clause, strongly expecting ""from 1890 to 1920"" or ""and was also a politician"" or similar."
23,3,The passage describes military service.,"[{""sentence_id"": 0, ""start"": 103, ""end"": 123, ""text"": ""and military service""}]",theme,topic,unsupported,[],prefix: No military service is supplied.; AV: The passage describes military service.,False,"Joseph Octave Mousseau (April 25, 1844 – December 13, 1898) was a physician and political figure in Quebec. He represented Soulanges in the House of Commons of Canada from 1891 to 1892 as an Independent member. He was born in Berthier, Canada East, the son of Louis Mousseau, who was the son of Alexis Mousseau, and Sophie Duteau, dit Grandpré. Mousseau was educated at Montreal and Nicolet. He served on the town council for Saint-Polycarpe and also served as mayor. Mousseau married Marie Rose-Avelina Cadieux. He ran unsuccessfully for a seat in the House of Commons in 1887. His election to the House of Commons in 1891 was overturned in 1892 and he was defeated by James William Bain in the two by-elections which followed. He was the brother of Joseph-Alfred Mousseau. His son Joseph-Octave was a member of the Quebec legislative assembly","Wikipedia biographical article format with Canadian political figure entries listing political careers and military service, including a numbered list of premiers.

The sentence ending ""His brother Thomas McColl was a member of the Ontario legislative assembly"" suggests a concluding clause about another family member's political career or a historical fact about the Liberal Party's political legacy, likely a provincial assembly member.

Final token ""assembly"" ends an incomplete phrase (""who served in the ontario legislative assembly""), part of a ""His brother was a member of the ontario provincial assembly"" clause, strongly expecting ""from 1890 to 1920"" or ""and was also a politician"" or similar."
23,4,The passage contains a numbered list of premiers.,"[{""sentence_id"": 0, ""start"": 125, ""end"": 162, ""text"": ""including a numbered list of premiers""}]",theme,format,false,"[{""start"": 392, ""end"": 467, ""text"": ""He served on the town council for Saint-Polycarpe and also served as mayor.""}]",prefix: The visible passage has no numbered list.; AV: The passage contains a numbered list of premiers.,False,"Joseph Octave Mousseau (April 25, 1844 – December 13, 1898) was a physician and political figure in Quebec. He represented Soulanges in the House of Commons of Canada from 1891 to 1892 as an Independent member. He was born in Berthier, Canada East, the son of Louis Mousseau, who was the son of Alexis Mousseau, and Sophie Duteau, dit Grandpré. Mousseau was educated at Montreal and Nicolet. He served on the town council for Saint-Polycarpe and also served as mayor. Mousseau married Marie Rose-Avelina Cadieux. He ran unsuccessfully for a seat in the House of Commons in 1887. His election to the House of Commons in 1891 was overturned in 1892 and he was defeated by James William Bain in the two by-elections which followed. He was the brother of Joseph-Alfred Mousseau. His son Joseph-Octave was a member of the Quebec legislative assembly","Wikipedia biographical article format with Canadian political figure entries listing political careers and military service, including a numbered list of premiers.

The sentence ending ""His brother Thomas McColl was a member of the Ontario legislative assembly"" suggests a concluding clause about another family member's political career or a historical fact about the Liberal Party's political legacy, likely a provincial assembly member.

Final token ""assembly"" ends an incomplete phrase (""who served in the ontario legislative assembly""), part of a ""His brother was a member of the ontario provincial assembly"" clause, strongly expecting ""from 1890 to 1920"" or ""and was also a politician"" or similar."
23,5,The subject’s brother is Thomas McColl.,"[{""sentence_id"": 1, ""start"": 186, ""end"": 211, ""text"": ""His brother Thomas McColl""}]",entity,relationship,false,"[{""start"": 729, ""end"": 774, ""text"": ""He was the brother of Joseph-Alfred Mousseau.""}]",prefix: The source fills the named-brother role with Joseph-Alfred Mousseau.; AV: The subject’s brother is Thomas McColl.,False,"Joseph Octave Mousseau (April 25, 1844 – December 13, 1898) was a physician and political figure in Quebec. He represented Soulanges in the House of Commons of Canada from 1891 to 1892 as an Independent member. He was born in Berthier, Canada East, the son of Louis Mousseau, who was the son of Alexis Mousseau, and Sophie Duteau, dit Grandpré. Mousseau was educated at Montreal and Nicolet. He served on the town council for Saint-Polycarpe and also served as mayor. Mousseau married Marie Rose-Avelina Cadieux. He ran unsuccessfully for a seat in the House of Commons in 1887. His election to the House of Commons in 1891 was overturned in 1892 and he was defeated by James William Bain in the two by-elections which followed. He was the brother of Joseph-Alfred Mousseau. His son Joseph-Octave was a member of the Quebec legislative assembly","Wikipedia biographical article format with Canadian political figure entries listing political careers and military service, including a numbered list of premiers.

The sentence ending ""His brother Thomas McColl was a member of the Ontario legislative assembly"" suggests a concluding clause about another family member's political career or a historical fact about the Liberal Party's political legacy, likely a provincial assembly member.

Final token ""assembly"" ends an incomplete phrase (""who served in the ontario legislative assembly""), part of a ""His brother was a member of the ontario provincial assembly"" clause, strongly expecting ""from 1890 to 1920"" or ""and was also a politician"" or similar."
23,6,Thomas McColl was a member of the Ontario legislative assembly.,"[{""sentence_id"": 1, ""start"": 198, ""end"": 260, ""text"": ""Thomas McColl was a member of the Ontario legislative assembly""}]",entity,relationship,unsupported,[],prefix: No facts about Thomas McColl are supplied.; AV: Thomas McColl was a member of the Ontario legislative assembly.,False,"Joseph Octave Mousseau (April 25, 1844 – December 13, 1898) was a physician and political figure in Quebec. He represented Soulanges in the House of Commons of Canada from 1891 to 1892 as an Independent member. He was born in Berthier, Canada East, the son of Louis Mousseau, who was the son of Alexis Mousseau, and Sophie Duteau, dit Grandpré. Mousseau was educated at Montreal and Nicolet. He served on the town council for Saint-Polycarpe and also served as mayor. Mousseau married Marie Rose-Avelina Cadieux. He ran unsuccessfully for a seat in the House of Commons in 1887. His election to the House of Commons in 1891 was overturned in 1892 and he was defeated by James William Bain in the two by-elections which followed. He was the brother of Joseph-Alfred Mousseau. His son Joseph-Octave was a member of the Quebec legislative assembly","Wikipedia biographical article format with Canadian political figure entries listing political careers and military service, including a numbered list of premiers.

The sentence ending ""His brother Thomas McColl was a member of the Ontario legislative assembly"" suggests a concluding clause about another family member's political career or a historical fact about the Liberal Party's political legacy, likely a provincial assembly member.

Final token ""assembly"" ends an incomplete phrase (""who served in the ontario legislative assembly""), part of a ""His brother was a member of the ontario provincial assembly"" clause, strongly expecting ""from 1890 to 1920"" or ""and was also a politician"" or similar."
23,7,The ending concerns another family member’s political career.,"[{""sentence_id"": 1, ""start"": 271, ""end"": 401, ""text"": ""a concluding clause about another family member's political career or a historical fact about the Liberal Party's political legacy""}]",detail,local_text,true,"[{""start"": 775, ""end"": 844, ""text"": ""His son Joseph-Octave was a member of the Quebec legislative assembly""}]",prefix: The disjunction is supported by the family political-career branch; do not assert Liberal Party legacy separately.; AV: The ending concerns another family member’s political career.,False,"Joseph Octave Mousseau (April 25, 1844 – December 13, 1898) was a physician and political figure in Quebec. He represented Soulanges in the House of Commons of Canada from 1891 to 1892 as an Independent member. He was born in Berthier, Canada East, the son of Louis Mousseau, who was the son of Alexis Mousseau, and Sophie Duteau, dit Grandpré. Mousseau was educated at Montreal and Nicolet. He served on the town council for Saint-Polycarpe and also served as mayor. Mousseau married Marie Rose-Avelina Cadieux. He ran unsuccessfully for a seat in the House of Commons in 1887. His election to the House of Commons in 1891 was overturned in 1892 and he was defeated by James William Bain in the two by-elections which followed. He was the brother of Joseph-Alfred Mousseau. His son Joseph-Octave was a member of the Quebec legislative assembly","Wikipedia biographical article format with Canadian political figure entries listing political careers and military service, including a numbered list of premiers.

The sentence ending ""His brother Thomas McColl was a member of the Ontario legislative assembly"" suggests a concluding clause about another family member's political career or a historical fact about the Liberal Party's political legacy, likely a provincial assembly member.

Final token ""assembly"" ends an incomplete phrase (""who served in the ontario legislative assembly""), part of a ""His brother was a member of the ontario provincial assembly"" clause, strongly expecting ""from 1890 to 1920"" or ""and was also a politician"" or similar."
23,8,The family member described at the ending was a provincial assembly member.,"[{""sentence_id"": 1, ""start"": 403, ""end"": 438, ""text"": ""likely a provincial assembly member""}]",detail,attribute,true,"[{""start"": 801, ""end"": 844, ""text"": ""a member of the Quebec legislative assembly""}]",prefix: The source explicitly gives a Quebec assembly membership.; AV: The family member described at the ending was a provincial assembly member.,False,"Joseph Octave Mousseau (April 25, 1844 – December 13, 1898) was a physician and political figure in Quebec. He represented Soulanges in the House of Commons of Canada from 1891 to 1892 as an Independent member. He was born in Berthier, Canada East, the son of Louis Mousseau, who was the son of Alexis Mousseau, and Sophie Duteau, dit Grandpré. Mousseau was educated at Montreal and Nicolet. He served on the town council for Saint-Polycarpe and also served as mayor. Mousseau married Marie Rose-Avelina Cadieux. He ran unsuccessfully for a seat in the House of Commons in 1887. His election to the House of Commons in 1891 was overturned in 1892 and he was defeated by James William Bain in the two by-elections which followed. He was the brother of Joseph-Alfred Mousseau. His son Joseph-Octave was a member of the Quebec legislative assembly","Wikipedia biographical article format with Canadian political figure entries listing political careers and military service, including a numbered list of premiers.

The sentence ending ""His brother Thomas McColl was a member of the Ontario legislative assembly"" suggests a concluding clause about another family member's political career or a historical fact about the Liberal Party's political legacy, likely a provincial assembly member.

Final token ""assembly"" ends an incomplete phrase (""who served in the ontario legislative assembly""), part of a ""His brother was a member of the ontario provincial assembly"" clause, strongly expecting ""from 1890 to 1920"" or ""and was also a politician"" or similar."
23,9,The family member described at the ending served in the Ontario legislative assembly.,"[{""sentence_id"": 2, ""start"": 492, ""end"": 538, ""text"": ""who served in the ontario legislative assembly""}, {""sentence_id"": 2, ""start"": 553, ""end"": 612, ""text"": ""His brother was a member of the ontario provincial assembly""}]",entity,relationship,false,"[{""start"": 775, ""end"": 844, ""text"": ""His son Joseph-Octave was a member of the Quebec legislative assembly""}]","prefix: The filled assembly role at the ending is Quebec, and the relative is the son.; AV: The family member described at the ending served in the Ontario legislative assembly.",True,"Joseph Octave Mousseau (April 25, 1844 – December 13, 1898) was a physician and political figure in Quebec. He represented Soulanges in the House of Commons of Canada from 1891 to 1892 as an Independent member. He was born in Berthier, Canada East, the son of Louis Mousseau, who was the son of Alexis Mousseau, and Sophie Duteau, dit Grandpré. Mousseau was educated at Montreal and Nicolet. He served on the town council for Saint-Polycarpe and also served as mayor. Mousseau married Marie Rose-Avelina Cadieux. He ran unsuccessfully for a seat in the House of Commons in 1887. His election to the House of Commons in 1891 was overturned in 1892 and he was defeated by James William Bain in the two by-elections which followed. He was the brother of Joseph-Alfred Mousseau. His son Joseph-Octave was a member of the Quebec legislative assembly","Wikipedia biographical article format with Canadian political figure entries listing political careers and military service, including a numbered list of premiers.

The sentence ending ""His brother Thomas McColl was a member of the Ontario legislative assembly"" suggests a concluding clause about another family member's political career or a historical fact about the Liberal Party's political legacy, likely a provincial assembly member.

Final token ""assembly"" ends an incomplete phrase (""who served in the ontario legislative assembly""), part of a ""His brother was a member of the ontario provincial assembly"" clause, strongly expecting ""from 1890 to 1920"" or ""and was also a politician"" or similar."
23,10,The final tokenizer token is “assembly”.,"[{""sentence_id"": 2, ""start"": 441, ""end"": 463, ""text"": ""Final token \""assembly\""""}]",detail,final_token,unsupported,[],prefix: Tokenizer evidence is excluded under the prefix-only protocol.; AV: The final tokenizer token is “assembly”.,True,"Joseph Octave Mousseau (April 25, 1844 – December 13, 1898) was a physician and political figure in Quebec. He represented Soulanges in the House of Commons of Canada from 1891 to 1892 as an Independent member. He was born in Berthier, Canada East, the son of Louis Mousseau, who was the son of Alexis Mousseau, and Sophie Duteau, dit Grandpré. Mousseau was educated at Montreal and Nicolet. He served on the town council for Saint-Polycarpe and also served as mayor. Mousseau married Marie Rose-Avelina Cadieux. He ran unsuccessfully for a seat in the House of Commons in 1887. His election to the House of Commons in 1891 was overturned in 1892 and he was defeated by James William Bain in the two by-elections which followed. He was the brother of Joseph-Alfred Mousseau. His son Joseph-Octave was a member of the Quebec legislative assembly","Wikipedia biographical article format with Canadian political figure entries listing political careers and military service, including a numbered list of premiers.

The sentence ending ""His brother Thomas McColl was a member of the Ontario legislative assembly"" suggests a concluding clause about another family member's political career or a historical fact about the Liberal Party's political legacy, likely a provincial assembly member.

Final token ""assembly"" ends an incomplete phrase (""who served in the ontario legislative assembly""), part of a ""His brother was a member of the ontario provincial assembly"" clause, strongly expecting ""from 1890 to 1920"" or ""and was also a politician"" or similar."
23,11,The visible ending is syntactically incomplete.,"[{""sentence_id"": 2, ""start"": 464, ""end"": 490, ""text"": ""ends an incomplete phrase ""}]",detail,local_text,false,"[{""start"": 775, ""end"": 844, ""text"": ""His son Joseph-Octave was a member of the Quebec legislative assembly""}]",prefix: The final membership clause is complete.; AV: The visible ending is syntactically incomplete.,True,"Joseph Octave Mousseau (April 25, 1844 – December 13, 1898) was a physician and political figure in Quebec. He represented Soulanges in the House of Commons of Canada from 1891 to 1892 as an Independent member. He was born in Berthier, Canada East, the son of Louis Mousseau, who was the son of Alexis Mousseau, and Sophie Duteau, dit Grandpré. Mousseau was educated at Montreal and Nicolet. He served on the town council for Saint-Polycarpe and also served as mayor. Mousseau married Marie Rose-Avelina Cadieux. He ran unsuccessfully for a seat in the House of Commons in 1887. His election to the House of Commons in 1891 was overturned in 1892 and he was defeated by James William Bain in the two by-elections which followed. He was the brother of Joseph-Alfred Mousseau. His son Joseph-Octave was a member of the Quebec legislative assembly","Wikipedia biographical article format with Canadian political figure entries listing political careers and military service, including a numbered list of premiers.

The sentence ending ""His brother Thomas McColl was a member of the Ontario legislative assembly"" suggests a concluding clause about another family member's political career or a historical fact about the Liberal Party's political legacy, likely a provincial assembly member.

Final token ""assembly"" ends an incomplete phrase (""who served in the ontario legislative assembly""), part of a ""His brother was a member of the ontario provincial assembly"" clause, strongly expecting ""from 1890 to 1920"" or ""and was also a politician"" or similar."
23,12,"The AV predicts the following continuation alternatives: strongly expecting ""from 1890 to 1920"" or ""and was also a politician"" or similar..","[{""sentence_id"": 2, ""start"": 622, ""end"": 703, ""text"": ""strongly expecting \""from 1890 to 1920\"" or \""and was also a politician\"" or similar.""}]",forecast,continuation,unsupported,[],"prefix: No continuation or probability evidence; keep the offered alternatives together.; AV: The AV predicts the following continuation alternatives: strongly expecting ""from 1890 to 1920"" or ""and was also a politician"" or similar..",False,"Joseph Octave Mousseau (April 25, 1844 – December 13, 1898) was a physician and political figure in Quebec. He represented Soulanges in the House of Commons of Canada from 1891 to 1892 as an Independent member. He was born in Berthier, Canada East, the son of Louis Mousseau, who was the son of Alexis Mousseau, and Sophie Duteau, dit Grandpré. Mousseau was educated at Montreal and Nicolet. He served on the town council for Saint-Polycarpe and also served as mayor. Mousseau married Marie Rose-Avelina Cadieux. He ran unsuccessfully for a seat in the House of Commons in 1887. His election to the House of Commons in 1891 was overturned in 1892 and he was defeated by James William Bain in the two by-elections which followed. He was the brother of Joseph-Alfred Mousseau. His son Joseph-Octave was a member of the Quebec legislative assembly","Wikipedia biographical article format with Canadian political figure entries listing political careers and military service, including a numbered list of premiers.

The sentence ending ""His brother Thomas McColl was a member of the Ontario legislative assembly"" suggests a concluding clause about another family member's political career or a historical fact about the Liberal Party's political legacy, likely a provincial assembly member.

Final token ""assembly"" ends an incomplete phrase (""who served in the ontario legislative assembly""), part of a ""His brother was a member of the ontario provincial assembly"" clause, strongly expecting ""from 1890 to 1920"" or ""and was also a politician"" or similar."
24,0,The passage has Wikipedia-article format.,"[{""sentence_id"": 0, ""start"": 0, ""end"": 24, ""text"": ""Wikipedia article format""}]",theme,format,true,"[{""start"": 0, ""end"": 103, ""text"": ""Francesco De Masi (11 January 1930 – 6 November 2005) was an Italian conductor and film score composer.""}]",prefix: An expository biographical entry supports the format.; AV: The passage has Wikipedia-article format.,False,"Francesco De Masi (11 January 1930 – 6 November 2005) was an Italian conductor and film score composer. He studied composition at the San Pietro a Maiella Conservatory in Naples, under the guidance of Achille Longo, his uncle. De Masi became interested in film music when Longo was asked to compose a soundtrack for a film, and he asked De Masi to be his assistant. De Masi's filmography includes scores for over 200 films and TV series, ranging from spaghetti westerns and sword and sandal epics to gialli and horror films, such as Lucio Fulci's Lo squartatore di New York (The New York Ripper). De Masi also scored several action films, such as Enzo G. Castellari's Quel maledetto treno blindato (The Inglorious Bastards), but he is best remembered for his work on spaghetti westerns. Unlike most other composers, De Masi started writing western scores slightly earlier than the genre's most influential musician, Ennio Morricone. As De Masi's music was less influenced by Morricone, his style had a distinctive sound. Many of his songs were performed by the low-voiced member of the I Cantori Moderni choir, Ettore ""Raoul"" Lovecchio. De Masi was also very interested in classical music. He taught at the Santa Cecilia Conservatory, also conducting the conservatory's orchestra. In an interview, De Masi listed Palestrina, Karlheinz Stockhausen, Ravel and Shostakovich as his main classical influences. De Masi died of cancer at the age of 75","Wikipedia article format with Italian language biographical entry describing a composer, listing his works and death details.

The sentence ""He died on 15 December 2000, at the age of 75, after a car accident in Rome; he died at 75"" suggests a concluding clause about his death or legacy, implying a final summary or death date completion.

Final token ""75"" ends an age figure (""at 75 years old, died at 75""), strongly expecting ""in Paris"" or ""on September 15, 2005"" or ""in his career,"" completing the death narrative with a death context."
24,1,The passage is in Italian.,"[{""sentence_id"": 0, ""start"": 30, ""end"": 46, ""text"": ""Italian language""}]",theme,language,false,"[{""start"": 54, ""end"": 102, ""text"": ""was an Italian conductor and film score composer""}]",prefix: The prose is English despite Italian names and titles.; AV: The passage is in Italian.,False,"Francesco De Masi (11 January 1930 – 6 November 2005) was an Italian conductor and film score composer. He studied composition at the San Pietro a Maiella Conservatory in Naples, under the guidance of Achille Longo, his uncle. De Masi became interested in film music when Longo was asked to compose a soundtrack for a film, and he asked De Masi to be his assistant. De Masi's filmography includes scores for over 200 films and TV series, ranging from spaghetti westerns and sword and sandal epics to gialli and horror films, such as Lucio Fulci's Lo squartatore di New York (The New York Ripper). De Masi also scored several action films, such as Enzo G. Castellari's Quel maledetto treno blindato (The Inglorious Bastards), but he is best remembered for his work on spaghetti westerns. Unlike most other composers, De Masi started writing western scores slightly earlier than the genre's most influential musician, Ennio Morricone. As De Masi's music was less influenced by Morricone, his style had a distinctive sound. Many of his songs were performed by the low-voiced member of the I Cantori Moderni choir, Ettore ""Raoul"" Lovecchio. De Masi was also very interested in classical music. He taught at the Santa Cecilia Conservatory, also conducting the conservatory's orchestra. In an interview, De Masi listed Palestrina, Karlheinz Stockhausen, Ravel and Shostakovich as his main classical influences. De Masi died of cancer at the age of 75","Wikipedia article format with Italian language biographical entry describing a composer, listing his works and death details.

The sentence ""He died on 15 December 2000, at the age of 75, after a car accident in Rome; he died at 75"" suggests a concluding clause about his death or legacy, implying a final summary or death date completion.

Final token ""75"" ends an age figure (""at 75 years old, died at 75""), strongly expecting ""in Paris"" or ""on September 15, 2005"" or ""in his career,"" completing the death narrative with a death context."
24,2,The passage is a composer’s biography.,"[{""sentence_id"": 0, ""start"": 47, ""end"": 87, ""text"": ""biographical entry describing a composer""}]",theme,genre,true,"[{""start"": 0, ""end"": 103, ""text"": ""Francesco De Masi (11 January 1930 – 6 November 2005) was an Italian conductor and film score composer.""}]",prefix: The subject is a composer with life dates and career history.; AV: The passage is a composer’s biography.,False,"Francesco De Masi (11 January 1930 – 6 November 2005) was an Italian conductor and film score composer. He studied composition at the San Pietro a Maiella Conservatory in Naples, under the guidance of Achille Longo, his uncle. De Masi became interested in film music when Longo was asked to compose a soundtrack for a film, and he asked De Masi to be his assistant. De Masi's filmography includes scores for over 200 films and TV series, ranging from spaghetti westerns and sword and sandal epics to gialli and horror films, such as Lucio Fulci's Lo squartatore di New York (The New York Ripper). De Masi also scored several action films, such as Enzo G. Castellari's Quel maledetto treno blindato (The Inglorious Bastards), but he is best remembered for his work on spaghetti westerns. Unlike most other composers, De Masi started writing western scores slightly earlier than the genre's most influential musician, Ennio Morricone. As De Masi's music was less influenced by Morricone, his style had a distinctive sound. Many of his songs were performed by the low-voiced member of the I Cantori Moderni choir, Ettore ""Raoul"" Lovecchio. De Masi was also very interested in classical music. He taught at the Santa Cecilia Conservatory, also conducting the conservatory's orchestra. In an interview, De Masi listed Palestrina, Karlheinz Stockhausen, Ravel and Shostakovich as his main classical influences. De Masi died of cancer at the age of 75","Wikipedia article format with Italian language biographical entry describing a composer, listing his works and death details.

The sentence ""He died on 15 December 2000, at the age of 75, after a car accident in Rome; he died at 75"" suggests a concluding clause about his death or legacy, implying a final summary or death date completion.

Final token ""75"" ends an age figure (""at 75 years old, died at 75""), strongly expecting ""in Paris"" or ""on September 15, 2005"" or ""in his career,"" completing the death narrative with a death context."
24,3,The passage lists the composer’s works.,"[{""sentence_id"": 0, ""start"": 89, ""end"": 106, ""text"": ""listing his works""}]",theme,topic,true,"[{""start"": 597, ""end"": 637, ""text"": ""De Masi also scored several action films""}]",prefix: Works are listed.; AV: The passage lists the composer’s works.,False,"Francesco De Masi (11 January 1930 – 6 November 2005) was an Italian conductor and film score composer. He studied composition at the San Pietro a Maiella Conservatory in Naples, under the guidance of Achille Longo, his uncle. De Masi became interested in film music when Longo was asked to compose a soundtrack for a film, and he asked De Masi to be his assistant. De Masi's filmography includes scores for over 200 films and TV series, ranging from spaghetti westerns and sword and sandal epics to gialli and horror films, such as Lucio Fulci's Lo squartatore di New York (The New York Ripper). De Masi also scored several action films, such as Enzo G. Castellari's Quel maledetto treno blindato (The Inglorious Bastards), but he is best remembered for his work on spaghetti westerns. Unlike most other composers, De Masi started writing western scores slightly earlier than the genre's most influential musician, Ennio Morricone. As De Masi's music was less influenced by Morricone, his style had a distinctive sound. Many of his songs were performed by the low-voiced member of the I Cantori Moderni choir, Ettore ""Raoul"" Lovecchio. De Masi was also very interested in classical music. He taught at the Santa Cecilia Conservatory, also conducting the conservatory's orchestra. In an interview, De Masi listed Palestrina, Karlheinz Stockhausen, Ravel and Shostakovich as his main classical influences. De Masi died of cancer at the age of 75","Wikipedia article format with Italian language biographical entry describing a composer, listing his works and death details.

The sentence ""He died on 15 December 2000, at the age of 75, after a car accident in Rome; he died at 75"" suggests a concluding clause about his death or legacy, implying a final summary or death date completion.

Final token ""75"" ends an age figure (""at 75 years old, died at 75""), strongly expecting ""in Paris"" or ""on September 15, 2005"" or ""in his career,"" completing the death narrative with a death context."
24,4,The passage supplies death details.,"[{""sentence_id"": 0, ""start"": 107, ""end"": 124, ""text"": ""and death details""}]",theme,topic,true,"[{""start"": 1405, ""end"": 1444, ""text"": ""De Masi died of cancer at the age of 75""}]",prefix: Age and cause are given.; AV: The passage supplies death details.,False,"Francesco De Masi (11 January 1930 – 6 November 2005) was an Italian conductor and film score composer. He studied composition at the San Pietro a Maiella Conservatory in Naples, under the guidance of Achille Longo, his uncle. De Masi became interested in film music when Longo was asked to compose a soundtrack for a film, and he asked De Masi to be his assistant. De Masi's filmography includes scores for over 200 films and TV series, ranging from spaghetti westerns and sword and sandal epics to gialli and horror films, such as Lucio Fulci's Lo squartatore di New York (The New York Ripper). De Masi also scored several action films, such as Enzo G. Castellari's Quel maledetto treno blindato (The Inglorious Bastards), but he is best remembered for his work on spaghetti westerns. Unlike most other composers, De Masi started writing western scores slightly earlier than the genre's most influential musician, Ennio Morricone. As De Masi's music was less influenced by Morricone, his style had a distinctive sound. Many of his songs were performed by the low-voiced member of the I Cantori Moderni choir, Ettore ""Raoul"" Lovecchio. De Masi was also very interested in classical music. He taught at the Santa Cecilia Conservatory, also conducting the conservatory's orchestra. In an interview, De Masi listed Palestrina, Karlheinz Stockhausen, Ravel and Shostakovich as his main classical influences. De Masi died of cancer at the age of 75","Wikipedia article format with Italian language biographical entry describing a composer, listing his works and death details.

The sentence ""He died on 15 December 2000, at the age of 75, after a car accident in Rome; he died at 75"" suggests a concluding clause about his death or legacy, implying a final summary or death date completion.

Final token ""75"" ends an age figure (""at 75 years old, died at 75""), strongly expecting ""in Paris"" or ""on September 15, 2005"" or ""in his career,"" completing the death narrative with a death context."
24,5,De Masi died on 15 December 2000.,"[{""sentence_id"": 1, ""start"": 141, ""end"": 168, ""text"": ""He died on 15 December 2000""}]",detail,date,false,"[{""start"": 19, ""end"": 52, ""text"": ""11 January 1930 – 6 November 2005""}]",prefix: The source death date is 6 November 2005.; AV: De Masi died on 15 December 2000.,False,"Francesco De Masi (11 January 1930 – 6 November 2005) was an Italian conductor and film score composer. He studied composition at the San Pietro a Maiella Conservatory in Naples, under the guidance of Achille Longo, his uncle. De Masi became interested in film music when Longo was asked to compose a soundtrack for a film, and he asked De Masi to be his assistant. De Masi's filmography includes scores for over 200 films and TV series, ranging from spaghetti westerns and sword and sandal epics to gialli and horror films, such as Lucio Fulci's Lo squartatore di New York (The New York Ripper). De Masi also scored several action films, such as Enzo G. Castellari's Quel maledetto treno blindato (The Inglorious Bastards), but he is best remembered for his work on spaghetti westerns. Unlike most other composers, De Masi started writing western scores slightly earlier than the genre's most influential musician, Ennio Morricone. As De Masi's music was less influenced by Morricone, his style had a distinctive sound. Many of his songs were performed by the low-voiced member of the I Cantori Moderni choir, Ettore ""Raoul"" Lovecchio. De Masi was also very interested in classical music. He taught at the Santa Cecilia Conservatory, also conducting the conservatory's orchestra. In an interview, De Masi listed Palestrina, Karlheinz Stockhausen, Ravel and Shostakovich as his main classical influences. De Masi died of cancer at the age of 75","Wikipedia article format with Italian language biographical entry describing a composer, listing his works and death details.

The sentence ""He died on 15 December 2000, at the age of 75, after a car accident in Rome; he died at 75"" suggests a concluding clause about his death or legacy, implying a final summary or death date completion.

Final token ""75"" ends an age figure (""at 75 years old, died at 75""), strongly expecting ""in Paris"" or ""on September 15, 2005"" or ""in his career,"" completing the death narrative with a death context."
24,6,De Masi died at age 75.,"[{""sentence_id"": 1, ""start"": 170, ""end"": 186, ""text"": ""at the age of 75""}, {""sentence_id"": 1, ""start"": 218, ""end"": 231, ""text"": ""he died at 75""}, {""sentence_id"": 1, ""start"": 221, ""end"": 231, ""text"": ""died at 75""}, {""sentence_id"": 2, ""start"": 379, ""end"": 394, ""text"": ""at 75 years old""}, {""sentence_id"": 2, ""start"": 396, ""end"": 406, ""text"": ""died at 75""}]",detail,quantity,true,"[{""start"": 1405, ""end"": 1444, ""text"": ""De Masi died of cancer at the age of 75""}]",prefix: The age is explicit; repeated occurrences deduplicated.; AV: De Masi died at age 75.,False,"Francesco De Masi (11 January 1930 – 6 November 2005) was an Italian conductor and film score composer. He studied composition at the San Pietro a Maiella Conservatory in Naples, under the guidance of Achille Longo, his uncle. De Masi became interested in film music when Longo was asked to compose a soundtrack for a film, and he asked De Masi to be his assistant. De Masi's filmography includes scores for over 200 films and TV series, ranging from spaghetti westerns and sword and sandal epics to gialli and horror films, such as Lucio Fulci's Lo squartatore di New York (The New York Ripper). De Masi also scored several action films, such as Enzo G. Castellari's Quel maledetto treno blindato (The Inglorious Bastards), but he is best remembered for his work on spaghetti westerns. Unlike most other composers, De Masi started writing western scores slightly earlier than the genre's most influential musician, Ennio Morricone. As De Masi's music was less influenced by Morricone, his style had a distinctive sound. Many of his songs were performed by the low-voiced member of the I Cantori Moderni choir, Ettore ""Raoul"" Lovecchio. De Masi was also very interested in classical music. He taught at the Santa Cecilia Conservatory, also conducting the conservatory's orchestra. In an interview, De Masi listed Palestrina, Karlheinz Stockhausen, Ravel and Shostakovich as his main classical influences. De Masi died of cancer at the age of 75","Wikipedia article format with Italian language biographical entry describing a composer, listing his works and death details.

The sentence ""He died on 15 December 2000, at the age of 75, after a car accident in Rome; he died at 75"" suggests a concluding clause about his death or legacy, implying a final summary or death date completion.

Final token ""75"" ends an age figure (""at 75 years old, died at 75""), strongly expecting ""in Paris"" or ""on September 15, 2005"" or ""in his career,"" completing the death narrative with a death context."
24,7,De Masi had a car accident before his death.,"[{""sentence_id"": 1, ""start"": 188, ""end"": 208, ""text"": ""after a car accident""}]",detail,event,unsupported,[],prefix: No car accident is mentioned; a preceding accident is not logically excluded by death from cancer.; AV: De Masi had a car accident before his death.,False,"Francesco De Masi (11 January 1930 – 6 November 2005) was an Italian conductor and film score composer. He studied composition at the San Pietro a Maiella Conservatory in Naples, under the guidance of Achille Longo, his uncle. De Masi became interested in film music when Longo was asked to compose a soundtrack for a film, and he asked De Masi to be his assistant. De Masi's filmography includes scores for over 200 films and TV series, ranging from spaghetti westerns and sword and sandal epics to gialli and horror films, such as Lucio Fulci's Lo squartatore di New York (The New York Ripper). De Masi also scored several action films, such as Enzo G. Castellari's Quel maledetto treno blindato (The Inglorious Bastards), but he is best remembered for his work on spaghetti westerns. Unlike most other composers, De Masi started writing western scores slightly earlier than the genre's most influential musician, Ennio Morricone. As De Masi's music was less influenced by Morricone, his style had a distinctive sound. Many of his songs were performed by the low-voiced member of the I Cantori Moderni choir, Ettore ""Raoul"" Lovecchio. De Masi was also very interested in classical music. He taught at the Santa Cecilia Conservatory, also conducting the conservatory's orchestra. In an interview, De Masi listed Palestrina, Karlheinz Stockhausen, Ravel and Shostakovich as his main classical influences. De Masi died of cancer at the age of 75","Wikipedia article format with Italian language biographical entry describing a composer, listing his works and death details.

The sentence ""He died on 15 December 2000, at the age of 75, after a car accident in Rome; he died at 75"" suggests a concluding clause about his death or legacy, implying a final summary or death date completion.

Final token ""75"" ends an age figure (""at 75 years old, died at 75""), strongly expecting ""in Paris"" or ""on September 15, 2005"" or ""in his career,"" completing the death narrative with a death context."
24,8,The car accident occurred in Rome.,"[{""sentence_id"": 1, ""start"": 194, ""end"": 216, ""text"": ""a car accident in Rome""}]",entity,relationship,unsupported,[],prefix: No accident or accident location is supplied.; AV: The car accident occurred in Rome.,False,"Francesco De Masi (11 January 1930 – 6 November 2005) was an Italian conductor and film score composer. He studied composition at the San Pietro a Maiella Conservatory in Naples, under the guidance of Achille Longo, his uncle. De Masi became interested in film music when Longo was asked to compose a soundtrack for a film, and he asked De Masi to be his assistant. De Masi's filmography includes scores for over 200 films and TV series, ranging from spaghetti westerns and sword and sandal epics to gialli and horror films, such as Lucio Fulci's Lo squartatore di New York (The New York Ripper). De Masi also scored several action films, such as Enzo G. Castellari's Quel maledetto treno blindato (The Inglorious Bastards), but he is best remembered for his work on spaghetti westerns. Unlike most other composers, De Masi started writing western scores slightly earlier than the genre's most influential musician, Ennio Morricone. As De Masi's music was less influenced by Morricone, his style had a distinctive sound. Many of his songs were performed by the low-voiced member of the I Cantori Moderni choir, Ettore ""Raoul"" Lovecchio. De Masi was also very interested in classical music. He taught at the Santa Cecilia Conservatory, also conducting the conservatory's orchestra. In an interview, De Masi listed Palestrina, Karlheinz Stockhausen, Ravel and Shostakovich as his main classical influences. De Masi died of cancer at the age of 75","Wikipedia article format with Italian language biographical entry describing a composer, listing his works and death details.

The sentence ""He died on 15 December 2000, at the age of 75, after a car accident in Rome; he died at 75"" suggests a concluding clause about his death or legacy, implying a final summary or death date completion.

Final token ""75"" ends an age figure (""at 75 years old, died at 75""), strongly expecting ""in Paris"" or ""on September 15, 2005"" or ""in his career,"" completing the death narrative with a death context."
24,9,The concluding clause concerns death or legacy.,"[{""sentence_id"": 1, ""start"": 242, ""end"": 287, ""text"": ""a concluding clause about his death or legacy""}]",detail,local_text,true,"[{""start"": 1405, ""end"": 1444, ""text"": ""De Masi died of cancer at the age of 75""}]",prefix: The death branch supports the disjunction.; AV: The concluding clause concerns death or legacy.,False,"Francesco De Masi (11 January 1930 – 6 November 2005) was an Italian conductor and film score composer. He studied composition at the San Pietro a Maiella Conservatory in Naples, under the guidance of Achille Longo, his uncle. De Masi became interested in film music when Longo was asked to compose a soundtrack for a film, and he asked De Masi to be his assistant. De Masi's filmography includes scores for over 200 films and TV series, ranging from spaghetti westerns and sword and sandal epics to gialli and horror films, such as Lucio Fulci's Lo squartatore di New York (The New York Ripper). De Masi also scored several action films, such as Enzo G. Castellari's Quel maledetto treno blindato (The Inglorious Bastards), but he is best remembered for his work on spaghetti westerns. Unlike most other composers, De Masi started writing western scores slightly earlier than the genre's most influential musician, Ennio Morricone. As De Masi's music was less influenced by Morricone, his style had a distinctive sound. Many of his songs were performed by the low-voiced member of the I Cantori Moderni choir, Ettore ""Raoul"" Lovecchio. De Masi was also very interested in classical music. He taught at the Santa Cecilia Conservatory, also conducting the conservatory's orchestra. In an interview, De Masi listed Palestrina, Karlheinz Stockhausen, Ravel and Shostakovich as his main classical influences. De Masi died of cancer at the age of 75","Wikipedia article format with Italian language biographical entry describing a composer, listing his works and death details.

The sentence ""He died on 15 December 2000, at the age of 75, after a car accident in Rome; he died at 75"" suggests a concluding clause about his death or legacy, implying a final summary or death date completion.

Final token ""75"" ends an age figure (""at 75 years old, died at 75""), strongly expecting ""in Paris"" or ""on September 15, 2005"" or ""in his career,"" completing the death narrative with a death context."
24,10,A final summary or death-date completion follows.,"[{""sentence_id"": 1, ""start"": 289, ""end"": 338, ""text"": ""implying a final summary or death date completion""}]",forecast,continuation,unsupported,[],prefix: No unseen completion evidence.; AV: A final summary or death-date completion follows.,False,"Francesco De Masi (11 January 1930 – 6 November 2005) was an Italian conductor and film score composer. He studied composition at the San Pietro a Maiella Conservatory in Naples, under the guidance of Achille Longo, his uncle. De Masi became interested in film music when Longo was asked to compose a soundtrack for a film, and he asked De Masi to be his assistant. De Masi's filmography includes scores for over 200 films and TV series, ranging from spaghetti westerns and sword and sandal epics to gialli and horror films, such as Lucio Fulci's Lo squartatore di New York (The New York Ripper). De Masi also scored several action films, such as Enzo G. Castellari's Quel maledetto treno blindato (The Inglorious Bastards), but he is best remembered for his work on spaghetti westerns. Unlike most other composers, De Masi started writing western scores slightly earlier than the genre's most influential musician, Ennio Morricone. As De Masi's music was less influenced by Morricone, his style had a distinctive sound. Many of his songs were performed by the low-voiced member of the I Cantori Moderni choir, Ettore ""Raoul"" Lovecchio. De Masi was also very interested in classical music. He taught at the Santa Cecilia Conservatory, also conducting the conservatory's orchestra. In an interview, De Masi listed Palestrina, Karlheinz Stockhausen, Ravel and Shostakovich as his main classical influences. De Masi died of cancer at the age of 75","Wikipedia article format with Italian language biographical entry describing a composer, listing his works and death details.

The sentence ""He died on 15 December 2000, at the age of 75, after a car accident in Rome; he died at 75"" suggests a concluding clause about his death or legacy, implying a final summary or death date completion.

Final token ""75"" ends an age figure (""at 75 years old, died at 75""), strongly expecting ""in Paris"" or ""on September 15, 2005"" or ""in his career,"" completing the death narrative with a death context."
24,11,The visible ending is an age figure.,"[{""sentence_id"": 2, ""start"": 358, ""end"": 376, ""text"": ""ends an age figure""}]",detail,local_text,true,"[{""start"": 1428, ""end"": 1444, ""text"": ""at the age of 75""}]",prefix: The final number is an age.; AV: The visible ending is an age figure.,False,"Francesco De Masi (11 January 1930 – 6 November 2005) was an Italian conductor and film score composer. He studied composition at the San Pietro a Maiella Conservatory in Naples, under the guidance of Achille Longo, his uncle. De Masi became interested in film music when Longo was asked to compose a soundtrack for a film, and he asked De Masi to be his assistant. De Masi's filmography includes scores for over 200 films and TV series, ranging from spaghetti westerns and sword and sandal epics to gialli and horror films, such as Lucio Fulci's Lo squartatore di New York (The New York Ripper). De Masi also scored several action films, such as Enzo G. Castellari's Quel maledetto treno blindato (The Inglorious Bastards), but he is best remembered for his work on spaghetti westerns. Unlike most other composers, De Masi started writing western scores slightly earlier than the genre's most influential musician, Ennio Morricone. As De Masi's music was less influenced by Morricone, his style had a distinctive sound. Many of his songs were performed by the low-voiced member of the I Cantori Moderni choir, Ettore ""Raoul"" Lovecchio. De Masi was also very interested in classical music. He taught at the Santa Cecilia Conservatory, also conducting the conservatory's orchestra. In an interview, De Masi listed Palestrina, Karlheinz Stockhausen, Ravel and Shostakovich as his main classical influences. De Masi died of cancer at the age of 75","Wikipedia article format with Italian language biographical entry describing a composer, listing his works and death details.

The sentence ""He died on 15 December 2000, at the age of 75, after a car accident in Rome; he died at 75"" suggests a concluding clause about his death or legacy, implying a final summary or death date completion.

Final token ""75"" ends an age figure (""at 75 years old, died at 75""), strongly expecting ""in Paris"" or ""on September 15, 2005"" or ""in his career,"" completing the death narrative with a death context."
24,12,The final tokenizer token is “75”.,"[{""sentence_id"": 2, ""start"": 341, ""end"": 357, ""text"": ""Final token \""75\""""}]",detail,final_token,unsupported,[],prefix: Tokenizer evidence is excluded under the prefix-only protocol.; AV: The final tokenizer token is “75”.,True,"Francesco De Masi (11 January 1930 – 6 November 2005) was an Italian conductor and film score composer. He studied composition at the San Pietro a Maiella Conservatory in Naples, under the guidance of Achille Longo, his uncle. De Masi became interested in film music when Longo was asked to compose a soundtrack for a film, and he asked De Masi to be his assistant. De Masi's filmography includes scores for over 200 films and TV series, ranging from spaghetti westerns and sword and sandal epics to gialli and horror films, such as Lucio Fulci's Lo squartatore di New York (The New York Ripper). De Masi also scored several action films, such as Enzo G. Castellari's Quel maledetto treno blindato (The Inglorious Bastards), but he is best remembered for his work on spaghetti westerns. Unlike most other composers, De Masi started writing western scores slightly earlier than the genre's most influential musician, Ennio Morricone. As De Masi's music was less influenced by Morricone, his style had a distinctive sound. Many of his songs were performed by the low-voiced member of the I Cantori Moderni choir, Ettore ""Raoul"" Lovecchio. De Masi was also very interested in classical music. He taught at the Santa Cecilia Conservatory, also conducting the conservatory's orchestra. In an interview, De Masi listed Palestrina, Karlheinz Stockhausen, Ravel and Shostakovich as his main classical influences. De Masi died of cancer at the age of 75","Wikipedia article format with Italian language biographical entry describing a composer, listing his works and death details.

The sentence ""He died on 15 December 2000, at the age of 75, after a car accident in Rome; he died at 75"" suggests a concluding clause about his death or legacy, implying a final summary or death date completion.

Final token ""75"" ends an age figure (""at 75 years old, died at 75""), strongly expecting ""in Paris"" or ""on September 15, 2005"" or ""in his career,"" completing the death narrative with a death context."
24,13,"The AV predicts the following continuation alternatives: strongly expecting ""in Paris"" or ""on September 15, 2005"" or ""in his career,"" completing the death narrative with a death context..","[{""sentence_id"": 2, ""start"": 410, ""end"": 539, ""text"": ""strongly expecting \""in Paris\"" or \""on September 15, 2005\"" or \""in his career,\"" completing the death narrative with a death context.""}]",forecast,continuation,unsupported,[],"prefix: No continuation or probability evidence; keep the offered alternatives together.; AV: The AV predicts the following continuation alternatives: strongly expecting ""in Paris"" or ""on September 15, 2005"" or ""in his career,"" completing the death narrative with a death context..",False,"Francesco De Masi (11 January 1930 – 6 November 2005) was an Italian conductor and film score composer. He studied composition at the San Pietro a Maiella Conservatory in Naples, under the guidance of Achille Longo, his uncle. De Masi became interested in film music when Longo was asked to compose a soundtrack for a film, and he asked De Masi to be his assistant. De Masi's filmography includes scores for over 200 films and TV series, ranging from spaghetti westerns and sword and sandal epics to gialli and horror films, such as Lucio Fulci's Lo squartatore di New York (The New York Ripper). De Masi also scored several action films, such as Enzo G. Castellari's Quel maledetto treno blindato (The Inglorious Bastards), but he is best remembered for his work on spaghetti westerns. Unlike most other composers, De Masi started writing western scores slightly earlier than the genre's most influential musician, Ennio Morricone. As De Masi's music was less influenced by Morricone, his style had a distinctive sound. Many of his songs were performed by the low-voiced member of the I Cantori Moderni choir, Ettore ""Raoul"" Lovecchio. De Masi was also very interested in classical music. He taught at the Santa Cecilia Conservatory, also conducting the conservatory's orchestra. In an interview, De Masi listed Palestrina, Karlheinz Stockhausen, Ravel and Shostakovich as his main classical influences. De Masi died of cancer at the age of 75","Wikipedia article format with Italian language biographical entry describing a composer, listing his works and death details.

The sentence ""He died on 15 December 2000, at the age of 75, after a car accident in Rome; he died at 75"" suggests a concluding clause about his death or legacy, implying a final summary or death date completion.

Final token ""75"" ends an age figure (""at 75 years old, died at 75""), strongly expecting ""in Paris"" or ""on September 15, 2005"" or ""in his career,"" completing the death narrative with a death context."
