pilot_id,claim_id,truth,type,subtype,proposition,exclude_local_true,evidence_only_in_source_final_sentence,explicit_final_token_or_word,source_final_sentence_start,source_final_sentence,prefix_evidence_json,deletion_drop,paraphrase_drop
0,0,true,theme,format,The passage is written in an encyclopedia/Wikipedia-style format.,False,False,False,909,This bird's numbers are declining in the eastern parts of its range due to habitat loss,"[{""start"": 0, ""end"": 76, ""text"": ""The vesper sparrow (Pooecetes gramineus) is a medium-sized American sparrow.""}]",0.0004616823558754035,-0.012259827504073284
0,1,true,theme,topic,The passage is a bird species article.,False,False,False,909,This bird's numbers are declining in the eastern parts of its range due to habitat loss,"[{""start"": 0, ""end"": 76, ""text"": ""The vesper sparrow (Pooecetes gramineus) is a medium-sized American sparrow.""}]",-0.004170385860362447,-0.012259827504073284
0,2,true,theme,style,The passage follows a consistent pattern of factual declarative sentences.,False,False,False,909,This bird's numbers are declining in the eastern parts of its range due to habitat loss,"[{""start"": 0, ""end"": 76, ""text"": ""The vesper sparrow (Pooecetes gramineus) is a medium-sized American sparrow.""}]",0.005525194083890073,-0.012259827504073284
0,3,true,theme,topic,The passage covers taxonomy.,False,False,False,909,This bird's numbers are declining in the eastern parts of its range due to habitat loss,"[{""start"": 77, ""end"": 122, ""text"": ""It is the only member of the genus Pooecetes.""}]",-0.002293440753922127,-0.012259827504073284
0,4,true,theme,topic,The passage covers appearance.,False,False,False,909,This bird's numbers are declining in the eastern parts of its range due to habitat loss,"[{""start"": 123, ""end"": 207, ""text"": ""Adults have light brown upperparts and light underparts, both with darker streaking.""}]",0.0030121289882169,-0.012259827504073284
0,5,true,theme,topic,The passage covers behavior.,False,False,False,909,This bird's numbers are declining in the eastern parts of its range due to habitat loss,"[{""start"": 516, ""end"": 582, ""text"": ""These birds forage on the ground, mainly eating insects and seeds.""}]",0.00029731591715720374,-0.012259827504073284
0,6,true,theme,topic,The passage covers range.,False,False,False,909,This bird's numbers are declining in the eastern parts of its range due to habitat loss,"[{""start"": 306, ""end"": 379, ""text"": ""Their breeding habitat is open grassy areas across most of North America.""}]",-0.0034246747929598254,-0.012259827504073284
0,7,true,theme,topic,The passage covers size.,False,False,False,909,This bird's numbers are declining in the eastern parts of its range due to habitat loss,"[{""start"": 41, ""end"": 75, ""text"": ""is a medium-sized American sparrow""}]",-0.000747265476198189,-0.0027017707980904193
0,8,true,theme,topic,The passage covers habitat.,False,False,False,909,This bird's numbers are declining in the eastern parts of its range due to habitat loss,"[{""start"": 306, ""end"": 379, ""text"": ""Their breeding habitat is open grassy areas across most of North America.""}]",0.0006302919703963239,-0.0027017707980904193
0,9,true,theme,topic,The passage covers diet.,False,False,False,909,This bird's numbers are declining in the eastern parts of its range due to habitat loss,"[{""start"": 550, ""end"": 581, ""text"": ""mainly eating insects and seeds""}]",0.0015899520978289727,-0.0027017707980904193
0,10,true,theme,topic,The passage covers breeding.,False,False,False,909,This bird's numbers are declining in the eastern parts of its range due to habitat loss,"[{""start"": 380, ""end"": 441, ""text"": ""The nest is an open cup on the ground under a clump of grass.""}]",0.000944114085664971,-0.0027017707980904193
0,11,true,detail,local_text,The final sentence of the passage introduces conservation status.,True,True,False,909,This bird's numbers are declining in the eastern parts of its range due to habitat loss,"[{""start"": 909, ""end"": 996, ""text"": ""This bird's numbers are declining in the eastern parts of its range due to habitat loss""}]",0.0056910562332121994,-0.0027017707980904193
0,12,false,theme,genre,Introducing conservation status is a standard concluding element for such species entries.,False,False,False,909,This bird's numbers are declining in the eastern parts of its range due to habitat loss,[],0.00035507094982922816,-0.0027017707980904193
0,13,true,detail,final_token,The final word of the prefix is “loss”.,True,True,True,909,This bird's numbers are declining in the eastern parts of its range due to habitat loss,"[{""start"": 992, ""end"": 996, ""text"": ""loss""}]",-0.007522165016508486,-0.01232302983112965
0,14,true,detail,event,The final clause concerns population decline.,True,True,False,909,This bird's numbers are declining in the eastern parts of its range due to habitat loss,"[{""start"": 921, ""end"": 942, ""text"": ""numbers are declining""}]",0.09252205009714931,-0.01716942716947889
0,15,false,detail,attribute,The population decline is specifically in the eastern US.,False,False,False,909,This bird's numbers are declining in the eastern parts of its range due to habitat loss,[],0.0322636026149592,-0.02065040674299312
0,16,true,detail,cause,Habitat loss caused the population decline.,True,True,False,909,This bird's numbers are declining in the eastern parts of its range due to habitat loss,"[{""start"": 977, ""end"": 996, ""text"": ""due to habitat loss""}]",1.0297820759200458,-0.02065040674299312
0,18,true,detail,attribute,The described bird is medium-sized.,False,False,False,909,This bird's numbers are declining in the eastern parts of its range due to habitat loss,"[{""start"": 41, ""end"": 75, ""text"": ""is a medium-sized American sparrow""}]",-0.0032527249785042622,0.004257039534623086
0,19,true,detail,attribute,The described bird is ground-dwelling.,False,False,False,909,This bird's numbers are declining in the eastern parts of its range due to habitat loss,"[{""start"": 516, ""end"": 548, ""text"": ""These birds forage on the ground""}]",0.00031114934565790175,0.004257039534623086
0,20,false,entity,identity,The described bird is a sandpiper.,False,False,False,909,This bird's numbers are declining in the eastern parts of its range due to habitat loss,"[{""start"": 41, ""end"": 75, ""text"": ""is a medium-sized American sparrow""}]",0.003663259917712103,0.004257039534623086
0,21,true,detail,attribute,The described bird is found in North America.,False,False,False,909,This bird's numbers are declining in the eastern parts of its range due to habitat loss,"[{""start"": 350, ""end"": 378, ""text"": ""across most of North America""}]",0.0017509409189144787,0.004257039534623086
0,22,true,detail,attribute,The bird nests on the ground in grasslands.,False,False,False,909,This bird's numbers are declining in the eastern parts of its range due to habitat loss,"[{""start"": 380, ""end"": 441, ""text"": ""The nest is an open cup on the ground under a clump of grass.""}]",0.008024938410422733,-0.0004048482846475965
0,23,false,detail,date,The bird breeds in spring and summer.,False,False,False,909,This bird's numbers are declining in the eastern parts of its range due to habitat loss,[],0.005737628056106003,0.004169144479272857
1,3,true,theme,topic,The passage covers the lake's geography.,False,False,False,871,"No motorized watercraft are allowed, and a catch and release policy is in place for bass species","[{""start"": 0, ""end"": 77, ""text"": ""Clark Lake is a lake located in Gogebic County in the U.S. state of Michigan.""}]",0.016903609527626262,0.0014577423761776842
1,4,true,theme,topic,The passage covers the lake's wildlife.,False,False,False,871,"No motorized watercraft are allowed, and a catch and release policy is in place for bass species","[{""start"": 507, ""end"": 657, ""text"": ""It is not uncommon to see nesting loons and eagles around the lake's islands, and black bear and wolves inhabit the old-growth forest around the lake.""}]",0.015719462711155652,0.0014577423761776842
1,5,false,theme,topic,The passage covers the lake's history.,False,False,False,871,"No motorized watercraft are allowed, and a catch and release policy is in place for bass species",[],0.015385571533311881,0.0014577423761776842
1,6,true,theme,topic,The passage covers recreational rules for the lake.,True,True,False,871,"No motorized watercraft are allowed, and a catch and release policy is in place for bass species","[{""start"": 871, ""end"": 967, ""text"": ""No motorized watercraft are allowed, and a catch and release policy is in place for bass species""}]",0.017535051791979117,0.0014577423761776842
1,7,true,detail,local_text,The final sentence of the passage completes a list of conservation regulations.,False,False,False,871,"No motorized watercraft are allowed, and a catch and release policy is in place for bass species","[{""start"": 721, ""end"": 967, ""text"": ""Like all lakes in Sylvania, Clark Lake has numerous special regulations designed to protect and ensure its wilderness quality for future generations. No motorized watercraft are allowed, and a catch and release policy is in place for bass species""}]",0.02171264307211307,0.0014577423761776842
1,8,true,detail,attribute,Fishing restrictions are the last item in the list of regulations.,True,True,False,871,"No motorized watercraft are allowed, and a catch and release policy is in place for bass species","[{""start"": 912, ""end"": 967, ""text"": ""a catch and release policy is in place for bass species""}]",0.013754825718330754,0.0014577423761776842
1,9,true,detail,final_token,The final word of the prefix is “species”.,True,True,True,871,"No motorized watercraft are allowed, and a catch and release policy is in place for bass species","[{""start"": 960, ""end"": 967, ""text"": ""species""}]",0.06823620821470877,0.029724889879312988
1,10,true,detail,local_text,The final clause lists a conservation rule about catch-and-release for bass species.,True,True,False,871,"No motorized watercraft are allowed, and a catch and release policy is in place for bass species","[{""start"": 912, ""end"": 967, ""text"": ""a catch and release policy is in place for bass species""}]",0.01911124381293361,0.018334575926620578
1,11,true,detail,event,Catch-and-release is required/enforced for bass species.,True,True,False,871,"No motorized watercraft are allowed, and a catch and release policy is in place for bass species","[{""start"": 912, ""end"": 967, ""text"": ""a catch and release policy is in place for bass species""}]",0.3878827904982255,0.001918386156610108
1,16,true,detail,attribute,Fishing is permitted at the lake.,True,True,False,871,"No motorized watercraft are allowed, and a catch and release policy is in place for bass species","[{""start"": 912, ""end"": 967, ""text"": ""a catch and release policy is in place for bass species""}]",0.014247438963152392,0.001918386156610108
1,17,true,detail,attribute,The lake is a no-kill zone.,True,True,False,871,"No motorized watercraft are allowed, and a catch and release policy is in place for bass species","[{""start"": 912, ""end"": 967, ""text"": ""a catch and release policy is in place for bass species""}]",0.01987648521932972,0.001918386156610108
1,18,false,detail,local_text,The final word ends mid-list.,False,False,False,871,"No motorized watercraft are allowed, and a catch and release policy is in place for bass species",[],0.019395657618974216,0.005000895412510475
2,0,true,theme,format,The passage is a Wikipedia-style factual article.,False,False,False,667,"It is included in the Federal Aviation Administration (FAA) National Plan of Integrated Airport Systems for 2017 – 2021, in which it is categorized as a medium-hub primary commercial service facility","[{""start"": 0, ""end"": 162, ""text"": ""Kahului Airport is a regional airport in the state of Hawai'i, United States, located east of the Kahului CDP in Maui County on the island of Maui near Haleakala.""}]",0.011678673644597515,-0.0005658288401928502
2,1,true,theme,topic,The article is about a specific airport.,False,False,False,667,"It is included in the Federal Aviation Administration (FAA) National Plan of Integrated Airport Systems for 2017 – 2021, in which it is categorized as a medium-hub primary commercial service facility","[{""start"": 0, ""end"": 162, ""text"": ""Kahului Airport is a regional airport in the state of Hawai'i, United States, located east of the Kahului CDP in Maui County on the island of Maui near Haleakala.""}]",-0.009488649429209906,-0.0005658288401928502
2,2,true,theme,topic,The passage gives dense geographic statistics.,False,False,False,667,"It is included in the Federal Aviation Administration (FAA) National Plan of Integrated Airport Systems for 2017 – 2021, in which it is categorized as a medium-hub primary commercial service facility","[{""start"": 78, ""end"": 161, ""text"": ""located east of the Kahului CDP in Maui County on the island of Maui near Haleakala""}]",-0.00036584571764752827,-0.0005658288401928502
2,3,true,theme,topic,The passage gives dense historical statistics.,False,False,False,667,"It is included in the Federal Aviation Administration (FAA) National Plan of Integrated Airport Systems for 2017 – 2021, in which it is categorized as a medium-hub primary commercial service facility","[{""start"": 163, ""end"": 213, ""text"": ""It has offered full airport operations since 1952.""}]",-0.003451127135593146,-0.0005658288401928502
2,4,true,theme,topic,The passage gives dense operational statistics.,False,False,False,667,"It is included in the Federal Aviation Administration (FAA) National Plan of Integrated Airport Systems for 2017 – 2021, in which it is categorized as a medium-hub primary commercial service facility","[{""start"": 391, ""end"": 437, ""text"": ""ranking 13th in 2004 with 1,632,000 passengers""}]",0.001183217519655888,-0.0005658288401928502
2,5,true,theme,style,The sentence structure follows a consistent pattern of factual claims.,False,False,False,667,"It is included in the Federal Aviation Administration (FAA) National Plan of Integrated Airport Systems for 2017 – 2021, in which it is categorized as a medium-hub primary commercial service facility","[{""start"": 0, ""end"": 162, ""text"": ""Kahului Airport is a regional airport in the state of Hawai'i, United States, located east of the Kahului CDP in Maui County on the island of Maui near Haleakala.""}]",-0.002105101665759057,0.002115624977870212
2,6,true,theme,topic,The passage covers the airport's status.,False,False,False,667,"It is included in the Federal Aviation Administration (FAA) National Plan of Integrated Airport Systems for 2017 – 2021, in which it is categorized as a medium-hub primary commercial service facility","[{""start"": 163, ""end"": 213, ""text"": ""It has offered full airport operations since 1952.""}]",-0.006894214378757035,0.002115624977870212
2,7,false,theme,topic,The passage covers the airport's ownership.,False,False,False,667,"It is included in the Federal Aviation Administration (FAA) National Plan of Integrated Airport Systems for 2017 – 2021, in which it is categorized as a medium-hub primary commercial service facility",[],-0.007088264813430167,0.002115624977870212
2,8,true,theme,topic,The passage covers the airport's regulatory classifications.,True,True,False,667,"It is included in the Federal Aviation Administration (FAA) National Plan of Integrated Airport Systems for 2017 – 2021, in which it is categorized as a medium-hub primary commercial service facility","[{""start"": 667, ""end"": 866, ""text"": ""It is included in the Federal Aviation Administration (FAA) National Plan of Integrated Airport Systems for 2017 – 2021, in which it is categorized as a medium-hub primary commercial service facility""}]",0.0001925678801516506,0.002115624977870212
2,9,true,detail,local_text,The passage builds toward a concluding official designation.,True,True,False,667,"It is included in the Federal Aviation Administration (FAA) National Plan of Integrated Airport Systems for 2017 – 2021, in which it is categorized as a medium-hub primary commercial service facility","[{""start"": 788, ""end"": 866, ""text"": ""in which it is categorized as a medium-hub primary commercial service facility""}]",0.002272024988865806,0.002115624977870212
2,10,true,detail,final_token,The final word of the prefix is “facility”.,True,True,True,667,"It is included in the Federal Aviation Administration (FAA) National Plan of Integrated Airport Systems for 2017 – 2021, in which it is categorized as a medium-hub primary commercial service facility","[{""start"": 858, ""end"": 866, ""text"": ""facility""}]",-0.0238221049360835,-0.0036879534923667245
2,11,true,detail,local_text,The final clause is a long subordinate clause listing FAA classifications.,True,True,False,667,"It is included in the Federal Aviation Administration (FAA) National Plan of Integrated Airport Systems for 2017 – 2021, in which it is categorized as a medium-hub primary commercial service facility","[{""start"": 788, ""end"": 866, ""text"": ""in which it is categorized as a medium-hub primary commercial service facility""}]",-0.007739201491800407,-0.0036879534923667245
2,12,true,detail,attribute,The airport is classified as a medium(-hub) primary commercial service facility.,True,True,False,667,"It is included in the Federal Aviation Administration (FAA) National Plan of Integrated Airport Systems for 2017 – 2021, in which it is categorized as a medium-hub primary commercial service facility","[{""start"": 803, ""end"": 866, ""text"": ""categorized as a medium-hub primary commercial service facility""}]",0.7280175884421725,0.00968813044740513
2,13,false,entity,identification,The classification is issued by the Transportation Statistics Administration.,False,True,False,667,"It is included in the Federal Aviation Administration (FAA) National Plan of Integrated Airport Systems for 2017 – 2021, in which it is categorized as a medium-hub primary commercial service facility","[{""start"": 685, ""end"": 770, ""text"": ""the Federal Aviation Administration (FAA) National Plan of Integrated Airport Systems""}]",-0.0016720970070909225,-0.0036879534923667245
2,15,true,entity,identification,The airport is included in the FAA's National Plan of Integrated Airport(s) (Systems).,True,True,False,667,"It is included in the Federal Aviation Administration (FAA) National Plan of Integrated Airport Systems for 2017 – 2021, in which it is categorized as a medium-hub primary commercial service facility","[{""start"": 685, ""end"": 770, ""text"": ""the Federal Aviation Administration (FAA) National Plan of Integrated Airport Systems""}]",0.007465861391257378,0.0032801911622384328
2,16,false,detail,date,The airport is included in the 2021–2025 version of the plan.,False,True,False,667,"It is included in the Federal Aviation Administration (FAA) National Plan of Integrated Airport Systems for 2017 – 2021, in which it is categorized as a medium-hub primary commercial service facility","[{""start"": 771, ""end"": 786, ""text"": ""for 2017 – 2021""}]",0.0014295366631089657,0.0032801911622384328
2,17,false,detail,local_text,"The sentence ends mid-classification, incomplete.",False,False,False,667,"It is included in the Federal Aviation Administration (FAA) National Plan of Integrated Airport Systems for 2017 – 2021, in which it is categorized as a medium-hub primary commercial service facility",[],7.551580627784826e-05,0.008803643709170639
3,0,true,theme,format,The passage is a biographical Wikipedia article.,False,False,False,609,After retirement he worked as a gymnastics coach at the same club,"[{""start"": 0, ""end"": 64, ""text"": ""Wolfgang Thüne (born 8 October 1949) is a German former gymnast.""}]",0.0034164456192250503,-0.0032111083092827286
3,1,true,theme,style,The passage follows a consistent chronological life narrative structure.,False,False,False,609,After retirement he worked as a gymnastics coach at the same club,"[{""start"": 65, ""end"": 104, ""text"": ""He competed at the 1972 Summer Olympics""}]",-0.0055207439817634985,-0.0032111083092827286
3,2,true,theme,topic,The passage covers career milestones and achievements.,False,False,False,609,After retirement he worked as a gymnastics coach at the same club,"[{""start"": 65, ""end"": 188, ""text"": ""He competed at the 1972 Summer Olympics in all artistic gymnastics events and won a bronze medal with the East German team.""}]",0.001581062313300463,-0.0032111083092827286
3,3,true,entity,identification,The subject is German.,False,False,False,609,After retirement he worked as a gymnastics coach at the same club,"[{""start"": 37, ""end"": 63, ""text"": ""is a German former gymnast""}]",0.002644590580434647,-0.0032111083092827286
3,4,false,entity,identity,The subject is a swimmer.,False,False,False,609,After retirement he worked as a gymnastics coach at the same club,"[{""start"": 37, ""end"": 63, ""text"": ""is a German former gymnast""}]",0.03448617579863633,-0.0022425337328240147
3,5,false,entity,identity,The subject's name is Klaus Zehnder.,False,False,False,609,After retirement he worked as a gymnastics coach at the same club,"[{""start"": 0, ""end"": 36, ""text"": ""Wolfgang Thüne (born 8 October 1949)""}]",0.0008672766916785202,-0.0022425337328240147
3,6,true,theme,topic,The article covers Olympic medals.,False,False,False,609,After retirement he worked as a gymnastics coach at the same club,"[{""start"": 143, ""end"": 187, ""text"": ""won a bronze medal with the East German team""}]",0.005586941330430362,0.0006727905227406072
3,7,true,theme,topic,The article covers post-retirement life.,True,True,False,609,After retirement he worked as a gymnastics coach at the same club,"[{""start"": 609, ""end"": 674, ""text"": ""After retirement he worked as a gymnastics coach at the same club""}]",-0.003032202099546355,0.0006727905227406072
3,8,true,detail,local_text,The article concludes with his later coaching role at a club.,True,True,False,609,After retirement he worked as a gymnastics coach at the same club,"[{""start"": 609, ""end"": 674, ""text"": ""After retirement he worked as a gymnastics coach at the same club""}]",-0.005209061593167474,0.0006727905227406072
3,10,true,detail,attribute,The coaching club is the same club mentioned earlier in the article.,False,False,False,609,After retirement he worked as a gymnastics coach at the same club,"[{""start"": 576, ""end"": 674, ""text"": ""competing for TuS 04 Leverkusen. After retirement he worked as a gymnastics coach at the same club""}]",0.007100168405197671,0.0006727905227406072
3,11,true,detail,final_token,The final word of the prefix is “club”.,True,True,True,609,After retirement he worked as a gymnastics coach at the same club,"[{""start"": 670, ""end"": 674, ""text"": ""club""}]",0.0026095678596637084,-0.0015104859686907446
3,12,false,detail,local_text,The final sentence ends as a fragment/is incomplete.,False,False,False,609,After retirement he worked as a gymnastics coach at the same club,[],0.0018675747234554452,-0.008073828704911024
3,13,true,detail,event,After retirement he worked as a coach at the same club.,True,True,False,609,After retirement he worked as a gymnastics coach at the same club,"[{""start"": 609, ""end"": 674, ""text"": ""After retirement he worked as a gymnastics coach at the same club""}]",0.5516209794167182,0.030607941922469295
3,14,false,detail,attribute,The club is located in Cologne.,False,False,False,609,After retirement he worked as a gymnastics coach at the same club,[],-0.00418383971887204,-0.002695991806991538
4,0,true,theme,genre,The passage is a film review with historical context.,False,False,False,783,"This may have contributed to its poor reception, although the film's negative reviews (often alluded in jokes mentioning the production) might have also impacted it, as the classic Rodgers and Hammerstein musical Carousel, also dealing with the afterlife, opened on Broadway at roughly the same time and became a hit","[{""start"": 109, ""end"": 190, ""text"": ""Its biggest claim to fame, apart from its star, is its failure at the box office.""}]",-0.00024906857671669336,0.0015145838789623056
4,1,true,theme,topic,The passage details production background.,False,False,False,783,"This may have contributed to its poor reception, although the film's negative reviews (often alluded in jokes mentioning the production) might have also impacted it, as the classic Rodgers and Hammerstein musical Carousel, also dealing with the afterlife, opened on Broadway at roughly the same time and became a hit","[{""start"": 34, ""end"": 107, ""text"": ""is a comedy fantasy film directed by Raoul Walsh, and starring Jack Benny""}]",0.0014526428125225532,0.0015145838789623056
4,2,true,theme,topic,The passage details the film's reception.,False,False,False,783,"This may have contributed to its poor reception, although the film's negative reviews (often alluded in jokes mentioning the production) might have also impacted it, as the classic Rodgers and Hammerstein musical Carousel, also dealing with the afterlife, opened on Broadway at roughly the same time and became a hit","[{""start"": 109, ""end"": 190, ""text"": ""Its biggest claim to fame, apart from its star, is its failure at the box office.""}]",-0.00016094169213565213,0.0015145838789623056
4,3,false,entity,identity,"The film discussed is titled ""The Hunchback of Notre Dame.""",False,False,False,783,"This may have contributed to its poor reception, although the film's negative reviews (often alluded in jokes mentioning the production) might have also impacted it, as the classic Rodgers and Hammerstein musical Carousel, also dealing with the afterlife, opened on Broadway at roughly the same time and became a hit","[{""start"": 0, ""end"": 33, ""text"": ""The Horn Blows at Midnight (1945)""}]",-0.0010343830318149116,0.0015145838789623056
4,4,false,detail,date,The film discussed is from 1916.,False,False,False,783,"This may have contributed to its poor reception, although the film's negative reviews (often alluded in jokes mentioning the production) might have also impacted it, as the classic Rodgers and Hammerstein musical Carousel, also dealing with the afterlife, opened on Broadway at roughly the same time and became a hit","[{""start"": 0, ""end"": 33, ""text"": ""The Horn Blows at Midnight (1945)""}]",-0.0018268236021796724,0.0015145838789623056
4,5,false,detail,attribute,The film discussed is a silent film.,False,False,False,783,"This may have contributed to its poor reception, although the film's negative reviews (often alluded in jokes mentioning the production) might have also impacted it, as the classic Rodgers and Hammerstein musical Carousel, also dealing with the afterlife, opened on Broadway at roughly the same time and became a hit",[],-0.0001871784859061032,0.0015145838789623056
4,6,true,theme,style,The passage builds narrative momentum toward a conclusion.,True,True,False,783,"This may have contributed to its poor reception, although the film's negative reviews (often alluded in jokes mentioning the production) might have also impacted it, as the classic Rodgers and Hammerstein musical Carousel, also dealing with the afterlife, opened on Broadway at roughly the same time and became a hit","[{""start"": 783, ""end"": 830, ""text"": ""This may have contributed to its poor reception""}]",0.002092756253839756,0.00035082132255925824
4,7,true,detail,local_text,The review has traced the film's troubled reception.,False,False,False,783,"This may have contributed to its poor reception, although the film's negative reviews (often alluded in jokes mentioning the production) might have also impacted it, as the classic Rodgers and Hammerstein musical Carousel, also dealing with the afterlife, opened on Broadway at roughly the same time and became a hit","[{""start"": 109, ""end"": 190, ""text"": ""Its biggest claim to fame, apart from its star, is its failure at the box office.""}]",-0.0016461897091408773,0.00035082132255925824
4,8,true,detail,local_text,The review is now explaining the broader cultural context of why the film failed.,False,False,False,783,"This may have contributed to its poor reception, although the film's negative reviews (often alluded in jokes mentioning the production) might have also impacted it, as the classic Rodgers and Hammerstein musical Carousel, also dealing with the afterlife, opened on Broadway at roughly the same time and became a hit","[{""start"": 697, ""end"": 781, ""text"": ""released only eight days after the death of U.S. President Franklin Delano Roosevelt""}]",0.0006675814550556325,0.00035082132255925824
4,9,true,theme,topic,The review contrasts the film with competing works.,True,True,False,783,"This may have contributed to its poor reception, although the film's negative reviews (often alluded in jokes mentioning the production) might have also impacted it, as the classic Rodgers and Hammerstein musical Carousel, also dealing with the afterlife, opened on Broadway at roughly the same time and became a hit","[{""start"": 952, ""end"": 1004, ""text"": ""the classic Rodgers and Hammerstein musical Carousel""}]",0.0022490540703544726,0.00035082132255925824
4,10,true,detail,final_token,The final word of the prefix is “hit”.,True,True,True,783,"This may have contributed to its poor reception, although the film's negative reviews (often alluded in jokes mentioning the production) might have also impacted it, as the classic Rodgers and Hammerstein musical Carousel, also dealing with the afterlife, opened on Broadway at roughly the same time and became a hit","[{""start"": 1096, ""end"": 1099, ""text"": ""hit""}]",0.01315629391229256,0.0010270184272455074
4,11,true,detail,local_text,The final clause explains that a competing Broadway musical opened around the same time as the film.,True,True,False,783,"This may have contributed to its poor reception, although the film's negative reviews (often alluded in jokes mentioning the production) might have also impacted it, as the classic Rodgers and Hammerstein musical Carousel, also dealing with the afterlife, opened on Broadway at roughly the same time and became a hit","[{""start"": 1039, ""end"": 1082, ""text"": ""opened on Broadway at roughly the same time""}]",0.013086009167230017,0.0010270184272455074
4,15,true,detail,event,The competing musical became a hit.,True,True,False,783,"This may have contributed to its poor reception, although the film's negative reviews (often alluded in jokes mentioning the production) might have also impacted it, as the classic Rodgers and Hammerstein musical Carousel, also dealing with the afterlife, opened on Broadway at roughly the same time and became a hit","[{""start"": 1087, ""end"": 1099, ""text"": ""became a hit""}]",0.9748086122079413,-0.0006788518070782734
4,16,true,detail,cause,The competing musical's success proved damaging to the film's reputation/reception.,True,True,False,783,"This may have contributed to its poor reception, although the film's negative reviews (often alluded in jokes mentioning the production) might have also impacted it, as the classic Rodgers and Hammerstein musical Carousel, also dealing with the afterlife, opened on Broadway at roughly the same time and became a hit","[{""start"": 783, ""end"": 830, ""text"": ""This may have contributed to its poor reception""}]",-0.003882475944152919,-0.0006788518070782734
4,17,true,detail,local_text,The sentence is grammatically complete.,True,True,False,783,"This may have contributed to its poor reception, although the film's negative reviews (often alluded in jokes mentioning the production) might have also impacted it, as the classic Rodgers and Hammerstein musical Carousel, also dealing with the afterlife, opened on Broadway at roughly the same time and became a hit","[{""start"": 1087, ""end"": 1099, ""text"": ""became a hit""}]",0.0024457587369406397,0.0010270184272455074
4,19,false,detail,attribute,The competing musical's themes concern racial prejudice.,False,True,False,783,"This may have contributed to its poor reception, although the film's negative reviews (often alluded in jokes mentioning the production) might have also impacted it, as the classic Rodgers and Hammerstein musical Carousel, also dealing with the afterlife, opened on Broadway at roughly the same time and became a hit","[{""start"": 1006, ""end"": 1037, ""text"": ""also dealing with the afterlife""}]",-0.002620866960661661,-0.0006788518070782734
4,20,true,detail,local_text,The competing musical's contrasting success reinforces the film's failure.,True,True,False,783,"This may have contributed to its poor reception, although the film's negative reviews (often alluded in jokes mentioning the production) might have also impacted it, as the classic Rodgers and Hammerstein musical Carousel, also dealing with the afterlife, opened on Broadway at roughly the same time and became a hit","[{""start"": 783, ""end"": 830, ""text"": ""This may have contributed to its poor reception""}]",0.00387605745519759,0.0026953510175354856
5,0,true,theme,format,The passage is a Wikipedia article.,False,False,False,619,"Wayne Gretzky Drive and 75 Street are part of a continuous roadway that runs from 41 Avenue SW to 33 Street NE (Edmonton's northeastern city limit) and includes portions of 66 Street and Fort Road, as well as all of Manning Drive","[{""start"": 0, ""end"": 62, ""text"": ""Wayne Gretzky Drive is a freeway in Edmonton, Alberta, Canada.""}]",0.0037672252851050914,0.0006181105681579702
5,3,true,theme,style,The passage follows an encyclopedic structure with consistent factual detail.,False,False,False,619,"Wayne Gretzky Drive and 75 Street are part of a continuous roadway that runs from 41 Avenue SW to 33 Street NE (Edmonton's northeastern city limit) and includes portions of 66 Street and Fort Road, as well as all of Manning Drive","[{""start"": 0, ""end"": 62, ""text"": ""Wayne Gretzky Drive is a freeway in Edmonton, Alberta, Canada.""}]",0.0030996061894528193,0.0006181105681579702
5,4,true,theme,topic,The passage covers street segments.,False,False,False,619,"Wayne Gretzky Drive and 75 Street are part of a continuous roadway that runs from 41 Avenue SW to 33 Street NE (Edmonton's northeastern city limit) and includes portions of 66 Street and Fort Road, as well as all of Manning Drive","[{""start"": 366, ""end"": 467, ""text"": ""66/75 Street is a major arterial road in east Edmonton which serves residential and industrial areas.""}]",0.0014389214782136728,0.0006181105681579702
5,5,true,theme,topic,The passage covers intersections.,False,False,False,619,"Wayne Gretzky Drive and 75 Street are part of a continuous roadway that runs from 41 Avenue SW to 33 Street NE (Edmonton's northeastern city limit) and includes portions of 66 Street and Fort Road, as well as all of Manning Drive","[{""start"": 306, ""end"": 365, ""text"": ""which lies just west of Wayne Gretzky Drive, at 118 Avenue.""}]",0.000763466553116432,0.0006181105681579702
5,6,true,theme,topic,The passage covers road connections.,False,False,False,619,"Wayne Gretzky Drive and 75 Street are part of a continuous roadway that runs from 41 Avenue SW to 33 Street NE (Edmonton's northeastern city limit) and includes portions of 66 Street and Fort Road, as well as all of Manning Drive","[{""start"": 503, ""end"": 617, ""text"": ""both located between Whitemud Drive and Yellowhead Trail, is part of Edmonton's eastern leg of its Inner Ring Road""}]",0.001086521042066746,0.0006181105681579702
5,7,true,detail,local_text,The article has been systematically listing connected roads and route details.,True,True,False,619,"Wayne Gretzky Drive and 75 Street are part of a continuous roadway that runs from 41 Avenue SW to 33 Street NE (Edmonton's northeastern city limit) and includes portions of 66 Street and Fort Road, as well as all of Manning Drive","[{""start"": 619, ""end"": 729, ""text"": ""Wayne Gretzky Drive and 75 Street are part of a continuous roadway that runs from 41 Avenue SW to 33 Street NE""}]",0.008674046564990379,0.0014229281239059866
5,8,false,entity,identification,The road/route being listed is Manitoba Provincial Road 100.,False,False,False,619,"Wayne Gretzky Drive and 75 Street are part of a continuous roadway that runs from 41 Avenue SW to 33 Street NE (Edmonton's northeastern city limit) and includes portions of 66 Street and Fort Road, as well as all of Manning Drive","[{""start"": 0, ""end"": 62, ""text"": ""Wayne Gretzky Drive is a freeway in Edmonton, Alberta, Canada.""}]",-0.004550623872125792,0.0014229281239059866
5,9,true,detail,local_text,The article builds toward a complete description of the full continuous route.,True,True,False,619,"Wayne Gretzky Drive and 75 Street are part of a continuous roadway that runs from 41 Avenue SW to 33 Street NE (Edmonton's northeastern city limit) and includes portions of 66 Street and Fort Road, as well as all of Manning Drive","[{""start"": 771, ""end"": 848, ""text"": ""includes portions of 66 Street and Fort Road, as well as all of Manning Drive""}]",0.004200637985530831,0.0014229281239059866
5,12,true,detail,local_text,The final clause ends a list of roads comprising the continuous route.,True,True,False,619,"Wayne Gretzky Drive and 75 Street are part of a continuous roadway that runs from 41 Avenue SW to 33 Street NE (Edmonton's northeastern city limit) and includes portions of 66 Street and Fort Road, as well as all of Manning Drive","[{""start"": 771, ""end"": 848, ""text"": ""includes portions of 66 Street and Fort Road, as well as all of Manning Drive""}]",0.0038890477326426476,0.02702835253234026
5,13,false,entity,identification,Pembina Highway is part of the continuous route.,False,False,False,619,"Wayne Gretzky Drive and 75 Street are part of a continuous roadway that runs from 41 Avenue SW to 33 Street NE (Edmonton's northeastern city limit) and includes portions of 66 Street and Fort Road, as well as all of Manning Drive",[],-0.015840970166214774,0.03333612203478853
5,14,false,entity,identification,Portage Avenue is part of the continuous route.,False,False,False,619,"Wayne Gretzky Drive and 75 Street are part of a continuous roadway that runs from 41 Avenue SW to 33 Street NE (Edmonton's northeastern city limit) and includes portions of 66 Street and Fort Road, as well as all of Manning Drive",[],0.036172466222085586,0.03333612203478853
5,16,false,detail,quantity,The continuous route is 22.5 kilometres long.,False,False,False,619,"Wayne Gretzky Drive and 75 Street are part of a continuous roadway that runs from 41 Avenue SW to 33 Street NE (Edmonton's northeastern city limit) and includes portions of 66 Street and Fort Road, as well as all of Manning Drive",[],0.0008446173305651783,0.0010841999674385816
5,17,true,detail,local_text,The list of constituent roads is still being enumerated.,True,True,False,619,"Wayne Gretzky Drive and 75 Street are part of a continuous roadway that runs from 41 Avenue SW to 33 Street NE (Edmonton's northeastern city limit) and includes portions of 66 Street and Fort Road, as well as all of Manning Drive","[{""start"": 771, ""end"": 848, ""text"": ""includes portions of 66 Street and Fort Road, as well as all of Manning Drive""}]",0.007775476420409655,-0.0012687797287083136
6,0,true,theme,format,The passage follows a film synopsis/database format.,False,False,False,617,"Following on In Which We Serve (1942), the film is another of Lean's ventures into a genre of filmmaking where impressions of documentary film are created","[{""start"": 0, ""end"": 163, ""text"": ""The Sound Barrier (known in the United States, as Breaking Through the Sound Barrier and Breaking the Sound Barrier) is a 1952 British film directed by David Lean.""}]",-0.006582744034791643,0.00032130846887024056
6,1,true,theme,style,The passage gives structured metadata followed by a plot summary.,False,False,False,617,"Following on In Which We Serve (1942), the film is another of Lean's ventures into a genre of filmmaking where impressions of documentary film are created","[{""start"": 117, ""end"": 163, ""text"": ""is a 1952 British film directed by David Lean.""}]",-0.0047690310209171916,0.00032130846887024056
6,2,true,detail,local_text,The passage transitions to critical/analytical commentary about the film's style and historical context.,False,False,False,617,"Following on In Which We Serve (1942), the film is another of Lean's ventures into a genre of filmmaking where impressions of documentary film are created","[{""start"": 498, ""end"": 616, ""text"": ""The Sound Barrier was a box-office success on first release, but it has become one of the least-known of Lean's films.""}]",-6.321428331768075e-05,0.00032130846887024056
6,3,true,detail,local_text,The passage builds a comparative argument linking this film to British documentary-style cinema.,True,True,False,617,"Following on In Which We Serve (1942), the film is another of Lean's ventures into a genre of filmmaking where impressions of documentary film are created","[{""start"": 617, ""end"": 771, ""text"": ""Following on In Which We Serve (1942), the film is another of Lean's ventures into a genre of filmmaking where impressions of documentary film are created""}]",0.0031006292255529866,0.0005343124115442244
6,4,false,entity,identification,The comparable British documentary-style film named is “49th Parallel”.,False,True,False,617,"Following on In Which We Serve (1942), the film is another of Lean's ventures into a genre of filmmaking where impressions of documentary film are created","[{""start"": 617, ""end"": 654, ""text"": ""Following on In Which We Serve (1942)""}]",-0.00048660379981191326,0.010880658681930333
6,5,true,detail,attribute,The film's tradition is emphasized as realistic filmmaking.,True,True,False,617,"Following on In Which We Serve (1942), the film is another of Lean's ventures into a genre of filmmaking where impressions of documentary film are created","[{""start"": 700, ""end"": 771, ""text"": ""a genre of filmmaking where impressions of documentary film are created""}]",0.008163610893693551,0.0005343124115442244
6,6,false,detail,attribute,The film's tradition is emphasized as propaganda-oriented filmmaking.,False,False,False,617,"Following on In Which We Serve (1942), the film is another of Lean's ventures into a genre of filmmaking where impressions of documentary film are created",[],-0.006063629263788561,0.0005343124115442244
6,7,true,detail,final_token,The final word of the prefix is “created”.,True,True,True,617,"Following on In Which We Serve (1942), the film is another of Lean's ventures into a genre of filmmaking where impressions of documentary film are created","[{""start"": 764, ""end"": 771, ""text"": ""created""}]",-0.008623994785666778,-0.005525817854956316
6,8,false,detail,local_text,The final clause ends a relative clause mid-thought.,False,False,False,617,"Following on In Which We Serve (1942), the film is another of Lean's ventures into a genre of filmmaking where impressions of documentary film are created",[],-0.004467577618172736,-0.005525817854956316
6,9,true,detail,attribute,The style creates the effects/impressions of documentary records/film.,True,True,False,617,"Following on In Which We Serve (1942), the film is another of Lean's ventures into a genre of filmmaking where impressions of documentary film are created","[{""start"": 700, ""end"": 771, ""text"": ""a genre of filmmaking where impressions of documentary film are created""}]",0.7041784056195085,0.15374309683748333
6,11,false,detail,attribute,This film is considered a classic of British cinema.,False,False,False,617,"Following on In Which We Serve (1942), the film is another of Lean's ventures into a genre of filmmaking where impressions of documentary film are created","[{""start"": 563, ""end"": 615, ""text"": ""it has become one of the least-known of Lean's films""}]",0.011725581001604812,0.009333760704160143
6,12,true,detail,attribute,The film is similar to other films of the era.,True,True,False,617,"Following on In Which We Serve (1942), the film is another of Lean's ventures into a genre of filmmaking where impressions of documentary film are created","[{""start"": 617, ""end"": 654, ""text"": ""Following on In Which We Serve (1942)""}]",-0.0026822156761883154,0.009333760704160143
6,13,false,entity,identification,The comparable film named is “The Life of Emile Zola”.,False,False,False,617,"Following on In Which We Serve (1942), the film is another of Lean's ventures into a genre of filmmaking where impressions of documentary film are created",[],-0.005723344861132462,0.009333760704160143
6,14,true,detail,local_text,The final clause describes cinematic techniques implying realistic scenes.,True,True,False,617,"Following on In Which We Serve (1942), the film is another of Lean's ventures into a genre of filmmaking where impressions of documentary film are created","[{""start"": 700, ""end"": 771, ""text"": ""a genre of filmmaking where impressions of documentary film are created""}]",-0.0055461219539296724,-0.0070318595019063235
7,0,true,theme,format,The passage is a biographical narrative.,False,False,False,1192,He continued to serve until his death in 1971,"[{""start"": 0, ""end"": 114, ""text"": ""Edward Rowan Finnegan (June 5, 1905 – February 2, 1971) was a U.S. Representative from Illinois from 1961 to 1964.""}]",-0.007973661877622829,0.0003051917204976995
7,1,true,theme,style,Each sentence follows a consistent pattern of adding a new factual detail.,False,False,False,1192,He continued to serve until his death in 1971,"[{""start"": 0, ""end"": 114, ""text"": ""Edward Rowan Finnegan (June 5, 1905 – February 2, 1971) was a U.S. Representative from Illinois from 1961 to 1964.""}]",-0.00390284316775924,0.0003051917204976995
7,2,true,theme,topic,The passage covers the subject's career.,False,False,False,1192,He continued to serve until his death in 1971,"[{""start"": 266, ""end"": 375, ""text"": ""He started practicing as an attorney in 1931 and then served as an Assistant State's attorney in Cook County.""}]",0.003980355574298322,0.0003051917204976995
7,3,false,theme,topic,The passage covers a specific legal case.,False,False,False,1192,He continued to serve until his death in 1971,[],0.003840255301901463,0.0003051917204976995
7,4,false,entity,identity,The subject is named Judge William J. Murphy.,False,False,False,1192,He continued to serve until his death in 1971,"[{""start"": 0, ""end"": 55, ""text"": ""Edward Rowan Finnegan (June 5, 1905 – February 2, 1971)""}]",-0.0024288499918095896,0.0003051917204976995
7,5,true,detail,local_text,The article has systematically traced the subject's career arc.,False,False,False,1192,He continued to serve until his death in 1971,"[{""start"": 567, ""end"": 638, ""text"": ""In 1960, Finnegan was elected to Congress from Illinois' 12th district.""}]",-0.025811447947977184,0.0026241456278442987
7,6,true,detail,event,The career arc includes a nomination.,False,False,False,1192,He continued to serve until his death in 1971,"[{""start"": 449, ""end"": 566, ""text"": ""Finnegan unsuccessfully sought the Democratic nomination for the position of a Chicago municipal court judge in 1939.""}]",0.0017162993741568489,0.0026241456278442987
7,7,false,detail,event,The career arc includes a disqualification.,False,False,False,1192,He continued to serve until his death in 1971,[],0.006346195056766701,0.0026241456278442987
7,8,false,detail,event,The career arc includes a return to practice.,False,False,False,1192,He continued to serve until his death in 1971,[],-0.006011979454490168,0.0026241456278442987
7,9,true,detail,event,The career arc includes a judicial appointment.,False,False,False,1192,He continued to serve until his death in 1971,"[{""start"": 1009, ""end"": 1080, ""text"": ""Finnegan was appointed as a judge for the Circuit Court of Cook County.""}]",-0.005374222855374811,0.0026241456278442987
7,10,true,detail,event,The passage reaches the final life event: death in 1971.,True,True,False,1192,He continued to serve until his death in 1971,"[{""start"": 1192, ""end"": 1237, ""text"": ""He continued to serve until his death in 1971""}]",0.017242049841816875,0.0026241456278442987
7,11,true,detail,local_text,The closing death year mirrors the opening sentence's stated death year.,False,False,False,1192,He continued to serve until his death in 1971,"[{""start"": 23, ""end"": 54, ""text"": ""June 5, 1905 – February 2, 1971""}]",0.014627488637674935,0.0026241456278442987
7,12,true,detail,final_token,The final word of the prefix is “1971”.,True,True,True,1192,He continued to serve until his death in 1971,"[{""start"": 1233, ""end"": 1237, ""text"": ""1971""}]",0.0016829454495983498,-0.004803949003433283
7,13,false,detail,date,The subject retired in 1969.,False,True,False,1192,He continued to serve until his death in 1971,"[{""start"": 1192, ""end"": 1237, ""text"": ""He continued to serve until his death in 1971""}]",0.01877470693279326,0.008031652797125477
7,14,true,detail,event,The subject continued serving on the court until his death in 1971.,True,True,False,1192,He continued to serve until his death in 1971,"[{""start"": 1192, ""end"": 1237, ""text"": ""He continued to serve until his death in 1971""}]",0.8809453272874885,0.004084617807164959
8,0,true,theme,format,The passage is a biographical Wikipedia article.,False,False,False,665,He has also conducted and recorded film scores of others with the Royal Scottish National Orchestra,"[{""start"": 0, ""end"": 101, ""text"": ""Frédéric Talgorn (born 2 July 1961 in Toulouse, France) is a French composer for film and television.""}]",0.00012737457741418545,-0.0004935384408126797
8,1,true,theme,style,The passage establishes a consistent pattern of listing career achievements and collaborators.,False,False,False,665,He has also conducted and recorded film scores of others with the Royal Scottish National Orchestra,"[{""start"": 102, ""end"": 207, ""text"": ""He studied music at the Paris Conservatoire where his teachers included Sabine Lacoraet and Yvonne Loriod""}]",-0.002269231895429824,-0.0004935384408126797
8,2,false,detail,attribute,The subject is characterized as a Jerry Goldsmith-style figure.,False,False,False,665,He has also conducted and recorded film scores of others with the Royal Scottish National Orchestra,[],0.0060516374570871445,-0.0004935384408126797
8,3,true,theme,topic,The article enumerates film-score credits.,False,False,False,665,He has also conducted and recorded film scores of others with the Royal Scottish National Orchestra,"[{""start"": 425, ""end"": 538, ""text"": ""Notable film scores include Edge of Sanity (1989), (1990), Robot Jox (1990), Fortress (1992) and The Temp (1993).""}]",-0.0016437098852977172,-0.00244518387359971
8,4,true,theme,topic,The article enumerates TV credits.,False,False,False,665,He has also conducted and recorded film scores of others with the Royal Scottish National Orchestra,"[{""start"": 56, ""end"": 100, ""text"": ""is a French composer for film and television""}]",0.0006553646702324167,-0.00244518387359971
8,5,false,theme,topic,The article enumerates pop credits.,False,False,False,665,He has also conducted and recorded film scores of others with the Royal Scottish National Orchestra,[],-0.0005825779927302044,-0.00244518387359971
8,6,false,theme,topic,The article enumerates Broadway credits.,False,False,False,665,He has also conducted and recorded film scores of others with the Royal Scottish National Orchestra,[],-0.0014106078281479473,-0.00244518387359971
8,7,false,theme,topic,The article enumerates collaborations.,False,False,False,665,He has also conducted and recorded film scores of others with the Royal Scottish National Orchestra,[],0.0003458658920261204,-0.00244518387359971
8,8,true,detail,local_text,The article builds toward a complete professional profile.,True,True,False,665,He has also conducted and recorded film scores of others with the Royal Scottish National Orchestra,"[{""start"": 665, ""end"": 764, ""text"": ""He has also conducted and recorded film scores of others with the Royal Scottish National Orchestra""}]",0.0008093352923530528,-0.00244518387359971
8,9,true,detail,final_token,The final word of the prefix is “Orchestra”.,True,True,True,665,He has also conducted and recorded film scores of others with the Royal Scottish National Orchestra,"[{""start"": 755, ""end"": 764, ""text"": ""Orchestra""}]",-0.009086012104826957,-0.012843316615160028
8,10,true,detail,local_text,The final sentence lists recording work with the Royal Scottish National Orchestra.,True,True,False,665,He has also conducted and recorded film scores of others with the Royal Scottish National Orchestra,"[{""start"": 665, ""end"": 764, ""text"": ""He has also conducted and recorded film scores of others with the Royal Scottish National Orchestra""}]",-0.007051583523530747,-0.012843316615160028
8,13,true,detail,event,He recorded orchestral versions of his own work.,False,False,False,665,He has also conducted and recorded film scores of others with the Royal Scottish National Orchestra,"[{""start"": 596, ""end"": 663, ""text"": ""has often conducted his own works in concert and recording sessions""}]",0.009708373862481912,0.005722395577103412
8,14,false,entity,identification,The orchestra for his own-work recordings is the Royal Philharmonia Orchestra.,False,True,False,665,He has also conducted and recorded film scores of others with the Royal Scottish National Orchestra,"[{""start"": 722, ""end"": 764, ""text"": ""with the Royal Scottish National Orchestra""}]",-0.00837736953229129,0.005722395577103412
8,15,false,detail,local_text,The final sentence is incomplete.,False,False,False,665,He has also conducted and recorded film scores of others with the Royal Scottish National Orchestra,[],-0.0002750225973144893,-0.012843316615160028
8,16,false,detail,attribute,He recorded commercial orchestral versions/projects for clients.,False,False,False,665,He has also conducted and recorded film scores of others with the Royal Scottish National Orchestra,[],0.047399455900942966,0.004555051582563863
8,17,true,entity,identification,The orchestra named is the Royal Scottish National Orchestra.,True,True,False,665,He has also conducted and recorded film scores of others with the Royal Scottish National Orchestra,"[{""start"": 722, ""end"": 764, ""text"": ""with the Royal Scottish National Orchestra""}]",0.5110738599848517,0.002492033041265884
8,19,false,detail,attribute,The recording sessions are Glasgow-based.,False,False,False,665,He has also conducted and recorded film scores of others with the Royal Scottish National Orchestra,[],-0.006408359390039031,-0.0044938763609583265
9,0,true,theme,format,The passage maintains a factual travel-guide register throughout.,False,False,False,889,"This association is responsible for the organization of sports, activities and events in Holmenkollen National Park","[{""start"": 0, ""end"": 95, ""text"": ""Holmenkollen Ski Museum () is located at the base of the Holmenkollen ski jump in Oslo, Norway.""}]",0.006948700093671101,-0.007953184432700766
9,1,true,theme,topic,The passage describes the Holmenkollen ski museum.,False,False,False,889,"This association is responsible for the organization of sports, activities and events in Holmenkollen National Park","[{""start"": 0, ""end"": 95, ""text"": ""Holmenkollen Ski Museum () is located at the base of the Holmenkollen ski jump in Oslo, Norway.""}]",-0.0037420176495930324,-0.007953184432700766
9,2,true,theme,style,The passage uses structured informational sentences.,False,False,False,889,"This association is responsible for the organization of sports, activities and events in Holmenkollen National Park","[{""start"": 96, ""end"": 168, ""text"": ""The Ski Museum was founded in 1923 and is the world's oldest ski museum.""}]",3.852662102321602e-05,-0.007953184432700766
9,3,true,theme,style,The passage provides sequential coverage of museum features.,False,False,False,889,"This association is responsible for the organization of sports, activities and events in Holmenkollen National Park","[{""start"": 169, ""end"": 232, ""text"": ""The initiator of the museum was the architect Hjalmar Welhaven.""}]",0.0071499029591254315,0.0017730527805016605
9,4,true,theme,topic,The passage covers the museum's history.,False,False,False,889,"This association is responsible for the organization of sports, activities and events in Holmenkollen National Park","[{""start"": 565, ""end"": 670, ""text"": ""The museum contains 4,000 years of skiing history, starting with rock carvings dating from the Stone Age.""}]",0.002804025417832312,0.0017730527805016605
9,5,false,theme,topic,The passage covers scenic views.,False,False,False,889,"This association is responsible for the organization of sports, activities and events in Holmenkollen National Park",[],-0.00044870680178987765,0.0017730527805016605
9,6,true,theme,topic,The passage covers the museum's exhibitions.,False,False,False,889,"This association is responsible for the organization of sports, activities and events in Holmenkollen National Park","[{""start"": 671, ""end"": 724, ""text"": ""It also displays skiers and skis from the Viking Age.""}]",0.001689102195903791,0.0017730527805016605
9,7,false,theme,topic,The passage covers the museum's architecture.,False,False,False,889,"This association is responsible for the organization of sports, activities and events in Holmenkollen National Park",[],0.0015443884566845867,0.0017730527805016605
9,8,true,theme,topic,The passage covers the museum's ownership.,False,False,False,889,"This association is responsible for the organization of sports, activities and events in Holmenkollen National Park","[{""start"": 834, ""end"": 888, ""text"": ""The Ski Museum is owned and operated by Skiforeningen.""}]",0.0006636324469417865,0.0017730527805016605
9,9,true,detail,local_text,The final sentence completes the organizational/management context.,True,True,False,889,"This association is responsible for the organization of sports, activities and events in Holmenkollen National Park","[{""start"": 889, ""end"": 1004, ""text"": ""This association is responsible for the organization of sports, activities and events in Holmenkollen National Park""}]",0.00381375659244676,0.0017730527805016605
9,11,true,detail,final_token,The final word of the prefix is “Park”.,True,True,True,889,"This association is responsible for the organization of sports, activities and events in Holmenkollen National Park","[{""start"": 1000, ""end"": 1004, ""text"": ""Park""}]",2.00225145389199e-05,0.009684431414943906
9,12,false,detail,local_text,The final sentence ends as a fragment.,False,False,False,889,"This association is responsible for the organization of sports, activities and events in Holmenkollen National Park",[],0.0021397096554551798,0.016516265434550093
9,14,true,entity,identification,The park is named Holmenkollen National Park.,True,True,False,889,"This association is responsible for the organization of sports, activities and events in Holmenkollen National Park","[{""start"": 978, ""end"": 1004, ""text"": ""Holmenkollen National Park""}]",0.04323051264088951,0.00021606337659529906
9,16,false,detail,attribute,The Norwegian Ski Federation also runs the ski jumping hill.,False,False,False,889,"This association is responsible for the organization of sports, activities and events in Holmenkollen National Park",[],0.005754982331176661,-0.0014373402391375523
9,19,false,entity,identification,The park is named Holmenkollen Nature Park.,False,True,False,889,"This association is responsible for the organization of sports, activities and events in Holmenkollen National Park","[{""start"": 978, ""end"": 1004, ""text"": ""Holmenkollen National Park""}]",0.09259319422414447,0.015387153206018356
10,0,true,theme,format,The passage is an encyclopedia/reference article.,False,False,False,1969,See the Lower Canada Rebellion,"[{""start"": 0, ""end"": 129, ""text"": ""The Ninety-Two Resolutions were drafted by Louis-Joseph Papineau and other members of the Parti patriote of Lower Canada in 1834.""}]",-0.021471362932831584,-0.005731139398860052
10,1,false,detail,attribute,The article's source is Infoplease.,False,False,False,1969,See the Lower Canada Rebellion,[],0.010449646278518965,-0.005731139398860052
10,2,true,theme,style,The passage has a consistent structure.,False,False,False,1969,See the Lower Canada Rebellion,"[{""start"": 0, ""end"": 129, ""text"": ""The Ninety-Two Resolutions were drafted by Louis-Joseph Papineau and other members of the Parti patriote of Lower Canada in 1834.""}]",0.0024788147178064213,-0.005731139398860052
10,3,true,theme,topic,The passage gives a definition.,False,False,False,1969,See the Lower Canada Rebellion,"[{""start"": 0, ""end"": 129, ""text"": ""The Ninety-Two Resolutions were drafted by Louis-Joseph Papineau and other members of the Parti patriote of Lower Canada in 1834.""}]",-0.004550685058178239,-0.005731139398860052
10,4,true,theme,topic,The passage gives historical context.,False,False,False,1969,See the Lower Canada Rebellion,"[{""start"": 230, ""end"": 316, ""text"": ""Papineau had been elected speaker of the legislative assembly of Lower Canada in 1815.""}]",0.002755976806897986,-0.005731139398860052
10,5,false,theme,topic,The passage includes quotes.,False,False,False,1969,See the Lower Canada Rebellion,[],0.0069008811681160465,-0.005731139398860052
10,6,true,theme,topic,The passage covers consequences.,False,False,False,1969,See the Lower Canada Rebellion,"[{""start"": 1666, ""end"": 1799, ""text"": ""British Colonial Secretary Lord Russell eventually responded to them by issuing ten resolutions of his own (the Russell Resolutions).""}]",0.005788159552330252,-0.005731139398860052
10,7,true,detail,local_text,The passage is now concluding.,True,True,False,1969,See the Lower Canada Rebellion,"[{""start"": 1969, ""end"": 1999, ""text"": ""See the Lower Canada Rebellion""}]",0.004390122672006336,-0.005731139398860052
10,8,false,entity,identification,The article has traced the Edict of Meaux's role in escalating tensions.,False,False,False,1969,See the Lower Canada Rebellion,[],0.006260615162343108,0.011557307267296979
10,9,true,detail,local_text,The article traces escalating tensions.,False,False,False,1969,See the Lower Canada Rebellion,"[{""start"": 1337, ""end"": 1478, ""text"": ""expressed frustration that the government of London had been unwilling to correct the injustices caused by the past governments of the colony""}]",0.008210312814862952,0.011557307267296979
10,10,false,entity,identification,The tensions culminate in the Quebec Rebellion.,False,True,False,1969,See the Lower Canada Rebellion,"[{""start"": 1969, ""end"": 1999, ""text"": ""See the Lower Canada Rebellion""}]",0.03520890418648459,0.006545846991256266
10,11,true,detail,local_text,The passage makes a cross-reference/redirect as its natural endpoint.,True,True,False,1969,See the Lower Canada Rebellion,"[{""start"": 1969, ""end"": 1999, ""text"": ""See the Lower Canada Rebellion""}]",0.004250122890926744,0.011557307267296979
10,12,false,entity,identification,"The cross-reference text is ""See the Pontiac Rebellion.""",False,True,False,1969,See the Lower Canada Rebellion,"[{""start"": 1969, ""end"": 1999, ""text"": ""See the Lower Canada Rebellion""}]",0.0003260713358709255,-0.005256197121388806
10,13,false,detail,local_text,The cross-reference phrase is truncated.,False,False,False,1969,See the Lower Canada Rebellion,[],-0.0016577983700237775,-0.005256197121388806
10,14,false,entity,identification,"The cross-reference text is ""See the Canadian Rebellion.""",False,True,False,1969,See the Lower Canada Rebellion,"[{""start"": 1969, ""end"": 1999, ""text"": ""See the Lower Canada Rebellion""}]",-0.003940446015500476,-0.005256197121388806
10,16,false,detail,event,An edict was a major factor in a rebellion of the French Canadian population.,False,False,False,1969,See the Lower Canada Rebellion,[],0.08660188467360475,0.0019463401174129036
10,17,false,detail,attribute,The rebellion was against the French government.,False,False,False,1969,See the Lower Canada Rebellion,"[{""start"": 146, ""end"": 228, ""text"": ""were a long series of demands for political reforms in the British-governed colony""}]",-0.0008057226444767585,0.0019463401174129036
10,18,true,detail,final_token,The final word of the prefix is “Rebellion”.,True,True,True,1969,See the Lower Canada Rebellion,"[{""start"": 1990, ""end"": 1999, ""text"": ""Rebellion""}]",0.0033408100927837525,0.0036154932589811395
10,19,true,detail,local_text,The final sentence ends a cross-reference sentence.,True,True,False,1969,See the Lower Canada Rebellion,"[{""start"": 1969, ""end"": 1999, ""text"": ""See the Lower Canada Rebellion""}]",0.008927555721848668,0.0036154932589811395
10,21,false,entity,identification,"The cross-reference text is ""See the Tenskwatawa Rebellion.""",False,True,False,1969,See the Lower Canada Rebellion,"[{""start"": 1969, ""end"": 1999, ""text"": ""See the Lower Canada Rebellion""}]",0.02343395202233689,0.0010351489976122563
11,0,true,theme,format,The passage is written in a factual music-news/entertainment-journalism style.,False,False,False,542,"The song ""Mess of Blues"", which appears on the album was written by Doc Pomus and Mort Shuman and was originally recorded by Elvis Presley","[{""start"": 0, ""end"": 41, ""text"": ""Mess of Blues is an album by Jeff Healey.""}]",-0.00026903949934720117,-0.0020505153247132313
11,1,false,detail,attribute,The passage covers a concert announcement.,False,False,False,542,"The song ""Mess of Blues"", which appears on the album was written by Doc Pomus and Mort Shuman and was originally recorded by Elvis Presley","[{""start"": 0, ""end"": 41, ""text"": ""Mess of Blues is an album by Jeff Healey.""}]",-0.010217283776760233,-0.0020505153247132313
11,2,true,theme,topic,The passage gives band details.,False,False,False,542,"The song ""Mess of Blues"", which appears on the album was written by Doc Pomus and Mort Shuman and was originally recorded by Elvis Presley","[{""start"": 438, ""end"": 541, ""text"": ""The whole album features the band which normally accompanied Jeff at his club, Jeff Healey's Roadhouse.""}]",-0.0008268718582121748,-0.0020505153247132313
11,3,true,theme,topic,The passage gives song information.,True,True,False,542,"The song ""Mess of Blues"", which appears on the album was written by Doc Pomus and Mort Shuman and was originally recorded by Elvis Presley","[{""start"": 542, ""end"": 680, ""text"": ""The song \""Mess of Blues\"", which appears on the album was written by Doc Pomus and Mort Shuman and was originally recorded by Elvis Presley""}]",-0.0015329816945921504,-0.0020505153247132313
11,4,true,theme,style,The passage has narrative momentum.,False,False,False,542,"The song ""Mess of Blues"", which appears on the album was written by Doc Pomus and Mort Shuman and was originally recorded by Elvis Presley","[{""start"": 0, ""end"": 41, ""text"": ""Mess of Blues is an album by Jeff Healey.""}]",-0.0017381551832692521,-0.002616783900603714
11,5,false,entity,identity,The song being detailed is titled “Good Rockin' Tonight.”,False,True,False,542,"The song ""Mess of Blues"", which appears on the album was written by Doc Pomus and Mort Shuman and was originally recorded by Elvis Presley","[{""start"": 542, ""end"": 566, ""text"": ""The song \""Mess of Blues\""""}]",-0.026964230472471318,-0.002616783900603714
11,6,true,detail,local_text,The passage is completing the Elvis connection.,True,True,False,542,"The song ""Mess of Blues"", which appears on the album was written by Doc Pomus and Mort Shuman and was originally recorded by Elvis Presley","[{""start"": 640, ""end"": 680, ""text"": ""was originally recorded by Elvis Presley""}]",-0.0029977113777246434,-0.002616783900603714
11,7,false,detail,local_text,The final sentence is mid-clause.,False,False,False,542,"The song ""Mess of Blues"", which appears on the album was written by Doc Pomus and Mort Shuman and was originally recorded by Elvis Presley",[],-0.00512584774156033,-0.002616783900603714
11,8,true,detail,final_token,The final word of the prefix is “Presley”.,True,True,True,542,"The song ""Mess of Blues"", which appears on the album was written by Doc Pomus and Mort Shuman and was originally recorded by Elvis Presley","[{""start"": 673, ""end"": 680, ""text"": ""Presley""}]",0.000213820387568453,-0.0008066207122745528
11,9,false,detail,local_text,The final sentence is incomplete.,False,False,False,542,"The song ""Mess of Blues"", which appears on the album was written by Doc Pomus and Mort Shuman and was originally recorded by Elvis Presley",[],-0.007731947231267244,-0.0008066207122745528
11,10,true,detail,event,The song was originally recorded by Elvis Presley.,True,True,False,542,"The song ""Mess of Blues"", which appears on the album was written by Doc Pomus and Mort Shuman and was originally recorded by Elvis Presley","[{""start"": 640, ""end"": 680, ""text"": ""was originally recorded by Elvis Presley""}]",0.09195308410008807,0.0027772295071495368
11,12,false,detail,date,The song is a cover of a 1956 composition.,False,False,False,542,"The song ""Mess of Blues"", which appears on the album was written by Doc Pomus and Mort Shuman and was originally recorded by Elvis Presley",[],-0.006374523051141834,0.0027772295071495368
11,13,false,entity,identity,The song was written by Otis Blackwell and Winifred Ward.,False,True,False,542,"The song ""Mess of Blues"", which appears on the album was written by Doc Pomus and Mort Shuman and was originally recorded by Elvis Presley","[{""start"": 595, ""end"": 635, ""text"": ""was written by Doc Pomus and Mort Shuman""}]",-0.004421953151036329,0.0027772295071495368
11,15,false,detail,attribute,Elvis recorded the song on a single.,False,False,False,542,"The song ""Mess of Blues"", which appears on the album was written by Doc Pomus and Mort Shuman and was originally recorded by Elvis Presley",[],-0.01008023757494203,0.003775858629448736
12,0,true,theme,format,The passage is written in an encyclopedia/Wikipedia article style.,False,False,False,863,"The Committee published 100,000 leaflets titled 'Truth about Finland', and more than 100 public meetings were organized","[{""start"": 0, ""end"": 124, ""text"": ""The Committee against the Finnish White Terror () was an organization in Sweden, formed at the end of the Finnish Civil War.""}]",-0.005878106632235536,-0.001250084476824398
12,1,true,theme,style,"The passage has a factual, neutral tone.",False,False,False,863,"The Committee published 100,000 leaflets titled 'Truth about Finland', and more than 100 public meetings were organized","[{""start"": 0, ""end"": 124, ""text"": ""The Committee against the Finnish White Terror () was an organization in Sweden, formed at the end of the Finnish Civil War.""}]",0.006514812959444449,-0.001250084476824398
12,2,false,entity,identity,The organization described is the Finnish Friends of Soviet Russia.,False,False,False,863,"The Committee published 100,000 leaflets titled 'Truth about Finland', and more than 100 public meetings were organized","[{""start"": 0, ""end"": 79, ""text"": ""The Committee against the Finnish White Terror () was an organization in Sweden""}]",0.0024145167122517908,-0.001250084476824398
12,3,true,theme,topic,The passage covers the organization's activities and goals.,False,False,False,863,"The Committee published 100,000 leaflets titled 'Truth about Finland', and more than 100 public meetings were organized","[{""start"": 510, ""end"": 591, ""text"": ""The Committee raised funds for humanitarian aid to the victims of the repression.""}]",0.000925812947127902,-0.001250084476824398
12,4,true,theme,style,The passage has narrative momentum.,True,True,False,863,"The Committee published 100,000 leaflets titled 'Truth about Finland', and more than 100 public meetings were organized","[{""start"": 863, ""end"": 982, ""text"": ""The Committee published 100,000 leaflets titled 'Truth about Finland', and more than 100 public meetings were organized""}]",0.0005941416920286491,0.00020982077682774047
12,5,true,detail,local_text,The passage is completing a list of campaign achievements.,True,True,False,863,"The Committee published 100,000 leaflets titled 'Truth about Finland', and more than 100 public meetings were organized","[{""start"": 863, ""end"": 982, ""text"": ""The Committee published 100,000 leaflets titled 'Truth about Finland', and more than 100 public meetings were organized""}]",-0.0006063833073296498,0.00020982077682774047
12,6,false,theme,topic,The campaign achievements include petitions.,False,False,False,863,"The Committee published 100,000 leaflets titled 'Truth about Finland', and more than 100 public meetings were organized",[],0.0007599504335863427,0.00020982077682774047
12,7,true,theme,topic,The campaign achievements include propaganda.,True,True,False,863,"The Committee published 100,000 leaflets titled 'Truth about Finland', and more than 100 public meetings were organized","[{""start"": 863, ""end"": 932, ""text"": ""The Committee published 100,000 leaflets titled 'Truth about Finland'""}]",0.0009046903682419227,0.00020982077682774047
12,8,false,theme,topic,The campaign achievements include letters to the League of Nations.,False,False,False,863,"The Committee published 100,000 leaflets titled 'Truth about Finland', and more than 100 public meetings were organized",[],0.002577853212717085,0.00020982077682774047
12,9,true,detail,local_text,"The passage concludes with measurable outputs (leaflets, meetings).",True,True,False,863,"The Committee published 100,000 leaflets titled 'Truth about Finland', and more than 100 public meetings were organized","[{""start"": 863, ""end"": 982, ""text"": ""The Committee published 100,000 leaflets titled 'Truth about Finland', and more than 100 public meetings were organized""}]",0.004888645132537062,0.00020982077682774047
12,10,true,detail,final_token,The final word of the prefix is “organized”.,True,True,True,863,"The Committee published 100,000 leaflets titled 'Truth about Finland', and more than 100 public meetings were organized","[{""start"": 973, ""end"": 982, ""text"": ""organized""}]",0.003758582282755607,0.014336170298281603
12,11,true,detail,local_text,The final clause is a compound achievement clause.,True,True,False,863,"The Committee published 100,000 leaflets titled 'Truth about Finland', and more than 100 public meetings were organized","[{""start"": 863, ""end"": 982, ""text"": ""The Committee published 100,000 leaflets titled 'Truth about Finland', and more than 100 public meetings were organized""}]",0.0004951031025064445,0.014336170298281603
12,17,false,detail,attribute,The campaign received support from British trade unions and intellectuals.,False,False,False,863,"The Committee published 100,000 leaflets titled 'Truth about Finland', and more than 100 public meetings were organized","[{""start"": 50, ""end"": 79, ""text"": ""was an organization in Sweden""}]",0.006493216142219871,0.00329041736750324
12,18,false,detail,attribute,The organization published a journal and a pamphlet translated into several languages.,False,False,False,863,"The Committee published 100,000 leaflets titled 'Truth about Finland', and more than 100 public meetings were organized",[],0.011596336197789658,-0.0004300044087421906
12,19,false,detail,local_text,The final sentence is incomplete.,False,False,False,863,"The Committee published 100,000 leaflets titled 'Truth about Finland', and more than 100 public meetings were organized",[],0.001447145013370621,-0.0015965276229883418
13,0,true,theme,format,The passage is a Wikipedia article.,False,False,False,907,Another giant ginkgo tree of similar characteristics in Tokyo is located in the grounds of Oji Shrine,"[{""start"": 0, ""end"": 166, ""text"": ""Like every other Tōshō-gū shrine, it is characterized by enshrining the first shōgun of the Tokugawa Shogunate, Tokugawa Ieyasu with the name Tōshō Daigongen (東照大権現).""}]",0.02123167584389052,0.0010879697526490206
13,1,false,entity,identity,The shrine described is Nezu Shrine.,False,False,False,907,Another giant ginkgo tree of similar characteristics in Tokyo is located in the grounds of Oji Shrine,"[{""start"": 456, ""end"": 515, ""text"": ""Shiba Tōshō-gū can be included in the same visiting course.""}]",0.008403385785233808,0.0010879697526490206
13,2,true,detail,attribute,The shrine is located in Tokyo.,False,False,False,907,Another giant ginkgo tree of similar characteristics in Tokyo is located in the grounds of Oji Shrine,"[{""start"": 569, ""end"": 596, ""text"": ""one of the biggest in Tokyo""}]",0.012806165883668785,0.0010879697526490206
13,3,true,theme,style,The passage follows a consistent encyclopedic pattern.,False,False,False,907,Another giant ginkgo tree of similar characteristics in Tokyo is located in the grounds of Oji Shrine,"[{""start"": 0, ""end"": 166, ""text"": ""Like every other Tōshō-gū shrine, it is characterized by enshrining the first shōgun of the Tokugawa Shogunate, Tokugawa Ieyasu with the name Tōshō Daigongen (東照大権現).""}]",0.005942517130071878,0.0010879697526490206
13,4,true,theme,topic,The passage describes shrine features.,False,False,False,907,Another giant ginkgo tree of similar characteristics in Tokyo is located in the grounds of Oji Shrine,"[{""start"": 516, ""end"": 657, ""text"": ""Shiba Tōshō-gū is notable for its giant ginkgo tree, one of the biggest in Tokyo, with a height of 21.5 m and a trunk circumference of 6.5 m.""}]",0.006044167863583083,0.0010879697526490206
13,5,true,theme,topic,The passage describes the shrine's history.,False,False,False,907,Another giant ginkgo tree of similar characteristics in Tokyo is located in the grounds of Oji Shrine,"[{""start"": 0, ""end"": 166, ""text"": ""Like every other Tōshō-gū shrine, it is characterized by enshrining the first shōgun of the Tokugawa Shogunate, Tokugawa Ieyasu with the name Tōshō Daigongen (東照大権現).""}]",0.006860643912919628,0.0010879697526490206
13,6,true,theme,topic,The passage describes notable elements of the shrine.,False,False,False,907,Another giant ginkgo tree of similar characteristics in Tokyo is located in the grounds of Oji Shrine,"[{""start"": 229, ""end"": 307, ""text"": ""designated an Important Cultural Property by the Tokyo Metropolitan Government""}]",0.005812715545464475,0.0010879697526490206
13,7,true,detail,local_text,The article systematically lists notable features and comparisons.,False,False,False,907,Another giant ginkgo tree of similar characteristics in Tokyo is located in the grounds of Oji Shrine,"[{""start"": 516, ""end"": 657, ""text"": ""Shiba Tōshō-gū is notable for its giant ginkgo tree, one of the biggest in Tokyo, with a height of 21.5 m and a trunk circumference of 6.5 m.""}]",0.004259782275475632,-0.00229869288806539
13,8,true,detail,local_text,The final sentence introduces a parallel example at another shrine.,True,True,False,907,Another giant ginkgo tree of similar characteristics in Tokyo is located in the grounds of Oji Shrine,"[{""start"": 907, ""end"": 1008, ""text"": ""Another giant ginkgo tree of similar characteristics in Tokyo is located in the grounds of Oji Shrine""}]",0.010028869986481448,-0.00229869288806539
13,9,false,entity,identity,The notable tree is a camphor tree.,False,False,False,907,Another giant ginkgo tree of similar characteristics in Tokyo is located in the grounds of Oji Shrine,"[{""start"": 546, ""end"": 567, ""text"": ""its giant ginkgo tree""}]",0.012343233605289217,-0.003923012970758255
13,12,true,detail,local_text,The final sentence ends a comparative sentence.,True,True,False,907,Another giant ginkgo tree of similar characteristics in Tokyo is located in the grounds of Oji Shrine,"[{""start"": 907, ""end"": 1008, ""text"": ""Another giant ginkgo tree of similar characteristics in Tokyo is located in the grounds of Oji Shrine""}]",0.005382452048587227,0.021828259863879595
13,15,false,detail,attribute,The camphor tree is a popular photo spot.,False,False,False,907,Another giant ginkgo tree of similar characteristics in Tokyo is located in the grounds of Oji Shrine,[],0.003741512778329237,-0.0027826338107962423
13,16,false,detail,local_text,The final sentence is incomplete.,False,False,False,907,Another giant ginkgo tree of similar characteristics in Tokyo is located in the grounds of Oji Shrine,[],0.004384952607510262,-0.0033082739438466957
13,17,true,detail,local_text,The sentence names a second shrine as a parallel example.,True,True,False,907,Another giant ginkgo tree of similar characteristics in Tokyo is located in the grounds of Oji Shrine,"[{""start"": 907, ""end"": 1008, ""text"": ""Another giant ginkgo tree of similar characteristics in Tokyo is located in the grounds of Oji Shrine""}]",0.0029991158126311257,-0.0033082739438466957
14,0,true,theme,format,The passage follows a Wikipedia article structure for a Eurovision song entry.,False,False,False,845,It was succeeded as Portuguese representative at the 1978 Contest by Gemini with,"[{""start"": 0, ""end"": 146, ""text"": ""\""Portugal no coração\"" (\""Portugal in my heart\"") was the Portuguese entry in the Eurovision Song Contest 1977, performed in Portuguese by Os Amigos.""}]",0.015283999327306397,-0.0017893749783388646
14,1,true,theme,style,The passage follows a consistent factual template.,False,False,False,845,It was succeeded as Portuguese representative at the 1978 Contest by Gemini with,"[{""start"": 0, ""end"": 146, ""text"": ""\""Portugal no coração\"" (\""Portugal in my heart\"") was the Portuguese entry in the Eurovision Song Contest 1977, performed in Portuguese by Os Amigos.""}]",0.004531926322597801,-0.0017893749783388646
14,2,true,theme,topic,The passage covers song details.,False,False,False,845,It was succeeded as Portuguese representative at the 1978 Contest by Gemini with,"[{""start"": 147, ""end"": 197, ""text"": ""The song is a ballad in praise of Portugal itself.""}]",0.00016511689767295668,-0.0017893749783388646
14,3,true,theme,topic,The passage covers contest context.,False,False,False,845,It was succeeded as Portuguese representative at the 1978 Contest by Gemini with,"[{""start"": 578, ""end"": 679, ""text"": ""The song was performed eighth on the night, following Luxembourg's Anne-Marie B. with \""Frère Jacques\""""}]",0.0006499166329336781,-0.0017893749783388646
14,4,true,theme,topic,The passage covers national selection history.,True,True,False,845,It was succeeded as Portuguese representative at the 1978 Contest by Gemini with,"[{""start"": 845, ""end"": 925, ""text"": ""It was succeeded as Portuguese representative at the 1978 Contest by Gemini with""}]",-0.0001033408306736483,-0.0017893749783388646
14,5,true,detail,local_text,The article has systematically covered the song's performance.,False,False,False,845,It was succeeded as Portuguese representative at the 1978 Contest by Gemini with,"[{""start"": 578, ""end"": 620, ""text"": ""The song was performed eighth on the night""}]",0.00024452212961623143,0.0007361855617891155
14,6,true,detail,local_text,The article has systematically covered the song's lyrics.,False,False,False,845,It was succeeded as Portuguese representative at the 1978 Contest by Gemini with,"[{""start"": 198, ""end"": 246, ""text"": ""The song is about freedom, brotherhood and hope.""}]",0.0007658870772828674,0.0007361855617891155
14,7,true,detail,local_text,The article has systematically covered the contest result.,False,False,False,845,It was succeeded as Portuguese representative at the 1978 Contest by Gemini with,"[{""start"": 787, ""end"": 844, ""text"": ""it had received 18 points, placing 14th in a field of 18.""}]",0.0024799373956061466,0.0007361855617891155
14,8,true,detail,local_text,The article has systematically covered national selection.,True,True,False,845,It was succeeded as Portuguese representative at the 1978 Contest by Gemini with,"[{""start"": 845, ""end"": 925, ""text"": ""It was succeeded as Portuguese representative at the 1978 Contest by Gemini with""}]",-0.002605134509079954,0.0007361855617891155
14,9,true,detail,local_text,The article is now completing the standard closing sentence about Portugal's Eurovision representation chain.,True,True,False,845,It was succeeded as Portuguese representative at the 1978 Contest by Gemini with,"[{""start"": 845, ""end"": 925, ""text"": ""It was succeeded as Portuguese representative at the 1978 Contest by Gemini with""}]",0.006713206762919199,0.0007361855617891155
14,10,true,detail,final_token,The final word of the prefix is “with”.,True,False,True,845,It was succeeded as Portuguese representative at the 1978 Contest by Gemini with,"[{""start"": 659, ""end"": 663, ""text"": ""with""}]",0.0021848470979963786,0.0001192701494461268
14,14,false,detail,event,"She won the Portuguese national selection, representing Portugal at the Eurovision Song Contest 1975.",False,False,False,845,It was succeeded as Portuguese representative at the 1978 Contest by Gemini with,[],0.002923653305026974,0.00029395248508112815
14,15,false,entity,identity,The entry was succeeded by Vasco.,False,True,False,845,It was succeeded as Portuguese representative at the 1978 Contest by Gemini with,"[{""start"": 911, ""end"": 925, ""text"": ""by Gemini with""}]",0.011248575733923127,0.015977037025589835
14,17,false,entity,identity,The entry was succeeded by Hugo Vieira.,False,True,False,845,It was succeeded as Portuguese representative at the 1978 Contest by Gemini with,"[{""start"": 911, ""end"": 925, ""text"": ""by Gemini with""}]",0.02145094353863808,0.007384723133740834
15,0,true,theme,format,The passage is a Wikipedia-style list of historical facts.,False,False,False,981,The team also toured in Australia in 1953 and Asia in August 1959,"[{""start"": 0, ""end"": 119, ""text"": ""Hong Kong Chinese official football team (or) was a football team held by the Chinese Football Association of Hong Kong""}]",-0.006609285887671068,0.0009463834108310865
15,1,false,entity,identity,The team described is Chinese Taipei.,False,False,False,981,The team also toured in Australia in 1953 and Asia in August 1959,"[{""start"": 0, ""end"": 40, ""text"": ""Hong Kong Chinese official football team""}]",-0.0017960952334931113,0.0009463834108310865
15,2,true,detail,attribute,The team is defunct.,False,False,False,981,The team also toured in Australia in 1953 and Asia in August 1959,"[{""start"": 302, ""end"": 352, ""text"": ""later Republic of China (Taiwan) from 1949 to 1971""}]",0.008755347762109067,0.0009463834108310865
15,3,true,theme,style,Each sentence covers a distinct diplomatic/competitive detail.,False,False,False,981,The team also toured in Australia in 1953 and Asia in August 1959,"[{""start"": 233, ""end"": 353, ""text"": ""It was a feeder team of China national football team (1947–1949) and later Republic of China (Taiwan) from 1949 to 1971.""}]",0.010574319914417152,0.0009463834108310865
15,4,true,theme,style,The passage follows a pattern of chronological and categorical facts.,False,False,False,981,The team also toured in Australia in 1953 and Asia in August 1959,"[{""start"": 233, ""end"": 353, ""text"": ""It was a feeder team of China national football team (1947–1949) and later Republic of China (Taiwan) from 1949 to 1971.""}]",0.007178728213538599,-0.005688320683462478
15,5,true,theme,topic,The passage covers participation.,False,False,False,981,The team also toured in Australia in 1953 and Asia in August 1959,"[{""start"": 546, ""end"": 725, ""text"": ""The team participated in annual, a competition that Chinese from Hong Kong against Western expatriates from Hong Kong, as well as Ho Ho Cup, a competition against Malayan Chinese.""}]",0.003570198370175137,-0.005688320683462478
15,6,false,theme,topic,The passage covers boycotts.,False,False,False,981,The team also toured in Australia in 1953 and Asia in August 1959,[],0.000567909550758805,-0.005688320683462478
15,7,true,theme,topic,The passage covers diplomatic relations.,False,False,False,981,The team also toured in Australia in 1953 and Asia in August 1959,"[{""start"": 354, ""end"": 545, ""text"": ""Some players of Hong Kong Chinese also chose to represent Hong Kong national football team instead (official match since 1954); none of the player represented China PR national football team.""}]",0.0007978641349507543,-0.005688320683462478
15,8,true,theme,topic,The passage covers tours.,True,True,False,981,The team also toured in Australia in 1953 and Asia in August 1959,"[{""start"": 981, ""end"": 1046, ""text"": ""The team also toured in Australia in 1953 and Asia in August 1959""}]",0.005768151464671467,-0.005688320683462478
15,9,true,detail,local_text,The passage suggests another historical detail or date follows.,True,True,False,981,The team also toured in Australia in 1953 and Asia in August 1959,"[{""start"": 981, ""end"": 1046, ""text"": ""The team also toured in Australia in 1953 and Asia in August 1959""}]",0.0010122896462684272,-0.005688320683462478
15,10,true,detail,final_token,The final word of the prefix is “1959”.,True,True,True,981,The team also toured in Australia in 1953 and Asia in August 1959,"[{""start"": 1042, ""end"": 1046, ""text"": ""1959""}]",-0.0003100796350768986,0.01213555136630251
15,11,true,detail,local_text,The final sentence lists international tour dates.,True,True,False,981,The team also toured in Australia in 1953 and Asia in August 1959,"[{""start"": 981, ""end"": 1046, ""text"": ""The team also toured in Australia in 1953 and Asia in August 1959""}]",0.00026616656706490716,0.01213555136630251
15,12,true,detail,event,The team toured in 1953.,True,True,False,981,The team also toured in Australia in 1953 and Asia in August 1959,"[{""start"": 995, ""end"": 1022, ""text"": ""toured in Australia in 1953""}]",0.10661500115290878,-0.0007354734191967749
15,13,false,entity,identification,The 1953 tour destination was Korea.,False,True,False,981,The team also toured in Australia in 1953 and Asia in August 1959,"[{""start"": 995, ""end"": 1022, ""text"": ""toured in Australia in 1953""}]",0.009897625595401416,0.001527634596004801
15,14,false,detail,attribute,The 1953 tour took place during the Korean War.,False,False,False,981,The team also toured in Australia in 1953 and Asia in August 1959,[],-0.004311538110565283,-0.00017963367634232785
15,19,false,detail,local_text,The final clause is incomplete.,False,False,False,981,The team also toured in Australia in 1953 and Asia in August 1959,[],0.008479800158980977,0.00043258355491204714
16,0,true,theme,format,The passage is a biographical Wikipedia-style article.,False,False,False,845,"She has two children, Kalidas Jayaram and Malavika Jayaram","[{""start"": 0, ""end"": 137, ""text"": ""Ashwathy Kurup, better known by her stage name Parvathy, is an Indian film actress and classical dancer, who appeared in Malayalam films.""}]",-0.0005598686504613148,-0.0006790686212254649
16,1,true,theme,style,The passage follows a consistent structured format.,False,False,False,845,"She has two children, Kalidas Jayaram and Malavika Jayaram","[{""start"": 0, ""end"": 137, ""text"": ""Ashwathy Kurup, better known by her stage name Parvathy, is an Indian film actress and classical dancer, who appeared in Malayalam films.""}]",-0.0018177541636454908,-0.0006790686212254649
16,2,true,theme,topic,The passage covers the subject's life.,False,False,False,845,"She has two children, Kalidas Jayaram and Malavika Jayaram","[{""start"": 138, ""end"": 227, ""text"": ""Parvathy was a popular actress in Malayalam cinema during the late-1980s and early-1990s.""}]",-0.00010438876546214892,-0.0006790686212254649
16,3,true,theme,topic,The passage covers the subject's career.,False,False,False,845,"She has two children, Kalidas Jayaram and Malavika Jayaram","[{""start"": 419, ""end"": 626, ""text"": ""Her notable works include Amrutham Gamaya, Oru Minnaminunginte Nurunguvettam, Thoovanathumbikal (1987), Ponmuttayidunna Tharavu (1988), Vadakkunokkiyantram, Peruvannapurathe Visheshangal and Kireedam (1989).""}]",-0.001295690168722663,-0.0006790686212254649
16,4,true,theme,topic,The passage covers personal details.,False,False,False,845,"She has two children, Kalidas Jayaram and Malavika Jayaram","[{""start"": 627, ""end"": 743, ""text"": ""Parvathy married film actor Jayaram who was her co-star in many films on 7th September 1992 at Town Hall, Ernakulam.""}]",-0.0004746615235315943,-0.0006790686212254649
16,5,false,entity,identity,The subject is Tamil actor Jayanthi.,False,False,False,845,"She has two children, Kalidas Jayaram and Malavika Jayaram","[{""start"": 0, ""end"": 137, ""text"": ""Ashwathy Kurup, better known by her stage name Parvathy, is an Indian film actress and classical dancer, who appeared in Malayalam films.""}]",-0.0018869086494501808,-0.0006790686212254649
16,6,true,detail,local_text,The article has systematically covered career highlights.,False,False,False,845,"She has two children, Kalidas Jayaram and Malavika Jayaram","[{""start"": 419, ""end"": 626, ""text"": ""Her notable works include Amrutham Gamaya, Oru Minnaminunginte Nurunguvettam, Thoovanathumbikal (1987), Ponmuttayidunna Tharavu (1988), Vadakkunokkiyantram, Peruvannapurathe Visheshangal and Kireedam (1989).""}]",-0.0011985201938631285,0.002304853476776225
16,7,true,detail,local_text,The article is now concluding with family/personal life details.,False,False,False,845,"She has two children, Kalidas Jayaram and Malavika Jayaram","[{""start"": 803, ""end"": 844, ""text"": ""She now lives with her family in Chennai.""}]",0.00028615936320441904,0.002304853476776225
16,8,true,detail,local_text,The article follows the pattern of ending with the children's names.,True,True,False,845,"She has two children, Kalidas Jayaram and Malavika Jayaram","[{""start"": 845, ""end"": 903, ""text"": ""She has two children, Kalidas Jayaram and Malavika Jayaram""}]",-0.001884049486959416,0.002304853476776225
16,9,false,detail,final_token,The final word/token of the prefix is “Jagannatharam”.,False,True,True,845,"She has two children, Kalidas Jayaram and Malavika Jayaram","[{""start"": 867, ""end"": 903, ""text"": ""Kalidas Jayaram and Malavika Jayaram""}]",0.00045950093594204766,0.022230704608098506
16,10,false,detail,attribute,"The subject is referred to as male (""he"").",False,False,False,845,"She has two children, Kalidas Jayaram and Malavika Jayaram","[{""start"": 0, ""end"": 82, ""text"": ""Ashwathy Kurup, better known by her stage name Parvathy, is an Indian film actress""}]",0.002120804806297727,0.022230704608098506
16,11,true,detail,quantity,The subject has two children.,True,True,False,845,"She has two children, Kalidas Jayaram and Malavika Jayaram","[{""start"": 845, ""end"": 865, ""text"": ""She has two children""}]",0.003088372752812152,0.007572476816160023
16,12,false,entity,identity,A child is named Karthika Jeyaram.,False,True,False,845,"She has two children, Kalidas Jayaram and Malavika Jayaram","[{""start"": 867, ""end"": 903, ""text"": ""Kalidas Jayaram and Malavika Jayaram""}]",0.11486580364011556,0.007572476816160023
16,14,false,detail,date,The subject retired from acting in 2005.,False,False,False,845,"She has two children, Kalidas Jayaram and Malavika Jayaram","[{""start"": 744, ""end"": 802, ""text"": ""After marriage, Parvathy effectively quit acting in films.""}]",-0.0018737686422464206,-0.0033212098195963824
16,15,false,entity,identity,"The subject is survived by his wife, actress Sripriya.",False,False,False,845,"She has two children, Kalidas Jayaram and Malavika Jayaram","[{""start"": 627, ""end"": 662, ""text"": ""Parvathy married film actor Jayaram""}]",0.003473564464049783,-0.000499290191166013
16,16,false,entity,identity,Another child is named Anirudh Jeyaram.,False,True,False,845,"She has two children, Kalidas Jayaram and Malavika Jayaram","[{""start"": 867, ""end"": 903, ""text"": ""Kalidas Jayaram and Malavika Jayaram""}]",0.06683625067998267,0.007572476816160023
17,0,true,theme,format,The passage is a Wikipedia biographical article.,False,False,False,637,"Zarir was shortly defeated, and fled to the mountains, but was quickly captured and","[{""start"": 0, ""end"": 107, ""text"": ""Zarir (also spelled Zarih) was a Sasanian prince who was the leader of a rebellion in northern Iran in 485.""}]",0.0002267482190654313,0.00266546945327073
17,1,true,theme,style,The passage follows a consistent encyclopedic structure.,False,False,False,637,"Zarir was shortly defeated, and fled to the mountains, but was quickly captured and","[{""start"": 0, ""end"": 107, ""text"": ""Zarir (also spelled Zarih) was a Sasanian prince who was the leader of a rebellion in northern Iran in 485.""}]",-0.00412059595602321,0.00266546945327073
17,2,true,theme,topic,The passage is about a historical Persian rebel figure.,False,False,False,637,"Zarir was shortly defeated, and fled to the mountains, but was quickly captured and","[{""start"": 27, ""end"": 107, ""text"": ""was a Sasanian prince who was the leader of a rebellion in northern Iran in 485.""}]",0.007417654856489708,0.00266546945327073
17,3,true,theme,style,The passage has narrative momentum as a historical account.,False,False,False,637,"Zarir was shortly defeated, and fled to the mountains, but was quickly captured and","[{""start"": 0, ""end"": 107, ""text"": ""Zarir (also spelled Zarih) was a Sasanian prince who was the leader of a rebellion in northern Iran in 485.""}]",-0.0015566811152769588,0.0025409216119004485
17,4,true,detail,local_text,The account details the rebellion's failure.,True,True,False,637,"Zarir was shortly defeated, and fled to the mountains, but was quickly captured and","[{""start"": 637, ""end"": 720, ""text"": ""Zarir was shortly defeated, and fled to the mountains, but was quickly captured and""}]",0.002648671749658993,0.0025409216119004485
17,6,false,entity,identity,The rebel's target/opponent is named Khosrov.,False,False,False,637,"Zarir was shortly defeated, and fled to the mountains, but was quickly captured and","[{""start"": 496, ""end"": 636, ""text"": ""Balash was thus forced to make peace with his enemy Vahan Mamikonian and sent him at the head of an army to suppress the rebellion of Zarir.""}]",0.01864800133182598,0.007601061459552971
17,8,false,entity,identification,He was captured/defeated by a Byzantine general.,False,False,False,637,"Zarir was shortly defeated, and fled to the mountains, but was quickly captured and","[{""start"": 569, ""end"": 635, ""text"": ""sent him at the head of an army to suppress the rebellion of Zarir""}]",0.0003697683468136814,0.0019517451431444455
17,9,true,detail,local_text,His fate reaches an inevitable conclusion (execution or death).,True,True,False,637,"Zarir was shortly defeated, and fled to the mountains, but was quickly captured and","[{""start"": 637, ""end"": 720, ""text"": ""Zarir was shortly defeated, and fled to the mountains, but was quickly captured and""}]",0.006015626051254275,0.0025409216119004485
17,10,true,detail,final_token,The final word of the prefix is “and”.,True,False,True,637,"Zarir was shortly defeated, and fled to the mountains, but was quickly captured and","[{""start"": 312, ""end"": 315, ""text"": ""and""}]",-0.0032122785378583263,-0.003767047262612566
17,11,true,detail,event,He was eventually captured.,True,True,False,637,"Zarir was shortly defeated, and fled to the mountains, but was quickly captured and","[{""start"": 696, ""end"": 720, ""text"": ""was quickly captured and""}]",0.1751160472802641,0.0031089046094580075
17,13,false,detail,attribute,The Byzantine general sent him a letter demanding his submission.,False,False,False,637,"Zarir was shortly defeated, and fled to the mountains, but was quickly captured and",[],0.008331664854781984,-0.0016306814363638011
17,14,true,detail,event,He fled into the mountains.,True,True,False,637,"Zarir was shortly defeated, and fled to the mountains, but was quickly captured and","[{""start"": 669, ""end"": 690, ""text"": ""fled to the mountains""}]",0.01147550394996133,0.0031089046094580075
18,0,true,theme,format,The passage follows a Wikipedia article structure.,False,False,False,1209,"While some have described the Chief's silent and faceless nature as a weakness of the character, other publications have suggested these attributes better allow players to assume his role","[{""start"": 0, ""end"": 129, ""text"": ""MCPON John-117, or \""Master Chief\"", is a fictional character and the protagonist of the Halo fictional universe created by Bungie.""}]",-0.0059941512867364155,0.0021997627777722295
18,1,true,theme,topic,The passage gives biographical/game-development content about Master Chief.,False,False,False,1209,"While some have described the Chief's silent and faceless nature as a weakness of the character, other publications have suggested these attributes better allow players to assume his role","[{""start"": 130, ""end"": 262, ""text"": ""Master Chief is a playable character in the series of science fiction first-person shooter video games, Halo 2, Halo 3, Halo 4, and.""}]",-0.008603981453865428,0.0021997627777722295
18,2,true,theme,style,The passage follows encyclopedic prose conventions throughout.,False,False,False,1209,"While some have described the Chief's silent and faceless nature as a weakness of the character, other publications have suggested these attributes better allow players to assume his role","[{""start"": 0, ""end"": 129, ""text"": ""MCPON John-117, or \""Master Chief\"", is a fictional character and the protagonist of the Halo fictional universe created by Bungie.""}]",-0.004745123975561483,0.0021997627777722295
18,3,true,theme,style,The passage has narrative momentum as a critical reception summary.,False,False,False,1209,"While some have described the Chief's silent and faceless nature as a weakness of the character, other publications have suggested these attributes better allow players to assume his role","[{""start"": 1153, ""end"": 1208, ""text"": ""The character has received a mostly positive reception.""}]",-0.00638668472045989,-0.006829608865913439
18,4,false,detail,local_text,The final sentence is mid-argument.,False,False,False,1209,"While some have described the Chief's silent and faceless nature as a weakness of the character, other publications have suggested these attributes better allow players to assume his role",[],-0.002778904166294449,-0.006829608865913439
18,5,true,detail,local_text,The passage explains why the unnamed protagonist was praised.,True,True,False,1209,"While some have described the Chief's silent and faceless nature as a weakness of the character, other publications have suggested these attributes better allow players to assume his role","[{""start"": 1306, ""end"": 1396, ""text"": ""other publications have suggested these attributes better allow players to assume his role""}]",-0.01614954827757631,-0.006829608865913439
18,6,true,detail,attribute,Players found the character more relatable.,True,True,False,1209,"While some have described the Chief's silent and faceless nature as a weakness of the character, other publications have suggested these attributes better allow players to assume his role","[{""start"": 1306, ""end"": 1396, ""text"": ""other publications have suggested these attributes better allow players to assume his role""}]",-0.0241533029100649,-0.0034335289434703764
18,7,true,detail,event,The character's anonymity/attributes better allow players to assume his role.,True,True,False,1209,"While some have described the Chief's silent and faceless nature as a weakness of the character, other publications have suggested these attributes better allow players to assume his role","[{""start"": 1306, ""end"": 1396, ""text"": ""other publications have suggested these attributes better allow players to assume his role""}]",1.1373853965955472,-0.0034335289434703764
18,8,true,detail,local_text,This implies a concluding clause about immersion or identification.,True,True,False,1209,"While some have described the Chief's silent and faceless nature as a weakness of the character, other publications have suggested these attributes better allow players to assume his role","[{""start"": 1306, ""end"": 1396, ""text"": ""other publications have suggested these attributes better allow players to assume his role""}]",0.0046501276299527605,-0.006829608865913439
18,9,true,detail,final_token,The final word of the prefix is “role”.,True,True,True,1209,"While some have described the Chief's silent and faceless nature as a weakness of the character, other publications have suggested these attributes better allow players to assume his role","[{""start"": 1392, ""end"": 1396, ""text"": ""role""}]",-0.018356284788232924,-0.011437194859745592
18,10,true,detail,local_text,The final clause is a subordinate clause.,True,True,False,1209,"While some have described the Chief's silent and faceless nature as a weakness of the character, other publications have suggested these attributes better allow players to assume his role","[{""start"": 1306, ""end"": 1396, ""text"": ""other publications have suggested these attributes better allow players to assume his role""}]",-0.01172928377436544,-0.011437194859745592
18,11,true,detail,event,Reviewers/publications praised the character's anonymity.,True,True,False,1209,"While some have described the Chief's silent and faceless nature as a weakness of the character, other publications have suggested these attributes better allow players to assume his role","[{""start"": 1306, ""end"": 1396, ""text"": ""other publications have suggested these attributes better allow players to assume his role""}]",-0.006353589263632831,0.001301151074054152
19,0,true,theme,format,The passage is a Wikipedia article that follows a standard song-entry structure.,False,False,False,665,It was succeeded as Austrian representative at the 1989 Contest by Thomas Forstner singing,"[{""start"": 0, ""end"": 109, ""text"": ""\""Lisa Mona Lisa\"" was the Austrian entry in the Eurovision Song Contest 1988, performed in German by Wilfried.""}]",0.013951318118861189,-0.0013508577090938223
19,1,false,entity,identity,The song discussed is titled “Ein bißchen Heimat.”,False,False,False,665,It was succeeded as Austrian representative at the 1989 Contest by Thomas Forstner singing,"[{""start"": 0, ""end"": 39, ""text"": ""\""Lisa Mona Lisa\"" was the Austrian entry""}]",-0.002452033507441498,-0.0013508577090938223
19,2,true,theme,topic,The passage details performance.,False,False,False,665,It was succeeded as Austrian representative at the 1989 Contest by Thomas Forstner singing,"[{""start"": 110, ""end"": 153, ""text"": ""The song was performed twelfth on the night""}]",0.0022978662487223023,-0.0013508577090938223
19,3,true,theme,topic,The passage details chart/contest result.,False,False,False,665,It was succeeded as Austrian representative at the 1989 Contest by Thomas Forstner singing,"[{""start"": 320, ""end"": 384, ""text"": ""it had received no points, placing it last out of a field of 21.""}]",-0.0032436482834456992,-0.0013508577090938223
19,4,true,theme,topic,The passage details context.,False,False,False,665,It was succeeded as Austrian representative at the 1989 Contest by Thomas Forstner singing,"[{""start"": 385, ""end"": 477, ""text"": ""The song is a ballad in which the singer likens the object of his affection to the Mona Lisa""}]",-0.00198806601228374,-0.0013508577090938223
19,5,true,detail,local_text,"The article concludes with a ""next year"" transition.",True,True,False,665,It was succeeded as Austrian representative at the 1989 Contest by Thomas Forstner singing,"[{""start"": 665, ""end"": 755, ""text"": ""It was succeeded as Austrian representative at the 1989 Contest by Thomas Forstner singing""}]",0.0015121890815533723,-0.0007626461549884445
19,6,true,detail,attribute,This is a standard Wikipedia pattern for Eurovision song entries.,True,True,False,665,It was succeeded as Austrian representative at the 1989 Contest by Thomas Forstner singing,"[{""start"": 665, ""end"": 755, ""text"": ""It was succeeded as Austrian representative at the 1989 Contest by Thomas Forstner singing""}]",0.007482633982913378,-0.0007626461549884445
19,7,true,detail,local_text,The article names the successor Austrian representative.,True,True,False,665,It was succeeded as Austrian representative at the 1989 Contest by Thomas Forstner singing,"[{""start"": 665, ""end"": 755, ""text"": ""It was succeeded as Austrian representative at the 1989 Contest by Thomas Forstner singing""}]",0.0007263050743364641,-0.0007626461549884445
19,8,true,detail,final_token,The final word of the prefix is “singing”.,True,True,True,665,It was succeeded as Austrian representative at the 1989 Contest by Thomas Forstner singing,"[{""start"": 748, ""end"": 755, ""text"": ""singing""}]",-0.004136051788490747,-0.007985485702720951
19,9,true,detail,event,The entry was succeeded the following year.,True,True,False,665,It was succeeded as Austrian representative at the 1989 Contest by Thomas Forstner singing,"[{""start"": 665, ""end"": 728, ""text"": ""It was succeeded as Austrian representative at the 1989 Contest""}]",0.05093176256922016,0.07056073921831274
19,10,true,entity,identity,The successor is named Thomas Forstner.,True,True,False,665,It was succeeded as Austrian representative at the 1989 Contest by Thomas Forstner singing,"[{""start"": 729, ""end"": 755, ""text"": ""by Thomas Forstner singing""}]",0.2747279518542447,0.07056073921831274
19,12,false,detail,date,This was Austria's entry in the 1987 Eurovision Song Contest.,False,False,False,665,It was succeeded as Austrian representative at the 1989 Contest by Thomas Forstner singing,"[{""start"": 40, ""end"": 75, ""text"": ""in the Eurovision Song Contest 1988""}]",0.01905394877203692,0.00014214966229797454
19,13,true,detail,local_text,The final sentence is incomplete.,True,True,False,665,It was succeeded as Austrian representative at the 1989 Contest by Thomas Forstner singing,"[{""start"": 729, ""end"": 755, ""text"": ""by Thomas Forstner singing""}]",-0.004849053143958226,-0.0020065848029825473
20,0,true,theme,format,The passage is written in Wikipedia article style.,False,False,False,796,"Due to its architecture and historical significance regarding eighteenth century gold mining, this church is classified on the UNESCO World Heritage List","[{""start"": 0, ""end"": 88, ""text"": ""The Church of Saint Francis of Assisi is a Rococo Catholic church in Ouro Preto, Brazil.""}]",0.01763826085262843,-0.0018917558302318227
20,1,true,theme,topic,The passage gives architectural details.,False,False,False,796,"Due to its architecture and historical significance regarding eighteenth century gold mining, this church is classified on the UNESCO World Heritage List","[{""start"": 384, ""end"": 515, ""text"": ""The circular bell towers and the oculus closed by a relief were original features in religious architecture of that time in Brazil.""}]",-0.000490757196620617,-0.0018917558302318227
20,2,true,theme,topic,The passage gives historical details.,False,False,False,796,"Due to its architecture and historical significance regarding eighteenth century gold mining, this church is classified on the UNESCO World Heritage List","[{""start"": 89, ""end"": 228, ""text"": ""Its erection began in 1766 after a design by the Brazilian architect and sculptor Antônio Francisco Lisboa, otherwise known as Aleijadinho.""}]",-0.002171117902085018,-0.0018917558302318227
20,3,true,theme,style,The passage has narrative momentum.,False,False,False,796,"Due to its architecture and historical significance regarding eighteenth century gold mining, this church is classified on the UNESCO World Heritage List","[{""start"": 0, ""end"": 88, ""text"": ""The Church of Saint Francis of Assisi is a Rococo Catholic church in Ouro Preto, Brazil.""}]",-0.0010819687060488192,-0.0018917558302318227
20,4,true,theme,topic,The article covers location.,False,False,False,796,"Due to its architecture and historical significance regarding eighteenth century gold mining, this church is classified on the UNESCO World Heritage List","[{""start"": 38, ""end"": 88, ""text"": ""is a Rococo Catholic church in Ouro Preto, Brazil.""}]",0.00037776281414092505,-0.00024373717509118542
20,5,true,theme,topic,The article covers history.,False,False,False,796,"Due to its architecture and historical significance regarding eighteenth century gold mining, this church is classified on the UNESCO World Heritage List","[{""start"": 89, ""end"": 115, ""text"": ""Its erection began in 1766""}]",-0.004431909423470604,-0.00024373717509118542
20,6,true,theme,topic,The article covers architecture.,False,False,False,796,"Due to its architecture and historical significance regarding eighteenth century gold mining, this church is classified on the UNESCO World Heritage List","[{""start"": 384, ""end"": 515, ""text"": ""The circular bell towers and the oculus closed by a relief were original features in religious architecture of that time in Brazil.""}]",-0.004461723090757985,-0.00024373717509118542
20,7,true,theme,topic,The article covers cultural significance.,True,True,False,796,"Due to its architecture and historical significance regarding eighteenth century gold mining, this church is classified on the UNESCO World Heritage List","[{""start"": 796, ""end"": 949, ""text"": ""Due to its architecture and historical significance regarding eighteenth century gold mining, this church is classified on the UNESCO World Heritage List""}]",-0.004655612657649799,-0.00024373717509118542
20,8,true,detail,local_text,The article builds toward a concluding statement about the church's heritage status.,True,True,False,796,"Due to its architecture and historical significance regarding eighteenth century gold mining, this church is classified on the UNESCO World Heritage List","[{""start"": 890, ""end"": 949, ""text"": ""this church is classified on the UNESCO World Heritage List""}]",-0.007100352402030552,-0.00024373717509118542
20,9,true,detail,final_token,The final word of the prefix is “List”.,True,True,True,796,"Due to its architecture and historical significance regarding eighteenth century gold mining, this church is classified on the UNESCO World Heritage List","[{""start"": 945, ""end"": 949, ""text"": ""List""}]",-0.0014510931961164708,-0.0008482217572961526
20,10,false,detail,local_text,The final sentence ends as a fragment/mid-thought.,False,False,False,796,"Due to its architecture and historical significance regarding eighteenth century gold mining, this church is classified on the UNESCO World Heritage List",[],7.067414029349184e-05,0.0025598254044114643
20,13,true,detail,event,The church is inscribed on the UNESCO World Heritage List.,True,True,False,796,"Due to its architecture and historical significance regarding eighteenth century gold mining, this church is classified on the UNESCO World Heritage List","[{""start"": 890, ""end"": 949, ""text"": ""this church is classified on the UNESCO World Heritage List""}]",1.3252994911321798,0.021607870277085772
20,15,false,detail,attribute,The church is built in a style typical of the region.,False,False,False,796,"Due to its architecture and historical significance regarding eighteenth century gold mining, this church is classified on the UNESCO World Heritage List","[{""start"": 443, ""end"": 514, ""text"": ""were original features in religious architecture of that time in Brazil""}]",-0.041287316635591154,-0.0024125236732556177
20,16,false,detail,attribute,The church has a large nave.,False,False,False,796,"Due to its architecture and historical significance regarding eighteenth century gold mining, this church is classified on the UNESCO World Heritage List",[],-0.03153900621542538,-0.0024125236732556177
20,17,false,detail,attribute,The church has a tall bell tower.,False,False,False,796,"Due to its architecture and historical significance regarding eighteenth century gold mining, this church is classified on the UNESCO World Heritage List","[{""start"": 384, ""end"": 408, ""text"": ""The circular bell towers""}]",-0.007654293818126545,-0.0024125236732556177
20,18,true,detail,attribute,The church features a notable collection of religious paintings.,False,False,False,796,"Due to its architecture and historical significance regarding eighteenth century gold mining, this church is classified on the UNESCO World Heritage List","[{""start"": 664, ""end"": 724, ""text"": ""richly decorated with golden woodwork, statues and paintings""}]",-0.0034242359611773576,-0.001318041318941865
21,0,false,theme,format,The passage uses an encyclopedic bullet-point format.,False,False,False,521,"This site has been part of several Antarctic milestones, including the first religious marriage, the baptism of Emilio Palma, who was the first recorded birth in Antarctica, and first communion ceremony",[],0.0017412927436905035,-0.0011493559176880552
21,1,true,theme,topic,The passage describes a historical religious landmark.,False,False,False,521,"This site has been part of several Antarctic milestones, including the first religious marriage, the baptism of Emilio Palma, who was the first recorded birth in Antarctica, and first communion ceremony","[{""start"": 0, ""end"": 135, ""text"": ""The Chapel of St. Francis of Assisi () is a chapel of the Roman Catholic Church located on the Esperanza Base administered by Argentina""}]",-0.000310946566733028,-0.0011493559176880552
21,2,false,entity,identification,The chapel is Chilean.,False,False,False,521,"This site has been part of several Antarctic milestones, including the first religious marriage, the baptism of Emilio Palma, who was the first recorded birth in Antarctica, and first communion ceremony","[{""start"": 110, ""end"": 135, ""text"": ""administered by Argentina""}]",0.018306115181346394,-0.0011493559176880552
21,3,true,theme,topic,The passage covers the chapel's significance and milestones.,True,True,False,521,"This site has been part of several Antarctic milestones, including the first religious marriage, the baptism of Emilio Palma, who was the first recorded birth in Antarctica, and first communion ceremony","[{""start"": 521, ""end"": 645, ""text"": ""This site has been part of several Antarctic milestones, including the first religious marriage, the baptism of Emilio Palma""}]",0.0014479656873800373,-0.0011493559176880552
21,4,true,detail,local_text,"The text has been listing notable ""firsts"" and achievements associated with the chapel.",True,True,False,521,"This site has been part of several Antarctic milestones, including the first religious marriage, the baptism of Emilio Palma, who was the first recorded birth in Antarctica, and first communion ceremony","[{""start"": 521, ""end"": 645, ""text"": ""This site has been part of several Antarctic milestones, including the first religious marriage, the baptism of Emilio Palma""}]",0.0018089749652646647,0.0033771002567364317
21,5,true,detail,event,The chapel was the first Catholic church in Antarctica.,False,False,False,521,"This site has been part of several Antarctic milestones, including the first religious marriage, the baptism of Emilio Palma, who was the first recorded birth in Antarctica, and first communion ceremony","[{""start"": 309, ""end"": 369, ""text"": ""it was the first Catholic chapel of the Antarctic continent.""}]",-0.003986218787813134,0.0033771002567364317
21,6,true,detail,event,The chapel had a first priest.,False,False,False,521,"This site has been part of several Antarctic milestones, including the first religious marriage, the baptism of Emilio Palma, who was the first recorded birth in Antarctica, and first communion ceremony","[{""start"": 448, ""end"": 520, ""text"": ""Its first priest was the Jesuit Buenaventura De Filippis, born in Italy.""}]",0.004857272980550165,0.0033771002567364317
21,7,true,detail,event,The site hosted the first wedding.,True,True,False,521,"This site has been part of several Antarctic milestones, including the first religious marriage, the baptism of Emilio Palma, who was the first recorded birth in Antarctica, and first communion ceremony","[{""start"": 578, ""end"": 616, ""text"": ""including the first religious marriage""}]",0.007487413315607316,0.0144744353716183
21,8,true,detail,local_text,The text builds toward a complete enumeration of historic religious events.,True,True,False,521,"This site has been part of several Antarctic milestones, including the first religious marriage, the baptism of Emilio Palma, who was the first recorded birth in Antarctica, and first communion ceremony","[{""start"": 521, ""end"": 723, ""text"": ""This site has been part of several Antarctic milestones, including the first religious marriage, the baptism of Emilio Palma, who was the first recorded birth in Antarctica, and first communion ceremony""}]",0.005346868480094802,0.0033771002567364317
21,9,true,detail,final_token,The final word of the prefix is “ceremony”.,True,True,True,521,"This site has been part of several Antarctic milestones, including the first religious marriage, the baptism of Emilio Palma, who was the first recorded birth in Antarctica, and first communion ceremony","[{""start"": 715, ""end"": 723, ""text"": ""ceremony""}]",0.013342316762626871,0.026236104051350573
21,10,true,detail,local_text,The final clause ends a list of historic firsts.,True,True,False,521,"This site has been part of several Antarctic milestones, including the first religious marriage, the baptism of Emilio Palma, who was the first recorded birth in Antarctica, and first communion ceremony","[{""start"": 521, ""end"": 723, ""text"": ""This site has been part of several Antarctic milestones, including the first religious marriage, the baptism of Emilio Palma, who was the first recorded birth in Antarctica, and first communion ceremony""}]",9.851077441691558e-05,0.026236104051350573
21,11,true,detail,event,The site hosted the first baptism of a child.,True,True,False,521,"This site has been part of several Antarctic milestones, including the first religious marriage, the baptism of Emilio Palma, who was the first recorded birth in Antarctica, and first communion ceremony","[{""start"": 618, ""end"": 693, ""text"": ""the baptism of Emilio Palma, who was the first recorded birth in Antarctica""}]",0.03824961723101794,0.0144744353716183
21,12,false,entity,identification,The list's final item is a first confirmation ceremony.,False,True,False,521,"This site has been part of several Antarctic milestones, including the first religious marriage, the baptism of Emilio Palma, who was the first recorded birth in Antarctica, and first communion ceremony","[{""start"": 695, ""end"": 723, ""text"": ""and first communion ceremony""}]",0.8697594588354616,0.013470357023664725
21,14,false,detail,local_text,The final phrase is incomplete.,False,False,False,521,"This site has been part of several Antarctic milestones, including the first religious marriage, the baptism of Emilio Palma, who was the first recorded birth in Antarctica, and first communion ceremony",[],-0.0016724926289459763,-2.863945640085852e-06
22,0,true,theme,format,The passage follows a standard station-history format.,False,False,False,585,"However, likely in response to the recent licensing of CKFU-FM in the same market at that time, when the station flipped to FM the format was switched to a rock station","[{""start"": 0, ""end"": 124, ""text"": ""CKNL-FM is a Canadian radio station that broadcasts a mainstream rock format at 101.5 FM in Fort St. John, British Columbia.""}]",-0.005221620841406205,-0.0003910787714365149
22,2,true,theme,topic,The passage covers chronological ownership and format changes.,False,False,False,585,"However, likely in response to the recent licensing of CKFU-FM in the same market at that time, when the station flipped to FM the format was switched to a rock station","[{""start"": 336, ""end"": 476, ""text"": ""The station originally began broadcasting June 20, 1962 at 970 AM, and later moved to 560 AM and finally to the FM dial at 101.5 FM in 2003.""}]",-0.0019271313512284616,-0.0003910787714365149
22,3,true,theme,style,The passage has narrative momentum.,False,False,False,585,"However, likely in response to the recent licensing of CKFU-FM in the same market at that time, when the station flipped to FM the format was switched to a rock station","[{""start"": 336, ""end"": 476, ""text"": ""The station originally began broadcasting June 20, 1962 at 970 AM, and later moved to 560 AM and finally to the FM dial at 101.5 FM in 2003.""}]",0.00027238960844711,-0.0026620203504028606
22,4,true,detail,local_text,The text traces the station's evolution from country to rock.,True,True,False,585,"However, likely in response to the recent licensing of CKFU-FM in the same market at that time, when the station flipped to FM the format was switched to a rock station","[{""start"": 712, ""end"": 753, ""text"": ""the format was switched to a rock station""}]",-0.0002901901307150734,-0.0026620203504028606
22,5,true,detail,local_text,The text explains the strategic rationale for the format change.,True,True,False,585,"However, likely in response to the recent licensing of CKFU-FM in the same market at that time, when the station flipped to FM the format was switched to a rock station","[{""start"": 594, ""end"": 679, ""text"": ""likely in response to the recent licensing of CKFU-FM in the same market at that time""}]",0.00973027545188443,-0.0026620203504028606
22,6,true,detail,local_text,The final sentence explains the format change from country to rock.,True,True,False,585,"However, likely in response to the recent licensing of CKFU-FM in the same market at that time, when the station flipped to FM the format was switched to a rock station","[{""start"": 681, ""end"": 753, ""text"": ""when the station flipped to FM the format was switched to a rock station""}]",-0.0037572278264523806,-0.0026620203504028606
22,7,false,entity,identity,The station's brand became “99 Rock.”,False,False,False,585,"However, likely in response to the recent licensing of CKFU-FM in the same market at that time, when the station flipped to FM the format was switched to a rock station","[{""start"": 125, ""end"": 165, ""text"": ""The station is branded as 101.5 The Bear""}]",0.01074920264586865,-0.007246612119161222
22,8,true,detail,final_token,The final word of the prefix is “station”.,True,False,True,585,"However, likely in response to the recent licensing of CKFU-FM in the same market at that time, when the station flipped to FM the format was switched to a rock station","[{""start"": 28, ""end"": 35, ""text"": ""station""}]",0.003692634720706245,0.006422602031112334
22,11,true,detail,event,The format was changed from country to a rock station.,True,True,False,585,"However, likely in response to the recent licensing of CKFU-FM in the same market at that time, when the station flipped to FM the format was switched to a rock station","[{""start"": 712, ""end"": 753, ""text"": ""the format was switched to a rock station""}]",0.4442502050811137,0.05511855303822566
22,13,true,detail,attribute,The station was initially planned as a country station.,False,False,False,585,"However, likely in response to the recent licensing of CKFU-FM in the same market at that time, when the station flipped to FM the format was switched to a rock station","[{""start"": 508, ""end"": 583, ""text"": ""the station was to continue the country music format of the former 560 CKNL""}]",0.00913718957881704,0.05511855303822566
22,15,true,detail,local_text,The final clause mirrors the opening description.,False,False,False,585,"However, likely in response to the recent licensing of CKFU-FM in the same market at that time, when the station flipped to FM the format was switched to a rock station","[{""start"": 36, ""end"": 76, ""text"": ""that broadcasts a mainstream rock format""}]",0.005964820641641055,0.00014574723289628722
23,0,true,theme,format,The passage is in a biographical encyclopedia (Dictionary of Canadian Biography) format.,False,False,False,775,His son Joseph-Octave was a member of the Quebec legislative assembly,"[{""start"": 0, ""end"": 107, ""text"": ""Joseph Octave Mousseau (April 25, 1844 – December 13, 1898) was a physician and political figure in Quebec.""}]",-0.009357853646947634,0.0016853970700483334
23,1,true,theme,style,The passage has consistent structured facts.,False,False,False,775,His son Joseph-Octave was a member of the Quebec legislative assembly,"[{""start"": 0, ""end"": 107, ""text"": ""Joseph Octave Mousseau (April 25, 1844 – December 13, 1898) was a physician and political figure in Quebec.""}]",0.005925616472726047,0.0016853970700483334
23,2,true,detail,attribute,The subject is a 19th-century Canadian politician.,False,False,False,775,His son Joseph-Octave was a member of the Quebec legislative assembly,"[{""start"": 60, ""end"": 107, ""text"": ""was a physician and political figure in Quebec.""}]",0.006121436190829721,0.0016853970700483334
23,3,true,detail,local_text,"The entry follows a pattern of listing political roles, elections, and family connections.",False,False,False,775,His son Joseph-Octave was a member of the Quebec legislative assembly,"[{""start"": 108, ""end"": 210, ""text"": ""He represented Soulanges in the House of Commons of Canada from 1891 to 1892 as an Independent member.""}]",0.013464594239278593,0.001400536759065374
23,4,false,entity,identity,The subject is named William H. Emery.,False,False,False,775,His son Joseph-Octave was a member of the Quebec legislative assembly,"[{""start"": 0, ""end"": 59, ""text"": ""Joseph Octave Mousseau (April 25, 1844 – December 13, 1898)""}]",0.0038976334594716944,0.001400536759065374
23,5,true,theme,style,Each sentence adds a new biographical detail.,False,False,False,775,His son Joseph-Octave was a member of the Quebec legislative assembly,"[{""start"": 108, ""end"": 210, ""text"": ""He represented Soulanges in the House of Commons of Canada from 1891 to 1892 as an Independent member.""}]",0.00288895215794982,0.001400536759065374
23,6,true,detail,final_token,The final word of the prefix is “assembly”.,True,True,True,775,His son Joseph-Octave was a member of the Quebec legislative assembly,"[{""start"": 836, ""end"": 844, ""text"": ""assembly""}]",-0.007073694080950155,-0.0047989495451773445
23,7,false,detail,local_text,The final sentence ends as a fragment.,False,False,False,775,His son Joseph-Octave was a member of the Quebec legislative assembly,[],-0.0011605346299115027,-0.0047989495451773445
23,8,true,detail,local_text,The final sentence introduces a relative's political career.,True,True,False,775,His son Joseph-Octave was a member of the Quebec legislative assembly,"[{""start"": 775, ""end"": 844, ""text"": ""His son Joseph-Octave was a member of the Quebec legislative assembly""}]",-0.006687577704479031,-0.0047989495451773445
23,9,true,detail,event,His son was a member of the Quebec legislative assembly.,True,True,False,775,His son Joseph-Octave was a member of the Quebec legislative assembly,"[{""start"": 775, ""end"": 844, ""text"": ""His son Joseph-Octave was a member of the Quebec legislative assembly""}]",1.0310895462363228,9.78303341558906e-06
23,10,false,entity,identity,The son's name was William.,False,True,False,775,His son Joseph-Octave was a member of the Quebec legislative assembly,"[{""start"": 775, ""end"": 844, ""text"": ""His son Joseph-Octave was a member of the Quebec legislative assembly""}]",0.05295736127888251,-0.0005233845932134384
23,12,false,detail,event,He served in the U.S. Congress from 1893 to 1903.,False,False,False,775,His son Joseph-Octave was a member of the Quebec legislative assembly,"[{""start"": 108, ""end"": 166, ""text"": ""He represented Soulanges in the House of Commons of Canada""}]",-0.010988864292694966,-0.0016205414110980199
23,13,false,detail,event,He was defeated in 1904.,False,False,False,775,His son Joseph-Octave was a member of the Quebec legislative assembly,"[{""start"": 41, ""end"": 58, ""text"": ""December 13, 1898""}]",0.001069407747330331,-0.0011140504005160423
24,0,true,theme,format,The passage follows a Wikipedia biographical article structure.,False,False,False,1405,De Masi died of cancer at the age of 75,"[{""start"": 0, ""end"": 103, ""text"": ""Francesco De Masi (11 January 1930 – 6 November 2005) was an Italian conductor and film score composer.""}]",-0.004615588476637678,-0.0015559327626193387
24,1,true,theme,topic,The passage covers career.,False,False,False,1405,De Masi died of cancer at the age of 75,"[{""start"": 104, ""end"": 177, ""text"": ""He studied composition at the San Pietro a Maiella Conservatory in Naples""}]",-0.006509989146264328,-0.0015559327626193387
24,2,true,theme,topic,The passage covers filmography.,False,False,False,1405,De Masi died of cancer at the age of 75,"[{""start"": 366, ""end"": 436, ""text"": ""De Masi's filmography includes scores for over 200 films and TV series""}]",-0.0038956998976428237,-0.0015559327626193387
24,3,true,theme,topic,The passage covers legacy.,False,False,False,1405,De Masi died of cancer at the age of 75,"[{""start"": 725, ""end"": 786, ""text"": ""but he is best remembered for his work on spaghetti westerns.""}]",0.0013208524108734299,-0.0015559327626193387
24,4,true,detail,local_text,The passage is now concluding with death details.,True,True,False,1405,De Masi died of cancer at the age of 75,"[{""start"": 1405, ""end"": 1444, ""text"": ""De Masi died of cancer at the age of 75""}]",-0.0035670453560883164,-0.0015559327626193387
24,5,true,detail,local_text,"The article has systematically covered life, career, and notable works.",False,False,False,1405,De Masi died of cancer at the age of 75,"[{""start"": 366, ""end"": 436, ""text"": ""De Masi's filmography includes scores for over 200 films and TV series""}]",0.000880335350113115,-0.00034280095951300105
24,6,false,entity,identity,The subject is an Italian actor.,False,False,False,1405,De Masi died of cancer at the age of 75,"[{""start"": 54, ""end"": 103, ""text"": ""was an Italian conductor and film score composer.""}]",-0.0023261252447881464,-0.00034280095951300105
24,8,true,theme,style,The passage follows a consistent encyclopedic pattern throughout.,False,False,False,1405,De Masi died of cancer at the age of 75,"[{""start"": 0, ""end"": 103, ""text"": ""Francesco De Masi (11 January 1930 – 6 November 2005) was an Italian conductor and film score composer.""}]",-0.0024385977798192515,-0.00034280095951300105
24,9,true,detail,final_token,The final word of the prefix is “75”.,True,True,True,1405,De Masi died of cancer at the age of 75,"[{""start"": 1442, ""end"": 1444, ""text"": ""75""}]",-0.012203436584887317,-0.004074602538181038
24,10,true,detail,local_text,The final sentence is the death sentence.,True,True,False,1405,De Masi died of cancer at the age of 75,"[{""start"": 1405, ""end"": 1444, ""text"": ""De Masi died of cancer at the age of 75""}]",-0.005960336483990525,-0.004074602538181038
24,12,true,detail,quantity,He died at age 75.,True,True,False,1405,De Masi died of cancer at the age of 75,"[{""start"": 1428, ""end"": 1444, ""text"": ""at the age of 75""}]",0.8438377154294523,0.05443547681749017
24,14,false,detail,date,The article's opening states he died in 2001.,False,False,False,1405,De Masi died of cancer at the age of 75,"[{""start"": 19, ""end"": 52, ""text"": ""11 January 1930 – 6 November 2005""}]",0.009334535803709132,-0.00053568138659843
25,0,true,theme,genre,The passage is a historical narrative essay.,False,False,False,2036,"One of the most powerful governmental bodies of Republican Venice, the Council of Ten, soon convened to discuss the rumors","[{""start"": 0, ""end"": 105, ""text"": ""The Faliero Coup was a failed 1355 coup designed to overthrow Venice's established republican government.""}]",-0.005823779158780296,-0.0004850327398228105
25,1,false,detail,event,The passage builds toward the climax of a 1905 assassination plot.,False,False,False,2036,"One of the most powerful governmental bodies of Republican Venice, the Council of Ten, soon convened to discuss the rumors","[{""start"": 0, ""end"": 105, ""text"": ""The Faliero Coup was a failed 1355 coup designed to overthrow Venice's established republican government.""}]",0.014407093633373447,-0.0004850327398228105
25,2,true,theme,style,The passage shows consistent chronological progression through events.,False,False,False,2036,"One of the most powerful governmental bodies of Republican Venice, the Council of Ten, soon convened to discuss the rumors","[{""start"": 1366, ""end"": 1509, ""text"": ""Faliero convened with two popular, wealthy, public figures who also had quarlles with the noblility: Bertuccio Isarello and Filippo Calendario.""}, {""start"": 1812, ""end"": 2035, ""text"": ""rumors of unrest quickly began to spread throughout the city and, the Venetian people, fearing the civil turmoil which was swelling up all around them in northern Italy and Byzantium, reported the rumors to the authorities.""}]",0.0016792115345428682,-0.0004850327398228105
25,3,true,detail,event,The essay detailed the plot's formation.,False,False,False,2036,"One of the most powerful governmental bodies of Republican Venice, the Council of Ten, soon convened to discuss the rumors","[{""start"": 1556, ""end"": 1720, ""text"": ""he laid out his plan: Faliero and Isarello would recruit 20 trusted men who would assist in the overthrow of the government, who would each in turn recruit 40 each.""}]",0.00481541789730755,-0.003469383794046932
25,4,false,detail,event,The essay detailed anonymous letters as part of the plot's discovery.,False,False,False,2036,"One of the most powerful governmental bodies of Republican Venice, the Council of Ten, soon convened to discuss the rumors",[],0.00848805830359567,0.00044076249840563353
25,5,true,detail,event,The essay detailed the spreading rumors.,False,False,False,2036,"One of the most powerful governmental bodies of Republican Venice, the Council of Ten, soon convened to discuss the rumors","[{""start"": 1812, ""end"": 1872, ""text"": ""rumors of unrest quickly began to spread throughout the city""}]",-0.0015843068123710946,-0.003469383794046932
25,8,true,detail,final_token,"The final token is ""rumors"".",True,True,True,2036,"One of the most powerful governmental bodies of Republican Venice, the Council of Ten, soon convened to discuss the rumors","[{""start"": 2103, ""end"": 2158, ""text"": ""the Council of Ten, soon convened to discuss the rumors""}]",-0.0004905217918739213,0.00014322935019317473
25,9,false,detail,local_text,The passage's final sentence closes as an incomplete fragment.,False,True,False,2036,"One of the most powerful governmental bodies of Republican Venice, the Council of Ten, soon convened to discuss the rumors","[{""start"": 2103, ""end"": 2158, ""text"": ""the Council of Ten, soon convened to discuss the rumors""}]",-0.001189092373371059,0.004613837089675887
25,10,false,entity,identification,"The rumors reached the attention of a Roman prefect, who began investigating them.",False,False,False,2036,"One of the most powerful governmental bodies of Republican Venice, the Council of Ten, soon convened to discuss the rumors",[],1.21362616876743,0.004613837089675887
26,0,true,theme,format,The passage is a Wikipedia-style airport article.,False,False,False,924,"Oakland / Troy was formerly designated 7D2 but changed March 17, 2005 after an automated weather station was installed at the field","[{""start"": 0, ""end"": 165, ""text"": ""Oakland / Troy Airport is a county-owned public-use airport located east of the central business district of Troy, a city in Oakland County, Michigan, United States.""}]",-0.0010541812610076473,0.0033461619864258996
26,1,true,theme,style,The article has structured factual entries.,False,False,False,924,"Oakland / Troy was formerly designated 7D2 but changed March 17, 2005 after an automated weather station was installed at the field","[{""start"": 0, ""end"": 165, ""text"": ""Oakland / Troy Airport is a county-owned public-use airport located east of the central business district of Troy, a city in Oakland County, Michigan, United States.""}]",0.0025645144575633383,0.0033461619864258996
26,2,false,theme,format,The article mixes prose and table data.,False,False,False,924,"Oakland / Troy was formerly designated 7D2 but changed March 17, 2005 after an automated weather station was installed at the field",[],0.006267434917461734,0.0033461619864258996
26,3,false,entity,identity,The passage is about Grand Forks Regional Airport.,False,False,False,924,"Oakland / Troy was formerly designated 7D2 but changed March 17, 2005 after an automated weather station was installed at the field","[{""start"": 0, ""end"": 165, ""text"": ""Oakland / Troy Airport is a county-owned public-use airport located east of the central business district of Troy, a city in Oakland County, Michigan, United States.""}]",-0.0018923878753552836,0.0033461619864258996
26,4,true,theme,topic,The text describes the airport's FAA identifier history.,False,False,False,924,"Oakland / Troy was formerly designated 7D2 but changed March 17, 2005 after an automated weather station was installed at the field","[{""start"": 924, ""end"": 1055, ""text"": ""Oakland / Troy was formerly designated 7D2 but changed March 17, 2005 after an automated weather station was installed at the field""}, {""start"": 794, ""end"": 880, ""text"": ""Oakland / Troy Airport is assigned VLL by the FAA but has no designation from the IATA""}]",0.004049180779641115,-0.0013105860807043346
26,5,false,detail,local_text,The text is mid-sentence.,False,True,False,924,"Oakland / Troy was formerly designated 7D2 but changed March 17, 2005 after an automated weather station was installed at the field","[{""start"": 1029, ""end"": 1055, ""text"": ""was installed at the field""}]",0.0013300360515912102,-0.0013105860807043346
26,6,false,detail,event,The identifier transitioned from GFK to GFD.,False,False,False,924,"Oakland / Troy was formerly designated 7D2 but changed March 17, 2005 after an automated weather station was installed at the field","[{""start"": 924, ""end"": 993, ""text"": ""Oakland / Troy was formerly designated 7D2 but changed March 17, 2005""}, {""start"": 794, ""end"": 843, ""text"": ""Oakland / Troy Airport is assigned VLL by the FAA""}]",0.003412699056911328,-0.0013105860807043346
26,7,false,detail,cause,The identifier change was due to Class D airspace designation and ATIS installation.,False,True,False,924,"Oakland / Troy was formerly designated 7D2 but changed March 17, 2005 after an automated weather station was installed at the field","[{""start"": 994, ""end"": 1055, ""text"": ""after an automated weather station was installed at the field""}]",-0.01177916203162721,-0.0013105860807043346
26,8,true,detail,final_token,"The final token is ""field"".",True,True,True,924,"Oakland / Troy was formerly designated 7D2 but changed March 17, 2005 after an automated weather station was installed at the field","[{""start"": 1033, ""end"": 1055, ""text"": ""installed at the field""}]",-0.0020728898181665567,0.002869822112885334
26,9,true,detail,event,The final clause explains the identifier change.,True,True,False,924,"Oakland / Troy was formerly designated 7D2 but changed March 17, 2005 after an automated weather station was installed at the field","[{""start"": 924, ""end"": 1055, ""text"": ""Oakland / Troy was formerly designated 7D2 but changed March 17, 2005 after an automated weather station was installed at the field""}]",0.005251976765121347,0.002869822112885334
26,10,false,detail,event,The identifier change was made after an ATC radio beacon was installed at the field.,False,True,False,924,"Oakland / Troy was formerly designated 7D2 but changed March 17, 2005 after an automated weather station was installed at the field","[{""start"": 1000, ""end"": 1055, ""text"": ""an automated weather station was installed at the field""}]",0.010710712680163326,0.002869822112885334
26,12,false,entity,identity,Grand Forks Airport received the GFD identifier in 2005.,False,False,False,924,"Oakland / Troy was formerly designated 7D2 but changed March 17, 2005 after an automated weather station was installed at the field","[{""start"": 924, ""end"": 993, ""text"": ""Oakland / Troy was formerly designated 7D2 but changed March 17, 2005""}, {""start"": 794, ""end"": 843, ""text"": ""Oakland / Troy Airport is assigned VLL by the FAA""}]",0.009936422990896476,0.0019983609701417215
26,13,false,detail,event,The airport was added to the FAA's National Flight Plan Database.,False,False,False,924,"Oakland / Troy was formerly designated 7D2 but changed March 17, 2005 after an automated weather station was installed at the field",[],0.003973653987875414,0.0019983609701417215
26,14,true,detail,event,The identifier change was made after an automated weather observer system was installed at the field.,True,True,False,924,"Oakland / Troy was formerly designated 7D2 but changed March 17, 2005 after an automated weather station was installed at the field","[{""start"": 924, ""end"": 1055, ""text"": ""Oakland / Troy was formerly designated 7D2 but changed March 17, 2005 after an automated weather station was installed at the field""}]",0.013563459067122974,0.0019983609701417215
26,15,false,detail,local_text,"""field"" ends a sentence fragment.",False,True,False,924,"Oakland / Troy was formerly designated 7D2 but changed March 17, 2005 after an automated weather station was installed at the field","[{""start"": 1029, ""end"": 1055, ""text"": ""was installed at the field""}]",0.0031966075917855274,0.0019983609701417215
26,17,true,theme,topic,The passage is about a local airport.,False,False,False,924,"Oakland / Troy was formerly designated 7D2 but changed March 17, 2005 after an automated weather station was installed at the field","[{""start"": 0, ""end"": 165, ""text"": ""Oakland / Troy Airport is a county-owned public-use airport located east of the central business district of Troy, a city in Oakland County, Michigan, United States.""}]",0.0015093518964565122,0.001779773042793975
27,0,true,theme,format,The passage is a Wikipedia article.,False,False,False,2476,A legitimate publisher in one jurisdiction may assist writers from elsewhere to circumvent their own laws by enabling them to publish abroad,"[{""start"": 0, ""end"": 214, ""text"": ""Clandestine literature, also called \""underground literature\"", refers to a type of editorial and publishing process that involves self-publishing works, often in contradiction with the legal standards of a location.""}]",-0.1335717563501546,0.018281247310489857
27,1,true,theme,topic,The passage is about censorship.,False,False,False,2476,A legitimate publisher in one jurisdiction may assist writers from elsewhere to circumvent their own laws by enabling them to publish abroad,"[{""start"": 215, ""end"": 318, ""text"": ""Clandestine literature is often an attempt to circumvent censorship, prosecution, or other suppression.""}, {""start"": 843, ""end"": 969, ""text"": ""usually containing texts that would have been considered highly blasphemous by the Ancien Régime, or even straight out atheist""}]",-0.08483685926366857,0.018281247310489857
27,2,true,theme,style,The passage systematically covers historical and legal dimensions.,False,False,False,2476,A legitimate publisher in one jurisdiction may assist writers from elsewhere to circumvent their own laws by enabling them to publish abroad,"[{""start"": 459, ""end"": 546, ""text"": ""Examples of clandestine literature include the Samizdat literature of Soviet dissidents""}, {""start"": 152, ""end"": 213, ""text"": ""often in contradiction with the legal standards of a location""}]",-0.03362947660427351,0.018281247310489857
27,3,true,theme,style,The passage has an encyclopedic register throughout.,False,False,False,2476,A legitimate publisher in one jurisdiction may assist writers from elsewhere to circumvent their own laws by enabling them to publish abroad,"[{""start"": 0, ""end"": 214, ""text"": ""Clandestine literature, also called \""underground literature\"", refers to a type of editorial and publishing process that involves self-publishing works, often in contradiction with the legal standards of a location.""}]",0.003309135734632873,0.018281247310489857
27,4,true,theme,topic,The passage catalogues various forms and mechanisms of censorship evasion.,False,False,False,2476,A legitimate publisher in one jurisdiction may assist writers from elsewhere to circumvent their own laws by enabling them to publish abroad,"[{""start"": 459, ""end"": 657, ""text"": ""Examples of clandestine literature include the Samizdat literature of Soviet dissidents; the Aljamiado literature of Al-Andalus Spain; and the nushu writing of some upper-class women in Hunan, China""}]",0.038438327309868514,-0.008016823655946248
27,5,true,theme,topic,The passage discusses jurisdictional loopholes.,False,False,False,2476,A legitimate publisher in one jurisdiction may assist writers from elsewhere to circumvent their own laws by enabling them to publish abroad,"[{""start"": 1317, ""end"": 1480, ""text"": ""The clandestine literature of 18th century France also consisted of printed works produced in neighbouring Switzerland or the Netherlands and smuggled into France.""}]",-0.009742027807491116,-0.008016823655946248
27,6,true,detail,local_text,The passage builds toward a final point about foreign publication as a workaround.,True,True,False,2476,A legitimate publisher in one jurisdiction may assist writers from elsewhere to circumvent their own laws by enabling them to publish abroad,"[{""start"": 2476, ""end"": 2616, ""text"": ""A legitimate publisher in one jurisdiction may assist writers from elsewhere to circumvent their own laws by enabling them to publish abroad""}]",0.01680062971621754,-0.008016823655946248
27,7,true,detail,final_token,"The final token is ""abroad"".",True,True,True,2476,A legitimate publisher in one jurisdiction may assist writers from elsewhere to circumvent their own laws by enabling them to publish abroad,"[{""start"": 2585, ""end"": 2616, ""text"": ""enabling them to publish abroad""}]",-0.01602943593387951,0.007078583800259941
27,8,true,detail,event,The final sentence explains how publishers could bypass domestic restrictions by publishing in jurisdictions with looser laws.,True,True,False,2476,A legitimate publisher in one jurisdiction may assist writers from elsewhere to circumvent their own laws by enabling them to publish abroad,"[{""start"": 2476, ""end"": 2616, ""text"": ""A legitimate publisher in one jurisdiction may assist writers from elsewhere to circumvent their own laws by enabling them to publish abroad""}]",-0.013252195107595233,0.007078583800259941
27,9,true,detail,event,Publishers could help authors circumvent domestic legal restrictions by enabling them to publish abroad.,True,True,False,2476,A legitimate publisher in one jurisdiction may assist writers from elsewhere to circumvent their own laws by enabling them to publish abroad,"[{""start"": 2476, ""end"": 2616, ""text"": ""A legitimate publisher in one jurisdiction may assist writers from elsewhere to circumvent their own laws by enabling them to publish abroad""}]",0.05385125612535435,0.012667062708757615
27,10,true,detail,local_text,The sentence is grammatically complete.,True,True,False,2476,A legitimate publisher in one jurisdiction may assist writers from elsewhere to circumvent their own laws by enabling them to publish abroad,"[{""start"": 2585, ""end"": 2616, ""text"": ""enabling them to publish abroad""}]",-0.0009345345154587736,0.007078583800259941
28,0,true,theme,format,The passage is a Wikipedia article.,False,False,False,989,"Other Brazilian cities that trade with Santa Elena de Uairen are Manaus, Santarém, Macapá, Belém","[{""start"": 0, ""end"": 144, ""text"": ""Santa Elena de Uairén () is a small Venezuelan city (29,795 inhabitants in 2006) in the state of Bolívar near the border with Brazil and Guyana.""}]",0.010923615983726043,0.0034655235729188494
28,1,false,entity,identity,"The passage is about São Tomé, Brazil.",False,False,False,989,"Other Brazilian cities that trade with Santa Elena de Uairen are Manaus, Santarém, Macapá, Belém","[{""start"": 0, ""end"": 144, ""text"": ""Santa Elena de Uairén () is a small Venezuelan city (29,795 inhabitants in 2006) in the state of Bolívar near the border with Brazil and Guyana.""}]",-0.01402767245937242,0.0034655235729188494
28,2,true,theme,style,The passage follows encyclopedic structure.,False,False,False,989,"Other Brazilian cities that trade with Santa Elena de Uairen are Manaus, Santarém, Macapá, Belém","[{""start"": 0, ""end"": 144, ""text"": ""Santa Elena de Uairén () is a small Venezuelan city (29,795 inhabitants in 2006) in the state of Bolívar near the border with Brazil and Guyana.""}]",0.0013510687824660472,0.0034655235729188494
28,3,true,theme,style,"The passage contains historical, demographic, and geographic details throughout.",False,False,False,989,"Other Brazilian cities that trade with Santa Elena de Uairen are Manaus, Santarém, Macapá, Belém","[{""start"": 145, ""end"": 192, ""text"": ""It was Founded by Lucas Fernandez Peña in 1923.""}, {""start"": 0, ""end"": 144, ""text"": ""Santa Elena de Uairén () is a small Venezuelan city (29,795 inhabitants in 2006) in the state of Bolívar near the border with Brazil and Guyana.""}]",0.0022290497404096055,0.0034655235729188494
28,4,false,theme,format,The text has shifted into a user comment section.,False,False,False,989,"Other Brazilian cities that trade with Santa Elena de Uairen are Manaus, Santarém, Macapá, Belém",[],-0.013748980073383432,-0.011462388633111109
28,5,true,theme,topic,The passage discusses trade routes between Santa Elena and Brazil.,False,False,False,989,"Other Brazilian cities that trade with Santa Elena de Uairen are Manaus, Santarém, Macapá, Belém","[{""start"": 856, ""end"": 988, ""text"": ""Santa Elena sees a busy exchange between the two countries of Brazilian consumer products from Brazil and Venezuelan oil and petrol.""}]",-0.00716049771270022,-0.011462388633111109
28,6,false,theme,topic,The passage discusses historical connections with Brazil.,False,False,False,989,"Other Brazilian cities that trade with Santa Elena de Uairen are Manaus, Santarém, Macapá, Belém",[],0.0008540378865666831,-0.011462388633111109
28,9,true,detail,final_token,"The final token is ""Belém"".",True,True,True,989,"Other Brazilian cities that trade with Santa Elena de Uairen are Manaus, Santarém, Macapá, Belém","[{""start"": 1054, ""end"": 1085, ""text"": ""Manaus, Santarém, Macapá, Belém""}]",-0.002105106363326281,0.008127562614517192
28,10,true,detail,local_text,Belém is the last item in a comma-separated list of Brazilian cities.,True,True,False,989,"Other Brazilian cities that trade with Santa Elena de Uairen are Manaus, Santarém, Macapá, Belém","[{""start"": 989, ""end"": 1085, ""text"": ""Other Brazilian cities that trade with Santa Elena de Uairen are Manaus, Santarém, Macapá, Belém""}]",-0.009893140179598747,0.008127562614517192
28,11,false,detail,attribute,The cities in the list are northeastern/northern Brazilian cities.,False,False,False,989,"Other Brazilian cities that trade with Santa Elena de Uairen are Manaus, Santarém, Macapá, Belém",[],-0.007815603829322781,0.008127562614517192
28,12,false,detail,exact_words,"The passage's city list reads ""Natal, Aracaju, Salvador, Fortaleza, Macapá, Belém"".",False,True,False,989,"Other Brazilian cities that trade with Santa Elena de Uairen are Manaus, Santarém, Macapá, Belém","[{""start"": 1054, ""end"": 1085, ""text"": ""Manaus, Santarém, Macapá, Belém""}]",-0.03345456460369667,0.008127562614517192
28,14,false,detail,attribute,Belém is part of an Amazonian river/port city sequence in Brazil's Pará region.,False,False,False,989,"Other Brazilian cities that trade with Santa Elena de Uairen are Manaus, Santarém, Macapá, Belém",[],0.02933997294229873,-0.00017948905818976346
28,15,false,detail,event,People would travel to other cities in Brazil from Santa Elena.,False,False,False,989,"Other Brazilian cities that trade with Santa Elena de Uairen are Manaus, Santarém, Macapá, Belém",[],-0.004616507845427886,-0.0010034158055800546
28,16,false,detail,exact_words,"The list of cities includes ""Boa Vista, Macapá, Santarém, Belém"".",False,True,False,989,"Other Brazilian cities that trade with Santa Elena de Uairen are Manaus, Santarém, Macapá, Belém","[{""start"": 1054, ""end"": 1085, ""text"": ""Manaus, Santarém, Macapá, Belém""}]",0.008514500109866097,-0.0010034158055800546
29,0,true,theme,style,The passage has an informational/expository tone.,False,False,False,724,"A series of seventeen different Washington state crime scenes involving seven firearms, and three different agencies in two counties, was identified using information provided by IBIS / NIBIN","[{""start"": 0, ""end"": 118, ""text"": ""The National Integrated Ballistic Information Network or NIBIN is a specialized computer network in the United States.""}]",0.0014393674308235127,0.01026860412960906
29,1,true,theme,topic,The passage explains a law enforcement technology.,False,False,False,724,"A series of seventeen different Washington state crime scenes involving seven firearms, and three different agencies in two counties, was identified using information provided by IBIS / NIBIN","[{""start"": 265, ""end"": 423, ""text"": ""NIBIN enables U.S. law enforcers to rapidly determine if a piece of recovered ballistic evidence came from a firearm that has been previously used in a crime.""}]",0.0030572788419126473,0.01026860412960906
29,3,true,theme,style,The passage contains factual claims and statistics throughout.,True,True,False,724,"A series of seventeen different Washington state crime scenes involving seven firearms, and three different agencies in two counties, was identified using information provided by IBIS / NIBIN","[{""start"": 724, ""end"": 915, ""text"": ""A series of seventeen different Washington state crime scenes involving seven firearms, and three different agencies in two counties, was identified using information provided by IBIS / NIBIN""}]",0.008288965928884506,0.01026860412960906
29,4,true,detail,local_text,The passage builds toward a concrete success story.,True,True,False,724,"A series of seventeen different Washington state crime scenes involving seven firearms, and three different agencies in two counties, was identified using information provided by IBIS / NIBIN","[{""start"": 724, ""end"": 915, ""text"": ""A series of seventeen different Washington state crime scenes involving seven firearms, and three different agencies in two counties, was identified using information provided by IBIS / NIBIN""}]",-0.003073944191760658,-2.9365566760475303e-05
29,6,true,detail,local_text,The final sentence introduces a real-world case outcome.,True,True,False,724,"A series of seventeen different Washington state crime scenes involving seven firearms, and three different agencies in two counties, was identified using information provided by IBIS / NIBIN","[{""start"": 724, ""end"": 915, ""text"": ""A series of seventeen different Washington state crime scenes involving seven firearms, and three different agencies in two counties, was identified using information provided by IBIS / NIBIN""}]",-0.0026219899851835926,-2.9365566760475303e-05
29,8,false,detail,local_text,The passage closes a sentence fragment.,False,True,False,724,"A series of seventeen different Washington state crime scenes involving seven firearms, and three different agencies in two counties, was identified using information provided by IBIS / NIBIN","[{""start"": 891, ""end"": 915, ""text"": ""provided by IBIS / NIBIN""}]",0.0035599818410467776,0.009772804544030844
29,9,false,detail,exact_words,"The system is called CBISIN, as part of CODIS/CBISIN.",False,False,False,724,"A series of seventeen different Washington state crime scenes involving seven firearms, and three different agencies in two counties, was identified using information provided by IBIS / NIBIN",[],0.033352338575939666,0.009772804544030844
29,12,true,detail,event,The system can help identify patterns of crimes that would otherwise go unnoticed.,False,False,False,724,"A series of seventeen different Washington state crime scenes involving seven firearms, and three different agencies in two counties, was identified using information provided by IBIS / NIBIN","[{""start"": 619, ""end"": 723, ""text"": ""Using NIBIN, law enforcement staff can identify firearms in new cases that were used in prior incidents.""}]",0.0014858013912144585,0.007176073692244156
29,13,false,detail,exact_words,"The system is called SBISIN, as part of CODIS/SBISIN.",False,False,False,724,"A series of seventeen different Washington state crime scenes involving seven firearms, and three different agencies in two counties, was identified using information provided by IBIS / NIBIN",[],0.02532241351037734,0.007176073692244156
30,0,true,theme,format,The passage is a Wikipedia biographical article.,False,False,False,827,Outside politics he worked as a fisher from 1938 to 1974,"[{""start"": 0, ""end"": 94, ""text"": ""Eivind Bolle (13 October 1923 – 10 June 2012) was a Norwegian politician for the Labour Party.""}]",-0.006961041481263641,-0.0004800721855976464
30,1,true,theme,style,The article follows a strict structured format for Norwegian politicians.,False,False,False,827,Outside politics he worked as a fisher from 1938 to 1974,"[{""start"": 0, ""end"": 94, ""text"": ""Eivind Bolle (13 October 1923 – 10 June 2012) was a Norwegian politician for the Labour Party.""}]",-0.010800792687294836,-0.0004800721855976464
30,2,true,theme,style,The article details life events chronologically.,False,False,False,827,Outside politics he worked as a fisher from 1938 to 1974,"[{""start"": 95, ""end"": 114, ""text"": ""He was born in Hol.""}, {""start"": 115, ""end"": 217, ""text"": ""He was elected to the Norwegian Parliament from Nordland in 1973, and was re-elected on two occasions.""}]",0.003792328212601337,-0.0004800721855976464
30,3,true,detail,event,The article systematically covers his political roles.,False,False,False,827,Outside politics he worked as a fisher from 1938 to 1974,"[{""start"": 299, ""end"": 381, ""text"": ""He was the Minister of Fisheries from 1973 to 1981 during three different cabinets""}, {""start"": 722, ""end"": 758, ""text"": ""He served as mayor from 1971 to 1973""}]",0.0011734334229417387,0.0068895670941649945
30,4,true,detail,event,The article covers his party affiliations.,False,False,False,827,Outside politics he worked as a fisher from 1938 to 1974,"[{""start"": 0, ""end"": 94, ""text"": ""Eivind Bolle (13 October 1923 – 10 June 2012) was a Norwegian politician for the Labour Party.""}]",-0.0007610979000725049,0.0068895670941649945
30,5,true,detail,event,The article covers his electoral history.,False,False,False,827,Outside politics he worked as a fisher from 1938 to 1974,"[{""start"": 115, ""end"": 217, ""text"": ""He was elected to the Norwegian Parliament from Nordland in 1973, and was re-elected on two occasions.""}, {""start"": 218, ""end"": 298, ""text"": ""He had previously served as a deputy representative during the term 1969 – 1973.""}]",0.002130320114804407,0.0068895670941649945
30,6,true,detail,event,The final sentence introduces a detail about his occupation as a fisherman.,True,True,False,827,Outside politics he worked as a fisher from 1938 to 1974,"[{""start"": 827, ""end"": 883, ""text"": ""Outside politics he worked as a fisher from 1938 to 1974""}]",0.007488706359658592,0.0068895670941649945
30,7,true,theme,style,This is consistent with a closing biographical facts section.,True,True,False,827,Outside politics he worked as a fisher from 1938 to 1974,"[{""start"": 827, ""end"": 883, ""text"": ""Outside politics he worked as a fisher from 1938 to 1974""}]",0.001379088365422776,0.0068895670941649945
30,8,true,detail,final_token,"The final token is ""1974"".",True,True,True,827,Outside politics he worked as a fisher from 1938 to 1974,"[{""start"": 827, ""end"": 883, ""text"": ""Outside politics he worked as a fisher from 1938 to 1974""}]",0.00792134607834738,0.015200243238182254
30,9,true,detail,local_text,The final token ends a date range.,True,True,False,827,Outside politics he worked as a fisher from 1938 to 1974,"[{""start"": 827, ""end"": 883, ""text"": ""Outside politics he worked as a fisher from 1938 to 1974""}]",0.0030873023809581124,0.015200243238182254
30,10,true,detail,event,He worked as a fisherman from 1938 to 1974.,True,True,False,827,Outside politics he worked as a fisher from 1938 to 1974,"[{""start"": 827, ""end"": 883, ""text"": ""Outside politics he worked as a fisher from 1938 to 1974""}]",0.4145791552210239,0.013204817129653601
30,12,false,detail,event,He served as a parish council member from 1953 to 1979.,False,False,False,827,Outside politics he worked as a fisher from 1938 to 1974,"[{""start"": 587, ""end"": 721, ""text"": ""On the local level he was a member of Hol municipality council from 1959 to 1963, and later in Hol's successor municipality Vestvågøy.""}]",0.023341855754634988,-0.0002691962929679548
30,13,false,detail,local_text,The sentence is incomplete.,False,True,False,827,Outside politics he worked as a fisher from 1938 to 1974,"[{""start"": 844, ""end"": 883, ""text"": ""he worked as a fisher from 1938 to 1974""}]",0.0038924064339262987,-0.0002691962929679548
31,0,true,theme,format,The passage is a Wikipedia article with encyclopedic prose.,False,False,False,1088,"The film was nominated for an Academy Award for Best Animated Short Film in 2013, losing to Paperman","[{""start"": 0, ""end"": 188, ""text"": ""Maggie Simpson in \""The Longest Daycare\"", or simply The Longest Daycare, is a 2012 American traditionally animated 3D comedy short film based on the animated television series The Simpsons.""}]",0.006628457365499774,0.0006776398416279417
31,1,true,theme,topic,"The article covers plot, production, reception, and awards.",False,False,False,1088,"The film was nominated for an Academy Award for Best Animated Short Film in 2013, losing to Paperman","[{""start"": 189, ""end"": 254, ""text"": ""In the film, Maggie Simpson is enrolled at a new daycare facility""}, {""start"": 346, ""end"": 405, ""text"": ""The short originated with Simpsons producer James L. Brooks""}, {""start"": 1018, ""end"": 1087, ""text"": ""Reception has been positive, praising the storytelling and animation.""}, {""start"": 1088, ""end"": 1188, ""text"": ""The film was nominated for an Academy Award for Best Animated Short Film in 2013, losing to Paperman""}]",0.004331284895626952,0.0006776398416279417
31,2,false,entity,identity,"The film described is the Japanese animated short ""Bear Story.""",False,False,False,1088,"The film was nominated for an Academy Award for Best Animated Short Film in 2013, losing to Paperman","[{""start"": 0, ""end"": 188, ""text"": ""Maggie Simpson in \""The Longest Daycare\"", or simply The Longest Daycare, is a 2012 American traditionally animated 3D comedy short film based on the animated television series The Simpsons.""}]",-0.000781934881760038,0.0006776398416279417
31,3,true,detail,event,The awards section concludes by detailing the film's Oscar nomination and loss.,True,True,False,1088,"The film was nominated for an Academy Award for Best Animated Short Film in 2013, losing to Paperman","[{""start"": 1088, ""end"": 1188, ""text"": ""The film was nominated for an Academy Award for Best Animated Short Film in 2013, losing to Paperman""}]",-0.005027380915716972,0.0030696096524516214
31,5,true,detail,final_token,"The final token is ""Paperman"".",True,True,True,1088,"The film was nominated for an Academy Award for Best Animated Short Film in 2013, losing to Paperman","[{""start"": 1170, ""end"": 1188, ""text"": ""losing to Paperman""}]",0.011653222684793296,0.0204219313873214
31,6,true,detail,event,Paperman is the winning film.,True,True,False,1088,"The film was nominated for an Academy Award for Best Animated Short Film in 2013, losing to Paperman","[{""start"": 1170, ""end"": 1188, ""text"": ""losing to Paperman""}]",0.001881466492880901,0.012140776159783262
31,7,false,detail,local_text,The final token appears mid-sentence.,False,True,False,1088,"The film was nominated for an Academy Award for Best Animated Short Film in 2013, losing to Paperman","[{""start"": 1170, ""end"": 1188, ""text"": ""losing to Paperman""}]",-0.002338418901929429,0.012140776159783262
31,8,true,detail,event,The film lost the Academy Award for Best Animated Short Film to Paperman.,True,True,False,1088,"The film was nominated for an Academy Award for Best Animated Short Film in 2013, losing to Paperman","[{""start"": 1088, ""end"": 1188, ""text"": ""The film was nominated for an Academy Award for Best Animated Short Film in 2013, losing to Paperman""}]",0.043205207150922686,0.03622933212113144
31,11,false,detail,event,The film was nominated at the 86th Academy Awards.,False,False,False,1088,"The film was nominated for an Academy Award for Best Animated Short Film in 2013, losing to Paperman",[],-0.0004514182090492591,0.01049828248527973
31,12,false,detail,event,Paperman is described as the losing film.,False,True,False,1088,"The film was nominated for an Academy Award for Best Animated Short Film in 2013, losing to Paperman","[{""start"": 1170, ""end"": 1188, ""text"": ""losing to Paperman""}]",-0.0035379576173234506,0.01049828248527973
31,13,false,detail,attribute,Paperman is a Pixar short.,False,False,False,1088,"The film was nominated for an Academy Award for Best Animated Short Film in 2013, losing to Paperman",[],0.010353296386799493,0.01049828248527973
32,0,true,theme,format,"The passage is a Wikipedia article with factual, encyclopedic prose.",False,False,False,986,The album was certified gold by the British Phonographic Industry on 21 February 2014,"[{""start"": 0, ""end"": 72, ""text"": ""Demonstration is the second studio album by British rapper Tinie Tempah.""}]",-0.020139194218204093,-0.00014507631854643321
32,1,false,entity,identity,The passage is about a song's chart performance and reception.,False,False,False,986,The album was certified gold by the British Phonographic Industry on 21 February 2014,"[{""start"": 0, ""end"": 72, ""text"": ""Demonstration is the second studio album by British rapper Tinie Tempah.""}]",0.004663783183660231,-0.00014507631854643321
32,2,true,theme,style,The passage follows standard music article conventions.,False,False,False,986,The album was certified gold by the British Phonographic Industry on 21 February 2014,"[{""start"": 0, ""end"": 72, ""text"": ""Demonstration is the second studio album by British rapper Tinie Tempah.""}]",-0.0027130406617794645,-0.00014507631854643321
32,3,true,detail,event,The article covers the album's release.,False,False,False,986,The album was certified gold by the British Phonographic Industry on 21 February 2014,"[{""start"": 73, ""end"": 194, ""text"": ""The album was released on 4 November 2013 as the follow-up to his commercially successful debut album, Disc-Overy (2010).""}]",0.003292293407289204,0.0011131936432260403
32,4,true,detail,event,The article covers chart performance.,False,False,False,986,The album was certified gold by the British Phonographic Industry on 21 February 2014,"[{""start"": 799, ""end"": 896, ""text"": ""The album entered the UK Albums Chart at number three, making it less successful than Disc-Overy.""}]",0.0005231835416676933,0.0011131936432260403
32,5,true,detail,event,The article covers critical reception.,False,False,False,986,The album was certified gold by the British Phonographic Industry on 21 February 2014,"[{""start"": 658, ""end"": 798, ""text"": ""Demonstration received generally positive reviews, with music critics praising the choice of producers and Tempah's evolution as a musician.""}]",0.0015238881369326052,0.0011131936432260403
32,6,true,detail,event,The article covers commercial success.,False,False,False,986,The album was certified gold by the British Phonographic Industry on 21 February 2014,"[{""start"": 799, ""end"": 896, ""text"": ""The album entered the UK Albums Chart at number three, making it less successful than Disc-Overy.""}, {""start"": 986, ""end"": 1071, ""text"": ""The album was certified gold by the British Phonographic Industry on 21 February 2014""}]",-0.002154569028116504,-0.003057084113513797
32,7,true,detail,local_text,"The final sentence completes the certification milestone, a natural concluding detail.",True,True,False,986,The album was certified gold by the British Phonographic Industry on 21 February 2014,"[{""start"": 986, ""end"": 1071, ""text"": ""The album was certified gold by the British Phonographic Industry on 21 February 2014""}]",0.0193993495759468,0.0011131936432260403
32,8,true,detail,final_token,"The final token is ""2014"".",True,True,True,986,The album was certified gold by the British Phonographic Industry on 21 February 2014,"[{""start"": 1052, ""end"": 1071, ""text"": ""on 21 February 2014""}]",-0.003816466870360191,-0.0051482874763244535
32,9,true,detail,local_text,The final token ends a certification date clause.,True,True,False,986,The album was certified gold by the British Phonographic Industry on 21 February 2014,"[{""start"": 986, ""end"": 1071, ""text"": ""The album was certified gold by the British Phonographic Industry on 21 February 2014""}]",-0.0004945582519488845,-0.0051482874763244535
32,10,true,detail,event,The album was certified gold by the BPI.,True,True,False,986,The album was certified gold by the British Phonographic Industry on 21 February 2014,"[{""start"": 986, ""end"": 1071, ""text"": ""The album was certified gold by the British Phonographic Industry on 21 February 2014""}]",0.06722916518508759,-0.007381408144293222
32,11,false,detail,date,The certification date was 13 March 2014.,False,True,False,986,The album was certified gold by the British Phonographic Industry on 21 February 2014,"[{""start"": 1052, ""end"": 1071, ""text"": ""on 21 February 2014""}]",0.8920629400577276,-0.007381408144293222
32,13,false,detail,event,The song peaked at number two on the UK Singles Chart.,False,False,False,986,The album was certified gold by the British Phonographic Industry on 21 February 2014,"[{""start"": 799, ""end"": 896, ""text"": ""The album entered the UK Albums Chart at number three, making it less successful than Disc-Overy.""}]",0.0005692659566967073,-0.001006314468683156
32,14,false,detail,attribute,The reviews were mixed.,False,False,False,986,The album was certified gold by the British Phonographic Industry on 21 February 2014,"[{""start"": 658, ""end"": 798, ""text"": ""Demonstration received generally positive reviews, with music critics praising the choice of producers and Tempah's evolution as a musician.""}]",0.0039835153712659555,-0.001006314468683156
33,0,true,theme,format,The passage is a Wikipedia-style biographical article.,False,False,False,805,"His on-air conduct has received adverse findings from Australia's media regulators, and he has frequently been sued for defamation","[{""start"": 0, ""end"": 104, ""text"": ""Alan Belford Jones AO (born 13 April 1941, or possibly 1942 or 1943) is an Australian radio broadcaster.""}]",0.0010211558083613737,0.0015088369253526412
33,1,true,theme,style,"The article covers career, controversies, and legacy in sequence.",False,False,False,805,"His on-air conduct has received adverse findings from Australia's media regulators, and he has frequently been sued for defamation","[{""start"": 211, ""end"": 337, ""text"": ""He has worked as a school teacher, a speech writer in the office of the Prime Minister Malcolm Fraser, and in musical theatre.""}, {""start"": 471, ""end"": 513, ""text"": ""He has received civil and industry awards.""}, {""start"": 805, ""end"": 935, ""text"": ""His on-air conduct has received adverse findings from Australia's media regulators, and he has frequently been sued for defamation""}]",-0.0014074830367215574,0.0015088369253526412
33,2,false,entity,identity,The subject is profiled as an Australian investigative journalist.,False,False,False,805,"His on-air conduct has received adverse findings from Australia's media regulators, and he has frequently been sued for defamation","[{""start"": 0, ""end"": 104, ""text"": ""Alan Belford Jones AO (born 13 April 1941, or possibly 1942 or 1943) is an Australian radio broadcaster.""}]",0.08770575710588968,0.0015088369253526412
33,3,true,theme,style,The article follows a consistent pattern of listing achievements then controversies.,False,False,False,805,"His on-air conduct has received adverse findings from Australia's media regulators, and he has frequently been sued for defamation","[{""start"": 471, ""end"": 513, ""text"": ""He has received civil and industry awards.""}, {""start"": 749, ""end"": 804, ""text"": ""Despite his success, he remains a controversial figure.""}]",-0.0010790510811086174,-0.005369370666235995
33,4,true,detail,local_text,The final sentence enumerates legal/professional troubles.,True,True,False,805,"His on-air conduct has received adverse findings from Australia's media regulators, and he has frequently been sued for defamation","[{""start"": 805, ""end"": 935, ""text"": ""His on-air conduct has received adverse findings from Australia's media regulators, and he has frequently been sued for defamation""}]",0.0017063195833061373,-0.005369370666235995
33,5,false,detail,event,He has been banned from parliament several times.,False,False,False,805,"His on-air conduct has received adverse findings from Australia's media regulators, and he has frequently been sued for defamation",[],0.030313524764962296,-0.011518857585433917
33,6,true,detail,event,He has been sued frequently for defamation.,True,True,False,805,"His on-air conduct has received adverse findings from Australia's media regulators, and he has frequently been sued for defamation","[{""start"": 893, ""end"": 935, ""text"": ""he has frequently been sued for defamation""}]",1.3925544204579743,-0.011518857585433917
33,7,true,theme,style,This signals a concluding list of negative consequences.,True,True,False,805,"His on-air conduct has received adverse findings from Australia's media regulators, and he has frequently been sued for defamation","[{""start"": 805, ""end"": 935, ""text"": ""His on-air conduct has received adverse findings from Australia's media regulators, and he has frequently been sued for defamation""}]",-0.0019551673902695743,-0.005369370666235995
33,8,true,detail,final_token,"The final token is ""defamation"".",True,True,True,805,"His on-air conduct has received adverse findings from Australia's media regulators, and he has frequently been sued for defamation","[{""start"": 893, ""end"": 935, ""text"": ""he has frequently been sued for defamation""}]",-0.0054397786116191504,-0.004726641076299276
33,9,false,detail,local_text,The final token ends an incomplete list of legal troubles.,False,True,False,805,"His on-air conduct has received adverse findings from Australia's media regulators, and he has frequently been sued for defamation","[{""start"": 893, ""end"": 935, ""text"": ""he has frequently been sued for defamation""}]",-0.0026606157008449705,-0.004726641076299276
33,11,true,detail,attribute,"He is known for his confrontational style and controversial claims, and has attracted criticism for his methods.",False,False,False,805,"His on-air conduct has received adverse findings from Australia's media regulators, and he has frequently been sued for defamation","[{""start"": 749, ""end"": 804, ""text"": ""Despite his success, he remains a controversial figure.""}, {""start"": 805, ""end"": 887, ""text"": ""His on-air conduct has received adverse findings from Australia's media regulators""}]",0.008569312305741872,-0.007379531420717789
34,0,true,theme,format,The passage is a Wikipedia-style article about a British film production company.,False,False,False,819,The company was voluntarily dissolved in 2011,"[{""start"": 0, ""end"": 138, ""text"": ""Cinema Verity was a British independent television and film production company, founded in 1985 by Verity Lambert, the television producer""}]",0.013601817092435131,0.004815181513805111
34,1,true,theme,style,The article follows a consistent encyclopedic structure.,False,False,False,819,The company was voluntarily dissolved in 2011,"[{""start"": 0, ""end"": 138, ""text"": ""Cinema Verity was a British independent television and film production company, founded in 1985 by Verity Lambert, the television producer""}]",-0.00021026265593560023,0.004815181513805111
34,2,true,theme,topic,"The article covers founding, key works, and personnel.",False,False,False,819,The company was voluntarily dissolved in 2011,"[{""start"": 0, ""end"": 113, ""text"": ""Cinema Verity was a British independent television and film production company, founded in 1985 by Verity Lambert""}, {""start"": 718, ""end"": 773, ""text"": ""This programme was co-produced by actress Joanna Lumley""}]",-0.0024608971427170223,0.004815181513805111
34,3,true,detail,event,The article covers the company's history.,False,False,False,819,The company was voluntarily dissolved in 2011,"[{""start"": 0, ""end"": 113, ""text"": ""Cinema Verity was a British independent television and film production company, founded in 1985 by Verity Lambert""}]",0.00043787737649680913,-0.0030442574873146278
34,4,true,detail,event,The article covers notable films.,False,False,False,819,The company was voluntarily dissolved in 2011,"[{""start"": 224, ""end"": 301, ""text"": ""The company's first major venture was the 1988 feature film A Cry in the Dark""}]",-0.0038114068894629094,-0.0030442574873146278
34,5,true,detail,event,The article covers key figures.,False,False,False,819,The company was voluntarily dissolved in 2011,"[{""start"": 80, ""end"": 138, ""text"": ""founded in 1985 by Verity Lambert, the television producer""}, {""start"": 718, ""end"": 773, ""text"": ""This programme was co-produced by actress Joanna Lumley""}]",-0.0010870080178010388,-0.0030442574873146278
34,6,true,detail,local_text,The natural conclusion is a closing statement about dissolution or legacy.,True,True,False,819,The company was voluntarily dissolved in 2011,"[{""start"": 819, ""end"": 864, ""text"": ""The company was voluntarily dissolved in 2011""}]",0.004991780203473017,-0.0030442574873146278
34,7,true,detail,final_token,"The final token is ""2011"".",True,True,True,819,The company was voluntarily dissolved in 2011,"[{""start"": 819, ""end"": 864, ""text"": ""The company was voluntarily dissolved in 2011""}]",0.00432241856605764,0.0009586456036306812
34,8,false,detail,local_text,The passage ends a sentence fragment.,False,True,False,819,The company was voluntarily dissolved in 2011,"[{""start"": 819, ""end"": 864, ""text"": ""The company was voluntarily dissolved in 2011""}]",-0.00011341570342759955,0.0009586456036306812
34,9,true,detail,event,The company was wound up in 2011.,True,True,False,819,The company was voluntarily dissolved in 2011,"[{""start"": 819, ""end"": 864, ""text"": ""The company was voluntarily dissolved in 2011""}]",0.25647979754480443,-0.00016714708275544776
34,10,true,detail,local_text,This is the concluding date of dissolution.,True,True,False,819,The company was voluntarily dissolved in 2011,"[{""start"": 819, ""end"": 864, ""text"": ""The company was voluntarily dissolved in 2011""}]",0.008958556369266346,0.0009586456036306812
34,12,false,detail,attribute,The company was a private limited company registered in England and Wales.,False,False,False,819,The company was voluntarily dissolved in 2011,[],0.02809955579569412,0.0006417504474521829
34,13,false,detail,date,The company was founded in 1937.,False,False,False,819,The company was voluntarily dissolved in 2011,"[{""start"": 80, ""end"": 113, ""text"": ""founded in 1985 by Verity Lambert""}]",-0.0010486905593968254,0.0006417504474521829
34,14,false,detail,event,The company produced a number of films through the 1950s and 1960s.,False,False,False,819,The company was voluntarily dissolved in 2011,"[{""start"": 224, ""end"": 301, ""text"": ""The company's first major venture was the 1988 feature film A Cry in the Dark""}]",0.016839194336562557,0.0006417504474521829
35,0,true,theme,format,The passage is a biographical Wikipedia article.,False,False,False,1066,Wenderoth died in 1884 of tuberculosis,"[{""start"": 0, ""end"": 112, ""text"": ""Frederick August Wenderoth or F. A. Wenderoth (1819 – 1884) was a German-born American painter and photographer.""}]",0.0276486208574227,-0.007913933762706216
35,1,true,theme,style,The article follows a consistent chronological life narrative structure.,False,False,False,1066,Wenderoth died in 1884 of tuberculosis,"[{""start"": 113, ""end"": 266, ""text"": ""Born and educated in Cassel, where he first learned to paint from his father, he established a lifelong friendship with Charles Christian Nahl at school.""}]",-0.005606829509522959,-0.007913933762706216
35,2,true,theme,topic,The article details career milestones and locations.,False,False,False,1066,Wenderoth died in 1884 of tuberculosis,"[{""start"": 521, ""end"": 687, ""text"": ""Unsuccessful as miners, Wenderoth and Nahl opened art studios, first in Sacramento and later in San Francisco, collaborating as painters, engravers and photographers.""}]",-0.003003850308937017,-0.007913933762706216
35,5,true,detail,local_text,The article reaches the concluding biographical endpoint of his death.,True,True,False,1066,Wenderoth died in 1884 of tuberculosis,"[{""start"": 1066, ""end"": 1104, ""text"": ""Wenderoth died in 1884 of tuberculosis""}]",-0.014195875755361742,-0.0033577652836889182
35,6,false,detail,local_text,The article closes with date and location details for his death.,False,True,False,1066,Wenderoth died in 1884 of tuberculosis,"[{""start"": 1066, ""end"": 1104, ""text"": ""Wenderoth died in 1884 of tuberculosis""}]",-0.01674143440298459,-0.0033577652836889182
35,7,true,detail,final_token,"The final token is ""tuberculosis"".",True,True,True,1066,Wenderoth died in 1884 of tuberculosis,"[{""start"": 1066, ""end"": 1104, ""text"": ""Wenderoth died in 1884 of tuberculosis""}]",0.02461986366397384,0.012682033729692344
35,8,true,detail,local_text,The final token ends the death sentence.,True,True,False,1066,Wenderoth died in 1884 of tuberculosis,"[{""start"": 1066, ""end"": 1104, ""text"": ""Wenderoth died in 1884 of tuberculosis""}]",-0.0016624585823781235,0.012682033729692344
35,9,true,detail,event,He died of tuberculosis.,True,True,False,1066,Wenderoth died in 1884 of tuberculosis,"[{""start"": 1066, ""end"": 1104, ""text"": ""Wenderoth died in 1884 of tuberculosis""}]",1.1799316460351283,0.032979919452589046
35,10,false,detail,date,He died in 1876.,False,True,False,1066,Wenderoth died in 1884 of tuberculosis,"[{""start"": 1066, ""end"": 1104, ""text"": ""Wenderoth died in 1884 of tuberculosis""}]",0.08491487720577473,0.032979919452589046
35,12,false,detail,attribute,He worked in Sydney.,False,False,False,1066,Wenderoth died in 1884 of tuberculosis,[],0.0014974776452958416,0.014722236869015304
35,13,true,detail,attribute,He worked in New York.,False,False,False,1066,Wenderoth died in 1884 of tuberculosis,"[{""start"": 434, ""end"": 458, ""text"": ""living first in New York""}]",0.0030081378784502233,0.014722236869015304
35,14,false,detail,attribute,He worked in London.,False,False,False,1066,Wenderoth died in 1884 of tuberculosis,[],-0.0005853324595210818,0.014722236869015304
35,15,false,detail,event,"He produced a number of notable works, including a portrait of George Washington.",False,False,False,1066,Wenderoth died in 1884 of tuberculosis,[],0.004677640687734019,0.014722236869015304
35,16,false,detail,attribute,He is best known for his Australian landscapes.,False,False,False,1066,Wenderoth died in 1884 of tuberculosis,[],-0.00974127125088109,0.014722236869015304
35,17,false,detail,local_text,The final clause is incomplete.,False,True,False,1066,Wenderoth died in 1884 of tuberculosis,"[{""start"": 1066, ""end"": 1104, ""text"": ""Wenderoth died in 1884 of tuberculosis""}]",0.009983517189685598,0.014722236869015304
36,0,true,theme,format,The passage is a Wikipedia article.,False,False,False,890,"As its name indicates is dedicated to the Virgin Mary in her title of Our Lady of Copacabana, whose veneration has its origins in the territory that today is Bolivia and spread throughout Spanish America from 1583","[{""start"": 0, ""end"": 147, ""text"": ""The Our Lady of Copacabana Cathedral () or simply Cathedral of Guarenas, is the name given to a religious building belonging to the Catholic Church""}]",0.005145265503912366,-0.0012575894731332582
36,1,false,theme,language,The passage is written in Spanish.,False,False,False,890,"As its name indicates is dedicated to the Virgin Mary in her title of Our Lady of Copacabana, whose veneration has its origins in the territory that today is Bolivia and spread throughout Spanish America from 1583",[],0.023598933252202414,-0.0012575894731332582
36,2,true,theme,style,The passage has a consistent encyclopedic tone.,False,False,False,890,"As its name indicates is dedicated to the Virgin Mary in her title of Our Lady of Copacabana, whose veneration has its origins in the territory that today is Bolivia and spread throughout Spanish America from 1583","[{""start"": 0, ""end"": 147, ""text"": ""The Our Lady of Copacabana Cathedral () or simply Cathedral of Guarenas, is the name given to a religious building belonging to the Catholic Church""}]",9.553129682537964e-06,-0.0012575894731332582
36,3,false,entity,identity,The passage is about a Mexican religious monument.,False,False,False,890,"As its name indicates is dedicated to the Virgin Mary in her title of Our Lady of Copacabana, whose veneration has its origins in the territory that today is Bolivia and spread throughout Spanish America from 1583","[{""start"": 223, ""end"": 395, ""text"": ""in the city of Guarenas, a city in the municipality Ambrosio Plaza, Miranda state, which serves as a \""satellite city\"" of Caracas, in the South American country of Venezuela""}]",0.00893868792382324,-0.0012575894731332582
36,4,true,theme,topic,The passage covers the monument's historical context.,False,False,False,890,"As its name indicates is dedicated to the Virgin Mary in her title of Our Lady of Copacabana, whose veneration has its origins in the territory that today is Bolivia and spread throughout Spanish America from 1583","[{""start"": 464, ""end"": 531, ""text"": ""The first church on the site was built in rudimentary form in 1621.""}, {""start"": 532, ""end"": 568, ""text"": ""It was hit by an earthquake in 1766.""}]",0.0004982984369534815,-0.0012575894731332582
36,5,false,entity,relationship,The text traces the Virgin of Guadalupe's veneration from Mexico to Peru.,False,True,False,890,"As its name indicates is dedicated to the Virgin Mary in her title of Our Lady of Copacabana, whose veneration has its origins in the territory that today is Bolivia and spread throughout Spanish America from 1583","[{""start"": 915, ""end"": 1103, ""text"": ""dedicated to the Virgin Mary in her title of Our Lady of Copacabana, whose veneration has its origins in the territory that today is Bolivia and spread throughout Spanish America from 1583""}]",-0.0015729980385521536,0.0022880455635978514
36,6,true,theme,topic,This establishes the monument's religious significance.,False,False,False,890,"As its name indicates is dedicated to the Virgin Mary in her title of Our Lady of Copacabana, whose veneration has its origins in the territory that today is Bolivia and spread throughout Spanish America from 1583","[{""start"": 397, ""end"": 463, ""text"": ""It has objects and relics of great historical and religious value.""}]",0.008232435628428236,0.0022880455635978514
36,7,true,theme,topic,The passage establishes a broader Catholic context.,False,False,False,890,"As its name indicates is dedicated to the Virgin Mary in her title of Our Lady of Copacabana, whose veneration has its origins in the territory that today is Bolivia and spread throughout Spanish America from 1583","[{""start"": 73, ""end"": 147, ""text"": ""is the name given to a religious building belonging to the Catholic Church""}, {""start"": 821, ""end"": 888, ""text"": ""by decision of Pope John Paul II by the bull Maiori christifidelium""}]",-0.0013326919477005816,0.0022880455635978514
36,8,false,detail,final_token,"The final token is ""1683"".",False,True,True,890,"As its name indicates is dedicated to the Virgin Mary in her title of Our Lady of Copacabana, whose veneration has its origins in the territory that today is Bolivia and spread throughout Spanish America from 1583","[{""start"": 1060, ""end"": 1103, ""text"": ""spread throughout Spanish America from 1583""}]",0.008420699232355888,0.0261147495383085
36,9,true,detail,local_text,The final token ends a historical clause.,True,True,False,890,"As its name indicates is dedicated to the Virgin Mary in her title of Our Lady of Copacabana, whose veneration has its origins in the territory that today is Bolivia and spread throughout Spanish America from 1583","[{""start"": 984, ""end"": 1103, ""text"": ""whose veneration has its origins in the territory that today is Bolivia and spread throughout Spanish America from 1583""}]",0.005593002753056631,0.0261147495383085
36,10,false,detail,date,The devotion is dated since 1539.,False,False,False,890,"As its name indicates is dedicated to the Virgin Mary in her title of Our Lady of Copacabana, whose veneration has its origins in the territory that today is Bolivia and spread throughout Spanish America from 1583",[],0.010246460193835016,0.0261147495383085
36,11,false,entity,identity,"The devotion, called the Virgin of the Miraculous, was widespread in Peru.",False,True,False,890,"As its name indicates is dedicated to the Virgin Mary in her title of Our Lady of Copacabana, whose veneration has its origins in the territory that today is Bolivia and spread throughout Spanish America from 1583","[{""start"": 915, ""end"": 1055, ""text"": ""dedicated to the Virgin Mary in her title of Our Lady of Copacabana, whose veneration has its origins in the territory that today is Bolivia""}]",0.04114749475832791,0.039484543278577866
36,12,true,detail,date,The devotion spread throughout the Americas from 1583.,True,True,False,890,"As its name indicates is dedicated to the Virgin Mary in her title of Our Lady of Copacabana, whose veneration has its origins in the territory that today is Bolivia and spread throughout Spanish America from 1583","[{""start"": 1060, ""end"": 1103, ""text"": ""spread throughout Spanish America from 1583""}]",0.8810204863270137,0.039484543278577866
37,0,true,theme,format,The passage is a Wikipedia biographical article.,False,False,False,907,Both names mean,"[{""start"": 0, ""end"": 121, ""text"": ""Fatih Terim, Commendatore OSSI, T.C, (born 4 September 1953) is a Turkish association football manager and former player.""}]",0.00778606614561328,-0.010474383429883938
37,1,true,theme,topic,The article details the subject's career and nicknames throughout.,False,False,False,907,Both names mean,"[{""start"": 122, ""end"": 208, ""text"": ""He is currently the manager of Galatasaray, a position he previously held three times.""}, {""start"": 828, ""end"": 906, ""text"": ""His Turkish nickname is \""İmparator\"", and his Italian nickname is \""Imperatore\"".""}]",-0.012470703975835606,-0.010474383429883938
37,2,false,entity,identity,The subject is Turkish wrestler Sait Faik Aksoy.,False,False,False,907,Both names mean,"[{""start"": 0, ""end"": 121, ""text"": ""Fatih Terim, Commendatore OSSI, T.C, (born 4 September 1953) is a Turkish association football manager and former player.""}]",0.01485473779025992,-0.010474383429883938
37,3,true,detail,local_text,The sentence completes a parallel explanation of two nickname equivalents.,False,False,False,907,Both names mean,"[{""start"": 828, ""end"": 906, ""text"": ""His Turkish nickname is \""İmparator\"", and his Italian nickname is \""Imperatore\"".""}]",-0.010108124110569383,0.0007975035435994204
37,4,true,detail,exact_words,His Turkish nickname is İmparator.,False,False,False,907,Both names mean,"[{""start"": 828, ""end"": 863, ""text"": ""His Turkish nickname is \""İmparator\""""}]",0.025573369505282217,0.005850238963187815
37,5,false,detail,exact_words,His Latin nickname is Imperator.,False,False,False,907,Both names mean,"[{""start"": 869, ""end"": 905, ""text"": ""his Italian nickname is \""Imperatore\""""}]",-0.04336368365801335,0.005850238963187815
37,7,true,detail,final_token,"The final token is ""mean"".",True,True,True,907,Both names mean,"[{""start"": 907, ""end"": 922, ""text"": ""Both names mean""}]",-0.014667998888623135,-2.1827244501837484e-05
37,8,false,detail,local_text,The final token closes a relative clause.,False,True,False,907,Both names mean,"[{""start"": 907, ""end"": 922, ""text"": ""Both names mean""}]",-0.011283311915107452,-2.1827244501837484e-05
37,9,true,detail,exact_words,Both names mean the same thing.,True,True,False,907,Both names mean,"[{""start"": 907, ""end"": 922, ""text"": ""Both names mean""}]",0.4028579988642015,0.002525350788505243
37,11,false,detail,attribute,He is also known by the nickname 'The Emperor'.,False,False,False,907,Both names mean,[],-0.007404620829147834,0.0049482856465156155
38,0,true,theme,format,The passage is a Wikipedia biographical article.,False,False,False,804,"He died in Sherman Oaks, California, a suburb of Los Angeles, on 14 October 1993","[{""start"": 0, ""end"": 143, ""text"": ""Walter Newman (11 February 1916 – 14 October 1993) was an American radio writer and screenwriter active from the late 1940s to the early 1990s.""}]",-0.00934130003401168,-0.004589588986189108
38,1,true,theme,style,Each sentence covers a distinct life/career fact.,False,False,False,804,"He died in Sherman Oaks, California, a suburb of Los Angeles, on 14 October 1993","[{""start"": 144, ""end"": 240, ""text"": ""He was nominated three times for Academy Awards (Ace in the Hole, Cat Ballou, and Bloodbrothers)""}]",0.0031046633323729145,-0.004589588986189108
38,2,false,entity,identity,The subject is Robert L. Anderson.,False,False,False,804,"He died in Sherman Oaks, California, a suburb of Los Angeles, on 14 October 1993","[{""start"": 0, ""end"": 143, ""text"": ""Walter Newman (11 February 1916 – 14 October 1993) was an American radio writer and screenwriter active from the late 1940s to the early 1990s.""}]",0.00907536749779525,-0.004589588986189108
38,3,true,theme,style,The article follows encyclopedic conventions.,False,False,False,804,"He died in Sherman Oaks, California, a suburb of Los Angeles, on 14 October 1993","[{""start"": 0, ""end"": 143, ""text"": ""Walter Newman (11 February 1916 – 14 October 1993) was an American radio writer and screenwriter active from the late 1940s to the early 1990s.""}]",0.00031075295266691505,-0.004589588986189108
38,4,true,detail,event,The article covers career highlights.,False,False,False,804,"He died in Sherman Oaks, California, a suburb of Los Angeles, on 14 October 1993","[{""start"": 144, ""end"": 240, ""text"": ""He was nominated three times for Academy Awards (Ace in the Hole, Cat Ballou, and Bloodbrothers)""}]",-0.0028757200519970993,-0.0018970187617408651
38,5,true,detail,event,The article covers notable works.,False,False,False,804,"He died in Sherman Oaks, California, a suburb of Los Angeles, on 14 October 1993","[{""start"": 405, ""end"": 539, ""text"": ""Newman's radio writing included scripts for Escape, Suspense, and The Halls of Ivy as well as the first broadcast episode of Gunsmoke.""}]",-0.0012852491252008935,-0.0018970187617408651
38,6,true,detail,event,The article covers his legacy.,False,False,False,804,"He died in Sherman Oaks, California, a suburb of Los Angeles, on 14 October 1993","[{""start"": 308, ""end"": 404, ""text"": ""his unproduced original script Harrow Alley, which \""has achieved legendary status in Hollywood.\""""}]",0.0009444063792911628,-0.0018970187617408651
38,7,true,detail,local_text,The final sentence completes the standard biographical closing with birth/death details.,False,False,False,804,"He died in Sherman Oaks, California, a suburb of Los Angeles, on 14 October 1993","[{""start"": 770, ""end"": 803, ""text"": ""Newman was born in New York City.""}, {""start"": 804, ""end"": 884, ""text"": ""He died in Sherman Oaks, California, a suburb of Los Angeles, on 14 October 1993""}]",0.006996755627396878,-0.0018970187617408651
38,8,true,theme,style,This is a conventional Wikipedia ending pattern.,True,True,False,804,"He died in Sherman Oaks, California, a suburb of Los Angeles, on 14 October 1993","[{""start"": 804, ""end"": 884, ""text"": ""He died in Sherman Oaks, California, a suburb of Los Angeles, on 14 October 1993""}]",0.0005457537728363882,-0.0018970187617408651
38,9,true,detail,final_token,"The final token is ""1993"".",True,True,True,804,"He died in Sherman Oaks, California, a suburb of Los Angeles, on 14 October 1993","[{""start"": 866, ""end"": 884, ""text"": ""on 14 October 1993""}]",-0.010642245235167547,-0.0023437240174515317
38,10,true,detail,local_text,The final token closes the death date.,True,True,False,804,"He died in Sherman Oaks, California, a suburb of Los Angeles, on 14 October 1993","[{""start"": 804, ""end"": 884, ""text"": ""He died in Sherman Oaks, California, a suburb of Los Angeles, on 14 October 1993""}]",0.0018923073195427076,-0.0023437240174515317
38,11,true,detail,event,He died in Los Angeles.,True,True,False,804,"He died in Sherman Oaks, California, a suburb of Los Angeles, on 14 October 1993","[{""start"": 804, ""end"": 884, ""text"": ""He died in Sherman Oaks, California, a suburb of Los Angeles, on 14 October 1993""}]",0.09455526326671637,-0.006311470074197967
38,12,false,detail,date,"He died on December 21, 1993.",False,True,False,804,"He died in Sherman Oaks, California, a suburb of Los Angeles, on 14 October 1993","[{""start"": 866, ""end"": 884, ""text"": ""on 14 October 1993""}]",0.7564027146890796,-0.006311470074197967
38,13,true,detail,local_text,This directly mirrors the opening sentence's stated death year.,False,False,False,804,"He died in Sherman Oaks, California, a suburb of Los Angeles, on 14 October 1993","[{""start"": 0, ""end"": 143, ""text"": ""Walter Newman (11 February 1916 – 14 October 1993) was an American radio writer and screenwriter active from the late 1940s to the early 1990s.""}]",0.015349231847827882,-0.0023437240174515317
38,17,true,detail,event,He was born in New York City.,False,False,False,804,"He died in Sherman Oaks, California, a suburb of Los Angeles, on 14 October 1993","[{""start"": 770, ""end"": 803, ""text"": ""Newman was born in New York City.""}]",0.004909166000934606,-0.0033777054447127197
38,18,true,detail,local_text,The sentence is grammatically complete.,True,True,False,804,"He died in Sherman Oaks, California, a suburb of Los Angeles, on 14 October 1993","[{""start"": 866, ""end"": 884, ""text"": ""on 14 October 1993""}]",0.00480298263520984,-0.0033777054447127197
39,0,true,theme,format,The passage is a tech news article with a formal press-release style.,False,False,False,634,Some of its applications could be to quickly build things like guides and how,"[{""start"": 0, ""end"": 158, ""text"": ""Google Springboard is an AI-powered assistant which aid users to quickly find relevant information, as and when they need it across all associated Google apps""}]",-0.0005606983496629914,0.0013220757261848126
39,1,true,theme,topic,The article reports on Google Workspace feature updates.,False,False,False,634,Some of its applications could be to quickly build things like guides and how,"[{""start"": 414, ""end"": 492, ""text"": ""Springboard also integrates with Google Sites – a tool for creating web pages.""}, {""start"": 493, ""end"": 633, ""text"": ""The updated app now supports collaboration between users and lets them add content from services like Google Docs, Calendar and Google Maps.""}]",-0.005070892162054141,0.0013220757261848126
39,2,true,theme,style,The article maintains a consistent third-person journalistic register.,False,False,False,634,Some of its applications could be to quickly build things like guides and how,"[{""start"": 0, ""end"": 98, ""text"": ""Google Springboard is an AI-powered assistant which aid users to quickly find relevant information""}]",0.0003093523511616958,0.0013220757261848126
39,3,true,detail,event,The article described the feature's purpose.,False,False,False,634,Some of its applications could be to quickly build things like guides and how,"[{""start"": 0, ""end"": 124, ""text"": ""Google Springboard is an AI-powered assistant which aid users to quickly find relevant information, as and when they need it""}]",-0.0025245769191719614,0.0009094466879684404
39,4,false,detail,event,The article described security benefits.,False,False,False,634,Some of its applications could be to quickly build things like guides and how,[],-0.003429287170437778,0.0009094466879684404
39,5,true,detail,local_text,The article concludes with a list of use cases/examples.,True,True,False,634,Some of its applications could be to quickly build things like guides and how,"[{""start"": 634, ""end"": 711, ""text"": ""Some of its applications could be to quickly build things like guides and how""}]",0.006109080700267611,0.0009094466879684404
39,6,false,detail,attribute,This is for the shared folder functionality.,False,False,False,634,Some of its applications could be to quickly build things like guides and how,[],0.0041520071525713576,0.0009094466879684404
39,7,true,detail,final_token,"The final token is ""how"".",True,True,True,634,Some of its applications could be to quickly build things like guides and how,"[{""start"": 671, ""end"": 711, ""text"": ""quickly build things like guides and how""}]",0.0015436157214121504,-0.004625191427469533
39,8,true,detail,exact_words,Users can create guides and how(-to)s.,True,True,False,634,Some of its applications could be to quickly build things like guides and how,"[{""start"": 634, ""end"": 711, ""text"": ""Some of its applications could be to quickly build things like guides and how""}]",0.04726643859306312,-0.004547257860304743
39,11,false,detail,event,Google is adding a feature that allows users to share folders with external users.,False,False,False,634,Some of its applications could be to quickly build things like guides and how,[],-0.001807048850532622,0.000130302144815575
39,12,false,detail,event,The feature can be used to share documents with employees or customers.,False,False,False,634,Some of its applications could be to quickly build things like guides and how,[],-0.004365027722826653,0.000130302144815575
39,13,false,detail,event,Users can use the feature to create knowledge bases.,False,False,False,634,Some of its applications could be to quickly build things like guides and how,[],0.0009708985053357155,0.000130302144815575
39,14,false,detail,attribute,The list includes internal company guides.,False,False,False,634,Some of its applications could be to quickly build things like guides and how,[],-0.005072061474502565,0.000130302144815575
40,0,true,theme,format,The passage is a biographical Wikipedia-style article.,False,False,False,749,"McLamore died of cancer in Coral Gables, Florida on August 9, 1996, at the age of 70","[{""start"": 0, ""end"": 154, ""text"": ""James Whitman \""Jim\"" McLamore (May 30, 1926 – August 9, 1996) was with David Edgerton responsible for the expansion of the Burger King fast food franchise.""}]",-0.01953877645418034,-0.005100426414456627
40,1,true,theme,style,The article follows a structured life-summary format.,False,False,False,749,"McLamore died of cancer in Coral Gables, Florida on August 9, 1996, at the age of 70","[{""start"": 0, ""end"": 154, ""text"": ""James Whitman \""Jim\"" McLamore (May 30, 1926 – August 9, 1996) was with David Edgerton responsible for the expansion of the Burger King fast food franchise.""}]",-0.0011051850640679817,-0.005100426414456627
40,2,true,theme,topic,"The article covers career, achievements, and death.",False,False,False,749,"McLamore died of cancer in Coral Gables, Florida on August 9, 1996, at the age of 70","[{""start"": 477, ""end"": 570, ""text"": ""The corporation opened Burger King stores and went on to introduce the Whopper burger in 1957""}, {""start"": 749, ""end"": 833, ""text"": ""McLamore died of cancer in Coral Gables, Florida on August 9, 1996, at the age of 70""}]",0.002394833195485724,-0.005100426414456627
40,3,true,detail,local_text,The narrative has reached the death sentence.,True,True,False,749,"McLamore died of cancer in Coral Gables, Florida on August 9, 1996, at the age of 70","[{""start"": 749, ""end"": 833, ""text"": ""McLamore died of cancer in Coral Gables, Florida on August 9, 1996, at the age of 70""}]",0.003390923635265164,0.0027076276089418316
40,4,true,theme,style,This completes the standard biographical arc.,True,True,False,749,"McLamore died of cancer in Coral Gables, Florida on August 9, 1996, at the age of 70","[{""start"": 749, ""end"": 833, ""text"": ""McLamore died of cancer in Coral Gables, Florida on August 9, 1996, at the age of 70""}]",-0.0017301515287562186,0.0027076276089418316
40,5,true,detail,event,"Career, role, legacy, and final death details are all enumerated.",False,False,False,749,"McLamore died of cancer in Coral Gables, Florida on August 9, 1996, at the age of 70","[{""start"": 668, ""end"": 748, ""text"": ""McLamore served as Burger King's president until 1970, and was chairman to 1976.""}, {""start"": 749, ""end"": 833, ""text"": ""McLamore died of cancer in Coral Gables, Florida on August 9, 1996, at the age of 70""}]",0.008875643759960639,0.0027076276089418316
40,6,true,detail,final_token,"The final token is ""70"".",True,True,True,749,"McLamore died of cancer in Coral Gables, Florida on August 9, 1996, at the age of 70","[{""start"": 817, ""end"": 833, ""text"": ""at the age of 70""}]",0.0016579140992073471,0.00852933088124419
40,7,true,detail,local_text,The final token ends the death sentence.,True,True,False,749,"McLamore died of cancer in Coral Gables, Florida on August 9, 1996, at the age of 70","[{""start"": 749, ""end"": 833, ""text"": ""McLamore died of cancer in Coral Gables, Florida on August 9, 1996, at the age of 70""}]",0.005676261407737249,0.00852933088124419
40,8,true,detail,event,He died of cancer.,True,True,False,749,"McLamore died of cancer in Coral Gables, Florida on August 9, 1996, at the age of 70","[{""start"": 749, ""end"": 772, ""text"": ""McLamore died of cancer""}]",0.02949108487483698,0.003515150951298729
40,9,false,detail,date,"He died on December 21, 1996.",False,True,False,749,"McLamore died of cancer in Coral Gables, Florida on August 9, 1996, at the age of 70","[{""start"": 798, ""end"": 815, ""text"": ""on August 9, 1996""}]",0.10846137502937414,0.003515150951298729
40,10,false,detail,attribute,He died in Los Angeles.,False,True,False,749,"McLamore died of cancer in Coral Gables, Florida on August 9, 1996, at the age of 70","[{""start"": 773, ""end"": 797, ""text"": ""in Coral Gables, Florida""}]",0.018515140522423312,0.003515150951298729
40,11,true,detail,quantity,He died at the age of 70.,True,True,False,749,"McLamore died of cancer in Coral Gables, Florida on August 9, 1996, at the age of 70","[{""start"": 817, ""end"": 833, ""text"": ""at the age of 70""}]",0.8485606547063693,0.003515150951298729
40,13,true,detail,local_text,70 is the age figure completing the death clause.,True,True,False,749,"McLamore died of cancer in Coral Gables, Florida on August 9, 1996, at the age of 70","[{""start"": 817, ""end"": 833, ""text"": ""at the age of 70""}]",0.005723635472744348,-0.0020421870529907515
40,15,false,detail,attribute,He was a prominent figure in the California legal community.,False,False,False,749,"McLamore died of cancer in Coral Gables, Florida on August 9, 1996, at the age of 70",[],0.01260855444178044,-0.0009153739381080328
41,0,true,theme,format,The passage is a Wikipedia article with encyclopedic prose.,False,False,False,911,Avedøre Holm houses two harbours,"[{""start"": 0, ""end"": 146, ""text"": ""Hvidovre Kommune is a municipality (Danish, kommune) in Region Hovedstaden near Copenhagen on the island of Zealand (Sjælland) in eastern Denmark.""}]",-6.12062303899652e-05,0.0010573178550289386
41,1,true,theme,topic,The article details the administrative geography of a Danish municipality.,False,False,False,911,Avedøre Holm houses two harbours,"[{""start"": 0, ""end"": 146, ""text"": ""Hvidovre Kommune is a municipality (Danish, kommune) in Region Hovedstaden near Copenhagen on the island of Zealand (Sjælland) in eastern Denmark.""}]",0.01813540260207147,0.0010573178550289386
41,2,true,theme,topic,"The article systematically covers boundaries, districts, and features.",False,False,False,911,Avedøre Holm houses two harbours,"[{""start"": 488, ""end"": 589, ""text"": ""Neighboring municipalities are Copenhagen to the east, Rødovre to the north, and Brøndby to the west.""}, {""start"": 430, ""end"": 487, ""text"": ""Other towns in the municipality are Avedøre and Friheden.""}]",0.008871692166598999,0.0010573178550289386
41,3,true,detail,local_text,The final sentence describes the peninsula's geographic significance.,False,False,False,911,Avedøre Holm houses two harbours,"[{""start"": 691, ""end"": 833, ""text"": ""The southern-most section of the municipality, known as Avedøre Holme, juts out into Køge Bay and forms part of the entryway into Kalveboderne""}]",0.00114104308622609,0.005736352522158983
41,4,false,detail,attribute,The peninsula is connected to / located on the Øresund.,False,False,False,911,Avedøre Holm houses two harbours,"[{""start"": 590, ""end"": 690, ""text"": ""Part of its eastern border are the waters of Kalveboderne, and to the south is Køge Bay (Køge Bugt).""}]",-0.010082632073927122,0.005117350980265556
41,5,true,detail,local_text,This builds toward completing the description of what the peninsula contains or hosts.,True,True,False,911,Avedøre Holm houses two harbours,"[{""start"": 911, ""end"": 943, ""text"": ""Avedøre Holm houses two harbours""}]",0.0036438214796710167,0.005736352522158983
41,6,true,detail,final_token,"The final token is ""harbours"".",True,True,True,911,Avedøre Holm houses two harbours,"[{""start"": 911, ""end"": 943, ""text"": ""Avedøre Holm houses two harbours""}]",-0.0009051056233527754,-0.0010780183304088808
41,7,true,detail,local_text,The final token ends a clause.,True,True,False,911,Avedøre Holm houses two harbours,"[{""start"": 911, ""end"": 943, ""text"": ""Avedøre Holm houses two harbours""}]",0.00010949453766651018,-0.0010780183304088808
41,8,true,detail,attribute,The peninsula is a point of access to the sea.,False,False,False,911,Avedøre Holm houses two harbours,"[{""start"": 691, ""end"": 910, ""text"": ""The southern-most section of the municipality, known as Avedøre Holme, juts out into Køge Bay and forms part of the entryway into Kalveboderne, the waters of which separate the island of Zealand from neighboring Amager.""}]",0.00895912965764567,-0.004935256852561576
41,9,true,detail,event,This peninsula houses two harbours.,True,True,False,911,Avedøre Holm houses two harbours,"[{""start"": 911, ""end"": 943, ""text"": ""Avedøre Holm houses two harbours""}]",0.9862186936042869,-0.004935256852561576
42,0,true,theme,format,The passage is a Wikipedia biographical article following standard encyclopedic structure.,False,False,False,946,"He was a minister in the government of Juan Felipe Ibarra, before retiring in Tucumán where he died","[{""start"": 0, ""end"": 93, ""text"": ""Pedro León Díaz Gallo (29 June 1782 – 7 February 1852) was an Argentine statesman and priest.""}]",-0.0020373092283428873,-0.002675275390993659
42,1,false,entity,identity,The subject is a colonial-era Spanish official.,False,False,False,946,"He was a minister in the government of Juan Felipe Ibarra, before retiring in Tucumán where he died","[{""start"": 94, ""end"": 205, ""text"": ""He was a representative to the Congress of Tucumán which on 9 July 1816 declared the Independence of Argentina.""}]",-0.006936415591213496,-0.002675275390993659
42,2,true,detail,event,The narrative traces the subject's birth and career.,False,False,False,946,"He was a minister in the government of Juan Felipe Ibarra, before retiring in Tucumán where he died","[{""start"": 206, ""end"": 290, ""text"": ""Gallo was born in Santiago del Estero and studied at the Monserrat School in Córdoba""}, {""start"": 421, ""end"": 495, ""text"": ""Gallo was elected to represent Santiago del Estero in the Tucumán Congress""}]",0.0023112901784853035,0.004364773951684331
42,3,false,detail,event,The subject was exiled.,False,False,False,946,"He was a minister in the government of Juan Felipe Ibarra, before retiring in Tucumán where he died","[{""start"": 645, ""end"": 736, ""text"": ""When the Congress was dissolved in 1820, he and his colleagues were imprisoned as traitors.""}]",0.007932952173124619,0.0038661818518823665
42,4,true,detail,event,The subject returned to Santiago del Estero.,False,False,False,946,"He was a minister in the government of Juan Felipe Ibarra, before retiring in Tucumán where he died","[{""start"": 737, ""end"": 832, ""text"": ""Gallo returned to Santiago del Estero and was a signatory of the peace treaty of Vinará in 1821""}]",0.0021151472016193162,0.004364773951684331
42,5,true,detail,local_text,"The narrative is now completing the final life event, death.",True,True,False,946,"He was a minister in the government of Juan Felipe Ibarra, before retiring in Tucumán where he died","[{""start"": 1005, ""end"": 1045, ""text"": ""before retiring in Tucumán where he died""}]",0.003464915892267717,0.004364773951684331
42,6,false,detail,event,This was already foreshadowed in the opening sentence as 'died in Santiago del Estero.',False,False,False,946,"He was a minister in the government of Juan Felipe Ibarra, before retiring in Tucumán where he died","[{""start"": 0, ""end"": 93, ""text"": ""Pedro León Díaz Gallo (29 June 1782 – 7 February 1852) was an Argentine statesman and priest.""}]",-0.0013892069562131404,0.004364773951684331
42,7,true,detail,final_token,"The final token is ""died"".",True,True,True,946,"He was a minister in the government of Juan Felipe Ibarra, before retiring in Tucumán where he died","[{""start"": 1005, ""end"": 1045, ""text"": ""before retiring in Tucumán where he died""}]",0.004117356751149548,-0.002788332108226932
42,8,true,detail,local_text,The final token closes the last sentence.,True,True,False,946,"He was a minister in the government of Juan Felipe Ibarra, before retiring in Tucumán where he died","[{""start"": 1005, ""end"": 1045, ""text"": ""before retiring in Tucumán where he died""}]",0.0015845643412328858,-0.002788332108226932
42,9,false,detail,event,He retired to Santiago del Estero.,False,True,False,946,"He was a minister in the government of Juan Felipe Ibarra, before retiring in Tucumán where he died","[{""start"": 1005, ""end"": 1045, ""text"": ""before retiring in Tucumán where he died""}]",0.00903603347013715,-0.003332387431799755
42,11,true,detail,local_text,This mirrors the opening sentence's death date.,False,False,False,946,"He was a minister in the government of Juan Felipe Ibarra, before retiring in Tucumán where he died","[{""start"": 0, ""end"": 93, ""text"": ""Pedro León Díaz Gallo (29 June 1782 – 7 February 1852) was an Argentine statesman and priest.""}]",0.00769529315431694,-0.002788332108226932
42,12,false,detail,attribute,He was a prominent lawyer and colonial official in New Spain.,False,False,False,946,"He was a minister in the government of Juan Felipe Ibarra, before retiring in Tucumán where he died","[{""start"": 0, ""end"": 93, ""text"": ""Pedro León Díaz Gallo (29 June 1782 – 7 February 1852) was an Argentine statesman and priest.""}]",0.006167234875376404,0.001284067663419708
42,13,false,detail,event,He served as governor.,False,False,False,946,"He was a minister in the government of Juan Felipe Ibarra, before retiring in Tucumán where he died","[{""start"": 536, ""end"": 644, ""text"": ""He was vice-president of the Congress in August 1816 and twice president after it was moved to Buenos Aires.""}]",0.0026229402933560797,0.001284067663419708
42,14,false,detail,attribute,He lived as a wealthy landowner in retirement.,False,False,False,946,"He was a minister in the government of Juan Felipe Ibarra, before retiring in Tucumán where he died",[],-0.00014465078685266253,0.001284067663419708
43,0,true,theme,topic,The passage is a Wikipedia-style encyclopedic article about a dam.,False,False,False,723,It is considered a critical watershed for the agricultural economy and hydroelectric power generation in the region of Central Luzon,"[{""start"": 371, ""end"": 539, ""text"": ""The multi-purpose dam is situated at the confluence of Pampanga River's two headwaters, namely the Pantabangan and Carranglan Rivers in the municipality of Pantabangan.""}]",0.018768917053019973,-3.2716718933567535e-05
43,1,true,theme,topic,"The article establishes geographic, structural, and functional details throughout.",False,False,False,723,It is considered a critical watershed for the agricultural economy and hydroelectric power generation in the region of Central Luzon,"[{""start"": 0, ""end"": 155, ""text"": ""The Pantabangan – Carranglan Watershed Forest Reserve is a conservation area located in the upper reaches of the Pampanga River in Nueva Ecija, Philippines""}, {""start"": 723, ""end"": 855, ""text"": ""It is considered a critical watershed for the agricultural economy and hydroelectric power generation in the region of Central Luzon""}]",-0.0030092491035819124,-3.2716718933567535e-05
43,2,true,detail,event,The sentence systematically lists the dam's significance and functions.,True,True,False,723,It is considered a critical watershed for the agricultural economy and hydroelectric power generation in the region of Central Luzon,"[{""start"": 723, ""end"": 855, ""text"": ""It is considered a critical watershed for the agricultural economy and hydroelectric power generation in the region of Central Luzon""}]",0.006712108311257459,-0.0005962123957405918
43,3,false,detail,attribute,One of the dam's functions is water supply.,False,False,False,723,It is considered a critical watershed for the agricultural economy and hydroelectric power generation in the region of Central Luzon,[],-0.0015314690223214855,-0.0005962123957405918
43,4,false,detail,attribute,One of the dam's functions is irrigation.,False,False,False,723,It is considered a critical watershed for the agricultural economy and hydroelectric power generation in the region of Central Luzon,[],-0.0014207558130615583,-0.0005962123957405918
43,5,false,detail,attribute,One of the dam's functions is flood control.,False,False,False,723,It is considered a critical watershed for the agricultural economy and hydroelectric power generation in the region of Central Luzon,[],0.00031482001309335317,-0.0005962123957405918
43,6,true,detail,attribute,One of the dam's functions is hydropower.,True,True,False,723,It is considered a critical watershed for the agricultural economy and hydroelectric power generation in the region of Central Luzon,"[{""start"": 723, ""end"": 855, ""text"": ""It is considered a critical watershed for the agricultural economy and hydroelectric power generation in the region of Central Luzon""}]",0.0023116390130070164,-0.0005962123957405918
43,7,true,detail,local_text,This builds toward a concluding geographic/economic context statement.,True,True,False,723,It is considered a critical watershed for the agricultural economy and hydroelectric power generation in the region of Central Luzon,"[{""start"": 723, ""end"": 855, ""text"": ""It is considered a critical watershed for the agricultural economy and hydroelectric power generation in the region of Central Luzon""}]",0.005258301313985414,-0.0005962123957405918
43,8,false,detail,final_token,"The final token is ""Yucatón"".",False,True,True,723,It is considered a critical watershed for the agricultural economy and hydroelectric power generation in the region of Central Luzon,"[{""start"": 825, ""end"": 855, ""text"": ""in the region of Central Luzon""}]",-0.012177268535103258,-0.006127862735653022
43,9,false,detail,attribute,The region described is central Coahuila.,False,False,False,723,It is considered a critical watershed for the agricultural economy and hydroelectric power generation in the region of Central Luzon,[],0.023353033251173994,-0.010532864747768267
43,10,false,detail,attribute,The region described is Central Yucatan/Yucaton.,False,False,False,723,It is considered a critical watershed for the agricultural economy and hydroelectric power generation in the region of Central Luzon,[],0.1589867586416267,-0.006127862735653022
43,11,true,detail,final_word,"The final word is Luzon, ending the sentence with the region Central Luzon.",True,True,True,723,It is considered a critical watershed for the agricultural economy and hydroelectric power generation in the region of Central Luzon,"[{""start"": 825, ""end"": 855, ""text"": ""in the region of Central Luzon""}]",0.04172875495896988,-0.010532864747768267
43,13,true,detail,attribute,The dam is a critical infrastructure asset for the water and energy economy.,True,True,False,723,It is considered a critical watershed for the agricultural economy and hydroelectric power generation in the region of Central Luzon,"[{""start"": 723, ""end"": 855, ""text"": ""It is considered a critical watershed for the agricultural economy and hydroelectric power generation in the region of Central Luzon""}]",0.019286042240472367,-0.004295857299095318
44,0,true,theme,format,The passage is a Wikipedia article with a film infobox followed by standard encyclopedic prose.,False,False,False,630,The film grossed $71 million worldwide against production budget of $65 million,"[{""start"": 0, ""end"": 163, ""text"": ""I, Frankenstein is a 2014 Australian-American action-horror film written and directed by Stuart Beattie, based on the digital-only graphic novel by Kevin Grevioux.""}]",0.016059122618589772,0.0013690519074479046
44,1,true,theme,topic,"The article covers plot, cast, production, and reception.",False,False,False,630,The film grossed $71 million worldwide against production budget of $65 million,"[{""start"": 353, ""end"": 440, ""text"": ""The film brings the story of Adam, Frankenstein's monster, going on a dangerous journey""}, {""start"": 267, ""end"": 352, ""text"": ""It stars Aaron Eckhart, Bill Nighy, Yvonne Strahovski, Miranda Otto and Jai Courtney.""}, {""start"": 630, ""end"": 709, ""text"": ""The film grossed $71 million worldwide against production budget of $65 million""}]",0.04245487537587589,0.0013690519074479046
44,2,true,detail,event,The sentence lists budget and box office figures.,True,True,False,630,The film grossed $71 million worldwide against production budget of $65 million,"[{""start"": 630, ""end"": 709, ""text"": ""The film grossed $71 million worldwide against production budget of $65 million""}]",0.016218920710566687,0.012575440300321483
44,4,true,detail,final_token,"The final token is ""million"".",True,True,True,630,The film grossed $71 million worldwide against production budget of $65 million,"[{""start"": 677, ""end"": 709, ""text"": ""production budget of $65 million""}]",0.060650951109860574,0.03392797865186781
44,5,true,detail,local_text,The final token closes the box office figure.,True,True,False,630,The film grossed $71 million worldwide against production budget of $65 million,"[{""start"": 630, ""end"": 709, ""text"": ""The film grossed $71 million worldwide against production budget of $65 million""}]",0.0521852898946889,0.03392797865186781
44,6,false,detail,quantity,The film grossed $52.5 million.,False,True,False,630,The film grossed $71 million worldwide against production budget of $65 million,"[{""start"": 630, ""end"": 668, ""text"": ""The film grossed $71 million worldwide""}]",0.1828742205447414,0.029601698524301057
44,7,false,detail,quantity,The film's budget was $40 million.,False,True,False,630,The film grossed $71 million worldwide against production budget of $65 million,"[{""start"": 669, ""end"": 709, ""text"": ""against production budget of $65 million""}]",0.2660652479609988,0.029601698524301057
44,9,false,detail,date,"The film was released on August 29, 2014.",False,False,False,630,The film grossed $71 million worldwide against production budget of $65 million,"[{""start"": 530, ""end"": 629, ""text"": ""The film was released on January 24, 2014, in the United States and on March 20, 2014 in Australia.""}]",-0.03479229699337105,-0.0052927391057123185
45,0,true,theme,format,The passage is a Wikipedia-style historical site entry following NPS format.,False,False,False,695,"Because of its archaeological value, the site was declared a historic site in the late twentieth century","[{""start"": 0, ""end"": 131, ""text"": ""The Ellerbusch Site (12-W-56) is a small but significant archaeological site in the southwestern part of the U.S. state of Indiana.""}, {""start"": 695, ""end"": 799, ""text"": ""Because of its archaeological value, the site was declared a historic site in the late twentieth century""}]",0.06305174650346679,-0.002228109755757046
45,1,true,theme,topic,The article establishes significance and context.,False,False,False,695,"Because of its archaeological value, the site was declared a historic site in the late twentieth century","[{""start"": 0, ""end"": 131, ""text"": ""The Ellerbusch Site (12-W-56) is a small but significant archaeological site in the southwestern part of the U.S. state of Indiana.""}]",0.0014411459786738412,-0.002228109755757046
45,2,false,entity,identity,The site is a mine.,False,False,False,695,"Because of its archaeological value, the site was declared a historic site in the late twentieth century","[{""start"": 0, ""end"": 131, ""text"": ""The Ellerbusch Site (12-W-56) is a small but significant archaeological site in the southwestern part of the U.S. state of Indiana.""}]",-0.016114022415277818,-0.003878428865898287
45,3,true,detail,event,The introductory paragraph outlines the site's history.,False,False,False,695,"Because of its archaeological value, the site was declared a historic site in the late twentieth century","[{""start"": 247, ""end"": 368, ""text"": ""Its existence appears to have been the result of the coincidence of periods of peace and growth in the related Angel Site""}]",-0.0008385318936878772,-0.004659078951338991
45,4,false,detail,attribute,The introductory paragraph outlines technology.,False,False,False,695,"Because of its archaeological value, the site was declared a historic site in the late twentieth century",[],-0.002610467186845322,-0.016879801551569873
45,5,true,detail,event,The introductory paragraph outlines regional importance.,False,False,False,695,"Because of its archaeological value, the site was declared a historic site in the late twentieth century","[{""start"": 530, ""end"": 694, ""text"": ""Ellerbusch has produced information that greatly increases present awareness of other small sites and of its culture's overall patterns of settlement in the region.""}]",-0.0013700740070413664,-0.004659078951338991
45,6,true,detail,local_text,This builds toward a concluding statement about its preservation/recognition status.,True,True,False,695,"Because of its archaeological value, the site was declared a historic site in the late twentieth century","[{""start"": 695, ""end"": 799, ""text"": ""Because of its archaeological value, the site was declared a historic site in the late twentieth century""}]",0.003472367053267922,-0.004659078951338991
45,7,true,detail,final_token,"The final token is ""century"".",True,True,True,695,"Because of its archaeological value, the site was declared a historic site in the late twentieth century","[{""start"": 770, ""end"": 799, ""text"": ""in the late twentieth century""}]",-0.004259140040166809,-0.015563536359480379
45,8,false,detail,local_text,The final token closes a sentence fragment.,False,True,False,695,"Because of its archaeological value, the site was declared a historic site in the late twentieth century","[{""start"": 770, ""end"": 799, ""text"": ""in the late twentieth century""}]",0.004838216255664829,-0.015563536359480379
45,9,true,detail,event,"Due to its historical importance, the site was designated for protection in the late twentieth century.",True,True,False,695,"Because of its archaeological value, the site was declared a historic site in the late twentieth century","[{""start"": 695, ""end"": 799, ""text"": ""Because of its archaeological value, the site was declared a historic site in the late twentieth century""}]",0.49867277663710213,-0.02822782565405313
45,11,false,detail,attribute,The article describes a nineteenth-century copper mine in Missouri.,False,False,False,695,"Because of its archaeological value, the site was declared a historic site in the late twentieth century","[{""start"": 0, ""end"": 131, ""text"": ""The Ellerbusch Site (12-W-56) is a small but significant archaeological site in the southwestern part of the U.S. state of Indiana.""}]",0.037283209695725406,-0.02822782565405313
45,12,false,detail,event,It was built in the 1870s and operated for several decades.,False,False,False,695,"Because of its archaeological value, the site was declared a historic site in the late twentieth century",[],0.011035997755673432,-0.01305349368420261
45,13,true,detail,attribute,This represents formal recognition or legal protection.,True,True,False,695,"Because of its archaeological value, the site was declared a historic site in the late twentieth century","[{""start"": 732, ""end"": 799, ""text"": ""the site was declared a historic site in the late twentieth century""}]",0.0032136424094160176,-0.01305349368420261
46,0,true,theme,format,The passage is a biographical encyclopedia/Wikipedia article.,False,False,False,1500,"In 1905, a then 72-year old Stockham and her publisher were convicted of circulating improper literature under the Comstock laws","[{""start"": 0, ""end"": 214, ""text"": ""Alice Bunker Stockham (November 8, 1833 in Cardington, Ohio – December 3, 1912 in Alhambra, California) was an obstetrician and gynecologist from Chicago and the fifth woman to become a doctor in the United States.""}]",-0.008481613382121056,-0.0038876378248189347
46,1,true,theme,style,The article details the subject's life and contributions systematically.,False,False,False,1500,"In 1905, a then 72-year old Stockham and her publisher were convicted of circulating improper literature under the Comstock laws","[{""start"": 215, ""end"": 338, ""text"": ""She promoted gender equality, dress reform, birth control, and male and female sexual fulfillment for successful marriages.""}]",-0.000499098876978521,-0.0038876378248189347
46,2,false,entity,identity,The subject is Charlotte Perkins Gilman.,False,False,False,1500,"In 1905, a then 72-year old Stockham and her publisher were convicted of circulating improper literature under the Comstock laws","[{""start"": 0, ""end"": 214, ""text"": ""Alice Bunker Stockham (November 8, 1833 in Cardington, Ohio – December 3, 1912 in Alhambra, California) was an obstetrician and gynecologist from Chicago and the fifth woman to become a doctor in the United States.""}]",-0.003740251548746021,-0.007072787646343781
46,3,true,detail,event,The final sentence describes a book/its author being prosecuted under the Comstock laws.,True,True,False,1500,"In 1905, a then 72-year old Stockham and her publisher were convicted of circulating improper literature under the Comstock laws","[{""start"": 1500, ""end"": 1628, ""text"": ""In 1905, a then 72-year old Stockham and her publisher were convicted of circulating improper literature under the Comstock laws""}]",0.0025795042216065767,-0.00030635237191467546
46,4,true,theme,style,This implies a concluding historical note about censorship consequences.,True,True,False,1500,"In 1905, a then 72-year old Stockham and her publisher were convicted of circulating improper literature under the Comstock laws","[{""start"": 1500, ""end"": 1628, ""text"": ""In 1905, a then 72-year old Stockham and her publisher were convicted of circulating improper literature under the Comstock laws""}]",0.0038363701920974824,-0.00030635237191467546
46,5,true,detail,final_token,"The final token is ""laws"".",True,True,True,1500,"In 1905, a then 72-year old Stockham and her publisher were convicted of circulating improper literature under the Comstock laws","[{""start"": 1605, ""end"": 1628, ""text"": ""under the Comstock laws""}]",0.00028030929077482725,-0.002424272612100431
46,6,false,detail,date,The prosecution took place in 1920.,False,True,False,1500,"In 1905, a then 72-year old Stockham and her publisher were convicted of circulating improper literature under the Comstock laws","[{""start"": 1500, ""end"": 1569, ""text"": ""In 1905, a then 72-year old Stockham and her publisher were convicted""}]",-0.0030848093954611855,-0.0059858789505693455
46,7,true,detail,event,The publisher was prosecuted for distributing the book.,True,True,False,1500,"In 1905, a then 72-year old Stockham and her publisher were convicted of circulating improper literature under the Comstock laws","[{""start"": 1528, ""end"": 1628, ""text"": ""Stockham and her publisher were convicted of circulating improper literature under the Comstock laws""}]",-0.007166680408690396,-0.0059858789505693455
46,8,true,detail,event,They were prosecuted/convicted for obscenity/distributing obscene material under the Comstock laws.,True,True,False,1500,"In 1905, a then 72-year old Stockham and her publisher were convicted of circulating improper literature under the Comstock laws","[{""start"": 1528, ""end"": 1628, ""text"": ""Stockham and her publisher were convicted of circulating improper literature under the Comstock laws""}]",0.024362893635919924,-0.0059858789505693455
46,10,false,detail,local_text,The sentence is incomplete.,False,True,False,1500,"In 1905, a then 72-year old Stockham and her publisher were convicted of circulating improper literature under the Comstock laws","[{""start"": 1605, ""end"": 1628, ""text"": ""under the Comstock laws""}]",-0.0008761287115598426,-0.004571532082802587
46,12,true,detail,exact_words,"""Under the Comstock laws"" is the final phrase.",True,True,False,1500,"In 1905, a then 72-year old Stockham and her publisher were convicted of circulating improper literature under the Comstock laws","[{""start"": 1605, ""end"": 1628, ""text"": ""under the Comstock laws""}]",0.0024737925800278893,0.0013170310371140026
46,13,false,detail,local_text,The final phrase is incomplete.,False,True,False,1500,"In 1905, a then 72-year old Stockham and her publisher were convicted of circulating improper literature under the Comstock laws","[{""start"": 1605, ""end"": 1628, ""text"": ""under the Comstock laws""}]",0.0013359117905679119,0.0013170310371140026
47,0,true,theme,format,The passage is an encyclopedic/informational article maintained throughout.,False,False,False,1102,"The reasons for the species' long-term decline are unclear, but hunting, loss of foraging habitat, and pesticide poisoning have been implicated in the rapid loss of colonies in recent decades","[{""start"": 0, ""end"": 167, ""text"": ""The northern bald ibis, hermit ibis, or waldrapp (Geronticus eremita) is a migratory bird found in barren, semi-desert or rocky habitats, often close to running water.""}]",-0.02864108369452223,0.01711565898681866
47,1,true,theme,topic,"The article covers taxonomy, appearance, behavior, and conservation status.",False,False,False,1102,"The reasons for the species' long-term decline are unclear, but hunting, loss of foraging habitat, and pesticide poisoning have been implicated in the rapid loss of colonies in recent decades","[{""start"": 168, ""end"": 320, ""text"": ""This glossy black ibis, which, unlike many members of the ibis family, is non-wading, has an unfeathered red face and head, and a long, curved red bill.""}, {""start"": 321, ""end"": 377, ""text"": ""It breeds colonially on coastal or mountain cliff ledges""}, {""start"": 719, ""end"": 758, ""text"": ""is now considered critically endangered""}]",-0.006862896999170143,0.01711565898681866
47,2,false,entity,identity,The passage is about the saffron cod.,False,False,False,1102,"The reasons for the species' long-term decline are unclear, but hunting, loss of foraging habitat, and pesticide poisoning have been implicated in the rapid loss of colonies in recent decades","[{""start"": 0, ""end"": 167, ""text"": ""The northern bald ibis, hermit ibis, or waldrapp (Geronticus eremita) is a migratory bird found in barren, semi-desert or rocky habitats, often close to running water.""}]",-0.021057782873906805,0.01711565898681866
47,3,true,detail,local_text,The final sentence addresses conservation threats.,True,True,False,1102,"The reasons for the species' long-term decline are unclear, but hunting, loss of foraging habitat, and pesticide poisoning have been implicated in the rapid loss of colonies in recent decades","[{""start"": 1166, ""end"": 1293, ""text"": ""hunting, loss of foraging habitat, and pesticide poisoning have been implicated in the rapid loss of colonies in recent decades""}]",-0.00904112419915215,0.01308407125245048
47,4,false,detail,local_text,The final sentence addresses recovery efforts.,False,True,False,1102,"The reasons for the species' long-term decline are unclear, but hunting, loss of foraging habitat, and pesticide poisoning have been implicated in the rapid loss of colonies in recent decades","[{""start"": 1102, ""end"": 1293, ""text"": ""The reasons for the species' long-term decline are unclear, but hunting, loss of foraging habitat, and pesticide poisoning have been implicated in the rapid loss of colonies in recent decades""}]",0.005268721526595854,0.01308407125245048
47,5,true,theme,style,This wraps up the article's arc from discovery to endangerment to hope.,False,False,False,1102,"The reasons for the species' long-term decline are unclear, but hunting, loss of foraging habitat, and pesticide poisoning have been implicated in the rapid loss of colonies in recent decades","[{""start"": 719, ""end"": 758, ""text"": ""is now considered critically endangered""}, {""start"": 931, ""end"": 998, ""text"": ""recent reintroduction programs have been instituted internationally""}]",-0.02892302569863503,0.01308407125245048
47,6,true,detail,final_token,"The final token is ""decades"".",True,True,True,1102,"The reasons for the species' long-term decline are unclear, but hunting, loss of foraging habitat, and pesticide poisoning have been implicated in the rapid loss of colonies in recent decades","[{""start"": 1276, ""end"": 1293, ""text"": ""in recent decades""}]",0.01352606347410168,0.005727275342050198
47,7,true,detail,local_text,The final token closes a causal explanation.,True,True,False,1102,"The reasons for the species' long-term decline are unclear, but hunting, loss of foraging habitat, and pesticide poisoning have been implicated in the rapid loss of colonies in recent decades","[{""start"": 1166, ""end"": 1293, ""text"": ""hunting, loss of foraging habitat, and pesticide poisoning have been implicated in the rapid loss of colonies in recent decades""}]",0.0017120652210185772,0.005727275342050198
47,8,false,detail,cause,Pollution is cited as a cause of decline.,False,True,False,1102,"The reasons for the species' long-term decline are unclear, but hunting, loss of foraging habitat, and pesticide poisoning have been implicated in the rapid loss of colonies in recent decades","[{""start"": 1166, ""end"": 1245, ""text"": ""hunting, loss of foraging habitat, and pesticide poisoning have been implicated""}]",0.00773045035921005,0.005727275342050198
47,9,true,detail,cause,Habitat loss is thought to be among the primary causes of decline in recent decades.,True,True,False,1102,"The reasons for the species' long-term decline are unclear, but hunting, loss of foraging habitat, and pesticide poisoning have been implicated in the rapid loss of colonies in recent decades","[{""start"": 1166, ""end"": 1293, ""text"": ""hunting, loss of foraging habitat, and pesticide poisoning have been implicated in the rapid loss of colonies in recent decades""}]",0.6591882510091018,0.017343430650114178
47,11,true,detail,event,Recent conservation efforts have focused on breeding programs and habitat protection.,False,False,False,1102,"The reasons for the species' long-term decline are unclear, but hunting, loss of foraging habitat, and pesticide poisoning have been implicated in the rapid loss of colonies in recent decades","[{""start"": 931, ""end"": 1100, ""text"": ""recent reintroduction programs have been instituted internationally, with a semi-wild breeding colony in Turkey, as well as sites in Austria, Spain, and northern Morocco""}]",0.0005194221918706776,0.00976625792897956
47,12,true,detail,attribute,The species remains endangered and its population is still declining.,False,False,False,1102,"The reasons for the species' long-term decline are unclear, but hunting, loss of foraging habitat, and pesticide poisoning have been implicated in the rapid loss of colonies in recent decades","[{""start"": 719, ""end"": 758, ""text"": ""is now considered critically endangered""}, {""start"": 1249, ""end"": 1293, ""text"": ""the rapid loss of colonies in recent decades""}]",-0.02049279727905362,0.00976625792897956
47,13,true,detail,cause,The exact causes of its decline are unclear.,True,True,False,1102,"The reasons for the species' long-term decline are unclear, but hunting, loss of foraging habitat, and pesticide poisoning have been implicated in the rapid loss of colonies in recent decades","[{""start"": 1102, ""end"": 1160, ""text"": ""The reasons for the species' long-term decline are unclear""}]",-0.00897800935804971,0.00976625792897956
47,14,false,detail,local_text,The sentence ends mid-thought.,False,True,False,1102,"The reasons for the species' long-term decline are unclear, but hunting, loss of foraging habitat, and pesticide poisoning have been implicated in the rapid loss of colonies in recent decades","[{""start"": 1276, ""end"": 1293, ""text"": ""in recent decades""}]",0.03649157536744896,0.00976625792897956
48,0,true,theme,format,The passage is a Wikipedia article structure for a music album.,False,False,False,668,"Also was nominated for a Latin Grammy Award for Album of the Year, in the 8th Annual Latin Grammy Awards which was awarded to La Llave de Mi Corazón by Juan Luis Guerra","[{""start"": 0, ""end"": 103, ""text"": ""El Tren de los Momentos is the eighth studio album recorded by Spanish singer-songwriter Alejandro Sanz""}]",-0.0020029259737572858,0.0011935504941178454
48,1,true,theme,style,"The article follows consistent factual, encyclopedic prose.",False,False,False,668,"Also was nominated for a Latin Grammy Award for Album of the Year, in the 8th Annual Latin Grammy Awards which was awarded to La Llave de Mi Corazón by Juan Luis Guerra","[{""start"": 0, ""end"": 103, ""text"": ""El Tren de los Momentos is the eighth studio album recorded by Spanish singer-songwriter Alejandro Sanz""}]",0.004966703514307724,0.0011935504941178454
48,2,true,entity,identity,The album is by Alejandro Sanz.,False,False,False,668,"Also was nominated for a Latin Grammy Award for Album of the Year, in the 8th Annual Latin Grammy Awards which was awarded to La Llave de Mi Corazón by Juan Luis Guerra","[{""start"": 0, ""end"": 103, ""text"": ""El Tren de los Momentos is the eighth studio album recorded by Spanish singer-songwriter Alejandro Sanz""}]",0.004236998977445561,0.0011935504941178454
48,3,false,entity,identity,The album is titled 'Ayer y Hoy.',False,False,False,668,"Also was nominated for a Latin Grammy Award for Album of the Year, in the 8th Annual Latin Grammy Awards which was awarded to La Llave de Mi Corazón by Juan Luis Guerra","[{""start"": 0, ""end"": 103, ""text"": ""El Tren de los Momentos is the eighth studio album recorded by Spanish singer-songwriter Alejandro Sanz""}]",0.0056501369634041065,0.0011935504941178454
48,4,true,detail,event,The passage lists award achievements.,False,False,False,668,"Also was nominated for a Latin Grammy Award for Album of the Year, in the 8th Annual Latin Grammy Awards which was awarded to La Llave de Mi Corazón by Juan Luis Guerra","[{""start"": 578, ""end"": 667, ""text"": ""The album won the Grammy Award for Best Latin Pop Album at the 50th Annual Grammy Awards.""}]",0.0003727750364417304,0.003264292436652827
48,5,false,detail,event,The passage lists chart milestones.,False,False,False,668,"Also was nominated for a Latin Grammy Award for Album of the Year, in the 8th Annual Latin Grammy Awards which was awarded to La Llave de Mi Corazón by Juan Luis Guerra",[],-0.00048102003358363454,0.003264292436652827
48,6,false,detail,event,The sentence is mid-way through detailing Latin Grammy wins.,False,True,False,668,"Also was nominated for a Latin Grammy Award for Album of the Year, in the 8th Annual Latin Grammy Awards which was awarded to La Llave de Mi Corazón by Juan Luis Guerra","[{""start"": 668, ""end"": 836, ""text"": ""Also was nominated for a Latin Grammy Award for Album of the Year, in the 8th Annual Latin Grammy Awards which was awarded to La Llave de Mi Corazón by Juan Luis Guerra""}]",0.010934554698717625,0.003264292436652827
48,7,true,detail,local_text,This establishes a pattern of naming specific awards and competing albums.,True,True,False,668,"Also was nominated for a Latin Grammy Award for Album of the Year, in the 8th Annual Latin Grammy Awards which was awarded to La Llave de Mi Corazón by Juan Luis Guerra","[{""start"": 668, ""end"": 836, ""text"": ""Also was nominated for a Latin Grammy Award for Album of the Year, in the 8th Annual Latin Grammy Awards which was awarded to La Llave de Mi Corazón by Juan Luis Guerra""}]",0.00015552724724066103,0.003264292436652827
48,8,true,detail,final_token,"The final token is ""Guerra"".",True,True,True,668,"Also was nominated for a Latin Grammy Award for Album of the Year, in the 8th Annual Latin Grammy Awards which was awarded to La Llave de Mi Corazón by Juan Luis Guerra","[{""start"": 817, ""end"": 836, ""text"": ""by Juan Luis Guerra""}]",0.03634879972330929,0.026813304197052412
48,9,true,detail,local_text,The final token ends a clause naming the competing album and artist.,True,True,False,668,"Also was nominated for a Latin Grammy Award for Album of the Year, in the 8th Annual Latin Grammy Awards which was awarded to La Llave de Mi Corazón by Juan Luis Guerra","[{""start"": 773, ""end"": 836, ""text"": ""which was awarded to La Llave de Mi Corazón by Juan Luis Guerra""}]",0.004471729338584307,0.026813304197052412
48,13,false,detail,event,The album won Album of the Year.,False,True,False,668,"Also was nominated for a Latin Grammy Award for Album of the Year, in the 8th Annual Latin Grammy Awards which was awarded to La Llave de Mi Corazón by Juan Luis Guerra","[{""start"": 668, ""end"": 836, ""text"": ""Also was nominated for a Latin Grammy Award for Album of the Year, in the 8th Annual Latin Grammy Awards which was awarded to La Llave de Mi Corazón by Juan Luis Guerra""}]",0.00012244302871500246,0.006388399930132405
48,14,false,detail,date,This was at the 2005 Latin Grammy Awards.,False,True,False,668,"Also was nominated for a Latin Grammy Award for Album of the Year, in the 8th Annual Latin Grammy Awards which was awarded to La Llave de Mi Corazón by Juan Luis Guerra","[{""start"": 735, ""end"": 772, ""text"": ""in the 8th Annual Latin Grammy Awards""}]",0.005431890425504626,0.006388399930132405
48,15,false,detail,local_text,The sentence is incomplete.,False,True,False,668,"Also was nominated for a Latin Grammy Award for Album of the Year, in the 8th Annual Latin Grammy Awards which was awarded to La Llave de Mi Corazón by Juan Luis Guerra","[{""start"": 817, ""end"": 836, ""text"": ""by Juan Luis Guerra""}]",0.0011790023311291087,0.006388399930132405
48,17,false,detail,attribute,Juan Luis Guerra is a Dominican merengue artist.,False,False,False,668,"Also was nominated for a Latin Grammy Award for Album of the Year, in the 8th Annual Latin Grammy Awards which was awarded to La Llave de Mi Corazón by Juan Luis Guerra",[],0.010157623492169865,0.006388399930132405
49,0,true,theme,format,"The passage is a Wikipedia article, an encyclopedic biography.",False,False,False,1020,"The legend holds that Peter consecrated Aspren as bishop of Naples and asked him to construct the oratory of Santa Maria del Principio, which would form the basis for the basilica of Santa Restituta; San Pietro ad Aram was also said to have been built during this time","[{""start"": 0, ""end"": 100, ""text"": ""Aspren or Asprenas () was a 1st-century Christian saint and venerated as the first Bishop of Naples.""}]",0.05288846063842678,0.0040221827306786695
49,1,true,theme,style,"The article follows a consistent pattern of historical claims, dates, and attributed legends.",False,False,False,1020,"The legend holds that Peter consecrated Aspren as bishop of Naples and asked him to construct the oratory of Santa Maria del Principio, which would form the basis for the basilica of Santa Restituta; San Pietro ad Aram was also said to have been built during this time","[{""start"": 574, ""end"": 634, ""text"": ""Aspren's episcopate is stated as lasting twenty-three years.""}, {""start"": 669, ""end"": 748, ""text"": ""an ancient legend holds that Saint Peter, on his way to Rome, stopped at Naples""}]",0.002617719972607291,0.0040221827306786695
49,2,false,entity,identity,The passage is about Saint Thomas in Kerala.,False,False,False,1020,"The legend holds that Peter consecrated Aspren as bishop of Naples and asked him to construct the oratory of Santa Maria del Principio, which would form the basis for the basilica of Santa Restituta; San Pietro ad Aram was also said to have been built during this time","[{""start"": 0, ""end"": 100, ""text"": ""Aspren or Asprenas () was a 1st-century Christian saint and venerated as the first Bishop of Naples.""}]",-0.003408598820620279,0.0040221827306786695
49,3,false,detail,event,The narrative completes the account of Thomas's founding activities in Muziris.,False,False,False,1020,"The legend holds that Peter consecrated Aspren as bishop of Naples and asked him to construct the oratory of Santa Maria del Principio, which would form the basis for the basilica of Santa Restituta; San Pietro ad Aram was also said to have been built during this time",[],0.019396111758614554,0.00039132450648737827
49,4,true,detail,local_text,The text has been detailing churches and institutions attributed to the saint's visit.,True,True,False,1020,"The legend holds that Peter consecrated Aspren as bishop of Naples and asked him to construct the oratory of Santa Maria del Principio, which would form the basis for the basilica of Santa Restituta; San Pietro ad Aram was also said to have been built during this time","[{""start"": 1091, ""end"": 1288, ""text"": ""asked him to construct the oratory of Santa Maria del Principio, which would form the basis for the basilica of Santa Restituta; San Pietro ad Aram was also said to have been built during this time""}]",-0.008339706572630168,0.00039132450648737827
49,5,false,detail,event,The Cathedral of St. Thomas is said to have been built during this time.,False,False,False,1020,"The legend holds that Peter consecrated Aspren as bishop of Naples and asked him to construct the oratory of Santa Maria del Principio, which would form the basis for the basilica of Santa Restituta; San Pietro ad Aram was also said to have been built during this time",[],0.0697034412586911,0.010399703805297866
49,6,false,detail,event,The Santa Casa is said to have been built around this time.,False,False,False,1020,"The legend holds that Peter consecrated Aspren as bishop of Naples and asked him to construct the oratory of Santa Maria del Principio, which would form the basis for the basilica of Santa Restituta; San Pietro ad Aram was also said to have been built during this time",[],0.9413407391894035,0.010399703805297866
49,7,true,detail,local_text,These constructions are mentioned as contemporaneous.,True,True,False,1020,"The legend holds that Peter consecrated Aspren as bishop of Naples and asked him to construct the oratory of Santa Maria del Principio, which would form the basis for the basilica of Santa Restituta; San Pietro ad Aram was also said to have been built during this time","[{""start"": 1156, ""end"": 1288, ""text"": ""which would form the basis for the basilica of Santa Restituta; San Pietro ad Aram was also said to have been built during this time""}]",0.014419876855287228,0.00039132450648737827
49,8,true,detail,final_token,"The final token is ""time"".",True,True,True,1020,"The legend holds that Peter consecrated Aspren as bishop of Naples and asked him to construct the oratory of Santa Maria del Principio, which would form the basis for the basilica of Santa Restituta; San Pietro ad Aram was also said to have been built during this time","[{""start"": 1220, ""end"": 1288, ""text"": ""San Pietro ad Aram was also said to have been built during this time""}]",0.004731033628254222,0.009111783006519936
49,9,true,detail,local_text,The final token closes a parallel construction.,True,True,False,1020,"The legend holds that Peter consecrated Aspren as bishop of Naples and asked him to construct the oratory of Santa Maria del Principio, which would form the basis for the basilica of Santa Restituta; San Pietro ad Aram was also said to have been built during this time","[{""start"": 1156, ""end"": 1288, ""text"": ""which would form the basis for the basilica of Santa Restituta; San Pietro ad Aram was also said to have been built during this time""}]",0.007559032833231782,0.009111783006519936
50,0,true,theme,format,The passage follows a standard encyclopedic/Wikipedia article format.,False,False,False,1133,"The ADI denounced Menezes' designation of the MLSTP / PSD to form a government as unconstitutional, arguing that it was too late in the parliamentary term to do so, and it took the matter to the Supreme Tribunal of Justice","[{""start"": 0, ""end"": 83, ""text"": ""The Independent Democratic Action () is a political party in São Tomé and Príncipe.""}]",0.0008942154451516693,-0.00894106898683611
50,1,true,theme,genre,The passage is a detailed political biography.,False,False,False,1133,"The ADI denounced Menezes' designation of the MLSTP / PSD to form a government as unconstitutional, arguing that it was too late in the parliamentary term to do so, and it took the matter to the Supreme Tribunal of Justice","[{""start"": 84, ""end"": 148, ""text"": ""It was established in 1994 by the then president Miguel Trovoada""}]",0.003655576107616021,-0.00894106898683611
50,2,true,theme,topic,The passage covers elections.,False,False,False,1133,"The ADI denounced Menezes' designation of the MLSTP / PSD to form a government as unconstitutional, arguing that it was too late in the parliamentary term to do so, and it took the matter to the Supreme Tribunal of Justice","[{""start"": 202, ""end"": 241, ""text"": ""the 29 July 2001 presidential elections""}]",0.00410579779323017,-0.00894106898683611
50,3,true,theme,topic,The passage covers governance.,False,False,False,1133,"The ADI denounced Menezes' designation of the MLSTP / PSD to form a government as unconstitutional, arguing that it was too late in the parliamentary term to do so, and it took the matter to the Supreme Tribunal of Justice","[{""start"": 856, ""end"": 903, ""text"": ""Trovoada became Prime Minister in February 2008""}]",0.001776693236071103,-0.00894106898683611
50,4,true,theme,topic,The passage covers controversies.,True,True,False,1133,"The ADI denounced Menezes' designation of the MLSTP / PSD to form a government as unconstitutional, arguing that it was too late in the parliamentary term to do so, and it took the matter to the Supreme Tribunal of Justice","[{""start"": 1141, ""end"": 1231, ""text"": ""denounced Menezes' designation of the MLSTP / PSD to form a government as unconstitutional""}]",-0.0006390596540902793,-0.00894106898683611
50,5,true,theme,style,The passage presents its events chronologically.,False,False,False,1133,"The ADI denounced Menezes' designation of the MLSTP / PSD to form a government as unconstitutional, arguing that it was too late in the parliamentary term to do so, and it took the matter to the Supreme Tribunal of Justice","[{""start"": 84, ""end"": 110, ""text"": ""It was established in 1994""}]",0.00044010811486461243,-0.00894106898683611
50,6,true,detail,local_text,The passage exhibits narrative momentum toward a conclusion.,True,True,False,1133,"The ADI denounced Menezes' designation of the MLSTP / PSD to form a government as unconstitutional, arguing that it was too late in the parliamentary term to do so, and it took the matter to the Supreme Tribunal of Justice","[{""start"": 1302, ""end"": 1355, ""text"": ""it took the matter to the Supreme Tribunal of Justice""}]",0.007414570573974877,0.004987825643052224
50,7,true,detail,event,The final sentence describes a legal/political dispute.,True,True,False,1133,"The ADI denounced Menezes' designation of the MLSTP / PSD to form a government as unconstitutional, arguing that it was too late in the parliamentary term to do so, and it took the matter to the Supreme Tribunal of Justice","[{""start"": 1133, ""end"": 1231, ""text"": ""The ADI denounced Menezes' designation of the MLSTP / PSD to form a government as unconstitutional""}]",0.006191228943920102,0.004987825643052224
50,8,true,detail,attribute,The dispute concerns presidential powers.,True,True,False,1133,"The ADI denounced Menezes' designation of the MLSTP / PSD to form a government as unconstitutional, arguing that it was too late in the parliamentary term to do so, and it took the matter to the Supreme Tribunal of Justice","[{""start"": 1141, ""end"": 1231, ""text"": ""denounced Menezes' designation of the MLSTP / PSD to form a government as unconstitutional""}]",-0.0017455821359043666,0.004987825643052224
50,9,false,detail,event,The dispute concerns the dissolution of parliament.,False,False,False,1133,"The ADI denounced Menezes' designation of the MLSTP / PSD to form a government as unconstitutional, arguing that it was too late in the parliamentary term to do so, and it took the matter to the Supreme Tribunal of Justice",[],0.00031305720950824956,0.004987825643052224
50,11,true,detail,final_token,The final word of the prefix is “Justice”.,True,True,True,1133,"The ADI denounced Menezes' designation of the MLSTP / PSD to form a government as unconstitutional, arguing that it was too late in the parliamentary term to do so, and it took the matter to the Supreme Tribunal of Justice","[{""start"": 1348, ""end"": 1355, ""text"": ""Justice""}]",0.004030963629323425,0.017776711844202375
50,12,false,entity,identification,The court involved is called the Constitutional Court.,False,True,False,1133,"The ADI denounced Menezes' designation of the MLSTP / PSD to form a government as unconstitutional, arguing that it was too late in the parliamentary term to do so, and it took the matter to the Supreme Tribunal of Justice","[{""start"": 1328, ""end"": 1355, ""text"": ""Supreme Tribunal of Justice""}]",-0.00861397998699065,0.017776711844202375
50,13,false,entity,identification,The matter was referred to a body named the Tribunal de Justice.,False,True,False,1133,"The ADI denounced Menezes' designation of the MLSTP / PSD to form a government as unconstitutional, arguing that it was too late in the parliamentary term to do so, and it took the matter to the Supreme Tribunal of Justice","[{""start"": 1328, ""end"": 1355, ""text"": ""Supreme Tribunal of Justice""}]",-0.0026093201219399287,0.01416520408733779
50,14,false,detail,attribute,The dissolution was claimed to be illegal.,False,False,False,1133,"The ADI denounced Menezes' designation of the MLSTP / PSD to form a government as unconstitutional, arguing that it was too late in the parliamentary term to do so, and it took the matter to the Supreme Tribunal of Justice",[],0.012964886278994392,0.021748420702541127
50,15,false,entity,identification,The matter was referred to a body named the Cour Suprême de Justice.,False,True,False,1133,"The ADI denounced Menezes' designation of the MLSTP / PSD to form a government as unconstitutional, arguing that it was too late in the parliamentary term to do so, and it took the matter to the Supreme Tribunal of Justice","[{""start"": 1328, ""end"": 1355, ""text"": ""Supreme Tribunal of Justice""}]",0.5508733149252059,0.021748420702541127
50,17,true,detail,local_text,This clause closes the sentence describing the dispute.,True,True,False,1133,"The ADI denounced Menezes' designation of the MLSTP / PSD to form a government as unconstitutional, arguing that it was too late in the parliamentary term to do so, and it took the matter to the Supreme Tribunal of Justice","[{""start"": 1302, ""end"": 1355, ""text"": ""it took the matter to the Supreme Tribunal of Justice""}]",0.005026018831354673,-0.0017182072044051866
50,18,false,detail,attribute,The dissolution was claimed to be unconstitutional.,False,False,False,1133,"The ADI denounced Menezes' designation of the MLSTP / PSD to form a government as unconstitutional, arguing that it was too late in the parliamentary term to do so, and it took the matter to the Supreme Tribunal of Justice",[],0.001316759326617123,-0.0002611103957930183
51,0,true,theme,format,The passage is a biographical Wikipedia article.,False,False,False,729,"In summer 2009 he returned to Brazil and played until the end of the year with Olaria, before returning to Sport Recife","[{""start"": 0, ""end"": 111, ""text"": ""Jefferson Madeira da Silva, or simply Jefferson Madeira (born 15 February 1988) is a Brazilian football forward""}]",-0.003329094358565876,0.0011612182527592774
51,1,true,theme,style,The passage follows a chronological career narrative.,False,False,False,729,"In summer 2009 he returned to Brazil and played until the end of the year with Olaria, before returning to Sport Recife","[{""start"": 174, ""end"": 226, ""text"": ""started his career playing with Sport Recife in 2007""}]",-0.0023006040581212694,0.0011612182527592774
51,4,true,theme,topic,The passage tracks the player's club transfers.,False,False,False,729,"In summer 2009 he returned to Brazil and played until the end of the year with Olaria, before returning to Sport Recife","[{""start"": 282, ""end"": 340, ""text"": ""After loan spells with Metropolitano and Treze during 2008""}]",0.0006643216128164875,0.0011612182527592774
51,5,false,entity,identification,The player's career included Santos.,False,False,False,729,"In summer 2009 he returned to Brazil and played until the end of the year with Olaria, before returning to Sport Recife",[],-0.010088498614670649,-0.005525614066014595
51,6,false,entity,identification,The player's career included São Paulo.,False,False,False,729,"In summer 2009 he returned to Brazil and played until the end of the year with Olaria, before returning to Sport Recife",[],-0.011757897495523584,-0.005525614066014595
51,7,false,entity,identification,The player's career included Vitória.,False,False,False,729,"In summer 2009 he returned to Brazil and played until the end of the year with Olaria, before returning to Sport Recife",[],0.0009859423155031966,-0.005525614066014595
51,8,false,entity,identification,The player went to Mexico as part of his career.,False,False,False,729,"In summer 2009 he returned to Brazil and played until the end of the year with Olaria, before returning to Sport Recife",[],0.0042919491224792106,-0.007830673067485083
51,10,true,detail,final_token,The final word of the prefix is “Recife”.,True,True,True,729,"In summer 2009 he returned to Brazil and played until the end of the year with Olaria, before returning to Sport Recife","[{""start"": 842, ""end"": 848, ""text"": ""Recife""}]",-0.0032179519454503813,-0.004830301179243657
51,11,true,detail,event,The player returned again to Sport Recife.,True,True,False,729,"In summer 2009 he returned to Brazil and played until the end of the year with Olaria, before returning to Sport Recife","[{""start"": 816, ""end"": 848, ""text"": ""before returning to Sport Recife""}]",0.7143888384405593,-0.007525229184187077
51,12,false,entity,identification,The player moved to a club named América de Natal.,False,False,False,729,"In summer 2009 he returned to Brazil and played until the end of the year with Olaria, before returning to Sport Recife",[],0.01739890021425128,-0.004136786948145121
51,14,false,detail,date,He returned to Sport Recife in 2006.,False,False,False,729,"In summer 2009 he returned to Brazil and played until the end of the year with Olaria, before returning to Sport Recife","[{""start"": 174, ""end"": 226, ""text"": ""started his career playing with Sport Recife in 2007""}]",0.015009907527410271,0.0007946115126319375
51,15,false,detail,event,He left Sport Recife after a short spell.,False,False,False,729,"In summer 2009 he returned to Brazil and played until the end of the year with Olaria, before returning to Sport Recife",[],0.005151036760774441,0.0007946115126319375
51,16,false,detail,attribute,The return to Sport Recife implies resuming his earlier contract or tenure.,False,False,False,729,"In summer 2009 he returned to Brazil and played until the end of the year with Olaria, before returning to Sport Recife",[],0.008701336203338017,0.0007946115126319375
52,0,true,theme,format,The passage is an encyclopedic Wikipedia-style article.,False,False,False,691,"Terminating trains arrive at eastern side platform, whereas southbound trains depart from western side platform","[{""start"": 0, ""end"": 76, ""text"": ""Młociny is a Warsaw Metro station serving as a northern terminus to Line M1.""}]",-0.006983943616405863,0.0016522610583959985
52,1,true,theme,topic,The article is about a specific railway station.,False,False,False,691,"Terminating trains arrive at eastern side platform, whereas southbound trains depart from western side platform","[{""start"": 0, ""end"": 33, ""text"": ""Młociny is a Warsaw Metro station""}]",-0.003743710010719825,0.0016522610583959985
52,2,true,theme,style,"The passage establishes a factual, descriptive register throughout.",False,False,False,691,"Terminating trains arrive at eastern side platform, whereas southbound trains depart from western side platform","[{""start"": 0, ""end"": 76, ""text"": ""Młociny is a Warsaw Metro station serving as a northern terminus to Line M1.""}]",0.0005668552277580119,0.0016522610583959985
52,3,true,theme,topic,The article systematically covers location.,False,False,False,691,"Terminating trains arrive at eastern side platform, whereas southbound trains depart from western side platform","[{""start"": 77, ""end"": 185, ""text"": ""It is situated within Warsaw administrative boundaries and ZTM ticketing zone 1, in the dzielnica of Bielany""}]",0.0018102426416333195,0.002121891485281857
52,4,true,theme,topic,The article systematically covers history.,False,False,False,691,"Terminating trains arrive at eastern side platform, whereas southbound trains depart from western side platform","[{""start"": 246, ""end"": 331, ""text"": ""The station opened on 25 October 2008 and is the final northern extension of Line M1.""}]",-0.000691408919802794,0.002121891485281857
52,5,true,theme,topic,The article systematically covers connections.,False,False,False,691,"Terminating trains arrive at eastern side platform, whereas southbound trains depart from western side platform","[{""start"": 446, ""end"": 502, ""text"": ""It is served by trams and both urban and suburban buses.""}]",-0.0025937155451207783,0.002121891485281857
52,6,true,theme,topic,The article systematically covers operational details.,False,False,False,691,"Terminating trains arrive at eastern side platform, whereas southbound trains depart from western side platform","[{""start"": 637, ""end"": 690, ""text"": ""The trains are turned back at sidings behind Młociny.""}]",0.002051990891785982,0.002121891485281857
52,7,true,detail,local_text,The final sentence introduces platform usage specifics.,True,True,False,691,"Terminating trains arrive at eastern side platform, whereas southbound trains depart from western side platform","[{""start"": 691, ""end"": 802, ""text"": ""Terminating trains arrive at eastern side platform, whereas southbound trains depart from western side platform""}]",0.002817994255273737,0.002121891485281857
52,9,true,detail,final_token,The final word of the prefix is “platform”.,True,True,True,691,"Terminating trains arrive at eastern side platform, whereas southbound trains depart from western side platform","[{""start"": 794, ""end"": 802, ""text"": ""platform""}]",-0.003514619851153755,-0.005672608198682427
52,10,true,detail,local_text,The final sentence closes a parallel contrast structure between two train movements.,True,True,False,691,"Terminating trains arrive at eastern side platform, whereas southbound trains depart from western side platform","[{""start"": 691, ""end"": 802, ""text"": ""Terminating trains arrive at eastern side platform, whereas southbound trains depart from western side platform""}]",0.006731034427839289,-0.005672608198682427
52,11,false,entity,identification,Trains bound for London depart from the left-hand platform.,False,False,False,691,"Terminating trains arrive at eastern side platform, whereas southbound trains depart from western side platform",[],0.14922398342739118,-0.0006078325766261106
52,12,false,entity,identification,A second set of trains bound for London depart from the right-hand platform.,False,False,False,691,"Terminating trains arrive at eastern side platform, whereas southbound trains depart from western side platform",[],-0.013817009867819863,-0.005672608198682427
52,14,false,entity,identification,Trains returning to London depart from the right-hand platform.,False,False,False,691,"Terminating trains arrive at eastern side platform, whereas southbound trains depart from western side platform",[],0.01950479406962269,0.0020728219246615165
52,15,true,detail,attribute,The station is a terminal.,False,False,False,691,"Terminating trains arrive at eastern side platform, whereas southbound trains depart from western side platform","[{""start"": 34, ""end"": 75, ""text"": ""serving as a northern terminus to Line M1""}]",-0.008964925760867937,0.0020728219246615165
52,16,true,detail,attribute,Trains must reverse direction before departing because the station is a terminus.,False,False,False,691,"Terminating trains arrive at eastern side platform, whereas southbound trains depart from western side platform","[{""start"": 637, ""end"": 690, ""text"": ""The trains are turned back at sidings behind Młociny.""}]",0.0058804803118225335,0.0020728219246615165
52,17,false,detail,attribute,The station is equipped with a dedicated maintenance shed.,False,False,False,691,"Terminating trains arrive at eastern side platform, whereas southbound trains depart from western side platform",[],0.017743254799028607,0.0020728219246615165
53,0,true,theme,format,The passage is a Wikipedia-style article.,False,False,False,1393,"The logo of Mono is a stylized monkey's face, mono being Spanish for monkey","[{""start"": 0, ""end"": 75, ""text"": ""Mono is a free and open-source project to create an Ecma standard-compliant""}]",0.015363860160521658,-0.0004970117350105441
53,1,true,theme,genre,The passage is technical software documentation.,False,False,False,1393,"The logo of Mono is a stylized monkey's face, mono being Spanish for monkey","[{""start"": 121, ""end"": 175, ""text"": ""including a C # compiler and a Common Language Runtime""}]",-0.014941841171818293,-0.0004970117350105441
53,2,true,theme,topic,The article describes features of a specific tool.,False,False,False,1393,"The logo of Mono is a stylized monkey's face, mono being Spanish for monkey","[{""start"": 121, ""end"": 175, ""text"": ""including a C # compiler and a Common Language Runtime""}]",-0.006350141747345495,-0.0004970117350105441
53,3,false,theme,topic,The article describes versions of the tool.,False,False,False,1393,"The logo of Mono is a stylized monkey's face, mono being Spanish for monkey",[],-0.0028111491283924206,-0.0004970117350105441
53,4,true,theme,topic,The article describes capabilities of the tool.,False,False,False,1393,"The logo of Mono is a stylized monkey's face, mono being Spanish for monkey","[{""start"": 479, ""end"": 593, ""text"": ""Mono can be run on many software systems including Android, most Linux distributions, BSD, macOS, Windows, Solaris""}]",-0.022598457773396696,-0.0004970117350105441
53,5,false,entity,identity,The tool being described is named 'Mono Monkey'.,False,False,False,1393,"The logo of Mono is a stylized monkey's face, mono being Spanish for monkey","[{""start"": 0, ""end"": 38, ""text"": ""Mono is a free and open-source project""}]",0.03337170580167759,-0.022738020382508606
53,6,true,detail,local_text,The article consistently references the tool's name throughout.,False,False,False,1393,"The logo of Mono is a stylized monkey's face, mono being Spanish for monkey","[{""start"": 0, ""end"": 38, ""text"": ""Mono is a free and open-source project""}]",-0.010950475805788618,-0.022738020382508606
53,7,false,detail,local_text,The article references a Spanish-language context throughout.,False,True,False,1393,"The logo of Mono is a stylized monkey's face, mono being Spanish for monkey","[{""start"": 1439, ""end"": 1468, ""text"": ""mono being Spanish for monkey""}]",-0.01940635664579693,-0.022738020382508606
53,8,true,detail,local_text,The article builds toward explaining the etymology/naming rationale.,True,True,False,1393,"The logo of Mono is a stylized monkey's face, mono being Spanish for monkey","[{""start"": 1439, ""end"": 1468, ""text"": ""mono being Spanish for monkey""}]",-0.014006429769096829,-0.022738020382508606
53,9,true,detail,final_token,The final word of the prefix is “monkey”.,True,True,True,1393,"The logo of Mono is a stylized monkey's face, mono being Spanish for monkey","[{""start"": 1462, ""end"": 1468, ""text"": ""monkey""}]",-0.015244311786365095,-0.00685011915869671
53,10,true,detail,local_text,This closes a sentence explaining the name's origin.,True,True,False,1393,"The logo of Mono is a stylized monkey's face, mono being Spanish for monkey","[{""start"": 1439, ""end"": 1468, ""text"": ""mono being Spanish for monkey""}]",0.0004731856228359921,-0.0031190680010722005
53,11,false,entity,relationship,"Monkey is named after mono, which in Spanish means monkey.",False,True,False,1393,"The logo of Mono is a stylized monkey's face, mono being Spanish for monkey","[{""start"": 1439, ""end"": 1468, ""text"": ""mono being Spanish for monkey""}]",0.004532481641214781,-0.0031190680010722005
53,13,false,entity,identification,The tool is a Spanish-language mathematics application for Windows.,False,False,False,1393,"The logo of Mono is a stylized monkey's face, mono being Spanish for monkey","[{""start"": 101, ""end"": 175, ""text"": ""software framework, including a C # compiler and a Common Language Runtime""}]",-0.016040347986233217,0.02204528957259988
53,14,true,entity,relationship,"The name is a reference to the Spanish word mono, which means monkey.",True,True,False,1393,"The logo of Mono is a stylized monkey's face, mono being Spanish for monkey","[{""start"": 1439, ""end"": 1468, ""text"": ""mono being Spanish for monkey""}]",0.050219386839260305,0.02204528957259988
53,16,true,detail,local_text,This completes the etymology explanation.,True,True,False,1393,"The logo of Mono is a stylized monkey's face, mono being Spanish for monkey","[{""start"": 1439, ""end"": 1468, ""text"": ""mono being Spanish for monkey""}]",-0.0018929125617084264,-0.005022646182605728
54,0,true,theme,genre,The passage is in book review genre.,False,False,False,1490,"The last chapter of this book references his first work, and is called","[{""start"": 111, ""end"": 146, ""text"": ""is a 2005 political commentary book""}]",-0.00491154893437884,-0.0017016144315664672
54,1,true,theme,style,The passage has a consistent summary structure.,False,False,False,1490,"The last chapter of this book references his first work, and is called","[{""start"": 440, ""end"": 480, ""text"": ""Phillips points to three unifying themes""}]",0.001279766150563355,-0.0017016144315664672
54,2,false,entity,identity,The book being discussed is Thomas Friedman's 'The World Is Flat'.,False,False,False,1490,"The last chapter of this book references his first work, and is called","[{""start"": 0, ""end"": 191, ""text"": ""American Theocracy: The Peril and Politics of Radical Religion, Oil, and Borrowed Money in the 21st Century () is a 2005 political commentary book by American political writer Kevin Phillips.""}]",-0.003912059544135538,-0.0017016144315664672
54,3,true,theme,topic,The passage discusses a predecessor book by the same author.,False,False,False,1490,"The last chapter of this book references his first work, and is called","[{""start"": 1115, ""end"": 1162, ""text"": ""Phillips wrote The Emerging Republican Majority""}]",0.0036034718111884745,-0.0017016144315664672
54,4,true,detail,local_text,The passage exhibits narrative momentum building toward a conclusion.,True,True,False,1490,"The last chapter of this book references his first work, and is called","[{""start"": 1490, ""end"": 1560, ""text"": ""The last chapter of this book references his first work, and is called""}]",0.0034955583805639234,0.0024835852216973375
54,5,false,detail,date,The earlier work's thesis is dated to 1992.,False,False,False,1490,"The last chapter of this book references his first work, and is called",[],0.005936862612187399,0.009356778721991033
54,6,true,detail,local_text,The final chapter returns to / references the author's earlier work.,True,True,False,1490,"The last chapter of this book references his first work, and is called","[{""start"": 1490, ""end"": 1545, ""text"": ""The last chapter of this book references his first work""}]",0.04909062878795756,0.009356778721991033
54,7,false,detail,exact_words,"The final clause is 'The last chapter returns to this original book, and is called'.",False,True,False,1490,"The last chapter of this book references his first work, and is called","[{""start"": 1490, ""end"": 1560, ""text"": ""The last chapter of this book references his first work, and is called""}]",0.061030827589050096,-0.0007820321011495768
54,8,true,detail,local_text,This is an incomplete predicate requiring a chapter title in quotes.,True,True,False,1490,"The last chapter of this book references his first work, and is called","[{""start"": 1547, ""end"": 1560, ""text"": ""and is called""}]",0.011687155139375904,-0.0007820321011495768
54,10,false,entity,identification,Friedman's book addresses the failure of his earlier work.,False,False,False,1490,"The last chapter of this book references his first work, and is called",[],0.006645952077594552,0.006090813549829099
55,0,true,theme,format,The passage is Wikipedia-style encyclopedic.,False,False,False,631,"The term is seldom used in eastern Massachusetts, where Worcester and points west are instead regarded as part of Western Mass.","[{""start"": 0, ""end"": 76, ""text"": ""Central Massachusetts is the geographically central region of Massachusetts.""}]",0.0026676443088686774,0.005893559670648529
55,1,true,theme,topic,The passage defines a geographic term.,False,False,False,631,"The term is seldom used in eastern Massachusetts, where Worcester and points west are instead regarded as part of Western Mass.","[{""start"": 0, ""end"": 76, ""text"": ""Central Massachusetts is the geographically central region of Massachusetts.""}]",0.009738364438451552,0.005893559670648529
55,2,true,theme,style,"The passage uses factual, neutral prose.",False,False,False,631,"The term is seldom used in eastern Massachusetts, where Worcester and points west are instead regarded as part of Western Mass.","[{""start"": 0, ""end"": 76, ""text"": ""Central Massachusetts is the geographically central region of Massachusetts.""}]",0.005193740433378058,0.005893559670648529
55,3,true,theme,topic,The passage describes the region's definition.,False,False,False,631,"The term is seldom used in eastern Massachusetts, where Worcester and points west are instead regarded as part of Western Mass.","[{""start"": 77, ""end"": 184, ""text"": ""Though definitions vary, most include all of Worcester County and the northwest corner of Middlesex County.""}]",-0.0010546402227515905,0.005422287037785356
55,4,true,theme,topic,The passage describes the region's boundaries.,False,False,False,631,"The term is seldom used in eastern Massachusetts, where Worcester and points west are instead regarded as part of Western Mass.","[{""start"": 449, ""end"": 555, ""text"": ""in contrast to the Atlantic coastal plain to the east and the Connecticut River valley lowland to the west""}]",-0.0012649955245839228,0.005422287037785356
55,5,true,theme,topic,The passage describes the region's demographics.,False,False,False,631,"The term is seldom used in eastern Massachusetts, where Worcester and points west are instead regarded as part of Western Mass.","[{""start"": 185, ""end"": 224, ""text"": ""Worcester, the largest city in the area""}]",0.00032094412245187165,0.005422287037785356
55,6,true,theme,topic,The passage describes the region's cultural identity.,False,False,False,631,"The term is seldom used in eastern Massachusetts, where Worcester and points west are instead regarded as part of Western Mass.","[{""start"": 259, ""end"": 313, ""text"": ""is often considered the cultural capital of the region""}]",-0.00270911046769462,0.005422287037785356
55,7,true,detail,local_text,The final sentence provides a concluding note about how the term is perceived differently by neighboring areas.,True,True,False,631,"The term is seldom used in eastern Massachusetts, where Worcester and points west are instead regarded as part of Western Mass.","[{""start"": 631, ""end"": 758, ""text"": ""The term is seldom used in eastern Massachusetts, where Worcester and points west are instead regarded as part of Western Mass.""}]",0.007628060427650518,0.005422287037785356
55,8,false,entity,identification,The contrasting perspective mentioned is 'southern New England'.,False,True,False,631,"The term is seldom used in eastern Massachusetts, where Worcester and points west are instead regarded as part of Western Mass.","[{""start"": 658, ""end"": 679, ""text"": ""eastern Massachusetts""}]",0.0016601747644460207,0.005422287037785356
55,9,false,detail,final_token,The final word of the prefix is “West.”,False,True,True,631,"The term is seldom used in eastern Massachusetts, where Worcester and points west are instead regarded as part of Western Mass.","[{""start"": 753, ""end"": 758, ""text"": ""Mass.""}]",-0.000595725940992109,0.0008954057569163787
55,10,false,entity,identification,Central Connecticut is rarely distinguished from Greater Hartford in the eyes of residents of western Connecticut.,False,False,False,631,"The term is seldom used in eastern Massachusetts, where Worcester and points west are instead regarded as part of Western Mass.",[],0.023912193102908375,0.0008954057569163787
55,11,false,entity,identification,Central Connecticut is generally subsumed under Greater New England.,False,False,False,631,"The term is seldom used in eastern Massachusetts, where Worcester and points west are instead regarded as part of Western Mass.",[],0.01647209024529528,0.0008954057569163787
55,12,true,detail,local_text,The period closes the article.,True,True,False,631,"The term is seldom used in eastern Massachusetts, where Worcester and points west are instead regarded as part of Western Mass.","[{""start"": 753, ""end"": 758, ""text"": ""Mass.""}]",0.004964527401998486,0.0008954057569163787
55,13,false,detail,exact_words,"The final clause is 'In southern Connecticut, it is rarely distinguished from western Connecticut.'",False,True,False,631,"The term is seldom used in eastern Massachusetts, where Worcester and points west are instead regarded as part of Western Mass.","[{""start"": 631, ""end"": 758, ""text"": ""The term is seldom used in eastern Massachusetts, where Worcester and points west are instead regarded as part of Western Mass.""}]",-0.0020374623138731396,0.0008954057569163787
55,15,false,entity,identification,"In the north, it is generally regarded as part of the South.",False,False,False,631,"The term is seldom used in eastern Massachusetts, where Worcester and points west are instead regarded as part of Western Mass.",[],0.008107914211741063,0.00565975080274328
55,16,false,detail,attribute,The final clause implies the term is rejected by southern users.,False,False,False,631,"The term is seldom used in eastern Massachusetts, where Worcester and points west are instead regarded as part of Western Mass.",[],0.01833429784953644,0.00565975080274328
56,0,true,theme,format,The passage is an encyclopedic/Wikipedia-style article.,False,False,False,1011,"The General Agreement on Tariffs and Trade (GATT), the postwar independence of European colonies, and much more are derived from the Atlantic Charter","[{""start"": 0, ""end"": 96, ""text"": ""The Atlantic Charter was a pivotal policy statement issued during World War II on 14 August 1941""}]",-0.011553469979408981,0.0047585763761529565
56,1,true,theme,style,"The passage has a factual, neutral tone.",False,False,False,1011,"The General Agreement on Tariffs and Trade (GATT), the postwar independence of European colonies, and much more are derived from the Atlantic Charter","[{""start"": 0, ""end"": 51, ""text"": ""The Atlantic Charter was a pivotal policy statement""}]",0.0017708169287729003,0.0047585763761529565
56,2,true,theme,topic,The passage describes the Atlantic Charter's historical significance and provisions.,False,False,False,1011,"The General Agreement on Tariffs and Trade (GATT), the postwar independence of European colonies, and much more are derived from the Atlantic Charter","[{""start"": 280, ""end"": 325, ""text"": ""The Charter stated the ideal goals of the war""}]",0.014533572427722685,0.0047585763761529565
56,3,true,detail,local_text,The passage exhibits narrative momentum building toward a conclusion.,False,False,False,1011,"The General Agreement on Tariffs and Trade (GATT), the postwar independence of European colonies, and much more are derived from the Atlantic Charter","[{""start"": 885, ""end"": 1010, ""text"": ""The Atlantic Charter set goals for the postwar world and inspired many of the international agreements that followed the war.""}]",0.007848921663288433,0.00495524086925081
56,4,true,theme,topic,The text has traced the Charter's creation.,False,False,False,1011,"The General Agreement on Tariffs and Trade (GATT), the postwar independence of European colonies, and much more are derived from the Atlantic Charter","[{""start"": 152, ""end"": 224, ""text"": ""The leaders of the United Kingdom and the United States drafted the work""}]",0.005561051249406868,0.00495524086925081
56,5,true,theme,topic,The text has traced the Charter's goals.,False,False,False,1011,"The General Agreement on Tariffs and Trade (GATT), the postwar independence of European colonies, and much more are derived from the Atlantic Charter","[{""start"": 280, ""end"": 325, ""text"": ""The Charter stated the ideal goals of the war""}]",0.010362625629033229,0.00495524086925081
56,6,true,theme,topic,The text has traced the Charter's legacy.,False,False,False,1011,"The General Agreement on Tariffs and Trade (GATT), the postwar independence of European colonies, and much more are derived from the Atlantic Charter","[{""start"": 885, ""end"": 1010, ""text"": ""The Atlantic Charter set goals for the postwar world and inspired many of the international agreements that followed the war.""}]",0.007259032377815222,0.00495524086925081
56,7,true,detail,local_text,The passage is now summarizing the Charter's lasting influence on post-war institutions.,True,True,False,1011,"The General Agreement on Tariffs and Trade (GATT), the postwar independence of European colonies, and much more are derived from the Atlantic Charter","[{""start"": 1011, ""end"": 1160, ""text"": ""The General Agreement on Tariffs and Trade (GATT), the postwar independence of European colonies, and much more are derived from the Atlantic Charter""}]",0.013240342438975317,0.00495524086925081
56,8,true,detail,final_token,The final word of the prefix is “Charter”.,True,True,True,1011,"The General Agreement on Tariffs and Trade (GATT), the postwar independence of European colonies, and much more are derived from the Atlantic Charter","[{""start"": 1153, ""end"": 1160, ""text"": ""Charter""}]",-0.011062047740155845,-0.014516641462398283
56,9,true,detail,local_text,This closes a sentence listing derivative agreements.,True,True,False,1011,"The General Agreement on Tariffs and Trade (GATT), the postwar independence of European colonies, and much more are derived from the Atlantic Charter","[{""start"": 1011, ""end"": 1160, ""text"": ""The General Agreement on Tariffs and Trade (GATT), the postwar independence of European colonies, and much more are derived from the Atlantic Charter""}]",0.004189521851336808,-0.014516641462398283
56,10,true,detail,attribute,Many important agreements and policies are derived from the Atlantic Charter.,True,True,False,1011,"The General Agreement on Tariffs and Trade (GATT), the postwar independence of European colonies, and much more are derived from the Atlantic Charter","[{""start"": 1011, ""end"": 1160, ""text"": ""The General Agreement on Tariffs and Trade (GATT), the postwar independence of European colonies, and much more are derived from the Atlantic Charter""}]",0.7681739448947957,-0.010074199331539635
56,11,false,entity,identification,The United Nations Charter is among the agreements derived from the Atlantic Charter.,False,True,False,1011,"The General Agreement on Tariffs and Trade (GATT), the postwar independence of European colonies, and much more are derived from the Atlantic Charter","[{""start"": 1011, ""end"": 1107, ""text"": ""The General Agreement on Tariffs and Trade (GATT), the postwar independence of European colonies""}]",-0.004539994990160112,-0.010074199331539635
56,12,false,entity,identification,The Bretton Woods Agreement is among the agreements derived from the Atlantic Charter.,False,True,False,1011,"The General Agreement on Tariffs and Trade (GATT), the postwar independence of European colonies, and much more are derived from the Atlantic Charter","[{""start"": 1011, ""end"": 1107, ""text"": ""The General Agreement on Tariffs and Trade (GATT), the postwar independence of European colonies""}]",0.01574664689773242,-0.010074199331539635
56,14,true,detail,attribute,The Atlantic Charter is still very influential today.,False,False,False,1011,"The General Agreement on Tariffs and Trade (GATT), the postwar independence of European colonies, and much more are derived from the Atlantic Charter","[{""start"": 885, ""end"": 1010, ""text"": ""The Atlantic Charter set goals for the postwar world and inspired many of the international agreements that followed the war.""}]",0.0539078915739688,0.006558866268489338
56,15,true,detail,attribute,The Atlantic Charter inspired many agreements and policies.,False,False,False,1011,"The General Agreement on Tariffs and Trade (GATT), the postwar independence of European colonies, and much more are derived from the Atlantic Charter","[{""start"": 942, ""end"": 1009, ""text"": ""inspired many of the international agreements that followed the war""}]",0.01950714084349925,0.006558866268489338
57,0,true,theme,format,The passage is a Wikipedia-style geographic article.,False,False,False,1049,A number of bridges have been constructed across the creek,"[{""start"": 0, ""end"": 122, ""text"": ""Little Mahantango Creek is a tributary of Mahantango Creek in Schuylkill County and Northumberland County, in Pennsylvania""}]",0.02565305820641761,0.00011631421523139451
57,1,true,theme,topic,The article is about a small creek.,False,False,False,1049,A number of bridges have been constructed across the creek,"[{""start"": 0, ""end"": 58, ""text"": ""Little Mahantango Creek is a tributary of Mahantango Creek""}]",0.014375977311149146,0.00011631421523139451
57,2,true,theme,style,The passage follows a consistent pattern of factual sentences.,False,False,False,1049,A number of bridges have been constructed across the creek,"[{""start"": 0, ""end"": 58, ""text"": ""Little Mahantango Creek is a tributary of Mahantango Creek""}]",0.009509660379282359,0.00011631421523139451
57,3,true,theme,topic,The article covers hydrology.,False,False,False,1049,A number of bridges have been constructed across the creek,"[{""start"": 309, ""end"": 351, ""text"": ""The watershed of the creek has an area of.""}]",0.002456315925158048,0.00011631421523139451
57,4,true,theme,topic,The article covers geography.,False,False,False,1049,A number of bridges have been constructed across the creek,"[{""start"": 146, ""end"": 234, ""text"": ""It is approximately long and flows through Eldred Township and Upper Mahantongo Township""}]",-0.00028928962614815923,0.00011631421523139451
57,5,true,theme,topic,The article covers land use.,False,False,False,1049,A number of bridges have been constructed across the creek,"[{""start"": 946, ""end"": 1048, ""text"": ""The main land use near it is agricultural land, but forested land and developed land are also present.""}]",0.005552683704706185,0.00048788343783656707
57,6,true,theme,topic,The article covers infrastructure.,True,True,False,1049,A number of bridges have been constructed across the creek,"[{""start"": 1049, ""end"": 1107, ""text"": ""A number of bridges have been constructed across the creek""}]",-0.0027364756826063763,0.00011631421523139451
57,7,true,theme,topic,The article covers the watershed.,False,False,False,1049,A number of bridges have been constructed across the creek,"[{""start"": 309, ""end"": 351, ""text"": ""The watershed of the creek has an area of.""}]",0.002004093321097855,0.002319759932009613
57,8,true,theme,topic,The article covers tributaries.,False,False,False,1049,A number of bridges have been constructed across the creek,"[{""start"": 352, ""end"": 410, ""text"": ""The creek has many unnamed tributaries and sub-tributaries""}]",0.0002510079895520212,0.002319759932009613
57,9,false,theme,topic,The article covers population.,False,False,False,1049,A number of bridges have been constructed across the creek,[],-0.0019915411220119417,0.002319759932009613
57,10,false,theme,topic,The article covers elevation.,False,False,False,1049,A number of bridges have been constructed across the creek,[],0.0005806705331758977,0.002319759932009613
57,11,false,theme,topic,The article covers nearby roads.,False,False,False,1049,A number of bridges have been constructed across the creek,[],0.0022556020615968064,0.002319759932009613
57,12,true,detail,local_text,Bridges are the final infrastructure category being introduced.,True,True,False,1049,A number of bridges have been constructed across the creek,"[{""start"": 1049, ""end"": 1107, ""text"": ""A number of bridges have been constructed across the creek""}]",-0.0003574447506421441,0.002319759932009613
57,13,true,detail,final_token,The final word of the prefix is “creek”.,True,True,True,1049,A number of bridges have been constructed across the creek,"[{""start"": 1102, ""end"": 1107, ""text"": ""creek""}]",-0.0025570407608959123,-0.002965280724163022
57,14,true,detail,local_text,This closes a sentence fragment lacking terminal punctuation.,True,True,False,1049,A number of bridges have been constructed across the creek,"[{""start"": 1049, ""end"": 1107, ""text"": ""A number of bridges have been constructed across the creek""}]",0.0017179273275397255,-0.002965280724163022
57,15,true,detail,attribute,Bridges have been built/constructed over the creek.,True,True,False,1049,A number of bridges have been constructed across the creek,"[{""start"": 1049, ""end"": 1107, ""text"": ""A number of bridges have been constructed across the creek""}]",0.299443273046678,-0.0012504526415348938
57,17,true,detail,local_text,This mirrors the article's pattern of concluding with infrastructure details.,True,True,False,1049,A number of bridges have been constructed across the creek,"[{""start"": 1049, ""end"": 1107, ""text"": ""A number of bridges have been constructed across the creek""}]",0.007184426924943588,-0.00032343188739791806
58,0,true,theme,format,"The passage is a Wikipedia article with factual, encyclopedic prose.",False,False,False,655,Both Europafilm plating equipment and Alpha Toolex pressing equipment is still considered to be the finest engineered equipment in their respective categories,"[{""start"": 0, ""end"": 70, ""text"": ""Europafilm was an influential Swedish film company established in 1929""}]",-0.015155656346078183,-0.002575148540738814
58,1,true,theme,style,"The passage has factual, encyclopedic prose.",False,False,False,655,Both Europafilm plating equipment and Alpha Toolex pressing equipment is still considered to be the finest engineered equipment in their respective categories,"[{""start"": 0, ""end"": 70, ""text"": ""Europafilm was an influential Swedish film company established in 1929""}]",-0.0019041824298378085,-0.002575148540738814
58,4,true,theme,topic,The passage covers the company's history.,False,False,False,655,Both Europafilm plating equipment and Alpha Toolex pressing equipment is still considered to be the finest engineered equipment in their respective categories,"[{""start"": 253, ""end"": 332, ""text"": ""It was acquired by Bonnier in 1984 and merged with Svensk Filmindustri in 1985.""}]",-0.005369428009310173,-0.007876306432014757
58,5,true,detail,local_text,The passage exhibits narrative momentum completing a historical account.,True,True,False,655,Both Europafilm plating equipment and Alpha Toolex pressing equipment is still considered to be the finest engineered equipment in their respective categories,"[{""start"": 655, ""end"": 813, ""text"": ""Both Europafilm plating equipment and Alpha Toolex pressing equipment is still considered to be the finest engineered equipment in their respective categories""}]",-0.013272390948745993,-0.007876306432014757
58,6,false,detail,event,The final sentence describes the company's closure.,False,True,False,655,Both Europafilm plating equipment and Alpha Toolex pressing equipment is still considered to be the finest engineered equipment in their respective categories,"[{""start"": 655, ""end"": 813, ""text"": ""Both Europafilm plating equipment and Alpha Toolex pressing equipment is still considered to be the finest engineered equipment in their respective categories""}]",0.01644517900370479,-0.007876306432014757
58,7,true,detail,attribute,The final sentence describes the legacy of its manufacturing divisions.,True,True,False,655,Both Europafilm plating equipment and Alpha Toolex pressing equipment is still considered to be the finest engineered equipment in their respective categories,"[{""start"": 655, ""end"": 813, ""text"": ""Both Europafilm plating equipment and Alpha Toolex pressing equipment is still considered to be the finest engineered equipment in their respective categories""}]",0.007567651596863012,-0.007876306432014757
58,8,true,detail,local_text,The passage builds toward a concluding evaluative statement about the equipment's lasting reputation.,True,True,False,655,Both Europafilm plating equipment and Alpha Toolex pressing equipment is still considered to be the finest engineered equipment in their respective categories,"[{""start"": 725, ""end"": 813, ""text"": ""is still considered to be the finest engineered equipment in their respective categories""}]",0.004458513760921656,-0.007876306432014757
58,9,true,detail,final_token,The final word of the prefix is “categories”.,True,True,True,655,Both Europafilm plating equipment and Alpha Toolex pressing equipment is still considered to be the finest engineered equipment in their respective categories,"[{""start"": 803, ""end"": 813, ""text"": ""categories""}]",-0.0315390768726711,-0.034367165076885864
58,10,true,detail,local_text,This ends a superlative claim about the equipment.,True,True,False,655,Both Europafilm plating equipment and Alpha Toolex pressing equipment is still considered to be the finest engineered equipment in their respective categories,"[{""start"": 725, ""end"": 813, ""text"": ""is still considered to be the finest engineered equipment in their respective categories""}]",-0.00935334604514293,-0.034367165076885864
58,11,false,entity,identification,The hydraulic press developed by the company is still considered the best in its category.,False,True,False,655,Both Europafilm plating equipment and Alpha Toolex pressing equipment is still considered to be the finest engineered equipment in their respective categories,"[{""start"": 660, ""end"": 724, ""text"": ""Europafilm plating equipment and Alpha Toolex pressing equipment""}]",-0.013056123815908371,-0.0343209537421294
58,12,false,entity,identification,The textile cutting machine developed by the company is still considered the best in its category.,False,True,False,655,Both Europafilm plating equipment and Alpha Toolex pressing equipment is still considered to be the finest engineered equipment in their respective categories,"[{""start"": 660, ""end"": 724, ""text"": ""Europafilm plating equipment and Alpha Toolex pressing equipment""}]",-0.009404235761471313,-0.0343209537421294
58,14,false,detail,date,The company closed in 1990.,False,False,False,655,Both Europafilm plating equipment and Alpha Toolex pressing equipment is still considered to be the finest engineered equipment in their respective categories,"[{""start"": 253, ""end"": 332, ""text"": ""It was acquired by Bonnier in 1984 and merged with Svensk Filmindustri in 1985.""}]",0.000999750101203789,-0.007281496742689519
58,15,false,detail,event,The two manufacturing divisions were sold to other companies.,False,False,False,655,Both Europafilm plating equipment and Alpha Toolex pressing equipment is still considered to be the finest engineered equipment in their respective categories,"[{""start"": 520, ""end"": 583, ""text"": ""This division was later sold to the now defunct Alpha Toolex AB""}]",-0.005307174494295408,-0.007281496742689519
58,16,false,entity,identification,The hydraulic press developed by the company was sold to another company.,False,False,False,655,Both Europafilm plating equipment and Alpha Toolex pressing equipment is still considered to be the finest engineered equipment in their respective categories,"[{""start"": 520, ""end"": 583, ""text"": ""This division was later sold to the now defunct Alpha Toolex AB""}]",-0.005500903268053858,-0.007281496742689519
58,17,false,entity,identification,The textile cutting machine developed by the company was sold to another company.,False,False,False,655,Both Europafilm plating equipment and Alpha Toolex pressing equipment is still considered to be the finest engineered equipment in their respective categories,"[{""start"": 520, ""end"": 583, ""text"": ""This division was later sold to the now defunct Alpha Toolex AB""}]",-0.00732218641483251,-0.007281496742689519
58,18,true,detail,attribute,This implies an enduring legacy for the equipment.,True,True,False,655,Both Europafilm plating equipment and Alpha Toolex pressing equipment is still considered to be the finest engineered equipment in their respective categories,"[{""start"": 725, ""end"": 813, ""text"": ""is still considered to be the finest engineered equipment in their respective categories""}]",0.04023361147084581,-0.007281496742689519
58,19,true,detail,local_text,The final sentence needs a closing period.,True,True,False,655,Both Europafilm plating equipment and Alpha Toolex pressing equipment is still considered to be the finest engineered equipment in their respective categories,"[{""start"": 783, ""end"": 813, ""text"": ""in their respective categories""}]",0.017570923739046895,-0.007281496742689519
59,0,true,theme,format,The passage is in biographical encyclopedia / American Congressional directory format.,False,False,False,949,He was interred in a tomb on the State grounds in Augusta,"[{""start"": 0, ""end"": 111, ""text"": ""Joshua Cushman (April 11, 1761 – January 27, 1834) was a U.S. Representative from Massachusetts and from Maine.""}]",0.008056976436795593,-0.006738625892802719
59,1,true,theme,style,The passage presents consistent structured facts.,False,False,False,949,He was interred in a tomb on the State grounds in Augusta,"[{""start"": 0, ""end"": 111, ""text"": ""Joshua Cushman (April 11, 1761 – January 27, 1834) was a U.S. Representative from Massachusetts and from Maine.""}]",0.012514282497792184,-0.006738625892802719
59,2,true,entity,identity,The subject is a 19th-century Maine politician.,False,False,False,949,He was interred in a tomb on the State grounds in Augusta,"[{""start"": 51, ""end"": 110, ""text"": ""was a U.S. Representative from Massachusetts and from Maine""}]",0.012185195200939303,-0.006738625892802719
59,3,true,detail,local_text,The entry follows a complete life narrative arc from birth to death.,False,False,False,949,He was interred in a tomb on the State grounds in Augusta,"[{""start"": 0, ""end"": 50, ""text"": ""Joshua Cushman (April 11, 1761 – January 27, 1834)""}]",0.01659031756975604,-0.0007543722890442917
59,4,true,theme,topic,The entry covers his birth.,False,False,False,949,He was interred in a tomb on the State grounds in Augusta,"[{""start"": 112, ""end"": 142, ""text"": ""Born in Halifax, Massachusetts""}]",0.013762983569629017,-0.0007543722890442917
59,5,true,theme,topic,The entry covers his career.,False,False,False,949,He was interred in a tomb on the State grounds in Augusta,"[{""start"": 221, ""end"": 287, ""text"": ""He was graduated from Harvard University in 1787, studied theology""}]",0.012808107070096053,-0.0007543722890442917
59,6,true,theme,topic,The entry covers his election.,False,False,False,949,He was interred in a tomb on the State grounds in Augusta,"[{""start"": 541, ""end"": 630, ""text"": ""Cushman was elected as Democratic-Republican from Massachusetts to the Sixteenth Congress""}]",0.01259949708718111,-0.0007543722890442917
59,7,true,theme,topic,The entry covers his service.,False,False,False,949,He was interred in a tomb on the State grounds in Augusta,"[{""start"": 428, ""end"": 471, ""text"": ""He served in the Massachusetts State Senate""}]",0.01336273256371523,-0.0007543722890442917
59,8,false,theme,topic,The entry covers his resignation.,False,False,False,949,He was interred in a tomb on the State grounds in Augusta,[],0.011719285367382093,-0.0007543722890442917
59,9,true,theme,topic,The entry covers his death.,False,False,False,949,He was interred in a tomb on the State grounds in Augusta,"[{""start"": 902, ""end"": 948, ""text"": ""He died in Augusta, Maine on January 27, 1834.""}]",0.014337967977536059,-0.0007543722890442917
59,10,true,detail,local_text,"The entry now concludes with burial details, the final expected element.",True,True,False,949,He was interred in a tomb on the State grounds in Augusta,"[{""start"": 949, ""end"": 1006, ""text"": ""He was interred in a tomb on the State grounds in Augusta""}]",0.01380395980070459,-0.0007543722890442917
59,11,true,detail,final_token,The final word of the prefix is “Augusta”.,True,True,True,949,He was interred in a tomb on the State grounds in Augusta,"[{""start"": 999, ""end"": 1006, ""text"": ""Augusta""}]",0.011016401118131736,-0.005681855325818996
59,12,true,detail,local_text,This closes the burial location phrase.,True,True,False,949,He was interred in a tomb on the State grounds in Augusta,"[{""start"": 949, ""end"": 1006, ""text"": ""He was interred in a tomb on the State grounds in Augusta""}]",0.01652697464125119,-0.005681855325818996
59,13,false,entity,identification,He is buried in the State House Cemetery in Augusta.,False,True,False,949,He was interred in a tomb on the State grounds in Augusta,"[{""start"": 949, ""end"": 1006, ""text"": ""He was interred in a tomb on the State grounds in Augusta""}]",0.03307538541521404,-0.002889847624909181
59,14,false,detail,attribute,"This mirrors an earlier mention of Augusta, Maine as his governorship location.",False,False,False,949,He was interred in a tomb on the State grounds in Augusta,[],-0.0035596223586488174,-0.005681855325818996
59,16,false,entity,identification,He served as governor of Maine from 1870 to 1872.,False,False,False,949,He was interred in a tomb on the State grounds in Augusta,"[{""start"": 51, ""end"": 110, ""text"": ""was a U.S. Representative from Massachusetts and from Maine""}]",5.0640890721598275e-05,-0.0013203231312436392
59,17,true,detail,event,"He died in Augusta, Maine.",False,False,False,949,He was interred in a tomb on the State grounds in Augusta,"[{""start"": 902, ""end"": 948, ""text"": ""He died in Augusta, Maine on January 27, 1834.""}]",0.03770922986086622,-0.0013203231312436392
60,0,true,theme,format,"The passage is an encyclopedic/informational, factual Wikipedia-style article.",False,False,False,793,"Parts of the trail were made by the Civilian Conservation Corps, which operated a camp in the area from 1933 to 1941","[{""start"": 0, ""end"": 68, ""text"": ""The Old Loggers Path (OLP) is a loop hiking trail in Lycoming County""}]",0.03151189199874338,0.001209667114813684
60,1,false,entity,identity,The article is about a historic bridge.,False,False,False,793,"Parts of the trail were made by the Civilian Conservation Corps, which operated a camp in the area from 1933 to 1941","[{""start"": 0, ""end"": 49, ""text"": ""The Old Loggers Path (OLP) is a loop hiking trail""}]",0.03207668429166666,-0.01623885797208391
60,4,true,detail,local_text,The passage exhibits narrative momentum completing a series of historical facts.,True,True,False,793,"Parts of the trail were made by the Civilian Conservation Corps, which operated a camp in the area from 1933 to 1941","[{""start"": 793, ""end"": 856, ""text"": ""Parts of the trail were made by the Civilian Conservation Corps""}]",0.004380741667659782,-0.003052494233344416
60,5,true,theme,topic,The historical facts cover ownership.,False,False,False,793,"Parts of the trail were made by the Civilian Conservation Corps, which operated a camp in the area from 1933 to 1941","[{""start"": 547, ""end"": 658, ""text"": ""initially owned and clear-cut by the Union Tanning Company, followed by the Central Pennsylvania Lumber Company""}]",-7.578459027723916e-05,-0.003052494233344416
60,6,true,theme,topic,The historical facts cover construction context.,False,False,False,793,"Parts of the trail were made by the Civilian Conservation Corps, which operated a camp in the area from 1933 to 1941","[{""start"": 660, ""end"": 737, ""text"": ""The trail chiefly follows the grades of abandoned logging roads and railroads""}]",-0.0108907675658369,-0.003052494233344416
60,7,true,detail,local_text,The final sentence introduces the Civilian Conservation Corps as a related historical detail.,True,True,False,793,"Parts of the trail were made by the Civilian Conservation Corps, which operated a camp in the area from 1933 to 1941","[{""start"": 793, ""end"": 909, ""text"": ""Parts of the trail were made by the Civilian Conservation Corps, which operated a camp in the area from 1933 to 1941""}]",-0.01711600301785121,-0.003052494233344416
60,8,true,detail,final_token,The final word of the prefix is “1941”.,True,True,True,793,"Parts of the trail were made by the Civilian Conservation Corps, which operated a camp in the area from 1933 to 1941","[{""start"": 905, ""end"": 909, ""text"": ""1941""}]",-0.017048684017305915,-0.023581217100131613
60,9,true,detail,local_text,"This closes a date range, '1933 to 1941'.",True,True,False,793,"Parts of the trail were made by the Civilian Conservation Corps, which operated a camp in the area from 1933 to 1941","[{""start"": 892, ""end"": 909, ""text"": ""from 1933 to 1941""}]",0.7087095646102521,-0.035285420542486845
60,10,true,detail,local_text,"The sentence is grammatically complete, ending a subordinate clause.",True,True,False,793,"Parts of the trail were made by the Civilian Conservation Corps, which operated a camp in the area from 1933 to 1941","[{""start"": 858, ""end"": 909, ""text"": ""which operated a camp in the area from 1933 to 1941""}]",0.027801139783855677,-0.023581217100131613
60,12,false,entity,relationship,The Civilian Conservation Corps may have inspired the bridge's design.,False,False,False,793,"Parts of the trail were made by the Civilian Conservation Corps, which operated a camp in the area from 1933 to 1941",[],-0.017421080965161206,-0.015074446844512313
60,13,false,entity,identification,The CCC was a government program.,False,False,False,793,"Parts of the trail were made by the Civilian Conservation Corps, which operated a camp in the area from 1933 to 1941",[],-0.055563119486495616,-0.015074446844512313
61,0,true,theme,format,The passage is a Wikipedia article with encyclopedic prose.,False,False,False,972,"On July 29, 2007, a bomb exploded at the base of the monument, causing little damage","[{""start"": 0, ""end"": 107, ""text"": ""The Cambodia – Vietnam Friendship Monument in Phnom Penh, capital of Cambodia, is a large concrete monument""}]",0.008507533293846237,0.00038174375340471745
61,2,true,theme,style,The passage follows a consistent pattern.,False,False,False,972,"On July 29, 2007, a bomb exploded at the base of the monument, causing little damage","[{""start"": 0, ""end"": 56, ""text"": ""The Cambodia – Vietnam Friendship Monument in Phnom Penh""}]",-0.0007075214313231326,0.00038174375340471745
61,3,true,theme,topic,The passage covers history.,False,False,False,972,"On July 29, 2007, a bomb exploded at the base of the monument, causing little damage","[{""start"": 172, ""end"": 226, ""text"": ""It was built in the late 1970s by the communist regime""}]",0.0010254444572610488,0.00038174375340471745
61,4,true,theme,topic,The passage covers description.,False,False,False,972,"On July 29, 2007, a bomb exploded at the base of the monument, causing little damage","[{""start"": 422, ""end"": 485, ""text"": ""It features heroic statues of Vietnamese and Cambodian soldiers""}]",-0.0005976903949377332,0.00038174375340471745
61,5,true,theme,topic,The passage covers notable events.,False,False,False,972,"On July 29, 2007, a bomb exploded at the base of the monument, causing little damage","[{""start"": 813, ""end"": 908, ""text"": ""several people climbed onto the monument with hammers, poured gasoline on it and set it on fire""}]",0.0012741296339902064,0.00038174375340471745
61,6,true,detail,local_text,The passage exhibits chronological narrative momentum.,False,False,False,972,"On July 29, 2007, a bomb exploded at the base of the monument, causing little damage","[{""start"": 172, ""end"": 202, ""text"": ""It was built in the late 1970s""}]",-0.0010534802579897917,0.001282409219728664
61,7,true,theme,topic,The article has moved through construction.,False,False,False,972,"On July 29, 2007, a bomb exploded at the base of the monument, causing little damage","[{""start"": 172, ""end"": 226, ""text"": ""It was built in the late 1970s by the communist regime""}]",0.0002396930309583878,0.001282409219728664
61,8,true,theme,topic,The article has moved through design.,False,False,False,972,"On July 29, 2007, a bomb exploded at the base of the monument, causing little damage","[{""start"": 486, ""end"": 548, ""text"": ""in the \""Socialist realist\"" style developed in the Soviet Union""}]",-0.001718000514721929,0.001282409219728664
61,9,true,theme,topic,The article has moved through historical significance.,False,False,False,972,"On July 29, 2007, a bomb exploded at the base of the monument, causing little damage","[{""start"": 108, ""end"": 170, ""text"": ""commemorating the former alliance between Vietnam and Cambodia""}]",-0.00010847668967750579,0.001282409219728664
61,10,true,theme,topic,The article has moved through vandalism incidents.,False,False,False,972,"On July 29, 2007, a bomb exploded at the base of the monument, causing little damage","[{""start"": 813, ""end"": 908, ""text"": ""several people climbed onto the monument with hammers, poured gasoline on it and set it on fire""}]",0.0027502012226060524,0.001282409219728664
61,11,true,detail,local_text,"The final sentence introduces a 2007 bombing attempt, implying a concluding note on damage/outcome.",True,True,False,972,"On July 29, 2007, a bomb exploded at the base of the monument, causing little damage","[{""start"": 972, ""end"": 1056, ""text"": ""On July 29, 2007, a bomb exploded at the base of the monument, causing little damage""}]",0.009421458522503534,0.001282409219728664
61,12,true,detail,final_token,The final word of the prefix is “damage”.,True,True,True,972,"On July 29, 2007, a bomb exploded at the base of the monument, causing little damage","[{""start"": 1050, ""end"": 1056, ""text"": ""damage""}]",1.4993126949969238e-06,0.010465590478176523
61,13,true,detail,local_text,This ends a clause describing the 2007 bombing.,True,True,False,972,"On July 29, 2007, a bomb exploded at the base of the monument, causing little damage","[{""start"": 972, ""end"": 1056, ""text"": ""On July 29, 2007, a bomb exploded at the base of the monument, causing little damage""}]",0.006671443598000981,0.010183509361568643
61,16,false,detail,event,A 1990s incident caused serious damage to the base.,False,False,False,972,"On July 29, 2007, a bomb exploded at the base of the monument, causing little damage",[],0.01965022856457821,6.568953693353308e-05
61,17,false,entity,identification,In 2007 a car bomb was thrown at the monument.,False,True,False,972,"On July 29, 2007, a bomb exploded at the base of the monument, causing little damage","[{""start"": 972, ""end"": 1033, ""text"": ""On July 29, 2007, a bomb exploded at the base of the monument""}]",0.05102000572388399,6.568953693353308e-05
61,18,true,detail,attribute,The 2007 incident caused little damage.,True,True,False,972,"On July 29, 2007, a bomb exploded at the base of the monument, causing little damage","[{""start"": 1035, ""end"": 1056, ""text"": ""causing little damage""}]",0.5466621886013445,0.010065976392613751
62,0,false,theme,format,The passage has a bullet-point list structure.,False,False,False,2146,The driver of the other vehicle involved in collision with the motorcycle did not see the motorcycle before the collision or did not see the motorcycle until too late to avoid the collision,"[{""start"": 1732, ""end"": 1851, ""text"": ""and the results showed that: Approximately three fourths of motorcycle accidents involve collision with another vehicle""}]",0.007804278297997305,-0.014131475334648591
62,1,false,entity,identification,The embedded findings are quoted from a study called the NHTSA study.,False,False,False,2146,The driver of the other vehicle involved in collision with the motorcycle did not see the motorcycle before the collision or did not see the motorcycle until too late to avoid the collision,"[{""start"": 1568, ""end"": 1653, ""text"": ""The Hurt Report, published in the United States in 1981, showed some alarming trends.""}]",0.014754770491669608,-0.035343396809548594
62,2,false,detail,date,The study is from 1974.,False,False,False,2146,The driver of the other vehicle involved in collision with the motorcycle did not see the motorcycle before the collision or did not see the motorcycle until too late to avoid the collision,"[{""start"": 1585, ""end"": 1623, ""text"": ""published in the United States in 1981""}]",-0.030733474765578694,-0.014131475334648591
62,3,true,theme,topic,The passage cites specific statistics and findings.,False,False,False,2146,The driver of the other vehicle involved in collision with the motorcycle did not see the motorcycle before the collision or did not see the motorcycle until too late to avoid the collision,"[{""start"": 1761, ""end"": 1851, ""text"": ""Approximately three fourths of motorcycle accidents involve collision with another vehicle""}]",0.048650197966929404,-0.014131475334648591
62,4,false,theme,topic,The findings are about aggressive driving causes.,False,False,False,2146,The driver of the other vehicle involved in collision with the motorcycle did not see the motorcycle before the collision or did not see the motorcycle until too late to avoid the collision,"[{""start"": 2022, ""end"": 2145, ""text"": ""The failure of motorists to detect and recognise motorcycles in traffic is the predominating cause of motorcycle accidents.""}]",0.011995796584799205,-0.014131475334648591
62,5,true,detail,local_text,"The block quote is mid-flow, detailing sequential findings about driver failure to see vehicles.",True,True,False,2146,The driver of the other vehicle involved in collision with the motorcycle did not see the motorcycle before the collision or did not see the motorcycle until too late to avoid the collision,"[{""start"": 2220, ""end"": 2335, ""text"": ""did not see the motorcycle before the collision or did not see the motorcycle until too late to avoid the collision""}]",0.0038469390722492072,-0.02448976439831159
62,6,true,detail,local_text,The final sentence elaborates on the 'failure to see' mechanism with two parallel clauses.,True,True,False,2146,The driver of the other vehicle involved in collision with the motorcycle did not see the motorcycle before the collision or did not see the motorcycle until too late to avoid the collision,"[{""start"": 2220, ""end"": 2335, ""text"": ""did not see the motorcycle before the collision or did not see the motorcycle until too late to avoid the collision""}]",0.0563111541378802,-0.02448976439831159
62,7,true,detail,final_token,The final word of the prefix is “collision”.,True,True,True,2146,The driver of the other vehicle involved in collision with the motorcycle did not see the motorcycle before the collision or did not see the motorcycle until too late to avoid the collision,"[{""start"": 2326, ""end"": 2335, ""text"": ""collision""}]",-0.0011121694413031014,0.009639981770098102
62,8,true,detail,cause,The collision occurred because the driver did not see the other vehicle in time to avoid it.,True,True,False,2146,The driver of the other vehicle involved in collision with the motorcycle did not see the motorcycle before the collision or did not see the motorcycle until too late to avoid the collision,"[{""start"": 2220, ""end"": 2335, ""text"": ""did not see the motorcycle before the collision or did not see the motorcycle until too late to avoid the collision""}]",0.0765518472311726,0.014597555782589505
62,10,true,detail,cause,"Most collisions were caused by failure to see, the dominant factor.",False,False,False,2146,The driver of the other vehicle involved in collision with the motorcycle did not see the motorcycle before the collision or did not see the motorcycle until too late to avoid the collision,"[{""start"": 2022, ""end"": 2145, ""text"": ""The failure of motorists to detect and recognise motorcycles in traffic is the predominating cause of motorcycle accidents.""}]",-0.009579227462501796,0.005729772927683605
63,0,true,theme,format,The passage is a Wikipedia-style article with short declarative sentences.,False,False,False,1264,Paterson's biggest influences for the album were drum and bass and trip hop music,"[{""start"": 0, ""end"": 60, ""text"": ""Bicycles & Tricycles is the sixth studio album from the Orb.""}]",0.00398302088864777,-0.000578406821388322
63,1,false,entity,identity,The article is about Eminem's 'The Marshall Mathers LP'.,False,False,False,1264,Paterson's biggest influences for the album were drum and bass and trip hop music,"[{""start"": 0, ""end"": 60, ""text"": ""Bicycles & Tricycles is the sixth studio album from the Orb.""}]",0.133818919853269,-0.006795385784128527
63,2,true,theme,topic,The article covers production history.,False,False,False,1264,Paterson's biggest influences for the album were drum and bass and trip hop music,"[{""start"": 665, ""end"": 764, ""text"": ""After departing from Island Records, The Orb released Bicycles & Tricycles in 2004 on Cooking Vinyl""}]",0.0025237080938724787,-0.000578406821388322
63,5,true,detail,local_text,"The article follows a pattern of listing production details, reception, and controversies, with each sentence adding a new facet.",False,False,False,1264,Paterson's biggest influences for the album were drum and bass and trip hop music,"[{""start"": 166, ""end"": 214, ""text"": ""The Daily Telegraph praised Bicycles & Tricycles""}]",0.011838733803245294,-0.0022988245201280844
63,6,true,detail,local_text,"The final sentence shifts to the artist's stated musical influences, a concluding note about creative inspirations.",True,True,False,1264,Paterson's biggest influences for the album were drum and bass and trip hop music,"[{""start"": 1264, ""end"": 1345, ""text"": ""Paterson's biggest influences for the album were drum and bass and trip hop music""}]",0.009591659518098372,-0.0022988245201280844
63,7,true,detail,final_token,The final word of the prefix is “music”.,True,True,True,1264,Paterson's biggest influences for the album were drum and bass and trip hop music,"[{""start"": 1340, ""end"": 1345, ""text"": ""music""}]",-0.004150437145053476,-0.005814322001672867
63,8,false,detail,attribute,The influences for the album included funk.,False,True,False,1264,Paterson's biggest influences for the album were drum and bass and trip hop music,"[{""start"": 1313, ""end"": 1345, ""text"": ""drum and bass and trip hop music""}]",0.03785081842813276,-0.002247482581369975
63,9,true,detail,attribute,The influences for the album included trip hop.,True,True,False,1264,Paterson's biggest influences for the album were drum and bass and trip hop music,"[{""start"": 1313, ""end"": 1345, ""text"": ""drum and bass and trip hop music""}]",0.2258090435309199,-0.002247482581369975
63,11,false,entity,identification,The executive producer criticized the album for being too dark and controversial.,False,False,False,1264,Paterson's biggest influences for the album were drum and bass and trip hop music,[],0.0137402974538533,0.0018960128432141676
63,12,false,entity,identification,The album was released without the executive producer's approval.,False,False,False,1264,Paterson's biggest influences for the album were drum and bass and trip hop music,[],0.0040480342716231466,0.0018960128432141676
64,0,true,theme,format,"The passage is an Encyclopedia/Wikipedia article style, maintaining factual prose.",False,False,False,799,"The band has continued sporadically ever since, releasing two more albums on the independent 4AD, one in 1996 and one in 2003, before releasing 2013's Purgatory / Paradise on their own label","[{""start"": 0, ""end"": 81, ""text"": ""University is the 1995 album by the American alternative rock band Throwing Muses""}]",0.0006458780501924499,-0.0013978795080017425
64,1,true,theme,topic,The passage gives structured biographical and discographical information about a music album.,True,True,False,799,"The band has continued sporadically ever since, releasing two more albums on the independent 4AD, one in 1996 and one in 2003, before releasing 2013's Purgatory / Paradise on their own label","[{""start"": 799, ""end"": 895, ""text"": ""The band has continued sporadically ever since, releasing two more albums on the independent 4AD""}]",0.004852081529710062,-0.0013978795080017425
64,2,true,theme,style,The passage maintains factual prose throughout.,False,False,False,799,"The band has continued sporadically ever since, releasing two more albums on the independent 4AD, one in 1996 and one in 2003, before releasing 2013's Purgatory / Paradise on their own label","[{""start"": 0, ""end"": 81, ""text"": ""University is the 1995 album by the American alternative rock band Throwing Muses""}]",0.0033136344140001217,-0.0013978795080017425
64,3,true,detail,local_text,The passage is cataloguing the band's discography and label history chronologically.,True,True,False,799,"The band has continued sporadically ever since, releasing two more albums on the independent 4AD, one in 1996 and one in 2003, before releasing 2013's Purgatory / Paradise on their own label","[{""start"": 847, ""end"": 924, ""text"": ""releasing two more albums on the independent 4AD, one in 1996 and one in 2003""}]",0.007183980062996587,0.002524204281938447
64,4,false,entity,identification,One of the labels named is Elektra.,False,True,False,799,"The band has continued sporadically ever since, releasing two more albums on the independent 4AD, one in 1996 and one in 2003, before releasing 2013's Purgatory / Paradise on their own label","[{""start"": 847, ""end"": 895, ""text"": ""releasing two more albums on the independent 4AD""}]",0.0016798540202339618,0.002524204281938447
64,5,false,entity,identification,One of the labels named is Dreamland.,False,True,False,799,"The band has continued sporadically ever since, releasing two more albums on the independent 4AD, one in 1996 and one in 2003, before releasing 2013's Purgatory / Paradise on their own label","[{""start"": 847, ""end"": 895, ""text"": ""releasing two more albums on the independent 4AD""}]",0.0035924604557590056,0.002524204281938447
64,6,false,entity,identification,One of the labels named is Merge.,False,True,False,799,"The band has continued sporadically ever since, releasing two more albums on the independent 4AD, one in 1996 and one in 2003, before releasing 2013's Purgatory / Paradise on their own label","[{""start"": 847, ""end"": 924, ""text"": ""releasing two more albums on the independent 4AD, one in 1996 and one in 2003""}]",0.007436397261492256,0.004403626416124018
64,7,true,detail,local_text,The listing builds toward a concluding release.,True,True,False,799,"The band has continued sporadically ever since, releasing two more albums on the independent 4AD, one in 1996 and one in 2003, before releasing 2013's Purgatory / Paradise on their own label","[{""start"": 926, ""end"": 989, ""text"": ""before releasing 2013's Purgatory / Paradise on their own label""}]",0.005398999069795463,0.002524204281938447
64,8,true,detail,final_token,The final word of the prefix is “label”.,True,True,True,799,"The band has continued sporadically ever since, releasing two more albums on the independent 4AD, one in 1996 and one in 2003, before releasing 2013's Purgatory / Paradise on their own label","[{""start"": 984, ""end"": 989, ""text"": ""label""}]",-0.0016428019152231466,-0.000611910472351096
64,9,true,detail,local_text,This ends a prepositional phrase.,True,True,False,799,"The band has continued sporadically ever since, releasing two more albums on the independent 4AD, one in 1996 and one in 2003, before releasing 2013's Purgatory / Paradise on their own label","[{""start"": 971, ""end"": 989, ""text"": ""on their own label""}]",0.00035070623711308535,-0.000611910472351096
64,10,false,entity,identification,Their final album is 2013's The River Why.,False,True,False,799,"The band has continued sporadically ever since, releasing two more albums on the independent 4AD, one in 1996 and one in 2003, before releasing 2013's Purgatory / Paradise on their own label","[{""start"": 943, ""end"": 970, ""text"": ""2013's Purgatory / Paradise""}]",-0.003513066519541752,0.0014313989882005496
64,11,true,detail,attribute,Their final album was released on their own label.,True,True,False,799,"The band has continued sporadically ever since, releasing two more albums on the independent 4AD, one in 1996 and one in 2003, before releasing 2013's Purgatory / Paradise on their own label","[{""start"": 926, ""end"": 989, ""text"": ""before releasing 2013's Purgatory / Paradise on their own label""}]",0.718247734295581,0.0015550955109682185
65,0,true,theme,format,The passage is a factual/encyclopedic article.,False,False,False,950,"The Dean of the school is Albert Armstrong, DPM","[{""start"": 0, ""end"": 116, ""text"": ""The Barry University School of Podiatric Medicine is one of the nine podiatric medical schools in the United States.""}]",0.01890156883703742,0.004473139051935693
65,1,true,theme,topic,The article is about a podiatry school.,False,False,False,950,"The Dean of the school is Albert Armstrong, DPM","[{""start"": 53, ""end"": 115, ""text"": ""one of the nine podiatric medical schools in the United States""}]",-0.0011116082111861658,0.004473139051935693
65,2,true,theme,style,The article consistently provides institutional details in structured prose paragraphs.,False,False,False,950,"The Dean of the school is Albert Armstrong, DPM","[{""start"": 157, ""end"": 254, ""text"": ""The school was founded in 1985 as the first podiatric medical college to be part of a university.""}]",0.005275199504374606,0.004473139051935693
65,3,true,detail,local_text,"The text follows a pattern of listing credentials, programs, and affiliations, with each sentence adding a new institutional fact.",False,False,False,950,"The Dean of the school is Albert Armstrong, DPM","[{""start"": 755, ""end"": 839, ""text"": ""The school has affiliations with such Miami hospitals as: Mount Sinai Medical Center""}]",0.005398656121729517,0.0007239425416961653
65,4,false,entity,identity,The school described is California College of Podiatric Medicine.,False,False,False,950,"The Dean of the school is Albert Armstrong, DPM","[{""start"": 0, ""end"": 49, ""text"": ""The Barry University School of Podiatric Medicine""}]",-0.00034648114158641885,0.0007239425416961653
65,5,true,detail,final_token,The final word of the prefix is “DPM”.,True,True,True,950,"The Dean of the school is Albert Armstrong, DPM","[{""start"": 994, ""end"": 997, ""text"": ""DPM""}]",0.0038235720463301037,0.004740797775122818
65,6,true,detail,attribute,DPM is a professional/podiatric medical degree abbreviation.,True,True,False,950,"The Dean of the school is Albert Armstrong, DPM","[{""start"": 950, ""end"": 997, ""text"": ""The Dean of the school is Albert Armstrong, DPM""}]",0.0066935967195999035,0.004425074722255062
65,7,false,entity,identification,"The named president is Dr. Robert L. Miller, DPM.",False,True,False,950,"The Dean of the school is Albert Armstrong, DPM","[{""start"": 950, ""end"": 997, ""text"": ""The Dean of the school is Albert Armstrong, DPM""}]",0.13505418494840693,0.004425074722255062
65,9,false,entity,identification,The school is accredited by the Council on Podiatric Medical Education.,False,False,False,950,"The Dean of the school is Albert Armstrong, DPM",[],-0.003047492993742962,-0.0017985361884492734
65,10,false,entity,identification,"The school is located in Los Angeles, California.",False,False,False,950,"The Dean of the school is Albert Armstrong, DPM","[{""start"": 117, ""end"": 156, ""text"": ""It is located in Miami Shores, Florida.""}]",0.005718180786910887,-0.0017985361884492734
65,11,false,detail,quantity,The school has a student to faculty ratio of 10:1.,False,False,False,950,"The Dean of the school is Albert Armstrong, DPM",[],-0.0014568807371715398,-0.0017985361884492734
66,0,true,theme,format,The passage is a factual/encyclopedic company profile.,False,False,False,631,Dollar General has grown to become one of the most profitable stores in the rural United States with revenue reaching around $21 billion in 2017,"[{""start"": 0, ""end"": 109, ""text"": ""Dollar General Corporation is an American chain of variety stores headquartered in Goodlettsville, Tennessee.""}]",0.002900148142871095,0.000914387574601716
66,1,false,entity,identity,The company profiled is Uber Technologies.,False,False,False,631,Dollar General has grown to become one of the most profitable stores in the rural United States with revenue reaching around $21 billion in 2017,"[{""start"": 0, ""end"": 65, ""text"": ""Dollar General Corporation is an American chain of variety stores""}]",-0.015744926827826133,-0.004097898143782142
66,3,true,detail,local_text,The passage is a sequential enumeration of company facts building a comprehensive profile.,False,False,False,631,Dollar General has grown to become one of the most profitable stores in the rural United States with revenue reaching around $21 billion in 2017,"[{""start"": 292, ""end"": 323, ""text"": ""The company first began in 1939""}]",0.006534371684063678,0.0068371563532293456
66,5,true,theme,topic,The enumerated facts include headquarters.,False,False,False,631,Dollar General has grown to become one of the most profitable stores in the rural United States with revenue reaching around $21 billion in 2017,"[{""start"": 66, ""end"": 108, ""text"": ""headquartered in Goodlettsville, Tennessee""}]",-0.00029077895173790225,0.0068371563532293456
66,6,false,theme,topic,The enumerated facts include employees.,False,False,False,631,Dollar General has grown to become one of the most profitable stores in the rural United States with revenue reaching around $21 billion in 2017,[],-0.00019388368603900918,0.0068371563532293456
66,7,true,theme,topic,The enumerated facts include revenue.,True,True,False,631,Dollar General has grown to become one of the most profitable stores in the rural United States with revenue reaching around $21 billion in 2017,"[{""start"": 732, ""end"": 775, ""text"": ""revenue reaching around $21 billion in 2017""}]",0.0035574163805545123,0.0068371563532293456
66,9,true,detail,final_token,The final word of the prefix is “2017”.,True,True,True,631,Dollar General has grown to become one of the most profitable stores in the rural United States with revenue reaching around $21 billion in 2017,"[{""start"": 771, ""end"": 775, ""text"": ""2017""}]",0.0008711691973888325,-0.009422650444045
66,10,true,detail,local_text,This ends a revenue statistic mid-thought.,True,True,False,631,Dollar General has grown to become one of the most profitable stores in the rural United States with revenue reaching around $21 billion in 2017,"[{""start"": 732, ""end"": 775, ""text"": ""revenue reaching around $21 billion in 2017""}]",-0.0016148126979876887,-0.009422650444045
66,11,false,detail,quantity,The revenue was over 15 billion dollars in 2017.,False,True,False,631,Dollar General has grown to become one of the most profitable stores in the rural United States with revenue reaching around $21 billion in 2017,"[{""start"": 732, ""end"": 775, ""text"": ""revenue reaching around $21 billion in 2017""}]",0.009338858564826302,-0.009422650444045
66,13,false,detail,attribute,The company is ranked as the 10th largest technology company in the world.,False,False,False,631,Dollar General has grown to become one of the most profitable stores in the rural United States with revenue reaching around $21 billion in 2017,[],0.005135846564891744,-0.0034143955665316694
66,14,false,detail,attribute,The company is ranked as the 1st largest transportation company in the world.,False,False,False,631,Dollar General has grown to become one of the most profitable stores in the rural United States with revenue reaching around $21 billion in 2017,[],0.005682485450684616,-0.0034143955665316694
66,15,false,detail,quantity,"The company has a workforce of over 10,000 employees.",False,False,False,631,Dollar General has grown to become one of the most profitable stores in the rural United States with revenue reaching around $21 billion in 2017,[],0.01568324781695829,-0.0034143955665316694
66,16,false,detail,quantity,The revenue was around 14 billion in 2017.,False,True,False,631,Dollar General has grown to become one of the most profitable stores in the rural United States with revenue reaching around $21 billion in 2017,"[{""start"": 732, ""end"": 775, ""text"": ""revenue reaching around $21 billion in 2017""}]",0.04269067521733272,-0.0034143955665316694
67,0,true,theme,format,The passage is Wikipedia-style encyclopedic prose.,False,False,False,827,"In 2014, Bloomberg L.P. launched Bloomberg Politics, a multiplatform media property that merged the company's political news teams, and has recruited two veteran political journalists, Mark Halperin and John Heilemann, to run it","[{""start"": 0, ""end"": 79, ""text"": ""Bloomberg L.P. is a privately held financial, software, data, and media company""}]",-0.0025694548000464446,0.007195928691650644
67,1,true,theme,topic,The passage describes Bloomberg L.P.'s business divisions and history.,False,False,False,827,"In 2014, Bloomberg L.P. launched Bloomberg Politics, a multiplatform media property that merged the company's political news teams, and has recruited two veteran political journalists, Mark Halperin and John Heilemann, to run it","[{""start"": 565, ""end"": 625, ""text"": ""Bloomberg L.P. also includes a wire service (Bloomberg News)""}]",0.0020712949237567946,0.007195928691650644
67,2,true,theme,style,The passage establishes a pattern of listing capabilities and achievements.,False,False,False,827,"In 2014, Bloomberg L.P. launched Bloomberg Politics, a multiplatform media property that merged the company's political news teams, and has recruited two veteran political journalists, Mark Halperin and John Heilemann, to run it","[{""start"": 291, ""end"": 388, ""text"": ""Bloomberg L.P. provides financial software tools such as an analytics and equity trading platform""}]",0.004858987407102444,0.007195928691650644
67,3,true,detail,local_text,The sentence structure has been cataloguing Bloomberg's media division activities.,False,False,False,827,"In 2014, Bloomberg L.P. launched Bloomberg Politics, a multiplatform media property that merged the company's political news teams, and has recruited two veteran political journalists, Mark Halperin and John Heilemann, to run it","[{""start"": 594, ""end"": 677, ""text"": ""a wire service (Bloomberg News), a global television network (Bloomberg Television)""}]",0.0003837149604227763,-0.005114201076703684
67,4,false,detail,date,Bloomberg Politics launched in 2011.,False,True,False,827,"In 2014, Bloomberg L.P. launched Bloomberg Politics, a multiplatform media property that merged the company's political news teams, and has recruited two veteran political journalists, Mark Halperin and John Heilemann, to run it","[{""start"": 827, ""end"": 878, ""text"": ""In 2014, Bloomberg L.P. launched Bloomberg Politics""}]",0.008421897620185415,-0.005750228079622999
67,5,true,detail,local_text,"The final clause introduces the leadership team, implying a concluding statement about the initiative.",True,True,False,827,"In 2014, Bloomberg L.P. launched Bloomberg Politics, a multiplatform media property that merged the company's political news teams, and has recruited two veteran political journalists, Mark Halperin and John Heilemann, to run it","[{""start"": 963, ""end"": 1055, ""text"": ""has recruited two veteran political journalists, Mark Halperin and John Heilemann, to run it""}]",0.011309886778966827,-0.005114201076703684
67,6,true,detail,final_token,The final word of the prefix is “it”.,True,True,True,827,"In 2014, Bloomberg L.P. launched Bloomberg Politics, a multiplatform media property that merged the company's political news teams, and has recruited two veteran political journalists, Mark Halperin and John Heilemann, to run it","[{""start"": 1053, ""end"": 1055, ""text"": ""it""}]",0.0018626210778467378,0.0027517566291398454
67,7,true,detail,local_text,"This ends a relative clause, completing the sentence.",True,True,False,827,"In 2014, Bloomberg L.P. launched Bloomberg Politics, a multiplatform media property that merged the company's political news teams, and has recruited two veteran political journalists, Mark Halperin and John Heilemann, to run it","[{""start"": 963, ""end"": 1055, ""text"": ""has recruited two veteran political journalists, Mark Halperin and John Heilemann, to run it""}]",-0.001921859676602855,0.0027517566291398454
67,8,false,entity,identification,Bloomberg hired former Washington Post editor Josh Marshall to run the initiative.,False,True,False,827,"In 2014, Bloomberg L.P. launched Bloomberg Politics, a multiplatform media property that merged the company's political news teams, and has recruited two veteran political journalists, Mark Halperin and John Heilemann, to run it","[{""start"": 967, ""end"": 1044, ""text"": ""recruited two veteran political journalists, Mark Halperin and John Heilemann""}]",0.01105142339513654,0.004626075182159628
67,10,true,detail,attribute,Bloomberg Politics is a political news and media initiative.,True,True,False,827,"In 2014, Bloomberg L.P. launched Bloomberg Politics, a multiplatform media property that merged the company's political news teams, and has recruited two veteran political journalists, Mark Halperin and John Heilemann, to run it","[{""start"": 860, ""end"": 957, ""text"": ""Bloomberg Politics, a multiplatform media property that merged the company's political news teams""}]",0.014543639477631376,-0.0029400827478829328
67,11,false,entity,identification,Bloomberg also hired former MTV News president Jon Landman to run the initiative.,False,True,False,827,"In 2014, Bloomberg L.P. launched Bloomberg Politics, a multiplatform media property that merged the company's political news teams, and has recruited two veteran political journalists, Mark Halperin and John Heilemann, to run it","[{""start"": 967, ""end"": 1044, ""text"": ""recruited two veteran political journalists, Mark Halperin and John Heilemann""}]",0.013419738350837096,-0.0029400827478829328
67,12,true,detail,local_text,The final clause describes the political initiative.,True,True,False,827,"In 2014, Bloomberg L.P. launched Bloomberg Politics, a multiplatform media property that merged the company's political news teams, and has recruited two veteran political journalists, Mark Halperin and John Heilemann, to run it","[{""start"": 880, ""end"": 957, ""text"": ""a multiplatform media property that merged the company's political news teams""}]",0.02070219806405349,-0.0029400827478829328
68,0,true,theme,format,The passage is a Wikipedia article with structured factual prose.,False,False,False,1067,Fall Out Boy bassist Pete Wentz explained,"[{""start"": 0, ""end"": 71, ""text"": ""The Young Wild Things Tour was a four-band fall 2007 arena concert tour""}]",0.0039592001971000546,-0.0052786277393211956
68,1,false,entity,identity,The passage is about a music video.,False,False,False,1067,Fall Out Boy bassist Pete Wentz explained,"[{""start"": 0, ""end"": 71, ""text"": ""The Young Wild Things Tour was a four-band fall 2007 arena concert tour""}]",-0.0009858700578054824,-0.0054799807177488
68,2,true,theme,style,The passage establishes an encyclopedic register with structured factual prose throughout.,False,False,False,1067,Fall Out Boy bassist Pete Wentz explained,"[{""start"": 0, ""end"": 71, ""text"": ""The Young Wild Things Tour was a four-band fall 2007 arena concert tour""}]",-0.00031409462267650845,-0.0052786277393211956
68,3,true,detail,local_text,The passage exhibits narrative momentum toward a concluding detail.,True,True,False,1067,Fall Out Boy bassist Pete Wentz explained,"[{""start"": 1067, ""end"": 1108, ""text"": ""Fall Out Boy bassist Pete Wentz explained""}]",0.0008858943658949237,-0.002442824580609071
68,4,true,theme,topic,The passage covers release.,False,False,False,1067,Fall Out Boy bassist Pete Wentz explained,"[{""start"": 341, ""end"": 397, ""text"": ""The tour was first announced on the Fall Out Boy website""}]",0.0003243528251126726,-0.002442824580609071
68,5,true,theme,topic,The passage covers promotional elements.,False,False,False,1067,Fall Out Boy bassist Pete Wentz explained,"[{""start"": 557, ""end"": 639, ""text"": ""Fans would text a certain number and would be given a code for their state / area.""}]",-0.0008200680965543272,-0.002442824580609071
68,6,false,detail,attribute,The passage now shifts to a concluding detail about the band's branding/logo theme.,False,False,False,1067,Fall Out Boy bassist Pete Wentz explained,[],-0.003901345983697735,-0.002442824580609071
68,7,true,detail,final_token,The final word of the prefix is “explained”.,True,True,True,1067,Fall Out Boy bassist Pete Wentz explained,"[{""start"": 1099, ""end"": 1108, ""text"": ""explained""}]",-0.0045154450031643645,-0.0016447404297569301
68,8,false,entity,identification,The band incorporated the phrase 'We Are The Fall' into the video's set design and merchandise.,False,False,False,1067,Fall Out Boy bassist Pete Wentz explained,[],-0.012227945718720656,-0.002959464231878761
68,9,false,entity,identity,Lead singer David Cook explained the branding decision.,False,True,False,1067,Fall Out Boy bassist Pete Wentz explained,"[{""start"": 1067, ""end"": 1108, ""text"": ""Fall Out Boy bassist Pete Wentz explained""}]",0.008888561671710038,-0.0002650307234911553
68,10,true,detail,local_text,'Explained' is a verb introducing a direct or indirect quote.,True,True,False,1067,Fall Out Boy bassist Pete Wentz explained,"[{""start"": 1067, ""end"": 1108, ""text"": ""Fall Out Boy bassist Pete Wentz explained""}]",0.0006133496777137593,-0.0016447404297569301
68,12,false,entity,identification,The phrase was used to represent the band's logo.,False,False,False,1067,Fall Out Boy bassist Pete Wentz explained,[],-0.00035376564214373296,-0.001232868380047103
68,13,false,entity,identity,Lead guitarist David Cook explained the reasoning.,False,True,False,1067,Fall Out Boy bassist Pete Wentz explained,"[{""start"": 1067, ""end"": 1108, ""text"": ""Fall Out Boy bassist Pete Wentz explained""}]",0.05020779385689789,-0.001232868380047103
69,0,true,theme,format,The passage is a Wikipedia article with factual encyclopedic prose.,False,False,False,792,"The buildings in the village core, the parish church, the 1563 town hall, the Salesis house, the ruins of Castle Clanx and the state archives with the administration building are listed as heritage sites of national significance","[{""start"": 0, ""end"": 64, ""text"": ""Appenzell is a village, a statistic town, but not a municipality""}]",-0.007046403889560571,0.0011490753672831477
69,1,false,entity,identity,The passage is about a Swiss municipality.,False,False,False,792,"The buildings in the village core, the parish church, the 1563 town hall, the Salesis house, the ruins of Castle Clanx and the state archives with the administration building are listed as heritage sites of national significance","[{""start"": 0, ""end"": 64, ""text"": ""Appenzell is a village, a statistic town, but not a municipality""}]",-0.01944218928781838,0.0011490753672831477
69,2,true,theme,style,The passage follows a standard geographic/demographic template.,False,False,False,792,"The buildings in the village core, the parish church, the 1563 town hall, the Salesis house, the ruins of Castle Clanx and the state archives with the administration building are listed as heritage sites of national significance","[{""start"": 70, ""end"": 135, ""text"": ""the capital of the canton of Appenzell Innerrhoden in Switzerland""}]",0.015491948900645092,0.0011490753672831477
69,3,true,detail,local_text,"This continues a heritage/cultural landmarks list, building toward a concluding heritage designation statement.",True,True,False,792,"The buildings in the village core, the parish church, the 1563 town hall, the Salesis house, the ruins of Castle Clanx and the state archives with the administration building are listed as heritage sites of national significance","[{""start"": 967, ""end"": 1020, ""text"": ""are listed as heritage sites of national significance""}]",-0.004017676997413844,0.007057764695068025
69,5,true,detail,attribute,The enumerated notable features include a castle.,True,True,False,792,"The buildings in the village core, the parish church, the 1563 town hall, the Salesis house, the ruins of Castle Clanx and the state archives with the administration building are listed as heritage sites of national significance","[{""start"": 885, ""end"": 910, ""text"": ""the ruins of Castle Clanx""}]",-0.012295064987507098,0.0033741818445258698
69,6,false,detail,attribute,The enumerated notable features include a museum.,False,False,False,792,"The buildings in the village core, the parish church, the 1563 town hall, the Salesis house, the ruins of Castle Clanx and the state archives with the administration building are listed as heritage sites of national significance",[],-0.004161575191282241,0.007057764695068025
69,8,true,detail,final_token,The final word of the prefix is “significance”.,True,True,True,792,"The buildings in the village core, the parish church, the 1563 town hall, the Salesis house, the ruins of Castle Clanx and the state archives with the administration building are listed as heritage sites of national significance","[{""start"": 1008, ""end"": 1020, ""text"": ""significance""}]",0.023155365814553908,0.032902378503644636
69,9,true,detail,attribute,The buildings are listed as heritage sites of national significance.,True,True,False,792,"The buildings in the village core, the parish church, the 1563 town hall, the Salesis house, the ruins of Castle Clanx and the state archives with the administration building are listed as heritage sites of national significance","[{""start"": 967, ""end"": 1020, ""text"": ""are listed as heritage sites of national significance""}]",1.295371657541633,0.023496195724348024
69,11,true,detail,attribute,The population is mostly German-speaking.,False,False,False,792,"The buildings in the village core, the parish church, the 1563 town hall, the Salesis house, the ruins of Castle Clanx and the state archives with the administration building are listed as heritage sites of national significance","[{""start"": 707, ""end"": 790, ""text"": ""the main spoken language is the local variant of the Alemannic Swiss German dialect""}]",-0.014831196011158232,-0.009493136956617576
69,12,false,entity,identification,The municipality is part of the Basel metropolitan area.,False,False,False,792,"The buildings in the village core, the parish church, the 1563 town hall, the Salesis house, the ruins of Castle Clanx and the state archives with the administration building are listed as heritage sites of national significance","[{""start"": 70, ""end"": 135, ""text"": ""the capital of the canton of Appenzell Innerrhoden in Switzerland""}]",-0.01158638088927555,-0.009493136956617576
69,14,false,detail,attribute,The enumerated notable features include the former mill.,False,False,False,792,"The buildings in the village core, the parish church, the 1563 town hall, the Salesis house, the ruins of Castle Clanx and the state archives with the administration building are listed as heritage sites of national significance",[],-0.03166348055416224,-0.009493136956617576
70,0,true,theme,format,The passage is a Wikipedia biographical article with a consistent chronological career narrative.,False,False,False,966,"He later joined the June List, became its vice chairman in 2008, and was on second place on the June List ballot in the 2009 European Parliament election in which the party lost its representation in the European Parliament","[{""start"": 0, ""end"": 117, ""text"": ""Carl Gösta Björn Joachim von der Esch (11 January 1930 – 10 March 2010) was a Swedish Christian democratic politician""}]",-0.013627037723864588,-0.007984241113621116
70,1,true,entity,identity,The subject is a Swedish politician.,False,False,False,966,"He later joined the June List, became its vice chairman in 2008, and was on second place on the June List ballot in the 2009 European Parliament election in which the party lost its representation in the European Parliament","[{""start"": 72, ""end"": 117, ""text"": ""was a Swedish Christian democratic politician""}]",-0.003725004389987907,-0.007984241113621116
70,2,false,entity,identity,The subject is named Karl-Erik Andersson.,False,False,False,966,"He later joined the June List, became its vice chairman in 2008, and was on second place on the June List ballot in the 2009 European Parliament election in which the party lost its representation in the European Parliament","[{""start"": 0, ""end"": 37, ""text"": ""Carl Gösta Björn Joachim von der Esch""}]",0.0015071714145407644,-0.007984241113621116
70,3,true,detail,local_text,The sentence structure traces the subject's political decline and final electoral attempts.,False,False,False,966,"He later joined the June List, became its vice chairman in 2008, and was on second place on the June List ballot in the 2009 European Parliament election in which the party lost its representation in the European Parliament","[{""start"": 687, ""end"": 717, ""text"": ""he was expelled from the party""}]",0.035905944063014894,0.006456515450272204
70,4,false,entity,identification,The last clause details his role on the Christian Democratic Party's 2006 European Parliament list.,False,True,False,966,"He later joined the June List, became its vice chairman in 2008, and was on second place on the June List ballot in the 2009 European Parliament election in which the party lost its representation in the European Parliament","[{""start"": 1035, ""end"": 1119, ""text"": ""was on second place on the June List ballot in the 2009 European Parliament election""}]",0.007001126585730488,0.006456515450272204
70,5,true,detail,final_token,The final word of the prefix is “Parliament”.,True,True,True,966,"He later joined the June List, became its vice chairman in 2008, and was on second place on the June List ballot in the 2009 European Parliament election in which the party lost its representation in the European Parliament","[{""start"": 1179, ""end"": 1189, ""text"": ""Parliament""}]",-0.023136662896897253,-0.012025586733853066
70,6,true,detail,attribute,This closes a relative clause: the list was defeated and failed to win a seat in the European Parliament.,True,True,False,966,"He later joined the June List, became its vice chairman in 2008, and was on second place on the June List ballot in the 2009 European Parliament election in which the party lost its representation in the European Parliament","[{""start"": 1120, ""end"": 1189, ""text"": ""in which the party lost its representation in the European Parliament""}]",0.2729086566271772,-0.011236677111144122
70,7,true,detail,local_text,This mirrors the earlier parallel phrase about the European Parliament.,False,False,False,966,"He later joined the June List, became its vice chairman in 2008, and was on second place on the June List ballot in the 2009 European Parliament election in which the party lost its representation in the European Parliament","[{""start"": 631, ""end"": 685, ""text"": ""ran in the 1995 European Parliament election in Sweden""}]",0.023175152416450462,-0.012025586733853066
70,9,false,entity,identification,He served as secretary of the Christian Democratic Party until 2006.,False,False,False,966,"He later joined the June List, became its vice chairman in 2008, and was on second place on the June List ballot in the 2009 European Parliament election in which the party lost its representation in the European Parliament","[{""start"": 119, ""end"": 152, ""text"": ""member of the Riksdag 1998 – 2006""}]",0.012500921394274889,-0.0008202434579143159
70,10,false,entity,identification,He was on the Christian Democratic Party's list for the European Parliament.,False,True,False,966,"He later joined the June List, became its vice chairman in 2008, and was on second place on the June List ballot in the 2009 European Parliament election in which the party lost its representation in the European Parliament","[{""start"": 1035, ""end"": 1119, ""text"": ""was on second place on the June List ballot in the 2009 European Parliament election""}]",0.044031994908133976,-0.0008202434579143159
70,11,true,detail,local_text,"The final clause ends on the list's defeat, implying a concluding note about his career.",True,True,False,966,"He later joined the June List, became its vice chairman in 2008, and was on second place on the June List ballot in the 2009 European Parliament election in which the party lost its representation in the European Parliament","[{""start"": 1120, ""end"": 1189, ""text"": ""in which the party lost its representation in the European Parliament""}]",0.1380563216507888,-0.0008202434579143159
71,0,true,theme,format,The passage is a biographical Wikipedia-style article.,False,False,False,916,He is known for economic and empirical studies in these fields,"[{""start"": 0, ""end"": 87, ""text"": ""Horst Eidenmüller (born 23 October 1963) is the Freshfields Professor of Commercial Law""}]",0.001419387263790317,-0.0026290939267620272
71,1,true,entity,identity,The subject is a German legal scholar.,False,False,False,916,He is known for economic and empirical studies in these fields,"[{""start"": 166, ""end"": 206, ""text"": ""Eidenmüller was born in Munich, Germany.""}]",0.0009088787041319213,-0.0026290939267620272
71,2,false,entity,identity,The subject is named Florian Lenz.,False,False,False,916,He is known for economic and empirical studies in these fields,"[{""start"": 0, ""end"": 17, ""text"": ""Horst Eidenmüller""}]",-0.004717604680916865,-0.006632444261683523
71,3,true,theme,style,"The passage follows a consistent pattern of listing credentials, roles, and achievements.",False,False,False,916,He is known for economic and empirical studies in these fields,"[{""start"": 207, ""end"": 294, ""text"": ""He is a graduate of Ludwig Maximilian University of Munich and of Cambridge (LLM 1989).""}]",0.000937610547363299,-0.0026290939267620272
71,4,true,theme,topic,The article systematically covers career history.,False,False,False,916,He is known for economic and empirical studies in these fields,"[{""start"": 295, ""end"": 382, ""text"": ""Prior to joining Oxford, Eidenmüller held professorships at the universities of Münster""}]",-0.001242232581671554,0.00360963039791129
71,5,true,theme,topic,The article systematically covers academic positions.,False,False,False,916,He is known for economic and empirical studies in these fields,"[{""start"": 419, ""end"": 500, ""text"": ""He was visiting professor at Cambridge (2007), Oxford (2009-2014), Harvard (2011)""}]",-0.00324685690344817,0.00360963039791129
71,6,true,theme,topic,The article systematically covers current roles.,False,False,False,916,He is known for economic and empirical studies in these fields,"[{""start"": 41, ""end"": 137, ""text"": ""is the Freshfields Professor of Commercial Law in the Faculty of Law at the University of Oxford""}]",-0.002289854203802233,0.00360963039791129
71,7,true,detail,local_text,"The final sentence introduces his research areas, signaling a concluding summary of his scholarly focus.",False,False,False,916,He is known for economic and empirical studies in these fields,"[{""start"": 809, ""end"": 914, ""text"": ""research focuses on commercial contracts, company law, insolvency law, and alternative dispute resolution""}]",0.0024193557886939,0.00360963039791129
71,8,true,detail,final_token,The final word of the prefix is “fields”.,True,True,True,916,He is known for economic and empirical studies in these fields,"[{""start"": 972, ""end"": 978, ""text"": ""fields""}]",-0.012529963146689194,-0.006361666038645963
71,9,true,detail,local_text,This ends a list of research areas.,False,False,False,916,He is known for economic and empirical studies in these fields,"[{""start"": 829, ""end"": 914, ""text"": ""commercial contracts, company law, insolvency law, and alternative dispute resolution""}]",-0.001612455056410389,-0.006361666038645963
71,10,false,detail,attribute,One of his research areas is competition law.,False,False,False,916,He is known for economic and empirical studies in these fields,"[{""start"": 829, ""end"": 914, ""text"": ""commercial contracts, company law, insolvency law, and alternative dispute resolution""}]",-0.0006796182460239164,-0.009529087838514694
71,11,true,detail,attribute,One of his research areas is corporate law.,False,False,False,916,He is known for economic and empirical studies in these fields,"[{""start"": 851, ""end"": 862, ""text"": ""company law""}]",0.0028414176796912605,-0.009529087838514694
71,12,true,detail,attribute,One of his research areas is insolvency law.,False,False,False,916,He is known for economic and empirical studies in these fields,"[{""start"": 864, ""end"": 878, ""text"": ""insolvency law""}]",0.018318841701422506,-0.009529087838514694
71,13,true,detail,attribute,He is an empirical researcher in these fields.,True,True,False,916,He is known for economic and empirical studies in these fields,"[{""start"": 916, ""end"": 978, ""text"": ""He is known for economic and empirical studies in these fields""}]",0.7831957698460803,-0.009529087838514694
71,15,false,entity,identification,He is a professor at the University of Mannheim.,False,False,False,916,He is known for economic and empirical studies in these fields,"[{""start"": 41, ""end"": 137, ""text"": ""is the Freshfields Professor of Commercial Law in the Faculty of Law at the University of Oxford""}]",-0.002304034398881938,-0.004174676883922923
71,16,false,detail,attribute,He is known for his practical expertise and international reputation.,False,False,False,916,He is known for economic and empirical studies in these fields,[],-0.0012317128363000807,-0.004174676883922923
71,17,false,detail,attribute,His empirical studies focus on market efficiency.,False,False,False,916,He is known for economic and empirical studies in these fields,[],-0.002709910863751497,-0.004174676883922923
72,0,true,theme,format,The passage is biographical/promotional web copy for a filmmaker.,False,False,False,881,Leone Marucci is repped by Stuart Manashil at William Morris Endeavor,"[{""start"": 0, ""end"": 78, ""text"": ""Leone Marucci (born March 28, 1973, Youngstown, Ohio) is an American filmmaker""}]",8.404863865685286e-05,-0.002410340839887004
72,1,true,theme,style,"The passage consistently lists credentials, collaborators, and achievements in short declarative sentences.",False,False,False,881,Leone Marucci is repped by Stuart Manashil at William Morris Endeavor,"[{""start"": 227, ""end"": 299, ""text"": ""which featured the ensemble cast of Christopher Walken, Christian Slater""}]",0.006080106959222675,-0.002410340839887004
72,2,true,detail,local_text,"The text follows a structured profile format, detailing projects, collaborators, and accolades.",False,False,False,881,Leone Marucci is repped by Stuart Manashil at William Morris Endeavor,"[{""start"": 772, ""end"": 851, ""text"": ""Marucci's interactive approach was featured in The Hollywood Reporter's article""}]",0.00446617927329962,-0.0006431608083905527
72,3,false,entity,identity,The profile is for director Michael J. Lacey.,False,False,False,881,Leone Marucci is repped by Stuart Manashil at William Morris Endeavor,"[{""start"": 0, ""end"": 13, ""text"": ""Leone Marucci""}]",0.002708645734928794,-0.0006431608083905527
72,4,true,detail,local_text,The text builds toward professional representation details.,True,True,False,881,Leone Marucci is repped by Stuart Manashil at William Morris Endeavor,"[{""start"": 881, ""end"": 950, ""text"": ""Leone Marucci is repped by Stuart Manashil at William Morris Endeavor""}]",-0.0005432038557209307,-0.0006431608083905527
72,5,true,detail,final_token,The final word of the prefix is “Endeavor”.,True,True,True,881,Leone Marucci is repped by Stuart Manashil at William Morris Endeavor,"[{""start"": 942, ""end"": 950, ""text"": ""Endeavor""}]",0.01189393881559253,0.011317770725120191
72,6,false,entity,identification,He is represented by Patrick O'Connell.,False,True,False,881,Leone Marucci is repped by Stuart Manashil at William Morris Endeavor,"[{""start"": 881, ""end"": 923, ""text"": ""Leone Marucci is repped by Stuart Manashil""}]",0.06374325490266197,0.028770359703982784
72,7,true,entity,identification,He is represented at William Morris Endeavor.,True,True,False,881,Leone Marucci is repped by Stuart Manashil at William Morris Endeavor,"[{""start"": 924, ""end"": 950, ""text"": ""at William Morris Endeavor""}]",0.9264501491567927,0.028770359703982784
72,9,false,detail,event,He is currently working on a feature film and a documentary.,False,False,False,881,Leone Marucci is repped by Stuart Manashil at William Morris Endeavor,[],0.006680839689367168,0.010862856876554972
72,10,false,entity,identification,"He is the founder of the non-profit organization, The Film Project.",False,False,False,881,Leone Marucci is repped by Stuart Manashil at William Morris Endeavor,"[{""start"": 84, ""end"": 148, ""text"": ""founder of Independent Film and Media company Steelyard Pictures""}]",0.0021572884243887813,0.010862856876554972
72,11,true,detail,local_text,"The final clause names his agency, signaling a closing sentence about professional representation.",True,True,False,881,Leone Marucci is repped by Stuart Manashil at William Morris Endeavor,"[{""start"": 881, ""end"": 950, ""text"": ""Leone Marucci is repped by Stuart Manashil at William Morris Endeavor""}]",0.0015138086697488173,0.010862856876554972
72,12,true,theme,topic,The passage concerns Hollywood industry affiliation.,True,True,False,881,Leone Marucci is repped by Stuart Manashil at William Morris Endeavor,"[{""start"": 881, ""end"": 950, ""text"": ""Leone Marucci is repped by Stuart Manashil at William Morris Endeavor""}]",-0.003972413734106839,0.010862856876554972
73,0,true,theme,format,"The passage is a detailed Wikipedia song entry covering release, chart performance, and reception.",False,False,False,1076,"It attained Silver certification in France and the United Kingdom, and a remix of the track became a dance hit in the United States","[{""start"": 0, ""end"": 78, ""text"": ""\""Each Time You Break My Heart\"" is a song recorded by British singer Nick Kamen""}]",-0.016759816430396812,0.002450362397160455
73,1,true,detail,local_text,The entry is now concluding with legacy/impact details.,True,True,False,1076,"It attained Silver certification in France and the United Kingdom, and a remix of the track became a dance hit in the United States","[{""start"": 1147, ""end"": 1207, ""text"": ""a remix of the track became a dance hit in the United States""}]",-0.0014364989833278718,0.002450362397160455
73,2,true,detail,local_text,"The sentence lists commercial and critical outcomes across multiple markets, a pattern of regional achievements and accolades.",False,False,False,1076,"It attained Silver certification in France and the United Kingdom, and a remix of the track became a dance hit in the United States","[{""start"": 941, ""end"": 1074, ""text"": ""reaching the top ten of the record charts in France, Germany, Ireland, Italy, Netherlands, Sweden, Switzerland and the United Kingdom""}]",0.02840327197939596,0.004308017023717192
73,3,true,entity,identification,The UK is one of the markets named.,False,False,False,1076,"It attained Silver certification in France and the United Kingdom, and a remix of the track became a dance hit in the United States","[{""start"": 1056, ""end"": 1074, ""text"": ""the United Kingdom""}]",0.025337703663990907,0.004308017023717192
73,4,false,entity,identification,Canada is one of the markets named.,False,False,False,1076,"It attained Silver certification in France and the United Kingdom, and a remix of the track became a dance hit in the United States",[],-0.008020116079172745,0.004308017023717192
73,5,false,entity,identification,Australia is one of the markets named.,False,False,False,1076,"It attained Silver certification in France and the United Kingdom, and a remix of the track became a dance hit in the United States",[],0.0026705848476532568,0.004308017023717192
73,6,true,detail,final_token,The final word of the prefix is “United States”.,True,True,True,1076,"It attained Silver certification in France and the United Kingdom, and a remix of the track became a dance hit in the United States","[{""start"": 1194, ""end"": 1207, ""text"": ""United States""}]",0.02189833175444833,0.027671325446246398
73,7,true,detail,local_text,This ends a clause about a remix's success.,True,True,False,1076,"It attained Silver certification in France and the United Kingdom, and a remix of the track became a dance hit in the United States","[{""start"": 1147, ""end"": 1207, ""text"": ""a remix of the track became a dance hit in the United States""}]",0.030319225065189248,0.027671325446246398
73,8,true,detail,attribute,A remix of the track became a dance/club hit in the United States.,True,True,False,1076,"It attained Silver certification in France and the United Kingdom, and a remix of the track became a dance hit in the United States","[{""start"": 1147, ""end"": 1207, ""text"": ""a remix of the track became a dance hit in the United States""}]",0.3193385387511254,0.03962452837068697
73,10,false,detail,attribute,The song received mixed reviews.,False,False,False,1076,"It attained Silver certification in France and the United Kingdom, and a remix of the track became a dance hit in the United States",[],0.008241434878201837,0.013839415737412986
73,11,false,entity,identification,The song won a Golden Globe nomination.,False,False,False,1076,"It attained Silver certification in France and the United Kingdom, and a remix of the track became a dance hit in the United States",[],-0.0057650551603153355,0.013839415737412986
73,12,false,entity,identification,The song earned a Grammy nomination for Best Rock Song.,False,False,False,1076,"It attained Silver certification in France and the United Kingdom, and a remix of the track became a dance hit in the United States",[],-0.019301221437422633,0.013839415737412986
73,13,false,detail,event,A remix of the track was included on the album.,False,False,False,1076,"It attained Silver certification in France and the United Kingdom, and a remix of the track became a dance hit in the United States",[],0.010000726042502905,0.013839415737412986
73,14,true,detail,local_text,This implies a US chart success.,True,True,False,1076,"It attained Silver certification in France and the United Kingdom, and a remix of the track became a dance hit in the United States","[{""start"": 1147, ""end"": 1207, ""text"": ""a remix of the track became a dance hit in the United States""}]",0.0008918600684709732,0.013839415737412986
74,0,true,theme,format,"The passage is a Wikipedia article with factual encyclopedic prose about Albemarle County, Virginia.",False,False,False,640,"However, its most famous inhabitant was Thomas Jefferson, who built his estate home, Monticello, in the county","[{""start"": 0, ""end"": 92, ""text"": ""Albemarle County is a county located in the Piedmont region of the Commonwealth of Virginia.""}]",0.04005423936713426,-0.0031064156617042205
74,1,true,theme,style,The passage follows standard county article conventions.,False,False,False,640,"However, its most famous inhabitant was Thomas Jefferson, who built his estate home, Monticello, in the county","[{""start"": 93, ""end"": 127, ""text"": ""Its county seat is Charlottesville""}]",-0.0026404181806132243,-0.0031064156617042205
74,2,true,detail,local_text,"The sentence completes a list of notable historical facts about the county, with Thomas Jefferson's connection being the final highlighted point.",True,True,False,640,"However, its most famous inhabitant was Thomas Jefferson, who built his estate home, Monticello, in the county","[{""start"": 649, ""end"": 696, ""text"": ""its most famous inhabitant was Thomas Jefferson""}]",0.021014324634785253,-0.004081698157199276
74,3,true,detail,final_token,The final word of the prefix is “county”.,True,True,True,640,"However, its most famous inhabitant was Thomas Jefferson, who built his estate home, Monticello, in the county","[{""start"": 744, ""end"": 750, ""text"": ""county""}]",0.0035216181159059,0.0034520004319625874
74,4,true,detail,attribute,This closes a relative clause: Thomas Jefferson built his famous Monticello estate in the county.,True,True,False,640,"However, its most famous inhabitant was Thomas Jefferson, who built his estate home, Monticello, in the county","[{""start"": 698, ""end"": 750, ""text"": ""who built his estate home, Monticello, in the county""}]",1.1151073830172695,0.0007665730656136738
74,6,true,detail,attribute,The county is known for its historic significance.,True,True,False,640,"However, its most famous inhabitant was Thomas Jefferson, who built his estate home, Monticello, in the county","[{""start"": 649, ""end"": 750, ""text"": ""its most famous inhabitant was Thomas Jefferson, who built his estate home, Monticello, in the county""}]",0.005204360759159532,-0.0017092194715415676
74,7,false,detail,attribute,The county is known for its agricultural wealth.,False,False,False,640,"However, its most famous inhabitant was Thomas Jefferson, who built his estate home, Monticello, in the county",[],0.00033377347356866593,-0.0017092194715415676
74,8,false,entity,identification,The county is the most populous county in the Charlottesville metropolitan area.,False,False,False,640,"However, its most famous inhabitant was Thomas Jefferson, who built his estate home, Monticello, in the county",[],0.0036048539158995974,-0.0017092194715415676
74,9,false,detail,event,Thomas Jefferson was born in the area.,False,False,False,640,"However, its most famous inhabitant was Thomas Jefferson, who built his estate home, Monticello, in the county",[],-0.0006604070797627815,-0.0017092194715415676
74,10,false,entity,identification,Thomas Jefferson was a prominent Virginia planter.,False,False,False,640,"However, its most famous inhabitant was Thomas Jefferson, who built his estate home, Monticello, in the county",[],5.745127405798467e-05,-0.0017092194715415676
74,11,true,detail,local_text,The sentence ends here.,True,True,False,640,"However, its most famous inhabitant was Thomas Jefferson, who built his estate home, Monticello, in the county","[{""start"": 698, ""end"": 750, ""text"": ""who built his estate home, Monticello, in the county""}]",-0.0019729801078750553,-0.0017092194715415676
75,0,true,theme,format,The passage follows a Wikipedia article structure of encyclopedic prose.,False,False,False,807,The commercials were filmed by Grey Advertising,"[{""start"": 0, ""end"": 136, ""text"": ""Downy (Lenor in Europe, Russia and Japan) is a brand name of fabric softener produced by Procter & Gamble and sold in the United States.""}]",-0.0015403249364371874,-0.008022786799708692
75,1,true,theme,topic,The passage is about a product (a brand).,False,False,False,807,The commercials were filmed by Grey Advertising,"[{""start"": 0, ""end"": 136, ""text"": ""Downy (Lenor in Europe, Russia and Japan) is a brand name of fabric softener produced by Procter & Gamble and sold in the United States.""}]",-0.0032440870774030905,-0.008022786799708692
75,2,true,theme,style,The passage follows a standard factual paragraph progression.,False,False,False,807,The commercials were filmed by Grey Advertising,"[{""start"": 137, ""end"": 221, ""text"": ""It entered the U.S. test market in August 1960 and went nationwide in December 1961.""}]",-0.0038009128309326456,-0.008022786799708692
75,3,true,theme,topic,The passage covers brand history.,False,False,False,807,The commercials were filmed by Grey Advertising,"[{""start"": 137, ""end"": 221, ""text"": ""It entered the U.S. test market in August 1960 and went nationwide in December 1961.""}]",0.0010219919504378394,-0.008022786799708692
75,4,true,theme,topic,The passage covers marketing.,False,False,False,807,The commercials were filmed by Grey Advertising,"[{""start"": 688, ""end"": 806, ""text"": ""Amy Sedaris and Tituss Burgess have been used to promote Downy / Lenor Unstoppables range in both the U.S. and the UK.""}]",-0.0015793248434872176,-0.008022786799708692
75,5,true,theme,topic,The final part of the passage describes promotional campaigns and celebrity endorsements.,False,False,False,807,The commercials were filmed by Grey Advertising,"[{""start"": 688, ""end"": 806, ""text"": ""Amy Sedaris and Tituss Burgess have been used to promote Downy / Lenor Unstoppables range in both the U.S. and the UK.""}]",0.010008984043344493,-0.007543367912724697
75,6,false,entity,identity,The commercials for Downy/Lenor were made by DDB Advertising.,False,True,False,807,The commercials were filmed by Grey Advertising,"[{""start"": 838, ""end"": 854, ""text"": ""Grey Advertising""}]",1.1708315065310313,0.6995308870802048
75,7,true,detail,local_text,The final visible sentence is presented as the last item in a list of campaign facts.,False,False,False,807,The commercials were filmed by Grey Advertising,"[{""start"": 688, ""end"": 806, ""text"": ""Amy Sedaris and Tituss Burgess have been used to promote Downy / Lenor Unstoppables range in both the U.S. and the UK.""}]",0.0037852547683960847,-0.007543367912724697
75,9,true,detail,final_token,"The final token/word is ""Advertising"".",True,True,True,807,The commercials were filmed by Grey Advertising,"[{""start"": 843, ""end"": 854, ""text"": ""Advertising""}]",-0.0078178261110593,0.006052424598543382
75,10,true,detail,local_text,"The sentence ends mid-thought, as a fragment without terminal punctuation.",True,True,False,807,The commercials were filmed by Grey Advertising,"[{""start"": 807, ""end"": 854, ""text"": ""The commercials were filmed by Grey Advertising""}]",0.00028705689159536085,0.006052424598543382
76,0,true,theme,genre,The passage is a book description.,False,False,False,773,The book is published with the nihil obstat and imprimatur,"[{""start"": 0, ""end"": 126, ""text"": ""The Catholic Catechism is a major volume on the teachings of the Catholic Church written by John Hardon and published in 1975.""}]",-0.005994956423258313,-0.00126232804718851
76,1,true,theme,genre,The passage follows Catholic theological publishing conventions.,True,True,False,773,The book is published with the nihil obstat and imprimatur,"[{""start"": 773, ""end"": 831, ""text"": ""The book is published with the nihil obstat and imprimatur""}]",-0.006920728078795624,-0.00126232804718851
76,2,false,theme,genre,The book is described as a classic devotional work.,False,False,False,773,The book is published with the nihil obstat and imprimatur,"[{""start"": 0, ""end"": 80, ""text"": ""The Catholic Catechism is a major volume on the teachings of the Catholic Church""}]",-0.0012570981063223519,-0.00126232804718851
76,3,true,theme,topic,The passage details the book's content and significance.,False,False,False,773,The book is published with the nihil obstat and imprimatur,"[{""start"": 276, ""end"": 447, ""text"": ""The Catholic Catechism was a significant work in the sense that it essentially brought modern Vatican II Catholic teaching and faith into one book, unlike any other before""}]",-0.0015881493512339695,-0.00126232804718851
76,4,true,theme,topic,"The passage systematically lists the book's credentials, historical context, and theological importance.",False,False,False,773,The book is published with the nihil obstat and imprimatur,"[{""start"": 81, ""end"": 125, ""text"": ""written by John Hardon and published in 1975""}]",-0.001175099969716209,0.0013603984363954602
76,5,true,detail,attribute,The final sentence completes the description by noting the book's ecclesiastical approval.,True,True,False,773,The book is published with the nihil obstat and imprimatur,"[{""start"": 773, ""end"": 831, ""text"": ""The book is published with the nihil obstat and imprimatur""}]",0.0024170868730144512,0.0013603984363954602
76,6,true,detail,final_token,"The final token/word is ""imprimatur"".",True,True,True,773,The book is published with the nihil obstat and imprimatur,"[{""start"": 821, ""end"": 831, ""text"": ""imprimatur""}]",0.0072212608414726764,-0.008701559441701479
76,7,false,detail,exact_words,"The passage's closing phrase reads ""It carries the imprimatur and nihil obstat.""",False,True,False,773,The book is published with the nihil obstat and imprimatur,"[{""start"": 773, ""end"": 831, ""text"": ""The book is published with the nihil obstat and imprimatur""}]",0.0031961596667166026,-0.008701559441701479
76,8,true,theme,genre,The ecclesiastical-approval phrasing (nihil obstat and imprimatur) is a formulaic Catholic publishing phrase.,True,True,False,773,The book is published with the nihil obstat and imprimatur,"[{""start"": 773, ""end"": 831, ""text"": ""The book is published with the nihil obstat and imprimatur""}]",0.017616550802808217,-0.008701559441701479
76,9,false,detail,exact_words,"The passage's closing phrase reads ""It carries the nolle and imprimatur.""",False,True,False,773,The book is published with the nihil obstat and imprimatur,"[{""start"": 773, ""end"": 831, ""text"": ""The book is published with the nihil obstat and imprimatur""}]",0.009783330441628935,-0.008701559441701479
77,0,true,theme,format,"The passage is in Wikipedia article style: factual, encyclopedic prose.",False,False,False,751,"A music video was filmed in and around the Roxbury Housing Projects in Boston, where five of the six (excluding Johnny Gill) New Edition members grew up","[{""start"": 0, ""end"": 107, ""text"": ""\""Word to the Mutha!\"" is a song co-written and performed by American contemporary R&B; group Bell Biv DeVoe.""}]",-0.009789479113528232,-0.0023539278256962115
77,1,true,theme,topic,The passage describes a music video and a single.,True,True,False,751,"A music video was filmed in and around the Roxbury Housing Projects in Boston, where five of the six (excluding Johnny Gill) New Edition members grew up","[{""start"": 751, ""end"": 828, ""text"": ""A music video was filmed in and around the Roxbury Housing Projects in Boston""}]",0.0021006526528827285,-0.0023539278256962115
77,2,true,theme,style,The passage follows standard [encyclopedic] structure.,False,False,False,751,"A music video was filmed in and around the Roxbury Housing Projects in Boston, where five of the six (excluding Johnny Gill) New Edition members grew up","[{""start"": 0, ""end"": 107, ""text"": ""\""Word to the Mutha!\"" is a song co-written and performed by American contemporary R&B; group Bell Biv DeVoe.""}]",-0.0050402291376289154,-0.0023539278256962115
77,3,true,detail,local_text,The final sentence details filming locations and context.,True,True,False,751,"A music video was filmed in and around the Roxbury Housing Projects in Boston, where five of the six (excluding Johnny Gill) New Edition members grew up","[{""start"": 751, ""end"": 903, ""text"": ""A music video was filmed in and around the Roxbury Housing Projects in Boston, where five of the six (excluding Johnny Gill) New Edition members grew up""}]",0.0010795957644443854,0.004869707557450975
77,4,false,entity,identity,The music video was filmed in/at the South Bronx housing project.,False,True,False,751,"A music video was filmed in and around the Roxbury Housing Projects in Boston, where five of the six (excluding Johnny Gill) New Edition members grew up","[{""start"": 794, ""end"": 828, ""text"": ""Roxbury Housing Projects in Boston""}]",0.05863545467533127,0.016970435918066573
77,5,true,detail,attribute,The filming location ties back to the song's subject matter and the members' origins.,True,True,False,751,"A music video was filmed in and around the Roxbury Housing Projects in Boston, where five of the six (excluding Johnny Gill) New Edition members grew up","[{""start"": 830, ""end"": 903, ""text"": ""where five of the six (excluding Johnny Gill) New Edition members grew up""}]",0.009642905930360324,0.004869707557450975
77,6,true,detail,final_word,"The final word is ""up"" (closing the phrase ""grew up"").",True,True,True,751,"A music video was filmed in and around the Roxbury Housing Projects in Boston, where five of the six (excluding Johnny Gill) New Edition members grew up","[{""start"": 896, ""end"": 903, ""text"": ""grew up""}]",0.020544363993730497,0.008747821773071096
77,7,false,detail,quantity,Both members of the group grew up [at the housing project].,False,True,False,751,"A music video was filmed in and around the Roxbury Housing Projects in Boston, where five of the six (excluding Johnny Gill) New Edition members grew up","[{""start"": 830, ""end"": 903, ""text"": ""where five of the six (excluding Johnny Gill) New Edition members grew up""}]",0.39236475374176427,0.01690832092979988
77,9,false,entity,identity,The music video was shot in New York City.,False,True,False,751,"A music video was filmed in and around the Roxbury Housing Projects in Boston, where five of the six (excluding Johnny Gill) New Edition members grew up","[{""start"": 794, ""end"": 828, ""text"": ""Roxbury Housing Projects in Boston""}]",0.002634182726677925,-0.0037986549589063
77,10,false,detail,attribute,The video features scenes of the group performing in the project.,False,False,False,751,"A music video was filmed in and around the Roxbury Housing Projects in Boston, where five of the six (excluding Johnny Gill) New Edition members grew up",[],0.005414261442680757,-0.0037986549589063
77,11,false,detail,attribute,Both members of the group's characters' parents lived [at the housing project].,False,False,False,751,"A music video was filmed in and around the Roxbury Housing Projects in Boston, where five of the six (excluding Johnny Gill) New Edition members grew up",[],-0.015038921912242098,0.005794675236322155
77,12,true,detail,attribute,The filming location holds symbolic significance connected to the members' origins.,True,True,False,751,"A music video was filmed in and around the Roxbury Housing Projects in Boston, where five of the six (excluding Johnny Gill) New Edition members grew up","[{""start"": 830, ""end"": 903, ""text"": ""where five of the six (excluding Johnny Gill) New Edition members grew up""}]",0.026236833663822012,0.001380311629791131
78,0,true,theme,format,The passage follows a Wikipedia article structure.,False,False,False,1052,"He finished the manuscript in the summer of 1923, and it was published by Fischer Verlag the following year","[{""start"": 0, ""end"": 116, ""text"": ""Berge Meere und Giganten (Mountains Seas and Giants) is a 1924 science fiction novel by German author Alfred Döblin.""}]",0.02035967234308056,-0.0032964895553189155
78,1,true,theme,topic,The passage gives biographical/bibliographical details about a German novel.,False,False,False,1052,"He finished the manuscript in the summer of 1923, and it was published by Fischer Verlag the following year","[{""start"": 53, ""end"": 115, ""text"": ""is a 1924 science fiction novel by German author Alfred Döblin""}]",0.03459560028316444,-0.0032964895553189155
78,2,true,theme,style,The passage follows a consistent encyclopedic pattern throughout.,False,False,False,1052,"He finished the manuscript in the summer of 1923, and it was published by Fischer Verlag the following year","[{""start"": 0, ""end"": 116, ""text"": ""Berge Meere und Giganten (Mountains Seas and Giants) is a 1924 science fiction novel by German author Alfred Döblin.""}]",0.01740909204542307,-0.0032964895553189155
78,3,true,theme,topic,The passage covers the novel's themes.,False,False,False,1052,"He finished the manuscript in the summer of 1923, and it was published by Fischer Verlag the following year","[{""start"": 162, ""end"": 327, ""text"": ""the novel follows the development of human society into the 27th century and depicts global-scale conflicts between future polities, technologies, and natural forces""}]",0.02265800883460245,0.0036827211303935847
78,4,true,theme,topic,The passage covers the novel's reception.,False,False,False,1052,"He finished the manuscript in the summer of 1923, and it was published by Fischer Verlag the following year","[{""start"": 439, ""end"": 539, ""text"": ""Among critics, Berge Meere und Giganten has the reputation of being a difficult and polarizing novel""}]",0.016635527442920295,0.0036827211303935847
78,5,true,theme,topic,The passage covers the novel's writing history.,False,False,False,1052,"He finished the manuscript in the summer of 1923, and it was published by Fischer Verlag the following year","[{""start"": 741, ""end"": 883, ""text"": ""Döblin began writing Berge Meere und Giganten that fall, conducting extensive research into various natural and human sciences in the process.""}]",0.01832586885980736,0.0036827211303935847
78,6,true,detail,local_text,"The final sentence traces the publication timeline, completing the chronological narrative of how the book came to be published.",True,True,False,1052,"He finished the manuscript in the summer of 1923, and it was published by Fischer Verlag the following year","[{""start"": 1052, ""end"": 1159, ""text"": ""He finished the manuscript in the summer of 1923, and it was published by Fischer Verlag the following year""}]",0.023532677182667827,0.0036827211303935847
78,7,true,detail,final_word,"The final token/word is ""year"".",True,True,True,1052,"He finished the manuscript in the summer of 1923, and it was published by Fischer Verlag the following year","[{""start"": 1155, ""end"": 1159, ""text"": ""year""}]",0.030966114998500216,0.0012099290924102446
78,8,false,entity,identity,The manuscript was submitted to Rowohlt [Verlag].,False,True,False,1052,"He finished the manuscript in the summer of 1923, and it was published by Fischer Verlag the following year","[{""start"": 1126, ""end"": 1140, ""text"": ""Fischer Verlag""}]",0.04160190308438061,0.012990550843211768
78,9,false,detail,exact_words,"The opening line is worded ""published in 1924.""",False,False,False,1052,"He finished the manuscript in the summer of 1923, and it was published by Fischer Verlag the following year","[{""start"": 53, ""end"": 115, ""text"": ""is a 1924 science fiction novel by German author Alfred Döblin""}]",0.03455720714068988,0.0012099290924102446
78,10,true,detail,date,The publication timeline directly echoes the opening line's 1924 publication date.,False,False,False,1052,"He finished the manuscript in the summer of 1923, and it was published by Fischer Verlag the following year","[{""start"": 53, ""end"": 84, ""text"": ""is a 1924 science fiction novel""}, {""start"": 1052, ""end"": 1159, ""text"": ""He finished the manuscript in the summer of 1923, and it was published by Fischer Verlag the following year""}]",0.01915453373314624,0.0012099290924102446
78,12,true,detail,date,The book was published the following year (after the manuscript was finished).,True,True,False,1052,"He finished the manuscript in the summer of 1923, and it was published by Fischer Verlag the following year","[{""start"": 1052, ""end"": 1159, ""text"": ""He finished the manuscript in the summer of 1923, and it was published by Fischer Verlag the following year""}]",0.5557540070334197,0.012990550843211768
79,0,true,theme,format,The passage is a biographical Wikipedia-style article.,False,False,False,588,"He served as an internal revenue agent during the 1870s before moving to Kansas, where he spent the final decades of his life","[{""start"": 0, ""end"": 110, ""text"": ""Joseph Alexander Cooper (November 25, 1823 – May 20, 1910) was an American farmer, soldier, and civil servant.""}]",0.00012647842531832154,-0.0010610157891880467
79,1,true,theme,topic,The passage establishes a historical figure's life.,False,False,False,588,"He served as an internal revenue agent during the 1870s before moving to Kansas, where he spent the final decades of his life","[{""start"": 0, ""end"": 110, ""text"": ""Joseph Alexander Cooper (November 25, 1823 – May 20, 1910) was an American farmer, soldier, and civil servant.""}]",-0.0058044346894498,-0.0010610157891880467
79,2,true,theme,topic,The passage establishes the figure's legal legacy.,True,True,False,588,"He served as an internal revenue agent during the 1870s before moving to Kansas, where he spent the final decades of his life","[{""start"": 588, ""end"": 643, ""text"": ""He served as an internal revenue agent during the 1870s""}]",0.0025944514611988545,-0.0010610157891880467
79,3,true,theme,style,The passage follows a chronological narrative arc.,False,False,False,588,"He served as an internal revenue agent during the 1870s before moving to Kansas, where he spent the final decades of his life","[{""start"": 0, ""end"": 110, ""text"": ""Joseph Alexander Cooper (November 25, 1823 – May 20, 1910) was an American farmer, soldier, and civil servant.""}]",0.006695524526523,-0.0010610157891880467
79,4,true,theme,topic,The passage traces the subject's career and life stages.,False,False,False,588,"He served as an internal revenue agent during the 1870s before moving to Kansas, where he spent the final decades of his life","[{""start"": 111, ""end"": 190, ""text"": ""A Southern Unionist, he fought for the Union Army during the American Civil War""}]",-0.0010904831656727287,-0.0006557182836846032
79,5,false,entity,identity,The subject's career included Florida service.,False,False,False,588,"He served as an internal revenue agent during the 1870s before moving to Kansas, where he spent the final decades of his life",[],0.0008360518217972457,-0.0006557182836846032
79,6,false,entity,identity,The subject's career included Confederate service.,False,False,False,588,"He served as an internal revenue agent during the 1870s before moving to Kansas, where he spent the final decades of his life","[{""start"": 111, ""end"": 190, ""text"": ""A Southern Unionist, he fought for the Union Army during the American Civil War""}]",0.001895229738835491,-0.0006557182836846032
79,7,false,detail,attribute,The subject had a post-war legal career.,False,False,False,588,"He served as an internal revenue agent during the 1870s before moving to Kansas, where he spent the final decades of his life",[],0.005811046761896699,-0.0006557182836846032
79,8,true,detail,local_text,The final clause begins a concluding life chapter.,True,True,False,588,"He served as an internal revenue agent during the 1870s before moving to Kansas, where he spent the final decades of his life","[{""start"": 644, ""end"": 713, ""text"": ""before moving to Kansas, where he spent the final decades of his life""}]",0.008088899131038052,-0.0006557182836846032
79,9,true,detail,final_word,"The final word is ""life"".",True,True,True,588,"He served as an internal revenue agent during the 1870s before moving to Kansas, where he spent the final decades of his life","[{""start"": 709, ""end"": 713, ""text"": ""life""}]",0.014579101356488766,0.02964071683937275
79,15,false,detail,final_word,"The final clause / word is ""Kansas"".",False,True,True,588,"He served as an internal revenue agent during the 1870s before moving to Kansas, where he spent the final decades of his life","[{""start"": 669, ""end"": 713, ""text"": ""where he spent the final decades of his life""}]",-0.00012157848112082092,-4.738686506244871e-05
80,0,true,theme,format,"The passage is in Wikipedia article structure, factual encyclopedic prose.",False,False,False,789,"A sequel, titled, was released direct-to-video on January 17, 2017","[{""start"": 0, ""end"": 111, ""text"": ""Surf's Up is a 2007 American computer-animated mockumentary comedy film directed by Ash Brannon and Chris Buck.""}]",0.008705744081771494,0.0020005346826088566
80,1,true,theme,topic,The passage is about an animated film.,False,False,False,789,"A sequel, titled, was released direct-to-video on January 17, 2017","[{""start"": 0, ""end"": 71, ""text"": ""Surf's Up is a 2007 American computer-animated mockumentary comedy film""}]",-0.0015623847560333193,0.0020005346826088566
80,2,false,detail,date,The film is from 2000.,False,False,False,789,"A sequel, titled, was released direct-to-video on January 17, 2017","[{""start"": 15, ""end"": 19, ""text"": ""2007""}]",0.0034880738200311345,0.0020005346826088566
80,3,true,theme,style,The passage follows standard film article conventions.,False,False,False,789,"A sequel, titled, was released direct-to-video on January 17, 2017","[{""start"": 0, ""end"": 111, ""text"": ""Surf's Up is a 2007 American computer-animated mockumentary comedy film directed by Ash Brannon and Chris Buck.""}]",-0.0022057323938031725,0.0020005346826088566
80,4,true,theme,topic,The article covers the film's plot.,False,False,False,789,"A sequel, titled, was released direct-to-video on January 17, 2017","[{""start"": 428, ""end"": 560, ""text"": ""It is a parody of surfing documentaries, such as The Endless Summer and Riding Giants, with parts of the plot parodying North Shore.""}]",-0.00027146261422883455,-0.001120587929404393
80,5,true,theme,topic,The article covers the film's production.,False,False,False,789,"A sequel, titled, was released direct-to-video on January 17, 2017","[{""start"": 224, ""end"": 328, ""text"": ""In production since 2002 at Sony Pictures Animation, it was the studio's second theatrical feature film.""}]",0.0022194193845337384,-0.001120587929404393
80,6,false,theme,topic,The article covers the film's reception.,False,False,False,789,"A sequel, titled, was released direct-to-video on January 17, 2017",[],0.0013788821799984863,-0.001120587929404393
80,7,false,theme,topic,The article covers the film's awards.,False,False,False,789,"A sequel, titled, was released direct-to-video on January 17, 2017",[],-0.0004977790712052954,-0.001120587929404393
80,8,true,detail,local_text,"The final sentence introduces a sequel, completing the film's legacy section.",True,True,False,789,"A sequel, titled, was released direct-to-video on January 17, 2017","[{""start"": 789, ""end"": 855, ""text"": ""A sequel, titled, was released direct-to-video on January 17, 2017""}]",0.00023864508944249074,-0.001120587929404393
80,9,true,detail,final_word,"The final word/token is ""2017"".",True,True,True,789,"A sequel, titled, was released direct-to-video on January 17, 2017","[{""start"": 851, ""end"": 855, ""text"": ""2017""}]",0.010811929763296257,0.006442836304436428
80,10,false,detail,date,"The sequel was released on June 20, 2017.",False,True,False,789,"A sequel, titled, was released direct-to-video on January 17, 2017","[{""start"": 839, ""end"": 855, ""text"": ""January 17, 2017""}]",0.8684617228466284,0.008880294030162883
80,11,true,detail,attribute,The sequel was released direct-to-video.,True,True,False,789,"A sequel, titled, was released direct-to-video on January 17, 2017","[{""start"": 807, ""end"": 855, ""text"": ""was released direct-to-video on January 17, 2017""}]",0.061619568663478175,0.008880294030162883
80,13,false,detail,attribute,The series ran for one season and ended in 2001.,False,False,False,789,"A sequel, titled, was released direct-to-video on January 17, 2017",[],0.016134531830070076,0.001125467094703958
80,15,false,detail,quantity,There is a 17-year gap since the original film.,False,False,False,789,"A sequel, titled, was released direct-to-video on January 17, 2017","[{""start"": 15, ""end"": 19, ""text"": ""2007""}, {""start"": 839, ""end"": 855, ""text"": ""January 17, 2017""}]",0.002371290165539275,-0.003025249691330556
81,0,true,theme,format,The passage is a Wikipedia article about souvlaki.,False,False,False,701,"'Souvlaki' is the common term in Hellenic Macedonia and other regions of northern Greece, while in southern Greece around Athens it is commonly known as","[{""start"": 0, ""end"": 65, ""text"": ""Souvlaki (Greek:), plural souvlakia, is a popular Greek fast food""}]",0.026964327587572057,-0.0024136279443022213
81,1,true,theme,topic,The passage establishes regional naming conventions.,True,True,False,701,"'Souvlaki' is the common term in Hellenic Macedonia and other regions of northern Greece, while in southern Greece around Athens it is commonly known as","[{""start"": 701, ""end"": 789, ""text"": ""'Souvlaki' is the common term in Hellenic Macedonia and other regions of northern Greece""}]",-0.0002810691087805628,-0.0024136279443022213
81,2,true,theme,topic,The passage establishes cultural context.,False,False,False,701,"'Souvlaki' is the common term in Hellenic Macedonia and other regions of northern Greece, while in southern Greece around Athens it is commonly known as","[{""start"": 586, ""end"": 641, ""text"": ""The word souvlaki is a diminutive of the Medieval Greek""}]",0.0001843064594638788,-0.0024136279443022213
81,3,false,entity,identity,"The article describes the Greek street food ""kalamaki"" (souvlaki).",False,False,False,701,"'Souvlaki' is the common term in Hellenic Macedonia and other regions of northern Greece, while in southern Greece around Athens it is commonly known as",[],-0.005248599583471791,-0.001735323354576379
81,4,true,theme,topic,The article covers the dish's definition.,False,False,False,701,"'Souvlaki' is the common term in Hellenic Macedonia and other regions of northern Greece, while in southern Greece around Athens it is commonly known as","[{""start"": 37, ""end"": 145, ""text"": ""is a popular Greek fast food consisting of small pieces of meat and sometimes vegetables grilled on a skewer""}]",0.0009634833358608264,-0.001735323354576379
81,5,true,theme,topic,The article covers the dish's preparation.,False,False,False,701,"'Souvlaki' is the common term in Hellenic Macedonia and other regions of northern Greece, while in southern Greece around Athens it is commonly known as","[{""start"": 208, ""end"": 275, ""text"": ""It can be served with pita bread, fried potatoes, lemon, and sauces""}]",-0.0016096789692192637,-0.001735323354576379
81,6,true,theme,topic,The article covers the dish's regional names.,True,True,False,701,"'Souvlaki' is the common term in Hellenic Macedonia and other regions of northern Greece, while in southern Greece around Athens it is commonly known as","[{""start"": 701, ""end"": 853, ""text"": ""'Souvlaki' is the common term in Hellenic Macedonia and other regions of northern Greece, while in southern Greece around Athens it is commonly known as""}]",-0.0014443367485815761,-0.001735323354576379
81,7,true,detail,local_text,"The final sentence introduces a regional naming variation, requiring the alternative Greek term.",True,True,False,701,"'Souvlaki' is the common term in Hellenic Macedonia and other regions of northern Greece, while in southern Greece around Athens it is commonly known as","[{""start"": 791, ""end"": 853, ""text"": ""while in southern Greece around Athens it is commonly known as""}]",0.002509440336814328,-0.001735323354576379
81,8,true,detail,final_word,"The final word is ""as"" (closing ""known as"").",True,True,True,701,"'Souvlaki' is the common term in Hellenic Macedonia and other regions of northern Greece, while in southern Greece around Athens it is commonly known as","[{""start"": 845, ""end"": 853, ""text"": ""known as""}]",0.0006919002532634888,0.0027387335030387705
81,9,false,detail,exact_words,"The clause reads ""In Athens and the rest of Greece, it is known as"" / ""the same dish is locally known as.""",False,True,False,701,"'Souvlaki' is the common term in Hellenic Macedonia and other regions of northern Greece, while in southern Greece around Athens it is commonly known as","[{""start"": 797, ""end"": 853, ""text"": ""in southern Greece around Athens it is commonly known as""}]",0.04060729992144496,0.0027387335030387705
81,11,false,entity,relationship,"""Kalamaki"" is the regional name for the dish in Thessaloniki.",False,True,False,701,"'Souvlaki' is the common term in Hellenic Macedonia and other regions of northern Greece, while in southern Greece around Athens it is commonly known as","[{""start"": 701, ""end"": 789, ""text"": ""'Souvlaki' is the common term in Hellenic Macedonia and other regions of northern Greece""}]",0.0005923215246672608,0.002625404131132103
82,0,true,theme,format,The passage is in Wikipedia article structure: encyclopedic prose with citations.,False,False,False,1614,"""It seems,"" she said","[{""start"": 1423, ""end"": 1613, ""text"": ""Biologist and author Ruth Patrick, describing a table of high-discharge rivers, wrote that data on discharge, drainage area, and length varied widely among authors whose works she consulted.""}]",0.004812758973536002,-0.000368111513649072
82,1,true,theme,topic,The passage covers geographic details.,False,False,False,1614,"""It seems,"" she said","[{""start"": 0, ""end"": 62, ""text"": ""Among the longest rivers of Canada are 47 streams of at least.""}]",-0.007614054990893515,-0.000368111513649072
82,2,false,theme,topic,The passage covers historical details.,False,False,False,1614,"""It seems,"" she said",[],-0.011773284091473102,-0.000368111513649072
82,3,false,theme,topic,The passage covers administrative details.,False,False,False,1614,"""It seems,"" she said",[],-0.007972258326942205,-0.000368111513649072
82,4,false,entity,identity,The passage gives details of a California road (the road's documentation).,False,False,False,1614,"""It seems,"" she said",[],-0.005626674626634298,-0.004398859103403374
82,5,true,theme,topic,There is narrative momentum toward completing a quoted reference.,True,True,False,1614,"""It seems,"" she said","[{""start"": 1614, ""end"": 1634, ""text"": ""\""It seems,\"" she said""}]",-0.010880548884820485,-0.0023315891578066794
82,6,false,entity,identity,A historian named Mary R. Dawson is being quoted.,False,False,False,1614,"""It seems,"" she said","[{""start"": 1423, ""end"": 1456, ""text"": ""Biologist and author Ruth Patrick""}]",-0.00668130561641378,0.008444222469748797
82,7,false,detail,date,This is a 1976 assessment (she wrote in 1976).,False,False,False,1614,"""It seems,"" she said",[],0.0031826910748218307,0.008444222469748797
82,9,true,detail,final_word,"The final word is ""said"".",True,True,True,1614,"""It seems,"" she said","[{""start"": 1630, ""end"": 1634, ""text"": ""said""}]",-0.013754194429620892,-0.009176340564894303
82,10,false,detail,exact_words,"She wrote that the records ""provide a useful basis for understanding the region's history.""",False,False,False,1614,"""It seems,"" she said","[{""start"": 1514, ""end"": 1612, ""text"": ""data on discharge, drainage area, and length varied widely among authors whose works she consulted""}]",0.01566696192955913,0.00590435198443412
83,0,true,theme,format,The passage is in Wikipedia biographical article structure.,False,False,False,803,An important avenue in Altamira (Caracas) bears the name Luis Roche in his honor,"[{""start"": 0, ""end"": 95, ""text"": ""Luis Roche was an important Venezuelan urbanist and was the Venezuelan ambassador to Argentina.""}]",0.007235219685097605,-0.0025118485918044775
83,1,true,theme,style,Each sentence adds a new factual detail.,False,False,False,803,An important avenue in Altamira (Caracas) bears the name Luis Roche in his honor,"[{""start"": 96, ""end"": 133, ""text"": ""He was also an amateur film director.""}]",0.026479158461253094,-0.0025118485918044775
83,2,false,entity,identity,The article is about Mexican politician José Guadalupe Posadas.,False,False,False,803,An important avenue in Altamira (Caracas) bears the name Luis Roche in his honor,"[{""start"": 0, ""end"": 95, ""text"": ""Luis Roche was an important Venezuelan urbanist and was the Venezuelan ambassador to Argentina.""}]",-0.02413723859034278,-0.04888390456006708
83,3,true,theme,style,The passage follows a consistent encyclopedic pattern.,False,False,False,803,An important avenue in Altamira (Caracas) bears the name Luis Roche in his honor,"[{""start"": 0, ""end"": 95, ""text"": ""Luis Roche was an important Venezuelan urbanist and was the Venezuelan ambassador to Argentina.""}]",-0.0008085291078929746,-0.0025118485918044775
83,4,true,theme,topic,The article covers the subject's life.,False,False,False,803,An important avenue in Altamira (Caracas) bears the name Luis Roche in his honor,"[{""start"": 633, ""end"": 732, ""text"": ""He married a Colombian / French lady by the name of Beatrice Dugand, with whom he had four children""}]",-0.010362203913470702,-0.051665796440171885
83,5,true,theme,topic,The article covers the subject's career.,False,False,False,803,An important avenue in Altamira (Caracas) bears the name Luis Roche in his honor,"[{""start"": 134, ""end"": 250, ""text"": ""In the 1930s, Roche advocated for the redesign of Caracas, to include developed corridors to a multi-purpose center.""}]",-0.0007960447337183041,-0.051665796440171885
83,6,true,theme,topic,The article covers the subject's legacy.,True,True,False,803,An important avenue in Altamira (Caracas) bears the name Luis Roche in his honor,"[{""start"": 803, ""end"": 883, ""text"": ""An important avenue in Altamira (Caracas) bears the name Luis Roche in his honor""}]",-0.014067417482700184,-0.051665796440171885
83,7,false,detail,attribute,The article covers the subject's death.,False,False,False,803,An important avenue in Altamira (Caracas) bears the name Luis Roche in his honor,[],-0.004777002904914174,-0.051665796440171885
83,8,true,detail,local_text,The final sentence introduces a commemorative detail (a street named after him).,True,True,False,803,An important avenue in Altamira (Caracas) bears the name Luis Roche in his honor,"[{""start"": 803, ""end"": 883, ""text"": ""An important avenue in Altamira (Caracas) bears the name Luis Roche in his honor""}]",0.0158899750380172,-0.051665796440171885
83,9,true,detail,attribute,This signals the article is near its conclusion.,True,True,False,803,An important avenue in Altamira (Caracas) bears the name Luis Roche in his honor,"[{""start"": 803, ""end"": 883, ""text"": ""An important avenue in Altamira (Caracas) bears the name Luis Roche in his honor""}]",0.017392292685991295,-0.051665796440171885
83,10,true,detail,final_word,"The final word is ""honor"".",True,True,True,803,An important avenue in Altamira (Caracas) bears the name Luis Roche in his honor,"[{""start"": 878, ""end"": 883, ""text"": ""honor""}]",-0.05913703613516458,-0.08300315108307199
83,11,false,entity,identity,"A street in Guadalajara is named ""Calle Posadas""/""Posadas"" after him.",False,True,False,803,An important avenue in Altamira (Caracas) bears the name Luis Roche in his honor,"[{""start"": 803, ""end"": 883, ""text"": ""An important avenue in Altamira (Caracas) bears the name Luis Roche in his honor""}]",-0.12109552819317848,-0.19845821487282317
83,13,false,entity,identity,He is also remembered for his contributions to the city of Guadalajara.,False,False,False,803,An important avenue in Altamira (Caracas) bears the name Luis Roche in his honor,[],-0.005864231530474884,0.01668128210438502
83,14,false,detail,attribute,He is considered one of the most important figures in the city's history.,False,False,False,803,An important avenue in Altamira (Caracas) bears the name Luis Roche in his honor,[],-0.007235539484899689,-0.010266941009305308
83,15,true,detail,exact_words,"The final sentence ends with the phrase ""in his honor.""",True,True,False,803,An important avenue in Altamira (Caracas) bears the name Luis Roche in his honor,"[{""start"": 871, ""end"": 883, ""text"": ""in his honor""}]",0.0778756964988907,-0.0031993638617296982
84,0,true,theme,format,The passage is in Wikipedia biographical article structure.,False,False,False,624,"A five-time Pro Bowl and four-time All-Pro selection, Allen tallied 136 quarterback sacks during his 12-year career","[{""start"": 0, ""end"": 95, ""text"": ""Jared Scot Allen (born April 3, 1982) is a former professional American football defensive end.""}]",-0.020175260352734314,0.002995555886425416
84,1,true,theme,style,The passage is a career summary following a standard NFL player template.,False,False,False,624,"A five-time Pro Bowl and four-time All-Pro selection, Allen tallied 136 quarterback sacks during his 12-year career","[{""start"": 96, ""end"": 195, ""text"": ""After playing college football for Idaho State University, he was drafted by the Kansas City Chiefs""}]",-0.01353027701474141,0.002995555886425416
84,2,true,theme,topic,The passage covers college.,False,False,False,624,"A five-time Pro Bowl and four-time All-Pro selection, Allen tallied 136 quarterback sacks during his 12-year career","[{""start"": 96, ""end"": 153, ""text"": ""After playing college football for Idaho State University""}]",-0.00571992530820431,0.002995555886425416
84,3,true,theme,topic,The passage covers the draft.,False,False,False,624,"A five-time Pro Bowl and four-time All-Pro selection, Allen tallied 136 quarterback sacks during his 12-year career","[{""start"": 155, ""end"": 275, ""text"": ""he was drafted by the Kansas City Chiefs of the National Football League (NFL) in the fourth round of the 2004 NFL Draft""}]",-0.0034594643420702287,0.002995555886425416
84,4,true,theme,topic,The passage covers teams.,False,False,False,624,"A five-time Pro Bowl and four-time All-Pro selection, Allen tallied 136 quarterback sacks during his 12-year career","[{""start"": 311, ""end"": 352, ""text"": ""Allen was traded to the Minnesota Vikings""}]",0.0032375828387025685,0.002995555886425416
84,5,true,theme,topic,The passage covers achievements.,True,True,False,624,"A five-time Pro Bowl and four-time All-Pro selection, Allen tallied 136 quarterback sacks during his 12-year career","[{""start"": 624, ""end"": 739, ""text"": ""A five-time Pro Bowl and four-time All-Pro selection, Allen tallied 136 quarterback sacks during his 12-year career""}]",-0.008785502499215614,0.002995555886425416
84,6,true,detail,local_text,"The sentence lists career accomplishments in sequence — Pro Bowls, All-Pro selections, Super Bowl appearances.",False,False,False,624,"A five-time Pro Bowl and four-time All-Pro selection, Allen tallied 136 quarterback sacks during his 12-year career","[{""start"": 573, ""end"": 676, ""text"": ""with whom he played in his only career Super Bowl. A five-time Pro Bowl and four-time All-Pro selection""}]",0.0008865871473082709,-0.004489172231518124
84,7,true,detail,local_text,This builds toward a concluding career statistic or summary statement.,True,True,False,624,"A five-time Pro Bowl and four-time All-Pro selection, Allen tallied 136 quarterback sacks during his 12-year career","[{""start"": 678, ""end"": 739, ""text"": ""Allen tallied 136 quarterback sacks during his 12-year career""}]",0.0023455620881234207,-0.004489172231518124
84,8,true,detail,final_word,"The final word is ""career"".",True,False,True,624,"A five-time Pro Bowl and four-time All-Pro selection, Allen tallied 136 quarterback sacks during his 12-year career","[{""start"": 605, ""end"": 611, ""text"": ""career""}]",-0.011983149213162014,-0.0015772029348071204
84,9,false,detail,quantity,He recorded 111 interceptions and 11 fumble recoveries over his 14-year career.,False,True,False,624,"A five-time Pro Bowl and four-time All-Pro selection, Allen tallied 136 quarterback sacks during his 12-year career","[{""start"": 678, ""end"": 739, ""text"": ""Allen tallied 136 quarterback sacks during his 12-year career""}]",0.1303827501556747,-0.0015772029348071204
85,0,true,theme,format,The passage is in Wikipedia article structure: encyclopedic prose.,False,False,False,896,Over the years the Irish experiment has attracted media and public interest in both Ireland and Australia,"[{""start"": 0, ""end"": 195, ""text"": ""The Irish Experiment is the popular name for the interest, primarily from VFL / AFL clubs, in bringing Irish Gaelic footballers over to Australia to play Australian rules football professionally.""}]",0.028169216573662892,-0.00832559722044679
85,1,true,theme,topic,The passage covers Australian rules football players.,False,False,False,896,Over the years the Irish experiment has attracted media and public interest in both Ireland and Australia,"[{""start"": 103, ""end"": 194, ""text"": ""Irish Gaelic footballers over to Australia to play Australian rules football professionally""}]",0.039795674170137296,-0.00832559722044679
85,2,false,entity,identity,This concerns the NFL.,False,False,False,896,Over the years the Irish experiment has attracted media and public interest in both Ireland and Australia,"[{""start"": 59, ""end"": 89, ""text"": ""primarily from VFL / AFL clubs""}]",0.007733828880471916,-0.00832559722044679
85,3,true,theme,style,"The passage has a consistent factual, neutral tone throughout.",False,False,False,896,Over the years the Irish experiment has attracted media and public interest in both Ireland and Australia,"[{""start"": 0, ""end"": 89, ""text"": ""The Irish Experiment is the popular name for the interest, primarily from VFL / AFL clubs""}]",-0.003719422830284924,-0.00832559722044679
85,4,true,theme,topic,The article covers history.,False,False,False,896,Over the years the Irish experiment has attracted media and public interest in both Ireland and Australia,"[{""start"": 281, ""end"": 379, ""text"": ""The Irish Experiment began in the mid-1980s as an informal project of the Melbourne Football Club.""}]",0.002680284650533604,0.0006217943268369552
85,5,true,theme,topic,The article covers key figures.,False,False,False,896,Over the years the Irish experiment has attracted media and public interest in both Ireland and Australia,"[{""start"": 689, ""end"": 725, ""text"": ""Jim Stynes, who was an early recruit""}]",-0.002088420339278696,0.0006217943268369552
85,6,true,theme,topic,The article covers media coverage.,True,True,False,896,Over the years the Irish experiment has attracted media and public interest in both Ireland and Australia,"[{""start"": 896, ""end"": 971, ""text"": ""Over the years the Irish experiment has attracted media and public interest""}]",0.005278870878828501,0.0006217943268369552
85,7,true,theme,topic,The article covers cultural impact.,False,False,False,896,Over the years the Irish experiment has attracted media and public interest in both Ireland and Australia,"[{""start"": 493, ""end"": 563, ""text"": ""currently increasing due to globalisation and professionalism in sport""}]",-0.008708612640579094,0.0006217943268369552
85,8,true,detail,local_text,The final sentence is wrapping up with broader significance and public interest.,True,True,False,896,Over the years the Irish experiment has attracted media and public interest in both Ireland and Australia,"[{""start"": 896, ""end"": 1001, ""text"": ""Over the years the Irish experiment has attracted media and public interest in both Ireland and Australia""}]",-0.008312313360596235,0.0006217943268369552
85,9,true,detail,final_word,"The final word is ""Australia"".",True,False,True,896,Over the years the Irish experiment has attracted media and public interest in both Ireland and Australia,"[{""start"": 136, ""end"": 145, ""text"": ""Australia""}]",0.024261277840009532,0.011103087829460345
85,10,false,entity,identity,The exchange of players has generated interest in both the United States and Australia.,False,True,False,896,Over the years the Irish experiment has attracted media and public interest in both Ireland and Australia,"[{""start"": 936, ""end"": 1001, ""text"": ""attracted media and public interest in both Ireland and Australia""}]",0.010841474131809359,0.011103087829460345
85,12,false,detail,attribute,"The exchange has generated interest in both countries, with several books and documentaries produced.",False,False,False,896,Over the years the Irish experiment has attracted media and public interest in both Ireland and Australia,[],-0.006265548995705084,-0.01785139969276006
85,13,false,detail,attribute,"The project has faced challenges, including visa issues.",False,False,False,896,Over the years the Irish experiment has attracted media and public interest in both Ireland and Australia,[],-0.021251103245959913,-0.02379274493643635
85,14,false,detail,attribute,There is difficulty adapting Australian rules football to American football.,False,False,False,896,Over the years the Irish experiment has attracted media and public interest in both Ireland and Australia,[],-0.03176584337260824,-0.02379274493643635
85,15,false,entity,identity,The exchange of players has generated public interest in both New Zealand and Australia.,False,True,False,896,Over the years the Irish experiment has attracted media and public interest in both Ireland and Australia,"[{""start"": 936, ""end"": 1001, ""text"": ""attracted media and public interest in both Ireland and Australia""}]",0.12623787772071848,-0.0007791898833371391
86,0,true,theme,format,The passage is a Wikipedia article.,False,False,False,894,"In the same reshuffle, finance minister Pravin Gordhan and his deputy, Mcebisi Jonas, were also replaced","[{""start"": 0, ""end"": 155, ""text"": ""Ngoako Ramatlhodi (born 21 August 1955), a senior member of the African National Congress, was South Africa's Minister of Public Service and Administration""}]",0.013801166357772066,0.0031457798780456514
86,1,false,entity,identity,The article is about Patrick Gorn's dismissal.,False,False,False,894,"In the same reshuffle, finance minister Pravin Gordhan and his deputy, Mcebisi Jonas, were also replaced","[{""start"": 0, ""end"": 39, ""text"": ""Ngoako Ramatlhodi (born 21 August 1955)""}]",0.01755916991869355,0.003525754989665897
86,2,true,theme,topic,This concerns the South African government.,False,False,False,894,"In the same reshuffle, finance minister Pravin Gordhan and his deputy, Mcebisi Jonas, were also replaced","[{""start"": 91, ""end"": 155, ""text"": ""was South Africa's Minister of Public Service and Administration""}]",0.003663670833378818,0.0031457798780456514
86,3,true,theme,topic,The article establishes a pattern of political removals under President Zuma.,False,False,False,894,"In the same reshuffle, finance minister Pravin Gordhan and his deputy, Mcebisi Jonas, were also replaced","[{""start"": 696, ""end"": 746, ""text"": ""He was axed in the cabinet reshuffle of March 2017""}]",0.005644311513692157,0.0031457798780456514
86,4,true,theme,topic,The article builds a list of related dismissals/replacements.,True,True,False,894,"In the same reshuffle, finance minister Pravin Gordhan and his deputy, Mcebisi Jonas, were also replaced","[{""start"": 917, ""end"": 998, ""text"": ""finance minister Pravin Gordhan and his deputy, Mcebisi Jonas, were also replaced""}]",0.0024211382442074214,4.430029932933621e-05
86,5,false,entity,identity,An anti-corruption official named Mthembu was dismissed/replaced with a loyalist.,False,False,False,894,"In the same reshuffle, finance minister Pravin Gordhan and his deputy, Mcebisi Jonas, were also replaced","[{""start"": 787, ""end"": 893, ""text"": ""His position was taken by a known Zuma ally, the then Free State economic development MEC Mosebenzi Zwane.""}]",0.006013006929891596,0.0007304035945664422
86,6,false,entity,identity,Finance Minister van der Merwe was also replaced.,False,True,False,894,"In the same reshuffle, finance minister Pravin Gordhan and his deputy, Mcebisi Jonas, were also replaced","[{""start"": 917, ""end"": 998, ""text"": ""finance minister Pravin Gordhan and his deputy, Mcebisi Jonas, were also replaced""}]",0.024323044081451695,0.09730548291548491
86,7,true,theme,topic,Each removal reinforces the political purge theme.,False,False,False,894,"In the same reshuffle, finance minister Pravin Gordhan and his deputy, Mcebisi Jonas, were also replaced","[{""start"": 696, ""end"": 786, ""text"": ""He was axed in the cabinet reshuffle of March 2017, allegedly without being given reasons.""}]",0.0020783499297640784,4.430029932933621e-05
86,8,true,detail,final_word,"The final word is ""replaced"".",True,True,True,894,"In the same reshuffle, finance minister Pravin Gordhan and his deputy, Mcebisi Jonas, were also replaced","[{""start"": 990, ""end"": 998, ""text"": ""replaced""}]",-0.0021514350363136536,-0.010135896984282522
86,9,false,detail,date,This happened in October 2017.,False,False,False,894,"In the same reshuffle, finance minister Pravin Gordhan and his deputy, Mcebisi Jonas, were also replaced","[{""start"": 169, ""end"": 179, ""text"": ""March 2017""}]",0.005451167082412445,-0.010135896984282522
86,10,true,detail,attribute,The finance minister was also replaced.,True,True,False,894,"In the same reshuffle, finance minister Pravin Gordhan and his deputy, Mcebisi Jonas, were also replaced","[{""start"": 917, ""end"": 998, ""text"": ""finance minister Pravin Gordhan and his deputy, Mcebisi Jonas, were also replaced""}]",0.0031570917036016777,-0.010135896984282522
86,12,false,entity,identity,There is an anti-corruption minister.,False,False,False,894,"In the same reshuffle, finance minister Pravin Gordhan and his deputy, Mcebisi Jonas, were also replaced",[],0.004495812347553918,0.07863084283603117
87,0,true,theme,format,The passage is a Wikipedia-style encyclopedia article.,False,False,False,2150,"The Independence Pass Foundation, based in Aspen, works to repair damage to the pass's environment caused by both roads since 1984","[{""start"": 0, ""end"": 140, ""text"": ""Independence Pass, originally known as Hunter Pass, is a high mountain pass in the Rocky Mountains of central Colorado in the United States.""}]",0.045083645521799,-0.0051975003357179195
87,1,false,entity,identity,The article is about Horseshoe Bend / the Friends of Horseshoe Bend organization.,False,True,False,2150,"The Independence Pass Foundation, based in Aspen, works to repair damage to the pass's environment caused by both roads since 1984","[{""start"": 2150, ""end"": 2248, ""text"": ""The Independence Pass Foundation, based in Aspen, works to repair damage to the pass's environment""}]",-0.1164257318253969,0.06493512163368009
87,2,true,theme,style,"The passage follows a consistent factual, declarative sentence structure throughout.",False,False,False,2150,"The Independence Pass Foundation, based in Aspen, works to repair damage to the pass's environment caused by both roads since 1984","[{""start"": 0, ""end"": 140, ""text"": ""Independence Pass, originally known as Hunter Pass, is a high mountain pass in the Rocky Mountains of central Colorado in the United States.""}]",0.015140977248824183,-0.0051975003357179195
87,3,true,theme,topic,The article covers geography.,False,False,False,2150,"The Independence Pass Foundation, based in Aspen, works to repair damage to the pass's environment caused by both roads since 1984","[{""start"": 141, ""end"": 207, ""text"": ""It is at elevation on the Continental Divide in the Sawatch Range.""}]",0.0008153288952352788,0.000463630714796881
87,4,true,theme,topic,The article covers history.,False,False,False,2150,"The Independence Pass Foundation, based in Aspen, works to repair damage to the pass's environment caused by both roads since 1984","[{""start"": 1482, ""end"": 1537, ""text"": ""its first recorded sighting was by Zebulon Pike in 1806""}]",0.0007347616786703703,0.000463630714796881
87,5,true,theme,topic,The article covers ecology.,False,False,False,2150,"The Independence Pass Foundation, based in Aspen, works to repair damage to the pass's environment caused by both roads since 1984","[{""start"": 899, ""end"": 970, ""text"": ""allows visitors to take in the alpine tundra environment above treeline""}]",-0.002772709832297493,0.000463630714796881
87,6,true,theme,topic,The article covers cultural significance.,False,False,False,2150,"The Independence Pass Foundation, based in Aspen, works to repair damage to the pass's environment caused by both roads since 1984","[{""start"": 1337, ""end"": 1412, ""text"": ""Since 2011 the pass has been on the route of the USA Pro Cycling Challenge.""}]",-4.270758032121069e-05,0.000463630714796881
87,7,true,theme,topic,The article concludes with conservation/management details.,True,True,False,2150,"The Independence Pass Foundation, based in Aspen, works to repair damage to the pass's environment caused by both roads since 1984","[{""start"": 2200, ""end"": 2280, ""text"": ""works to repair damage to the pass's environment caused by both roads since 1984""}]",-0.0117778020887076,0.000463630714796881
87,8,true,detail,final_word,"The final word is ""1984"".",True,True,True,2150,"The Independence Pass Foundation, based in Aspen, works to repair damage to the pass's environment caused by both roads since 1984","[{""start"": 2276, ""end"": 2280, ""text"": ""1984""}]",0.07222614421072698,0.061107080743304176
87,9,true,detail,date,The restoration/repair work has been ongoing since 1984.,True,True,False,2150,"The Independence Pass Foundation, based in Aspen, works to repair damage to the pass's environment caused by both roads since 1984","[{""start"": 2200, ""end"": 2280, ""text"": ""works to repair damage to the pass's environment caused by both roads since 1984""}]",0.873176563780587,0.21476261880472158
87,11,false,detail,attribute,The site is protected by a national park and state park.,False,False,False,2150,"The Independence Pass Foundation, based in Aspen, works to repair damage to the pass's environment caused by both roads since 1984",[],-0.007567137106989197,-0.012074986720154224
87,12,false,detail,attribute,The site is endangered by oil and gas drilling.,False,False,False,2150,"The Independence Pass Foundation, based in Aspen, works to repair damage to the pass's environment caused by both roads since 1984",[],-0.0033216717368620974,-0.012074986720154224
87,13,false,detail,attribute,The organization has worked to restore and protect the site from commercial exploitation.,False,False,False,2150,"The Independence Pass Foundation, based in Aspen, works to repair damage to the pass's environment caused by both roads since 1984",[],-0.023237276846242494,0.06218001455892397
88,0,true,theme,format,The passage is in a factual/encyclopedic register.,False,False,False,1334,"The Marine Band also travels across the country each October and November during its fall concert tour, a tradition that began in 1891 under its most famous director, composer John Philip Sousa","[{""start"": 0, ""end"": 84, ""text"": ""The United States Marine Band is the premier band of the United States Marine Corps.""}]",0.004728943938967944,-0.0015314530022447759
88,1,true,theme,topic,The passage describes the Marine Band's history.,False,False,False,1334,"The Marine Band also travels across the country each October and November during its fall concert tour, a tradition that began in 1891 under its most famous director, composer John Philip Sousa","[{""start"": 85, ""end"": 186, ""text"": ""Established by act of Congress on July 11, 1798, it is the oldest of the United States military bands""}]",0.008824047099232457,-0.0015314530022447759
88,2,true,theme,topic,The passage describes the Marine Band's duties.,False,False,False,1334,"The Marine Band also travels across the country each October and November during its fall concert tour, a tradition that began in 1891 under its most famous director, composer John Philip Sousa","[{""start"": 1159, ""end"": 1307, ""text"": ""the Marine Band performs in approximately 500 events every year including state funerals, state arrival ceremonies, state dinners, parades, concerts""}]",0.0051634597784125935,-0.0015314530022447759
88,3,true,theme,style,The passage has a consistent informational tone throughout.,False,False,False,1334,"The Marine Band also travels across the country each October and November during its fall concert tour, a tradition that began in 1891 under its most famous director, composer John Philip Sousa","[{""start"": 0, ""end"": 84, ""text"": ""The United States Marine Band is the premier band of the United States Marine Corps.""}]",0.0071435100408396845,-0.0015314530022447759
88,4,false,entity,identity,The sentence is mid-description of the Eisenhower Hall.,False,False,False,1334,"The Marine Band also travels across the country each October and November during its fall concert tour, a tradition that began in 1891 under its most famous director, composer John Philip Sousa",[],-0.040023585903310566,-0.004797801968854265
88,5,false,entity,relationship,The Eisenhower Hall is named after the 34th President.,False,False,False,1334,"The Marine Band also travels across the country each October and November during its fall concert tour, a tradition that began in 1891 under its most famous director, composer John Philip Sousa",[],-0.018748400995084347,0.002244362130969124
88,6,true,detail,final_word,"The final word is ""Sousa"".",True,True,True,1334,"The Marine Band also travels across the country each October and November during its fall concert tour, a tradition that began in 1891 under its most famous director, composer John Philip Sousa","[{""start"": 1522, ""end"": 1527, ""text"": ""Sousa""}]",0.003605280850400905,0.005243023507706113
88,7,true,entity,identity,"The final clause names composer and conductor John Philip Sousa, associated with this tradition by tenure.",True,True,False,1334,"The Marine Band also travels across the country each October and November during its fall concert tour, a tradition that began in 1891 under its most famous director, composer John Philip Sousa","[{""start"": 1438, ""end"": 1527, ""text"": ""a tradition that began in 1891 under its most famous director, composer John Philip Sousa""}]",0.016768922264154718,0.005243023507706113
88,9,false,detail,attribute,"The hall is also known as the ""Home of the President's Own.""",False,False,False,1334,"The Marine Band also travels across the country each October and November during its fall concert tour, a tradition that began in 1891 under its most famous director, composer John Philip Sousa","[{""start"": 542, ""end"": 617, ""text"": ""The Marine Band has been uniquely known as \""The President's Own\"" since 1801""}]",-0.002871228260555414,-0.01675955917549654
88,10,false,detail,attribute,The hall was built during the tenure of John Philip Sousa.,False,True,False,1334,"The Marine Band also travels across the country each October and November during its fall concert tour, a tradition that began in 1891 under its most famous director, composer John Philip Sousa","[{""start"": 1438, ""end"": 1527, ""text"": ""a tradition that began in 1891 under its most famous director, composer John Philip Sousa""}]",0.022027643745144765,-0.01675955917549654
89,0,true,theme,format,The passage is in historical encyclopedia/database entry style.,False,False,False,802,This remained a classic astrology textbook for two centuries,"[{""start"": 0, ""end"": 98, ""text"": ""Guido Bonatti (died between 1296 and 1300) was an Italian mathematician, astronomer and astrologer""}]",0.009869317544820455,-0.0008880877508730123
89,1,true,theme,topic,The passage presents biographical and contextual facts about medieval figures.,False,False,False,802,This remained a classic astrology textbook for two centuries,"[{""start"": 160, ""end"": 293, ""text"": ""Bonatti was advisor of Frederick II, Holy Roman Emperor, Ezzelino da Romano III, Guido Novello da Polenta and Guido I da Montefeltro.""}]",0.013758558221535822,-0.0008880877508730123
89,2,true,theme,style,The passage is in structured paragraphs.,False,False,False,802,This remained a classic astrology textbook for two centuries,"[{""start"": 0, ""end"": 98, ""text"": ""Guido Bonatti (died between 1296 and 1300) was an Italian mathematician, astronomer and astrologer""}]",0.010248811400759283,-0.0008880877508730123
89,3,true,theme,topic,The entry describes the manuscript's contents and significance.,False,False,False,802,This remained a classic astrology textbook for two centuries,"[{""start"": 710, ""end"": 801, ""text"": ""His most famous work was his Liber Astronomiae or 'Book of Astronomy', written around 1277.""}]",0.0026152134397103843,-0.0012389959628653635
89,4,true,theme,topic,The entry builds toward the treatise's lasting legacy.,True,True,False,802,This remained a classic astrology textbook for two centuries,"[{""start"": 802, ""end"": 862, ""text"": ""This remained a classic astrology textbook for two centuries""}]",0.018000763800940067,-0.0012389959628653635
89,5,false,detail,attribute,"The treatise is described as ""the most important medieval treatise on music theory.""",False,False,False,802,This remained a classic astrology textbook for two centuries,"[{""start"": 710, ""end"": 779, ""text"": ""His most famous work was his Liber Astronomiae or 'Book of Astronomy'""}]",-0.0033671777787001034,-0.0036503462692218935
89,6,true,detail,final_word,"The final word is ""centuries"".",True,True,True,802,This remained a classic astrology textbook for two centuries,"[{""start"": 853, ""end"": 862, ""text"": ""centuries""}]",0.005745959087163466,-0.005991897702271487
89,7,true,detail,attribute,It remained a standard textbook/reference for two centuries.,True,True,False,802,This remained a classic astrology textbook for two centuries,"[{""start"": 802, ""end"": 862, ""text"": ""This remained a classic astrology textbook for two centuries""}]",0.625979911551836,-0.008374669465457396
89,8,true,detail,local_text,The sentence is grammatically complete.,True,True,False,802,This remained a classic astrology textbook for two centuries,"[{""start"": 802, ""end"": 862, ""text"": ""This remained a classic astrology textbook for two centuries""}]",0.010213200042112347,-0.005991897702271487
89,10,false,entity,identity,"John of Garland, a 14th-century English cleric, wrote this influential treatise on music theory, the Ars Musica, in 1376.",False,False,False,802,This remained a classic astrology textbook for two centuries,"[{""start"": 710, ""end"": 801, ""text"": ""His most famous work was his Liber Astronomiae or 'Book of Astronomy', written around 1277.""}]",0.03240102209467155,0.00401015431507612
90,0,true,theme,format,The passage is in biographical Wikipedia article structure.,False,False,False,1310,Henri's son Louis later became Lieutenant General of the colony of New France in North America,"[{""start"": 0, ""end"": 104, ""text"": ""Henri de Buade de Frontenac (1596 – 1622) was a French aristocrat during the age of Louis XIII of France""}]",-0.006623277309359854,0.0014241911137501395
90,1,false,entity,identity,This is a detailed life narrative of Don Diego de Irázabal.,False,False,False,1310,Henri's son Louis later became Lieutenant General of the colony of New France in North America,"[{""start"": 0, ""end"": 65, ""text"": ""Henri de Buade de Frontenac (1596 – 1622) was a French aristocrat""}]",0.004819708476679341,0.0014241911137501395
90,2,false,entity,relationship,The article consistently references his son Alexander as the more famous descendant.,False,False,False,1310,Henri's son Louis later became Lieutenant General of the colony of New France in North America,"[{""start"": 106, ""end"": 220, ""text"": ""best known as the father of Louis de Buade de Frontenac, the future Lieutenant General of the colony of New France""}]",0.027054786017553734,0.001827579478761221
90,3,false,detail,attribute,The article covers Irish origins.,False,False,False,1310,Henri's son Louis later became Lieutenant General of the colony of New France in North America,"[{""start"": 331, ""end"": 383, ""text"": ""His father, from a family that originated in Guyenne""}]",0.0042447214316457815,0.001091392146752579
90,4,false,detail,attribute,The article covers a New Spain governorship.,False,False,False,1310,Henri's son Louis later became Lieutenant General of the colony of New France in North America,"[{""start"": 163, ""end"": 237, ""text"": ""the future Lieutenant General of the colony of New France in North America""}]",-0.0030229698504060654,0.001091392146752579
90,5,true,detail,local_text,"The passage reaches a concluding summary paragraph that mirrors the opening sentence's framing, directly echoing the opening about his son.",False,False,False,1310,Henri's son Louis later became Lieutenant General of the colony of New France in North America,"[{""start"": 106, ""end"": 237, ""text"": ""best known as the father of Louis de Buade de Frontenac, the future Lieutenant General of the colony of New France in North America""}, {""start"": 1310, ""end"": 1404, ""text"": ""Henri's son Louis later became Lieutenant General of the colony of New France in North America""}]",0.030754628171565934,0.009124184890130116
90,6,true,detail,final_word,"The final word is ""America"".",True,False,True,1310,Henri's son Louis later became Lieutenant General of the colony of New France in North America,"[{""start"": 230, ""end"": 237, ""text"": ""America""}]",0.016067867868375774,0.009900315358721712
90,7,true,detail,local_text,The final sentence closes by restating the son's legacy.,True,True,False,1310,Henri's son Louis later became Lieutenant General of the colony of New France in North America,"[{""start"": 1310, ""end"": 1404, ""text"": ""Henri's son Louis later became Lieutenant General of the colony of New France in North America""}]",0.0012930682926578507,0.009900315358721712
90,8,false,entity,identity,His son Alexander de Irázabal later became a prominent governor of New Spain in North America.,False,True,False,1310,Henri's son Louis later became Lieutenant General of the colony of New France in North America,"[{""start"": 1310, ""end"": 1404, ""text"": ""Henri's son Louis later became Lieutenant General of the colony of New France in North America""}]",0.41401571927442093,0.008555919835493309
90,10,false,detail,date,He died in 1660 in Spain.,False,False,False,1310,Henri's son Louis later became Lieutenant General of the colony of New France in North America,"[{""start"": 1178, ""end"": 1227, ""text"": ""He was killed in 1622 during a military campaign.""}]",0.0029231346388621793,0.0006244283672215412
91,0,true,theme,format,The passage is a historical encyclopedia/Wikipedia-style article.,False,False,False,1341,The four remaining buildings are being restored in a project to return the camp to its 1940s appearance,"[{""start"": 0, ""end"": 98, ""text"": ""The Tule Lake camp was a federal work facility and WRA isolation center located in Siskiyou County""}]",-0.004835701183469432,-0.005745774893713085
91,1,false,entity,identity,The article is about the 1965 Watts Riots and related events.,False,False,False,1341,The four remaining buildings are being restored in a project to return the camp to its 1940s appearance,"[{""start"": 0, ""end"": 98, ""text"": ""The Tule Lake camp was a federal work facility and WRA isolation center located in Siskiyou County""}]",0.012028363005142428,-0.006547471899541302
91,2,true,theme,style,"The passage establishes a factual, neutral tone throughout.",False,False,False,1341,The four remaining buildings are being restored in a project to return the camp to its 1940s appearance,"[{""start"": 0, ""end"": 98, ""text"": ""The Tule Lake camp was a federal work facility and WRA isolation center located in Siskiyou County""}]",0.004279670225247667,-0.005745774893713085
91,3,true,theme,topic,The passage describes a specific facility's current status and preservation efforts.,True,True,False,1341,The four remaining buildings are being restored in a project to return the camp to its 1940s appearance,"[{""start"": 1341, ""end"": 1444, ""text"": ""The four remaining buildings are being restored in a project to return the camp to its 1940s appearance""}]",0.0036254755549660622,-0.0015995378758683065
91,4,true,theme,topic,This builds toward a concluding detail about restoration or historical significance.,True,True,False,1341,The four remaining buildings are being restored in a project to return the camp to its 1940s appearance,"[{""start"": 1341, ""end"": 1444, ""text"": ""The four remaining buildings are being restored in a project to return the camp to its 1940s appearance""}]",0.0007780397171479603,-0.0015995378758683065
91,7,false,detail,local_text,The final phrase ends mid-thought.,False,True,False,1341,The four remaining buildings are being restored in a project to return the camp to its 1940s appearance,"[{""start"": 1341, ""end"": 1444, ""text"": ""The four remaining buildings are being restored in a project to return the camp to its 1940s appearance""}]",0.004368227501860944,0.012326303926209259
91,9,false,detail,attribute,The site is now a museum and research facility.,False,False,False,1341,The four remaining buildings are being restored in a project to return the camp to its 1940s appearance,[],-0.0012564763067315354,-0.0011031594704667969
91,10,true,detail,attribute,The building is being preserved as part of a project to restore the site.,True,True,False,1341,The four remaining buildings are being restored in a project to return the camp to its 1940s appearance,"[{""start"": 1341, ""end"": 1444, ""text"": ""The four remaining buildings are being restored in a project to return the camp to its 1940s appearance""}]",0.0033079015793169297,-0.0003697983018100537
91,11,false,detail,attribute,The old plant is being preserved and restored.,False,False,False,1341,The four remaining buildings are being restored in a project to return the camp to its 1940s appearance,[],-0.00471189047083298,-0.010679402775525593
92,0,true,theme,format,The passage is in Wikipedia article structure: encyclopedic prose.,False,False,False,676,The city administers the Păltiniș ski resort,"[{""start"": 0, ""end"": 98, ""text"": ""Sibiu (, antiquated Sibiiu;, Transylvanian Saxon: Härmeschtat,) is a city in Transylvania, Romania""}]",0.023690033466118643,0.004986384290721291
92,1,false,entity,identity,"The article is about Timișoara, Romania.",False,False,False,676,The city administers the Păltiniș ski resort,"[{""start"": 0, ""end"": 98, ""text"": ""Sibiu (, antiquated Sibiiu;, Transylvanian Saxon: Härmeschtat,) is a city in Transylvania, Romania""}]",0.00783537001953094,0.008822826646933568
92,2,true,theme,style,The passage follows standard city-article conventions.,False,False,False,676,The city administers the Păltiniș ski resort,"[{""start"": 0, ""end"": 129, ""text"": ""Sibiu (, antiquated Sibiiu;, Transylvanian Saxon: Härmeschtat,) is a city in Transylvania, Romania, with a population of 147,245.""}]",0.01901183452851185,0.004986384290721291
92,3,true,theme,topic,The passage covers geography.,False,False,False,676,The city administers the Păltiniș ski resort,"[{""start"": 130, ""end"": 233, ""text"": ""Located some north-west of Bucharest, the city straddles the Cibin River, a tributary of the river Olt.""}]",0.0016531501742219623,0.004986384290721291
92,4,true,theme,topic,The passage covers history.,False,False,False,676,The city administers the Păltiniș ski resort,"[{""start"": 267, ""end"": 360, ""text"": ""between 1692 and 1791 and 1849 – 65 Sibiu was the capital of the Principality of Transylvania""}]",0.0017240079837919087,0.004986384290721291
92,5,true,theme,topic,The passage covers administrative details.,False,False,False,676,The city administers the Păltiniș ski resort,"[{""start"": 234, ""end"": 265, ""text"": ""Now the capital of Sibiu County""}]",-0.0023904184689743646,0.007772114764148852
92,6,true,theme,topic,The text lists the city's roles.,False,False,False,676,The city administers the Păltiniș ski resort,"[{""start"": 429, ""end"": 493, ""text"": ""was designated the European Capital of Culture for the year 2007""}]",0.0007879231594669633,0.004143502132682664
92,7,true,theme,topic,The text lists the city's landmarks.,True,True,False,676,The city administers the Păltiniș ski resort,"[{""start"": 676, ""end"": 720, ""text"": ""The city administers the Păltiniș ski resort""}]",-0.006922840091357019,0.004143502132682664
92,9,true,detail,final_word,"The final word is ""resort"".",True,True,True,676,The city administers the Păltiniș ski resort,"[{""start"": 714, ""end"": 720, ""text"": ""resort""}]",-0.010421902376319792,-0.006168574258978654
92,10,false,entity,identity,The city administers the Cheile Turzii ski resort.,False,True,False,676,The city administers the Păltiniș ski resort,"[{""start"": 676, ""end"": 720, ""text"": ""The city administers the Păltiniș ski resort""}]",-1.5596403193929298e-05,-0.006168574258978654
92,11,false,detail,local_text,The final sentence ends as a fragment.,False,True,False,676,The city administers the Păltiniș ski resort,"[{""start"": 676, ""end"": 720, ""text"": ""The city administers the Păltiniș ski resort""}]",-0.00969010543980775,-0.006168574258978654
92,13,false,detail,attribute,The city is the sixth-largest city in Romania.,False,False,False,676,The city administers the Păltiniș ski resort,[],0.02070382464350662,0.0012166188607879436
92,14,false,entity,relationship,The city is the capital of Timiș County.,False,False,False,676,The city administers the Păltiniș ski resort,"[{""start"": 234, ""end"": 265, ""text"": ""Now the capital of Sibiu County""}]",0.010789485771739549,0.0012166188607879436
92,15,false,detail,attribute,"It is a major industrial, cultural, academic, and commercial centre.",False,False,False,676,The city administers the Păltiniș ski resort,"[{""start"": 362, ""end"": 424, ""text"": ""Sibiu is one of the most important cultural centres of Romania""}]",0.010945443249095077,0.008879811143666427
92,16,false,entity,identity,The city administers the Vârșeț ski resort.,False,True,False,676,The city administers the Păltiniș ski resort,"[{""start"": 676, ""end"": 720, ""text"": ""The city administers the Păltiniș ski resort""}]",0.15285971384431118,0.048844729424894706
93,0,true,theme,format,The passage is in biographical profile format.,False,False,False,816,He serves on the supervisory board of Naftogaz as well as the Board's of the Atlantic Council and U.S.-India Business Council,"[{""start"": 0, ""end"": 120, ""text"": ""Amos J. Hochstein (born January 4, 1973) is a U.S. businessman, former diplomat and national security and energy expert.""}]",-0.011153073103451372,-0.00579919255892114
93,1,false,theme,format,The passage is structured as bullet-point facts.,False,False,False,816,He serves on the supervisory board of Naftogaz as well as the Board's of the Atlantic Council and U.S.-India Business Council,"[{""start"": 0, ""end"": 120, ""text"": ""Amos J. Hochstein (born January 4, 1973) is a U.S. businessman, former diplomat and national security and energy expert.""}]",0.007578919180430743,-0.00579919255892114
93,2,false,theme,topic,The passage is about a political figure.,False,False,False,816,He serves on the supervisory board of Naftogaz as well as the Board's of the Atlantic Council and U.S.-India Business Council,"[{""start"": 41, ""end"": 119, ""text"": ""is a U.S. businessman, former diplomat and national security and energy expert""}]",0.008296155608690015,-0.00579919255892114
93,3,true,theme,style,Each sentence adds a new credential or role.,False,False,False,816,He serves on the supervisory board of Naftogaz as well as the Board's of the Atlantic Council and U.S.-India Business Council,"[{""start"": 298, ""end"": 358, ""text"": ""He was appointed Deputy Assistant Secretary of State in 2011""}]",0.007128877912030096,-0.00579919255892114
93,4,true,theme,topic,This is a continuation of a list of board memberships/roles.,True,True,False,816,He serves on the supervisory board of Naftogaz as well as the Board's of the Atlantic Council and U.S.-India Business Council,"[{""start"": 816, ""end"": 941, ""text"": ""He serves on the supervisory board of Naftogaz as well as the Board's of the Atlantic Council and U.S.-India Business Council""}]",-0.0001512980627857985,-0.0036010478433594617
93,5,false,detail,attribute,He is also on the board of the World Economic Forum.,False,False,False,816,He serves on the supervisory board of Naftogaz as well as the Board's of the Atlantic Council and U.S.-India Business Council,[],0.014241336988179532,-0.005687828857751098
93,6,false,detail,attribute,He serves on the board of American Red Cross.,False,False,False,816,He serves on the supervisory board of Naftogaz as well as the Board's of the Atlantic Council and U.S.-India Business Council,[],0.009527490802691885,-0.0036010478433594617
93,7,false,detail,attribute,He is a board member of Asia Society.,False,False,False,816,He serves on the supervisory board of Naftogaz as well as the Board's of the Atlantic Council and U.S.-India Business Council,[],0.051219588606304045,-0.0035252213268925914
93,8,true,entity,identity,He serves on the board of the US-India Business Council.,True,True,False,816,He serves on the supervisory board of Naftogaz as well as the Board's of the Atlantic Council and U.S.-India Business Council,"[{""start"": 914, ""end"": 941, ""text"": ""U.S.-India Business Council""}]",0.9039643036145808,-0.0035252213268925914
93,10,true,detail,final_word,"The final word is ""Council"".",True,True,True,816,He serves on the supervisory board of Naftogaz as well as the Board's of the Atlantic Council and U.S.-India Business Council,"[{""start"": 902, ""end"": 909, ""text"": ""Council""}]",-0.008225553111239403,-0.008514889041337348
93,11,false,detail,attribute,He is chair of the board of the Asia Society.,False,False,False,816,He serves on the supervisory board of Naftogaz as well as the Board's of the Atlantic Council and U.S.-India Business Council,[],0.0006983865691581048,-0.008514889041337348
93,12,false,entity,identity,He serves on the board of the US-China Business Council.,False,True,False,816,He serves on the supervisory board of Naftogaz as well as the Board's of the Atlantic Council and U.S.-India Business Council,"[{""start"": 914, ""end"": 941, ""text"": ""U.S.-India Business Council""}]",0.002254450156220278,-0.008514889041337348
93,14,false,detail,attribute,He also founded the Climate Change Commission.,False,False,False,816,He serves on the supervisory board of Naftogaz as well as the Board's of the Atlantic Council and U.S.-India Business Council,[],0.00567382621110013,-0.0014556802872776053
93,15,false,detail,attribute,He also serves on advisory boards for the International Finance Corporation.,False,False,False,816,He serves on the supervisory board of Naftogaz as well as the Board's of the Atlantic Council and U.S.-India Business Council,[],0.0003564900304556806,-0.001000122946347659
94,0,false,theme,format,The passage is a biographical article: a structured entertainment news piece.,False,False,False,1034,"The album was dedicated to Vogue Empower, a social awareness initiative that draws attention to women's empowerment","[{""start"": 0, ""end"": 123, ""text"": ""Raunaq: Conversation of Music and Poetry is a 2014 studio album composed by A. R. Rahman with lyrics penned by Kapil Sibal.""}]",-0.018473829035296263,0.004619732614951633
94,1,false,entity,identity,This is for Bollywood actor Vishnu Vishal.,False,False,False,1034,"The album was dedicated to Vogue Empower, a social awareness initiative that draws attention to women's empowerment","[{""start"": 0, ""end"": 88, ""text"": ""Raunaq: Conversation of Music and Poetry is a 2014 studio album composed by A. R. Rahman""}]",0.005272791614094774,0.004619732614951633
94,2,false,theme,topic,The passage details career milestones.,False,False,False,1034,"The album was dedicated to Vogue Empower, a social awareness initiative that draws attention to women's empowerment","[{""start"": 0, ""end"": 88, ""text"": ""Raunaq: Conversation of Music and Poetry is a 2014 studio album composed by A. R. Rahman""}]",0.0017890833237054204,0.004619732614951633
94,3,true,theme,topic,The passage details collaborations.,False,False,False,1034,"The album was dedicated to Vogue Empower, a social awareness initiative that draws attention to women's empowerment","[{""start"": 318, ""end"": 433, ""text"": ""The album was a result of Sibal's anthology of poems to which Rahman added visuals from Raja Ravi Varma's paintings""}]",-0.0001175531972684718,0.004619732614951633
94,4,false,theme,topic,The passage details film details.,False,False,False,1034,"The album was dedicated to Vogue Empower, a social awareness initiative that draws attention to women's empowerment",[],-0.0010799018760935253,0.004619732614951633
94,5,false,detail,attribute,The final sentence is about the film's social context.,False,True,False,1034,"The album was dedicated to Vogue Empower, a social awareness initiative that draws attention to women's empowerment","[{""start"": 1034, ""end"": 1149, ""text"": ""The album was dedicated to Vogue Empower, a social awareness initiative that draws attention to women's empowerment""}]",0.0048540705758380875,-0.003353962551775669
94,6,false,entity,identity,"The ""Women's Voice"" initiative has been introduced.",False,True,False,1034,"The album was dedicated to Vogue Empower, a social awareness initiative that draws attention to women's empowerment","[{""start"": 1034, ""end"": 1074, ""text"": ""The album was dedicated to Vogue Empower""}]",0.013245873078176262,0.003315496659177297
94,8,true,detail,final_word,"The final word is ""empowerment"".",True,True,True,1034,"The album was dedicated to Vogue Empower, a social awareness initiative that draws attention to women's empowerment","[{""start"": 1138, ""end"": 1149, ""text"": ""empowerment""}]",0.0016967665125797726,-0.0020908815250418877
94,9,true,detail,attribute,The initiative focuses on women's empowerment.,True,True,False,1034,"The album was dedicated to Vogue Empower, a social awareness initiative that draws attention to women's empowerment","[{""start"": 1076, ""end"": 1149, ""text"": ""a social awareness initiative that draws attention to women's empowerment""}]",1.0742600330884038,0.0009719308865941967
94,11,false,detail,attribute,The film is sponsored by UNICEF.,False,False,False,1034,"The album was dedicated to Vogue Empower, a social awareness initiative that draws attention to women's empowerment",[],0.0020870390464905464,-0.0011261468780573436
94,12,false,detail,local_text,The sentence ends mid-thought.,False,True,False,1034,"The album was dedicated to Vogue Empower, a social awareness initiative that draws attention to women's empowerment","[{""start"": 1034, ""end"": 1149, ""text"": ""The album was dedicated to Vogue Empower, a social awareness initiative that draws attention to women's empowerment""}]",-0.0009683192075092828,-0.0011438134876343709
95,0,true,theme,format,The passage is a Wikipedia biographical article.,False,False,False,384,"He is also known as the ""Baal HaTanya"" (Master of the Tanya), and by a variety of other names including ""Shneur Zalman Baruchovitch,"" Baruchovitch being the Russian patronymic from his father Baruch, by the acronym ""RaShaZ"" (), by the title ""Baal HaTanya ve-haShulchan Aruch'"" (Master of the Tanya and the Shulchan Aruch), as the ""Alter Rebbe"" (""Old Rebbe"" in Yiddish), ""Admor HaZaken"" (""Old Rebbe"" in Hebrew), ""Rabbenu HaZaken"", ""Rabbenu HaGadol"", ""our great rabbi"", the ""GRaZ"", and the","[{""start"": 0, ""end"": 63, ""text"": ""Shneur Zalman of Liady (, September 4, 1745 – December 15, 1812""}]",-0.030962144539941283,-0.008326485908324521
95,1,false,entity,identity,The article is about the Baal Shem Tov.,False,False,False,384,"He is also known as the ""Baal HaTanya"" (Master of the Tanya), and by a variety of other names including ""Shneur Zalman Baruchovitch,"" Baruchovitch being the Russian patronymic from his father Baruch, by the acronym ""RaShaZ"" (), by the title ""Baal HaTanya ve-haShulchan Aruch'"" (Master of the Tanya and the Shulchan Aruch), as the ""Alter Rebbe"" (""Old Rebbe"" in Yiddish), ""Admor HaZaken"" (""Old Rebbe"" in Hebrew), ""Rabbenu HaZaken"", ""Rabbenu HaGadol"", ""our great rabbi"", the ""GRaZ"", and the","[{""start"": 0, ""end"": 22, ""text"": ""Shneur Zalman of Liady""}]",0.049046771425726776,-0.0331145580424107
95,2,true,theme,style,The passage follows encyclopedic structure with consistent formal register throughout.,False,False,False,384,"He is also known as the ""Baal HaTanya"" (Master of the Tanya), and by a variety of other names including ""Shneur Zalman Baruchovitch,"" Baruchovitch being the Russian patronymic from his father Baruch, by the acronym ""RaShaZ"" (), by the title ""Baal HaTanya ve-haShulchan Aruch'"" (Master of the Tanya and the Shulchan Aruch), as the ""Alter Rebbe"" (""Old Rebbe"" in Yiddish), ""Admor HaZaken"" (""Old Rebbe"" in Hebrew), ""Rabbenu HaZaken"", ""Rabbenu HaGadol"", ""our great rabbi"", the ""GRaZ"", and the","[{""start"": 0, ""end"": 63, ""text"": ""Shneur Zalman of Liady (, September 4, 1745 – December 15, 1812""}]",0.013723669155588203,-0.008326485908324521
95,3,true,theme,topic,The passage lists multiple honorific titles used to refer to the subject.,True,True,False,384,"He is also known as the ""Baal HaTanya"" (Master of the Tanya), and by a variety of other names including ""Shneur Zalman Baruchovitch,"" Baruchovitch being the Russian patronymic from his father Baruch, by the acronym ""RaShaZ"" (), by the title ""Baal HaTanya ve-haShulchan Aruch'"" (Master of the Tanya and the Shulchan Aruch), as the ""Alter Rebbe"" (""Old Rebbe"" in Yiddish), ""Admor HaZaken"" (""Old Rebbe"" in Hebrew), ""Rabbenu HaZaken"", ""Rabbenu HaGadol"", ""our great rabbi"", the ""GRaZ"", and the","[{""start"": 384, ""end"": 477, ""text"": ""He is also known as the \""Baal HaTanya\"" (Master of the Tanya), and by a variety of other names""}]",0.02642196738595004,-0.0153581243649068
95,4,true,theme,topic,This establishes a clear enumeration pattern.,True,True,False,384,"He is also known as the ""Baal HaTanya"" (Master of the Tanya), and by a variety of other names including ""Shneur Zalman Baruchovitch,"" Baruchovitch being the Russian patronymic from his father Baruch, by the acronym ""RaShaZ"" (), by the title ""Baal HaTanya ve-haShulchan Aruch'"" (Master of the Tanya and the Shulchan Aruch), as the ""Alter Rebbe"" (""Old Rebbe"" in Yiddish), ""Admor HaZaken"" (""Old Rebbe"" in Hebrew), ""Rabbenu HaZaken"", ""Rabbenu HaGadol"", ""our great rabbi"", the ""GRaZ"", and the","[{""start"": 707, ""end"": 831, ""text"": ""as the \""Alter Rebbe\"" (\""Old Rebbe\"" in Yiddish), \""Admor HaZaken\"" (\""Old Rebbe\"" in Hebrew), \""Rabbenu HaZaken\"", \""Rabbenu HaGadol\""""}]",0.00019194046164350276,-0.0153581243649068
95,5,false,entity,identity,"The honorific list includes ""the Rebbe of Lubavitch, the Rebbe of the World, the Rebbe HaKadosh, the Maggid HaMelech, the Maggid HaKadosh, and the.""",False,True,False,384,"He is also known as the ""Baal HaTanya"" (Master of the Tanya), and by a variety of other names including ""Shneur Zalman Baruchovitch,"" Baruchovitch being the Russian patronymic from his father Baruch, by the acronym ""RaShaZ"" (), by the title ""Baal HaTanya ve-haShulchan Aruch'"" (Master of the Tanya and the Shulchan Aruch), as the ""Alter Rebbe"" (""Old Rebbe"" in Yiddish), ""Admor HaZaken"" (""Old Rebbe"" in Hebrew), ""Rabbenu HaZaken"", ""Rabbenu HaGadol"", ""our great rabbi"", the ""GRaZ"", and the","[{""start"": 707, ""end"": 871, ""text"": ""as the \""Alter Rebbe\"" (\""Old Rebbe\"" in Yiddish), \""Admor HaZaken\"" (\""Old Rebbe\"" in Hebrew), \""Rabbenu HaZaken\"", \""Rabbenu HaGadol\"", \""our great rabbi\"", the \""GRaZ\"", and the""}]",0.17507050006449099,-0.0153581243649068
95,6,true,detail,final_word,"The final word is ""the"".",True,True,True,384,"He is also known as the ""Baal HaTanya"" (Master of the Tanya), and by a variety of other names including ""Shneur Zalman Baruchovitch,"" Baruchovitch being the Russian patronymic from his father Baruch, by the acronym ""RaShaZ"" (), by the title ""Baal HaTanya ve-haShulchan Aruch'"" (Master of the Tanya and the Shulchan Aruch), as the ""Alter Rebbe"" (""Old Rebbe"" in Yiddish), ""Admor HaZaken"" (""Old Rebbe"" in Hebrew), ""Rabbenu HaZaken"", ""Rabbenu HaGadol"", ""our great rabbi"", the ""GRaZ"", and the","[{""start"": 852, ""end"": 871, ""text"": ""the \""GRaZ\"", and the""}]",0.004543748543387238,-0.03185265928957337
95,7,true,detail,local_text,The final word opens the last item in the honorific list.,True,True,False,384,"He is also known as the ""Baal HaTanya"" (Master of the Tanya), and by a variety of other names including ""Shneur Zalman Baruchovitch,"" Baruchovitch being the Russian patronymic from his father Baruch, by the acronym ""RaShaZ"" (), by the title ""Baal HaTanya ve-haShulchan Aruch'"" (Master of the Tanya and the Shulchan Aruch), as the ""Alter Rebbe"" (""Old Rebbe"" in Yiddish), ""Admor HaZaken"" (""Old Rebbe"" in Hebrew), ""Rabbenu HaZaken"", ""Rabbenu HaGadol"", ""our great rabbi"", the ""GRaZ"", and the","[{""start"": 852, ""end"": 871, ""text"": ""the \""GRaZ\"", and the""}]",0.02966119654624544,-0.03185265928957337
96,0,true,theme,format,The passage is in Wikipedia biographical article structure.,False,False,False,654,Pfeifer and his wife Julia have three children and four grandchildren,"[{""start"": 0, ""end"": 62, ""text"": ""Paul E. Pfeifer (born October 15, 1942) is an American jurist.""}]",-0.014639222116328954,-0.0012713406180991926
96,1,true,theme,style,Each sentence adds a new factual detail about the subject's life and career.,False,False,False,654,Pfeifer and his wife Julia have three children and four grandchildren,"[{""start"": 63, ""end"": 116, ""text"": ""He served in both houses of the Ohio General Assembly""}]",0.013381367449053161,-0.0012713406180991926
96,2,true,theme,style,The passage follows a consistent encyclopedic pattern.,False,False,False,654,Pfeifer and his wife Julia have three children and four grandchildren,"[{""start"": 0, ""end"": 62, ""text"": ""Paul E. Pfeifer (born October 15, 1942) is an American jurist.""}]",-0.003272838379170473,-0.0012713406180991926
96,3,true,theme,topic,The article covers career highlights.,False,False,False,654,Pfeifer and his wife Julia have three children and four grandchildren,"[{""start"": 162, ""end"": 229, ""text"": ""was most recently an Associate Justice of the Supreme Court of Ohio""}]",0.0015919562229783635,0.00025068234748615303
96,4,true,theme,topic,The article covers legal work.,False,False,False,654,Pfeifer and his wife Julia have three children and four grandchildren,"[{""start"": 529, ""end"": 580, ""text"": ""he also earned a law degree from the College of Law""}]",0.0013166179254497923,0.00025068234748615303
96,5,true,theme,topic,The article covers personal life.,False,False,False,654,Pfeifer and his wife Julia have three children and four grandchildren,"[{""start"": 268, ""end"": 319, ""text"": ""He grew up on his family's dairy farm near Bucyrus.""}]",-0.00247487886088249,0.00025068234748615303
96,6,true,theme,style,The article proceeds chronologically.,False,False,False,654,Pfeifer and his wife Julia have three children and four grandchildren,"[{""start"": 231, ""end"": 267, ""text"": ""Pfeifer was born in Bucyrus in 1942.""}]",-0.0018467943801731002,0.00025068234748615303
96,7,true,detail,local_text,"The final sentence shifts to family, suggesting the biography is near its end.",True,True,False,654,Pfeifer and his wife Julia have three children and four grandchildren,"[{""start"": 654, ""end"": 723, ""text"": ""Pfeifer and his wife Julia have three children and four grandchildren""}]",-0.002974620439406439,0.00025068234748615303
96,8,true,detail,final_word,"The final word is ""grandchildren"".",True,True,True,654,Pfeifer and his wife Julia have three children and four grandchildren,"[{""start"": 710, ""end"": 723, ""text"": ""grandchildren""}]",-0.0007200045955731982,-0.0015554429587597562
96,9,false,entity,identity,"The family described is ""she and her husband"" / ""she"".",False,True,False,654,Pfeifer and his wife Julia have three children and four grandchildren,"[{""start"": 654, ""end"": 723, ""text"": ""Pfeifer and his wife Julia have three children and four grandchildren""}]",0.007651086117088757,0.009770308758724866
96,10,true,detail,quantity,There are three children and four grandchildren.,True,True,False,654,Pfeifer and his wife Julia have three children and four grandchildren,"[{""start"": 686, ""end"": 723, ""text"": ""three children and four grandchildren""}]",1.0301082502572871,0.009770308758724866
96,12,false,detail,attribute,She has lived and worked in Texas her entire life.,False,False,False,654,Pfeifer and his wife Julia have three children and four grandchildren,"[{""start"": 268, ""end"": 319, ""text"": ""He grew up on his family's dairy farm near Bucyrus.""}]",-0.0002861881719159465,-0.002380852838691827
96,13,false,detail,local_text,"The sentence is grammatically incomplete, requiring a period or continuation.",False,True,False,654,Pfeifer and his wife Julia have three children and four grandchildren,"[{""start"": 654, ""end"": 723, ""text"": ""Pfeifer and his wife Julia have three children and four grandchildren""}]",0.0027681110011067434,-0.0030876769089934752
96,14,false,detail,attribute,She currently lives on her ranch.,False,False,False,654,Pfeifer and his wife Julia have three children and four grandchildren,"[{""start"": 582, ""end"": 653, ""text"": ""Pfeifer owns a cattle farm in Crawford County, near his childhood home.""}]",0.00020266943448465913,0.0004874550681572831
97,0,true,theme,format,The passage is in Wikipedia biographical article structure.,False,False,False,727,"His son, Ib Lanzky-Otto, is also a horn player","[{""start"": 0, ""end"": 86, ""text"": ""Wilhelm Lanzky-Otto (January 30, 1909 – April 13, 1991) was a Danish-born horn player.""}]",0.001585567285216749,0.0012938818077111724
97,1,false,entity,identity,The article is about Norwegian violinist Øyvind Østerud.,False,False,False,727,"His son, Ib Lanzky-Otto, is also a horn player","[{""start"": 0, ""end"": 86, ""text"": ""Wilhelm Lanzky-Otto (January 30, 1909 – April 13, 1991) was a Danish-born horn player.""}]",0.019272228763970167,0.0015783334629112522
97,2,true,theme,style,Each sentence adds a new factual detail.,False,False,False,727,"His son, Ib Lanzky-Otto, is also a horn player","[{""start"": 160, ""end"": 229, ""text"": ""He was educated in Copenhagen as a pianist, organist and horn player.""}]",0.006420166832659335,0.0012938818077111724
97,3,true,theme,style,The passage follows encyclopedic conventions.,False,False,False,727,"His son, Ib Lanzky-Otto, is also a horn player","[{""start"": 0, ""end"": 86, ""text"": ""Wilhelm Lanzky-Otto (January 30, 1909 – April 13, 1991) was a Danish-born horn player.""}]",0.0015948314105302952,0.0012938818077111724
97,4,true,theme,topic,The article covers career highlights.,False,False,False,727,"His son, Ib Lanzky-Otto, is also a horn player","[{""start"": 246, ""end"": 309, ""text"": ""he was principal horn in the Danish National Symphony Orchestra""}]",-0.0029283396062029787,-0.0006024638802116788
97,5,true,theme,topic,The article covers teaching roles.,False,False,False,727,"His son, Ib Lanzky-Otto, is also a horn player","[{""start"": 575, ""end"": 658, ""text"": ""He and Philip Farkas are compared often because of their great talent for teaching.""}]",0.0036788929184345953,-0.0006024638802116788
97,6,true,theme,topic,The article covers collaborations.,False,False,False,727,"His son, Ib Lanzky-Otto, is also a horn player","[{""start"": 454, ""end"": 518, ""text"": ""From 1932 till 1945 he was a member of Blæserkvintetten af 1932.""}]",-0.004026480288363277,-0.0006024638802116788
97,7,true,detail,local_text,"The final sentence introduces a personal/family detail, suggesting a concluding biographical note.",True,True,False,727,"His son, Ib Lanzky-Otto, is also a horn player","[{""start"": 727, ""end"": 773, ""text"": ""His son, Ib Lanzky-Otto, is also a horn player""}]",0.0005040462512904131,-0.0006024638802116788
97,8,true,detail,final_word,"The final word is ""player"".",True,False,True,727,"His son, Ib Lanzky-Otto, is also a horn player","[{""start"": 79, ""end"": 85, ""text"": ""player""}]",0.0006770588022025903,-0.0022168850063826184
97,9,false,detail,local_text,The sentence ends as an incomplete sentence.,False,True,False,727,"His son, Ib Lanzky-Otto, is also a horn player","[{""start"": 727, ""end"": 773, ""text"": ""His son, Ib Lanzky-Otto, is also a horn player""}]",0.0002467618181153375,-0.0022168850063826184
97,11,false,detail,attribute,He was a founding member of the Oslo Philharmonic Orchestra.,False,False,False,727,"His son, Ib Lanzky-Otto, is also a horn player",[],0.0009317587229998869,-0.0016890134885654273
97,12,false,detail,attribute,He taught many students.,False,False,False,727,"His son, Ib Lanzky-Otto, is also a horn player",[],0.005409044593485679,-0.0014356469849333697
97,13,true,detail,attribute,The final clause establishes the son shares the profession.,True,True,False,727,"His son, Ib Lanzky-Otto, is also a horn player","[{""start"": 727, ""end"": 773, ""text"": ""His son, Ib Lanzky-Otto, is also a horn player""}]",0.0060132570239612715,-0.001316993490662055
98,0,false,entity,identity,The passage is a biographical Wikipedia-style article about Mexican actor Jorge Negrete.,False,False,False,720,"He has been a faculty member of Tehran University's College of Architecture, where he also served as Dean of the College of Fine Arts (Beaux arts) of Tehran University for six years","[{""start"": 0, ""end"": 121, ""text"": ""Houshang Seyhoun, () (August 22, 1920 – May 26, 2014) was an Iranian architect, sculptor, painter, scholar and professor.""}]",-0.01476943234533179,0.007635521270190404
98,1,true,theme,topic,The passage establishes a pattern of listing career achievements and roles.,False,False,False,720,"He has been a faculty member of Tehran University's College of Architecture, where he also served as Dean of the College of Fine Arts (Beaux arts) of Tehran University for six years","[{""start"": 524, ""end"": 586, ""text"": ""Seyhoon became famous for his design work in the 1950s in Iran""}]",-0.00609410116765563,0.005057041107306759
98,2,true,theme,style,"The text follows a repetitive structure of accomplishments, each sentence adding another credential or fact.",False,False,False,720,"He has been a faculty member of Tehran University's College of Architecture, where he also served as Dean of the College of Fine Arts (Beaux arts) of Tehran University for six years","[{""start"": 122, ""end"": 200, ""text"": ""He studied fine arts at the École nationale supérieure des Beaux-Arts in Paris""}]",0.027934452828382028,0.002414113111243177
98,3,true,detail,final_word,"The final word is ""years"".",True,True,True,720,"He has been a faculty member of Tehran University's College of Architecture, where he also served as Dean of the College of Fine Arts (Beaux arts) of Tehran University for six years","[{""start"": 896, ""end"": 901, ""text"": ""years""}]",-0.006265376963720426,-0.008199830593728086
98,4,true,detail,attribute,He was dean of the School of Fine Arts for six years.,True,True,False,720,"He has been a faculty member of Tehran University's College of Architecture, where he also served as Dean of the College of Fine Arts (Beaux arts) of Tehran University for six years","[{""start"": 797, ""end"": 901, ""text"": ""where he also served as Dean of the College of Fine Arts (Beaux arts) of Tehran University for six years""}]",-0.001661890600067828,-0.008199830593728086
98,6,false,detail,attribute,He also served as a professor at the National School of Fine Arts.,False,True,False,720,"He has been a faculty member of Tehran University's College of Architecture, where he also served as Dean of the College of Fine Arts (Beaux arts) of Tehran University for six years","[{""start"": 720, ""end"": 795, ""text"": ""He has been a faculty member of Tehran University's College of Architecture""}]",0.031774830846072244,0.0019855083546453933
98,7,false,detail,attribute,He was dean of the School of Cinematography.,False,False,False,720,"He has been a faculty member of Tehran University's College of Architecture, where he also served as Dean of the College of Fine Arts (Beaux arts) of Tehran University for six years",[],0.012396197061770864,0.0019855083546453933
98,8,false,detail,attribute,He served as dean of the School of Cinematography at UCLA.,False,False,False,720,"He has been a faculty member of Tehran University's College of Architecture, where he also served as Dean of the College of Fine Arts (Beaux arts) of Tehran University for six years",[],0.011461736116923804,0.0019855083546453933
98,9,false,detail,local_text,This sentence ends mid-thought.,False,True,False,720,"He has been a faculty member of Tehran University's College of Architecture, where he also served as Dean of the College of Fine Arts (Beaux arts) of Tehran University for six years","[{""start"": 797, ""end"": 901, ""text"": ""where he also served as Dean of the College of Fine Arts (Beaux arts) of Tehran University for six years""}]",0.00604175963515674,-0.00010092951828144514
98,11,false,detail,local_text,The final clause is incomplete.,False,True,False,720,"He has been a faculty member of Tehran University's College of Architecture, where he also served as Dean of the College of Fine Arts (Beaux arts) of Tehran University for six years","[{""start"": 797, ""end"": 901, ""text"": ""where he also served as Dean of the College of Fine Arts (Beaux arts) of Tehran University for six years""}]",0.008256297563912884,-0.0014347815807917996
99,0,true,theme,format,The passage is a biographical Wikipedia-style article about a soap opera character.,False,False,False,871,The characters romance with Dom and struggle with anorexia has seen the character's storylines become iconic since her departure,"[{""start"": 0, ""end"": 98, ""text"": ""Delphine \""Delphi\"" Greenlaw is a fictional character on the New Zealand soap opera Shortland Street""}]",0.016315154320515557,0.0011013665407795248
99,1,true,theme,style,"The passage follows a consistent pattern of character history, casting, and legacy details.",False,False,False,871,The characters romance with Dom and struggle with anorexia has seen the character's storylines become iconic since her departure,"[{""start"": 100, ""end"": 157, ""text"": ""who was portrayed by Anna Hutchison between 2002 and 2004""}]",-0.0006221304891742552,0.0011013665407795248
99,3,true,theme,topic,The article covers casting.,False,False,False,871,The characters romance with Dom and struggle with anorexia has seen the character's storylines become iconic since her departure,"[{""start"": 100, ""end"": 157, ""text"": ""who was portrayed by Anna Hutchison between 2002 and 2004""}]",0.0031263111050233716,0.0067587860596909355
99,4,true,theme,topic,The article covers character introduction.,False,False,False,871,The characters romance with Dom and struggle with anorexia has seen the character's storylines become iconic since her departure,"[{""start"": 159, ""end"": 225, ""text"": ""The character arrived in early 2002 as the teenage sister of Geoff""}]",-0.0017281935225478273,0.0067587860596909355
99,5,true,theme,topic,The article covers storylines.,False,False,False,871,The characters romance with Dom and struggle with anorexia has seen the character's storylines become iconic since her departure,"[{""start"": 413, ""end"": 521, ""text"": ""The character participated in a hugely high profile storyline in 2003 where she fell for much older man, Dom""}]",-0.0023962972463729137,0.0067587860596909355
99,6,true,theme,topic,The article covers critical reception.,False,False,False,871,The characters romance with Dom and struggle with anorexia has seen the character's storylines become iconic since her departure,"[{""start"": 667, ""end"": 809, ""text"": ""Delphi was highly praised throughout her two-year run, with Hutchison receiving numerous award nominations and winning the \""Rising Star\"" prize""}]",0.001941608332032052,0.0067587860596909355
99,7,true,detail,local_text,"The final sentence is completing a legacy/impact statement, suggesting a concluding remark about lasting influence.",True,True,False,871,The characters romance with Dom and struggle with anorexia has seen the character's storylines become iconic since her departure,"[{""start"": 930, ""end"": 999, ""text"": ""has seen the character's storylines become iconic since her departure""}]",0.004394184244899124,0.0067587860596909355
99,8,true,detail,final_word,"The final word is ""departure"".",True,True,True,871,The characters romance with Dom and struggle with anorexia has seen the character's storylines become iconic since her departure,"[{""start"": 990, ""end"": 999, ""text"": ""departure""}]",0.04916526916817099,0.05842023631825777
99,11,false,detail,date,She departed the show in 2005.,False,False,False,871,The characters romance with Dom and struggle with anorexia has seen the character's storylines become iconic since her departure,"[{""start"": 568, ""end"": 598, ""text"": ""The character departed in 2004""}]",0.016784684743112566,-0.025331165744691297
99,12,false,detail,attribute,She departed after a short run.,False,False,False,871,The characters romance with Dom and struggle with anorexia has seen the character's storylines become iconic since her departure,"[{""start"": 667, ""end"": 720, ""text"": ""Delphi was highly praised throughout her two-year run""}]",0.0010528051092877355,-0.025331165744691297
99,13,true,detail,attribute,She was praised for her portrayal of the character and the storylines she was involved in.,False,False,False,871,The characters romance with Dom and struggle with anorexia has seen the character's storylines become iconic since her departure,"[{""start"": 667, ""end"": 809, ""text"": ""Delphi was highly praised throughout her two-year run, with Hutchison receiving numerous award nominations and winning the \""Rising Star\"" prize""}]",-0.008824438187842065,-0.025331165744691297
99,14,false,detail,local_text,The sentence ends mid-thought.,False,True,False,871,The characters romance with Dom and struggle with anorexia has seen the character's storylines become iconic since her departure,"[{""start"": 930, ""end"": 999, ""text"": ""has seen the character's storylines become iconic since her departure""}]",0.015503822785545518,-0.003762287607957937
