pilot_id,claim_id,truth,type,subtype,proposition,exclude_local_true,evidence_only_in_source_final_sentence,explicit_final_token_or_word,source_final_sentence_start,source_final_sentence,prefix_evidence_json,deletion_drop,paraphrase_drop,shared_automatic_local,text_review_local,exclude_local,locality_rationale,locality_review_flag,fve_z,fve_del,fve_heavy,P_heavy,sensitivity_exclude_local
0,0,true,theme,format,The passage is written in an encyclopedia/Wikipedia-style format.,False,False,False,909,This bird's numbers are declining in the eastern parts of its range due to habitat loss,"[{""start"": 0, ""end"": 76, ""text"": ""The vesper sparrow (Pooecetes gramineus) is a medium-sized American sparrow.""}]",0.0004616823558754,-0.0122598275040732,False,False,False,Retained: earlier/global/mixed content; no additional final-sentence/token locality identified.,False,0.7924283381750756,0.7919666558192002,0.8046881656791489,0.0127215098599486,False
0,1,true,theme,topic,The passage is a bird species article.,False,False,False,909,This bird's numbers are declining in the eastern parts of its range due to habitat loss,"[{""start"": 0, ""end"": 76, ""text"": ""The vesper sparrow (Pooecetes gramineus) is a medium-sized American sparrow.""}]",-0.0041703858603624,-0.0122598275040732,False,False,False,Retained: earlier/global/mixed content; no additional final-sentence/token locality identified.,False,0.7924283381750756,0.7965987240354381,0.8046881656791489,0.0080894416437108,False
0,2,true,theme,style,The passage follows a consistent pattern of factual declarative sentences.,False,False,False,909,This bird's numbers are declining in the eastern parts of its range due to habitat loss,"[{""start"": 0, ""end"": 76, ""text"": ""The vesper sparrow (Pooecetes gramineus) is a medium-sized American sparrow.""}]",0.00552519408389,-0.0122598275040732,False,False,False,Retained: earlier/global/mixed content; no additional final-sentence/token locality identified.,False,0.7924283381750756,0.7869031440911856,0.8046881656791489,0.0177850215879633,False
0,3,true,theme,topic,The passage covers taxonomy.,False,False,False,909,This bird's numbers are declining in the eastern parts of its range due to habitat loss,"[{""start"": 77, ""end"": 122, ""text"": ""It is the only member of the genus Pooecetes.""}]",-0.0022934407539221,-0.0122598275040732,False,False,False,Retained: earlier/global/mixed content; no additional final-sentence/token locality identified.,False,0.7924283381750756,0.7947217789289978,0.8046881656791489,0.0099663867501511,False
0,4,true,theme,topic,The passage covers appearance.,False,False,False,909,This bird's numbers are declining in the eastern parts of its range due to habitat loss,"[{""start"": 123, ""end"": 207, ""text"": ""Adults have light brown upperparts and light underparts, both with darker streaking.""}]",0.0030121289882169,-0.0122598275040732,False,False,False,Retained: earlier/global/mixed content; no additional final-sentence/token locality identified.,False,0.7924283381750756,0.7894162091868587,0.8046881656791489,0.0152719564922901,False
0,5,true,theme,topic,The passage covers behavior.,False,False,False,909,This bird's numbers are declining in the eastern parts of its range due to habitat loss,"[{""start"": 516, ""end"": 582, ""text"": ""These birds forage on the ground, mainly eating insects and seeds.""}]",0.0002973159171572,-0.0122598275040732,False,False,False,Retained: earlier/global/mixed content; no additional final-sentence/token locality identified.,False,0.7924283381750756,0.7921310222579184,0.8046881656791489,0.0125571434212304,False
0,6,true,theme,topic,The passage covers range.,False,False,False,909,This bird's numbers are declining in the eastern parts of its range due to habitat loss,"[{""start"": 306, ""end"": 379, ""text"": ""Their breeding habitat is open grassy areas across most of North America.""}]",-0.0034246747929598,-0.0122598275040732,False,False,False,Retained: earlier/global/mixed content; no additional final-sentence/token locality identified.,False,0.7924283381750756,0.7958530129680355,0.8046881656791489,0.0088351527111134,False
0,7,true,theme,topic,The passage covers size.,False,False,False,909,This bird's numbers are declining in the eastern parts of its range due to habitat loss,"[{""start"": 41, ""end"": 75, ""text"": ""is a medium-sized American sparrow""}]",-0.0007472654761981,-0.0027017707980904,False,False,False,Retained: earlier/global/mixed content; no additional final-sentence/token locality identified.,False,0.7924283381750756,0.7931756036512738,0.795130108973166,0.0019545053218922,False
0,8,true,theme,topic,The passage covers habitat.,False,False,False,909,This bird's numbers are declining in the eastern parts of its range due to habitat loss,"[{""start"": 306, ""end"": 379, ""text"": ""Their breeding habitat is open grassy areas across most of North America.""}]",0.0006302919703963,-0.0027017707980904,False,False,False,Retained: earlier/global/mixed content; no additional final-sentence/token locality identified.,False,0.7924283381750756,0.7917980462046793,0.795130108973166,0.0033320627684867,False
0,9,true,theme,topic,The passage covers diet.,False,False,False,909,This bird's numbers are declining in the eastern parts of its range due to habitat loss,"[{""start"": 550, ""end"": 581, ""text"": ""mainly eating insects and seeds""}]",0.0015899520978289,-0.0027017707980904,False,False,False,Retained: earlier/global/mixed content; no additional final-sentence/token locality identified.,False,0.7924283381750756,0.7908383860772467,0.795130108973166,0.0042917228959193,False
0,10,true,theme,topic,The passage covers breeding.,False,False,False,909,This bird's numbers are declining in the eastern parts of its range due to habitat loss,"[{""start"": 380, ""end"": 441, ""text"": ""The nest is an open cup on the ground under a clump of grass.""}]",0.0009441140856649,-0.0027017707980904,False,False,False,Retained: earlier/global/mixed content; no additional final-sentence/token locality identified.,False,0.7924283381750756,0.7914842240894107,0.795130108973166,0.0036458848837553,False
0,11,true,detail,local_text,The final sentence of the passage introduces conservation status.,True,True,False,909,This bird's numbers are declining in the eastern parts of its range due to habitat loss,"[{""start"": 909, ""end"": 996, ""text"": ""This bird's numbers are declining in the eastern parts of its range due to habitat loss""}]",0.0056910562332121,-0.0027017707980904,True,False,True,All nonempty cited evidence lies in the final source sentence; shared automatic exclusion.,False,0.7924283381750756,0.7867372819418634,0.795130108973166,0.0083928270313026,True
0,12,false,theme,genre,Introducing conservation status is a standard concluding element for such species entries.,False,False,False,909,This bird's numbers are declining in the eastern parts of its range due to habitat loss,[],0.0003550709498292,-0.0027017707980904,False,True,True,"Exclude: genre-convention claim specifically about the closing conservation-status sentence, not the article's overall genre.",True,0.7924283381750756,0.7920732672252464,0.795130108973166,0.0030568417479196,True
0,13,true,detail,final_token,The final word of the prefix is “loss”.,True,True,True,909,This bird's numbers are declining in the eastern parts of its range due to habitat loss,"[{""start"": 992, ""end"": 996, ""text"": ""loss""}]",-0.0075221650165084,-0.0123230298311296,True,False,True,"Explicit final-word/token claim, excluded regardless of truth.",False,0.7924283381750756,0.7999505031915841,0.8047513680062053,0.0048008648146211,True
0,14,true,detail,event,The final clause concerns population decline.,True,True,False,909,This bird's numbers are declining in the eastern parts of its range due to habitat loss,"[{""start"": 921, ""end"": 942, ""text"": ""numbers are declining""}]",0.0925220500971493,-0.0171694271694788,True,False,True,All nonempty cited evidence lies in the final source sentence; shared automatic exclusion.,False,0.7924283381750756,0.6999062880779263,0.8095977653445545,0.1096914772666282,True
0,15,false,detail,attribute,The population decline is specifically in the eastern US.,False,False,False,909,This bird's numbers are declining in the eastern parts of its range due to habitat loss,[],0.0322636026149592,-0.0206504067429931,False,True,True,"Text review: assertion refers to the final source sentence's event, entity, attribute, or syntax; excluded despite missing/earlier evidence.",False,0.7924283381750756,0.7601647355601164,0.8130787449180688,0.0529140093579523,True
0,16,true,detail,cause,Habitat loss caused the population decline.,True,True,False,909,This bird's numbers are declining in the eastern parts of its range due to habitat loss,"[{""start"": 977, ""end"": 996, ""text"": ""due to habitat loss""}]",1.0297820759200458,-0.0206504067429931,True,False,True,All nonempty cited evidence lies in the final source sentence; shared automatic exclusion.,False,0.7924283381750756,-0.2373537377449701,0.8130787449180688,1.050432482663039,True
0,18,true,detail,attribute,The described bird is medium-sized.,False,False,False,909,This bird's numbers are declining in the eastern parts of its range due to habitat loss,"[{""start"": 41, ""end"": 75, ""text"": ""is a medium-sized American sparrow""}]",-0.0032527249785042,0.004257039534623,False,False,False,Retained: earlier/global/mixed content; no additional final-sentence/token locality identified.,False,0.7924283381750756,0.7956810631535799,0.7881712986404525,-0.0075097645131273,False
0,19,true,detail,attribute,The described bird is ground-dwelling.,False,False,False,909,This bird's numbers are declining in the eastern parts of its range due to habitat loss,"[{""start"": 516, ""end"": 548, ""text"": ""These birds forage on the ground""}]",0.0003111493456579,0.004257039534623,False,False,False,Retained: earlier/global/mixed content; no additional final-sentence/token locality identified.,False,0.7924283381750756,0.7921171888294177,0.7881712986404525,-0.0039458901889651,False
0,20,false,entity,identity,The described bird is a sandpiper.,False,False,False,909,This bird's numbers are declining in the eastern parts of its range due to habitat loss,"[{""start"": 41, ""end"": 75, ""text"": ""is a medium-sized American sparrow""}]",0.0036632599177121,0.004257039534623,False,False,False,Retained: earlier/global/mixed content; no additional final-sentence/token locality identified.,False,0.7924283381750756,0.7887650782573635,0.7881712986404525,-0.0005937796169109,False
0,21,true,detail,attribute,The described bird is found in North America.,False,False,False,909,This bird's numbers are declining in the eastern parts of its range due to habitat loss,"[{""start"": 350, ""end"": 378, ""text"": ""across most of North America""}]",0.0017509409189144,0.004257039534623,False,False,False,Retained: earlier/global/mixed content; no additional final-sentence/token locality identified.,False,0.7924283381750756,0.7906773972561612,0.7881712986404525,-0.0025060986157086,False
0,22,true,detail,attribute,The bird nests on the ground in grasslands.,False,False,False,909,This bird's numbers are declining in the eastern parts of its range due to habitat loss,"[{""start"": 380, ""end"": 441, ""text"": ""The nest is an open cup on the ground under a clump of grass.""}]",0.0080249384104227,-0.0004048482846475,False,False,False,Retained: earlier/global/mixed content; no additional final-sentence/token locality identified.,False,0.7924283381750756,0.7844033997646529,0.7928331864597232,0.0084297866950703,False
0,23,false,detail,date,The bird breeds in spring and summer.,False,False,False,909,This bird's numbers are declining in the eastern parts of its range due to habitat loss,[],0.005737628056106,0.0041691444792728,False,False,False,Retained: earlier/global/mixed content; no additional final-sentence/token locality identified.,False,0.7924283381750756,0.7866907101189696,0.7882591936958028,0.0015684835768331,False
1,3,true,theme,topic,The passage covers the lake's geography.,False,False,False,871,"No motorized watercraft are allowed, and a catch and release policy is in place for bass species","[{""start"": 0, ""end"": 77, ""text"": ""Clark Lake is a lake located in Gogebic County in the U.S. state of Michigan.""}]",0.0169036095276262,0.0014577423761776,False,False,False,Retained: earlier/global/mixed content; no additional final-sentence/token locality identified.,False,0.8017477220911542,0.7848441125635279,0.8002899797149765,0.0154458671514485,False
1,4,true,theme,topic,The passage covers the lake's wildlife.,False,False,False,871,"No motorized watercraft are allowed, and a catch and release policy is in place for bass species","[{""start"": 507, ""end"": 657, ""text"": ""It is not uncommon to see nesting loons and eagles around the lake's islands, and black bear and wolves inhabit the old-growth forest around the lake.""}]",0.0157194627111556,0.0014577423761776,False,False,False,Retained: earlier/global/mixed content; no additional final-sentence/token locality identified.,False,0.8017477220911542,0.7860282593799985,0.8002899797149765,0.0142617203349779,False
1,5,false,theme,topic,The passage covers the lake's history.,False,False,False,871,"No motorized watercraft are allowed, and a catch and release policy is in place for bass species",[],0.0153855715333118,0.0014577423761776,False,False,False,Retained: earlier/global/mixed content; no additional final-sentence/token locality identified.,False,0.8017477220911542,0.7863621505578423,0.8002899797149765,0.0139278291571341,False
1,6,true,theme,topic,The passage covers recreational rules for the lake.,True,True,False,871,"No motorized watercraft are allowed, and a catch and release policy is in place for bass species","[{""start"": 871, ""end"": 967, ""text"": ""No motorized watercraft are allowed, and a catch and release policy is in place for bass species""}]",0.0175350517919791,0.0014577423761776,True,False,True,All nonempty cited evidence lies in the final source sentence; shared automatic exclusion.,False,0.8017477220911542,0.7842126702991751,0.8002899797149765,0.0160773094158014,True
1,7,true,detail,local_text,The final sentence of the passage completes a list of conservation regulations.,False,False,False,871,"No motorized watercraft are allowed, and a catch and release policy is in place for bass species","[{""start"": 721, ""end"": 967, ""text"": ""Like all lakes in Sylvania, Clark Lake has numerous special regulations designed to protect and ensure its wilderness quality for future generations. No motorized watercraft are allowed, and a catch and release policy is in place for bass species""}]",0.021712643072113,0.0014577423761776,False,True,True,Explicitly describes the final sentence completing a regulations list; evidence includes the preceding setup sentence.,False,0.8017477220911542,0.7800350790190411,0.8002899797149765,0.0202549006959353,True
1,8,true,detail,attribute,Fishing restrictions are the last item in the list of regulations.,True,True,False,871,"No motorized watercraft are allowed, and a catch and release policy is in place for bass species","[{""start"": 912, ""end"": 967, ""text"": ""a catch and release policy is in place for bass species""}]",0.0137548257183307,0.0014577423761776,True,False,True,All nonempty cited evidence lies in the final source sentence; shared automatic exclusion.,False,0.8017477220911542,0.7879928963728234,0.8002899797149765,0.012297083342153,True
1,9,true,detail,final_token,The final word of the prefix is “species”.,True,True,True,871,"No motorized watercraft are allowed, and a catch and release policy is in place for bass species","[{""start"": 960, ""end"": 967, ""text"": ""species""}]",0.0682362082147087,0.0297248898793129,True,False,True,"Explicit final-word/token claim, excluded regardless of truth.",False,0.8017477220911542,0.7335115138764454,0.7720228322118412,0.0385113183353957,True
1,10,true,detail,local_text,The final clause lists a conservation rule about catch-and-release for bass species.,True,True,False,871,"No motorized watercraft are allowed, and a catch and release policy is in place for bass species","[{""start"": 912, ""end"": 967, ""text"": ""a catch and release policy is in place for bass species""}]",0.0191112438129336,0.0183345759266205,True,False,True,All nonempty cited evidence lies in the final source sentence; shared automatic exclusion.,False,0.8017477220911542,0.7826364782782206,0.7834131461645336,0.000776667886313,True
1,11,true,detail,event,Catch-and-release is required/enforced for bass species.,True,True,False,871,"No motorized watercraft are allowed, and a catch and release policy is in place for bass species","[{""start"": 912, ""end"": 967, ""text"": ""a catch and release policy is in place for bass species""}]",0.3878827904982255,0.0019183861566101,True,False,True,All nonempty cited evidence lies in the final source sentence; shared automatic exclusion.,False,0.8017477220911542,0.4138649315929287,0.7998293359345441,0.3859644043416154,True
1,16,true,detail,attribute,Fishing is permitted at the lake.,True,True,False,871,"No motorized watercraft are allowed, and a catch and release policy is in place for bass species","[{""start"": 912, ""end"": 967, ""text"": ""a catch and release policy is in place for bass species""}]",0.0142474389631523,0.0019183861566101,True,False,True,All nonempty cited evidence lies in the final source sentence; shared automatic exclusion.,False,0.8017477220911542,0.7875002831280018,0.7998293359345441,0.0123290528065422,True
1,17,true,detail,attribute,The lake is a no-kill zone.,True,True,False,871,"No motorized watercraft are allowed, and a catch and release policy is in place for bass species","[{""start"": 912, ""end"": 967, ""text"": ""a catch and release policy is in place for bass species""}]",0.0198764852193297,0.0019183861566101,True,False,True,All nonempty cited evidence lies in the final source sentence; shared automatic exclusion.,False,0.8017477220911542,0.7818712368718245,0.7998293359345441,0.0179580990627196,True
1,18,false,detail,local_text,The final word ends mid-list.,False,False,False,871,"No motorized watercraft are allowed, and a catch and release policy is in place for bass species",[],0.0193956576189742,0.0050008954125104,False,True,True,"Text review: assertion refers to the final source sentence's event, entity, attribute, or syntax; excluded despite missing/earlier evidence.",False,0.8017477220911542,0.78235206447218,0.7967468266786437,0.0143947622064637,True
2,0,true,theme,format,The passage is a Wikipedia-style factual article.,False,False,False,667,"It is included in the Federal Aviation Administration (FAA) National Plan of Integrated Airport Systems for 2017 – 2021, in which it is categorized as a medium-hub primary commercial service facility","[{""start"": 0, ""end"": 162, ""text"": ""Kahului Airport is a regional airport in the state of Hawai'i, United States, located east of the Kahului CDP in Maui County on the island of Maui near Haleakala.""}]",0.0116786736445975,-0.0005658288401928,False,False,False,Retained: earlier/global/mixed content; no additional final-sentence/token locality identified.,False,0.6645408699551988,0.6528621963106013,0.6651066987953916,0.0122445024847903,False
2,1,true,theme,topic,The article is about a specific airport.,False,False,False,667,"It is included in the Federal Aviation Administration (FAA) National Plan of Integrated Airport Systems for 2017 – 2021, in which it is categorized as a medium-hub primary commercial service facility","[{""start"": 0, ""end"": 162, ""text"": ""Kahului Airport is a regional airport in the state of Hawai'i, United States, located east of the Kahului CDP in Maui County on the island of Maui near Haleakala.""}]",-0.0094886494292099,-0.0005658288401928,False,False,False,Retained: earlier/global/mixed content; no additional final-sentence/token locality identified.,False,0.6645408699551988,0.6740295193844087,0.6651066987953916,-0.008922820589017,False
2,2,true,theme,topic,The passage gives dense geographic statistics.,False,False,False,667,"It is included in the Federal Aviation Administration (FAA) National Plan of Integrated Airport Systems for 2017 – 2021, in which it is categorized as a medium-hub primary commercial service facility","[{""start"": 78, ""end"": 161, ""text"": ""located east of the Kahului CDP in Maui County on the island of Maui near Haleakala""}]",-0.0003658457176475,-0.0005658288401928,False,False,False,Retained: earlier/global/mixed content; no additional final-sentence/token locality identified.,False,0.6645408699551988,0.6649067156728463,0.6651066987953916,0.0001999831225453,False
2,3,true,theme,topic,The passage gives dense historical statistics.,False,False,False,667,"It is included in the Federal Aviation Administration (FAA) National Plan of Integrated Airport Systems for 2017 – 2021, in which it is categorized as a medium-hub primary commercial service facility","[{""start"": 163, ""end"": 213, ""text"": ""It has offered full airport operations since 1952.""}]",-0.0034511271355931,-0.0005658288401928,False,False,False,Retained: earlier/global/mixed content; no additional final-sentence/token locality identified.,False,0.6645408699551988,0.6679919970907919,0.6651066987953916,-0.0028852982954002,False
2,4,true,theme,topic,The passage gives dense operational statistics.,False,False,False,667,"It is included in the Federal Aviation Administration (FAA) National Plan of Integrated Airport Systems for 2017 – 2021, in which it is categorized as a medium-hub primary commercial service facility","[{""start"": 391, ""end"": 437, ""text"": ""ranking 13th in 2004 with 1,632,000 passengers""}]",0.0011832175196558,-0.0005658288401928,False,False,False,Retained: earlier/global/mixed content; no additional final-sentence/token locality identified.,False,0.6645408699551988,0.6633576524355429,0.6651066987953916,0.0017490463598487,False
2,5,true,theme,style,The sentence structure follows a consistent pattern of factual claims.,False,False,False,667,"It is included in the Federal Aviation Administration (FAA) National Plan of Integrated Airport Systems for 2017 – 2021, in which it is categorized as a medium-hub primary commercial service facility","[{""start"": 0, ""end"": 162, ""text"": ""Kahului Airport is a regional airport in the state of Hawai'i, United States, located east of the Kahului CDP in Maui County on the island of Maui near Haleakala.""}]",-0.002105101665759,0.0021156249778702,False,False,False,Retained: earlier/global/mixed content; no additional final-sentence/token locality identified.,False,0.6645408699551988,0.6666459716209578,0.6624252449773286,-0.0042207266436292,False
2,6,true,theme,topic,The passage covers the airport's status.,False,False,False,667,"It is included in the Federal Aviation Administration (FAA) National Plan of Integrated Airport Systems for 2017 – 2021, in which it is categorized as a medium-hub primary commercial service facility","[{""start"": 163, ""end"": 213, ""text"": ""It has offered full airport operations since 1952.""}]",-0.006894214378757,0.0021156249778702,False,False,False,Retained: earlier/global/mixed content; no additional final-sentence/token locality identified.,False,0.6645408699551988,0.6714350843339558,0.6624252449773286,-0.0090098393566272,False
2,7,false,theme,topic,The passage covers the airport's ownership.,False,False,False,667,"It is included in the Federal Aviation Administration (FAA) National Plan of Integrated Airport Systems for 2017 – 2021, in which it is categorized as a medium-hub primary commercial service facility",[],-0.0070882648134301,0.0021156249778702,False,False,False,Retained: earlier/global/mixed content; no additional final-sentence/token locality identified.,False,0.6645408699551988,0.671629134768629,0.6624252449773286,-0.0092038897913003,False
2,8,true,theme,topic,The passage covers the airport's regulatory classifications.,True,True,False,667,"It is included in the Federal Aviation Administration (FAA) National Plan of Integrated Airport Systems for 2017 – 2021, in which it is categorized as a medium-hub primary commercial service facility","[{""start"": 667, ""end"": 866, ""text"": ""It is included in the Federal Aviation Administration (FAA) National Plan of Integrated Airport Systems for 2017 – 2021, in which it is categorized as a medium-hub primary commercial service facility""}]",0.0001925678801516,0.0021156249778702,True,False,True,All nonempty cited evidence lies in the final source sentence; shared automatic exclusion.,False,0.6645408699551988,0.6643483020750471,0.6624252449773286,-0.0019230570977185,True
2,9,true,detail,local_text,The passage builds toward a concluding official designation.,True,True,False,667,"It is included in the Federal Aviation Administration (FAA) National Plan of Integrated Airport Systems for 2017 – 2021, in which it is categorized as a medium-hub primary commercial service facility","[{""start"": 788, ""end"": 866, ""text"": ""in which it is categorized as a medium-hub primary commercial service facility""}]",0.0022720249888658,0.0021156249778702,True,False,True,All nonempty cited evidence lies in the final source sentence; shared automatic exclusion.,False,0.6645408699551988,0.662268844966333,0.6624252449773286,0.0001564000109955,True
2,10,true,detail,final_token,The final word of the prefix is “facility”.,True,True,True,667,"It is included in the Federal Aviation Administration (FAA) National Plan of Integrated Airport Systems for 2017 – 2021, in which it is categorized as a medium-hub primary commercial service facility","[{""start"": 858, ""end"": 866, ""text"": ""facility""}]",-0.0238221049360835,-0.0036879534923667,True,False,True,"Explicit final-word/token claim, excluded regardless of truth.",False,0.6645408699551988,0.6883629748912823,0.6682288234475655,-0.0201341514437167,True
2,11,true,detail,local_text,The final clause is a long subordinate clause listing FAA classifications.,True,True,False,667,"It is included in the Federal Aviation Administration (FAA) National Plan of Integrated Airport Systems for 2017 – 2021, in which it is categorized as a medium-hub primary commercial service facility","[{""start"": 788, ""end"": 866, ""text"": ""in which it is categorized as a medium-hub primary commercial service facility""}]",-0.0077392014918004,-0.0036879534923667,True,False,True,All nonempty cited evidence lies in the final source sentence; shared automatic exclusion.,False,0.6645408699551988,0.6722800714469992,0.6682288234475655,-0.0040512479994336,True
2,12,true,detail,attribute,The airport is classified as a medium(-hub) primary commercial service facility.,True,True,False,667,"It is included in the Federal Aviation Administration (FAA) National Plan of Integrated Airport Systems for 2017 – 2021, in which it is categorized as a medium-hub primary commercial service facility","[{""start"": 803, ""end"": 866, ""text"": ""categorized as a medium-hub primary commercial service facility""}]",0.7280175884421725,0.0096881304474051,True,False,True,All nonempty cited evidence lies in the final source sentence; shared automatic exclusion.,False,0.6645408699551988,-0.0634767184869737,0.6548527395077937,0.7183294579947674,True
2,13,false,entity,identification,The classification is issued by the Transportation Statistics Administration.,False,True,False,667,"It is included in the Federal Aviation Administration (FAA) National Plan of Integrated Airport Systems for 2017 – 2021, in which it is categorized as a medium-hub primary commercial service facility","[{""start"": 685, ""end"": 770, ""text"": ""the Federal Aviation Administration (FAA) National Plan of Integrated Airport Systems""}]",-0.0016720970070909,-0.0036879534923667,True,True,True,All nonempty cited evidence lies in the final source sentence; shared automatic exclusion.,False,0.6645408699551988,0.6662129669622897,0.6682288234475655,0.0020158564852758,True
2,15,true,entity,identification,The airport is included in the FAA's National Plan of Integrated Airport(s) (Systems).,True,True,False,667,"It is included in the Federal Aviation Administration (FAA) National Plan of Integrated Airport Systems for 2017 – 2021, in which it is categorized as a medium-hub primary commercial service facility","[{""start"": 685, ""end"": 770, ""text"": ""the Federal Aviation Administration (FAA) National Plan of Integrated Airport Systems""}]",0.0074658613912573,0.0032801911622384,True,False,True,All nonempty cited evidence lies in the final source sentence; shared automatic exclusion.,False,0.6645408699551988,0.6570750085639414,0.6612606787929604,0.0041856702290189,True
2,16,false,detail,date,The airport is included in the 2021–2025 version of the plan.,False,True,False,667,"It is included in the Federal Aviation Administration (FAA) National Plan of Integrated Airport Systems for 2017 – 2021, in which it is categorized as a medium-hub primary commercial service facility","[{""start"": 771, ""end"": 786, ""text"": ""for 2017 – 2021""}]",0.0014295366631089,0.0032801911622384,True,True,True,All nonempty cited evidence lies in the final source sentence; shared automatic exclusion.,False,0.6645408699551988,0.6631113332920898,0.6612606787929604,-0.0018506544991294,True
2,17,false,detail,local_text,"The sentence ends mid-classification, incomplete.",False,False,False,667,"It is included in the Federal Aviation Administration (FAA) National Plan of Integrated Airport Systems for 2017 – 2021, in which it is categorized as a medium-hub primary commercial service facility",[],7.551580627784826e-05,0.0088036437091706,False,True,True,"Text review: assertion refers to the final source sentence's event, entity, attribute, or syntax; excluded despite missing/earlier evidence.",False,0.6645408699551988,0.6644653541489209,0.6557372262460281,-0.0087281279028927,True
3,0,true,theme,format,The passage is a biographical Wikipedia article.,False,False,False,609,After retirement he worked as a gymnastics coach at the same club,"[{""start"": 0, ""end"": 64, ""text"": ""Wolfgang Thüne (born 8 October 1949) is a German former gymnast.""}]",0.003416445619225,-0.0032111083092827,False,False,False,Retained: earlier/global/mixed content; no additional final-sentence/token locality identified.,False,0.7049232745066374,0.7015068288874123,0.7081343828159201,0.0066275539285077,False
3,1,true,theme,style,The passage follows a consistent chronological life narrative structure.,False,False,False,609,After retirement he worked as a gymnastics coach at the same club,"[{""start"": 65, ""end"": 104, ""text"": ""He competed at the 1972 Summer Olympics""}]",-0.0055207439817634,-0.0032111083092827,False,False,False,Retained: earlier/global/mixed content; no additional final-sentence/token locality identified.,False,0.7049232745066374,0.7104440184884009,0.7081343828159201,-0.0023096356724807,False
3,2,true,theme,topic,The passage covers career milestones and achievements.,False,False,False,609,After retirement he worked as a gymnastics coach at the same club,"[{""start"": 65, ""end"": 188, ""text"": ""He competed at the 1972 Summer Olympics in all artistic gymnastics events and won a bronze medal with the East German team.""}]",0.0015810623133004,-0.0032111083092827,False,False,False,Retained: earlier/global/mixed content; no additional final-sentence/token locality identified.,False,0.7049232745066374,0.7033422121933369,0.7081343828159201,0.0047921706225831,False
3,3,true,entity,identification,The subject is German.,False,False,False,609,After retirement he worked as a gymnastics coach at the same club,"[{""start"": 37, ""end"": 63, ""text"": ""is a German former gymnast""}]",0.0026445905804346,-0.0032111083092827,False,False,False,Retained: earlier/global/mixed content; no additional final-sentence/token locality identified.,False,0.7049232745066374,0.7022786839262027,0.7081343828159201,0.0058556988897173,False
3,4,false,entity,identity,The subject is a swimmer.,False,False,False,609,After retirement he worked as a gymnastics coach at the same club,"[{""start"": 37, ""end"": 63, ""text"": ""is a German former gymnast""}]",0.0344861757986363,-0.002242533732824,False,False,False,Retained: earlier/global/mixed content; no additional final-sentence/token locality identified.,False,0.7049232745066374,0.6704370987080011,0.7071658082394614,0.0367287095314603,False
3,5,false,entity,identity,The subject's name is Klaus Zehnder.,False,False,False,609,After retirement he worked as a gymnastics coach at the same club,"[{""start"": 0, ""end"": 36, ""text"": ""Wolfgang Thüne (born 8 October 1949)""}]",0.0008672766916785,-0.002242533732824,False,False,False,Retained: earlier/global/mixed content; no additional final-sentence/token locality identified.,False,0.7049232745066374,0.7040559978149589,0.7071658082394614,0.0031098104245025,False
3,6,true,theme,topic,The article covers Olympic medals.,False,False,False,609,After retirement he worked as a gymnastics coach at the same club,"[{""start"": 143, ""end"": 187, ""text"": ""won a bronze medal with the East German team""}]",0.0055869413304303,0.0006727905227406,False,False,False,Retained: earlier/global/mixed content; no additional final-sentence/token locality identified.,False,0.7049232745066374,0.699336333176207,0.7042504839838968,0.0049141508076897,False
3,7,true,theme,topic,The article covers post-retirement life.,True,True,False,609,After retirement he worked as a gymnastics coach at the same club,"[{""start"": 609, ""end"": 674, ""text"": ""After retirement he worked as a gymnastics coach at the same club""}]",-0.0030322020995463,0.0006727905227406,True,False,True,All nonempty cited evidence lies in the final source sentence; shared automatic exclusion.,False,0.7049232745066374,0.7079554766061837,0.7042504839838968,-0.0037049926222869,True
3,8,true,detail,local_text,The article concludes with his later coaching role at a club.,True,True,False,609,After retirement he worked as a gymnastics coach at the same club,"[{""start"": 609, ""end"": 674, ""text"": ""After retirement he worked as a gymnastics coach at the same club""}]",-0.0052090615931674,0.0006727905227406,True,False,True,All nonempty cited evidence lies in the final source sentence; shared automatic exclusion.,False,0.7049232745066374,0.7101323360998049,0.7042504839838968,-0.005881852115908,True
3,10,true,detail,attribute,The coaching club is the same club mentioned earlier in the article.,False,False,False,609,After retirement he worked as a gymnastics coach at the same club,"[{""start"": 576, ""end"": 674, ""text"": ""competing for TuS 04 Leverkusen. After retirement he worked as a gymnastics coach at the same club""}]",0.0071001684051976,0.0006727905227406,False,True,True,"Describes the final sentence's same-club reference, even though resolving it cites the preceding club mention.",False,0.7049232745066374,0.6978231061014397,0.7042504839838968,0.006427377882457,True
3,11,true,detail,final_token,The final word of the prefix is “club”.,True,True,True,609,After retirement he worked as a gymnastics coach at the same club,"[{""start"": 670, ""end"": 674, ""text"": ""club""}]",0.0026095678596637,-0.0015104859686907,True,False,True,"Explicit final-word/token claim, excluded regardless of truth.",False,0.7049232745066374,0.7023137066469737,0.7064337604753281,0.0041200538283544,True
3,12,false,detail,local_text,The final sentence ends as a fragment/is incomplete.,False,False,False,609,After retirement he worked as a gymnastics coach at the same club,[],0.0018675747234554,-0.008073828704911,False,True,True,"Text review: assertion refers to the final source sentence's event, entity, attribute, or syntax; excluded despite missing/earlier evidence.",False,0.7049232745066374,0.7030556997831819,0.7129971032115484,0.0099414034283664,True
3,13,true,detail,event,After retirement he worked as a coach at the same club.,True,True,False,609,After retirement he worked as a gymnastics coach at the same club,"[{""start"": 609, ""end"": 674, ""text"": ""After retirement he worked as a gymnastics coach at the same club""}]",0.5516209794167182,0.0306079419224692,True,False,True,All nonempty cited evidence lies in the final source sentence; shared automatic exclusion.,False,0.7049232745066374,0.1533022950899192,0.6743153325841681,0.5210130374942489,True
3,14,false,detail,attribute,The club is located in Cologne.,False,False,False,609,After retirement he worked as a gymnastics coach at the same club,[],-0.004183839718872,-0.0026959918069915,False,True,True,"Text review: assertion refers to the final source sentence's event, entity, attribute, or syntax; excluded despite missing/earlier evidence.",False,0.7049232745066374,0.7091071142255094,0.7076192663136289,-0.0014878479118805,True
4,0,true,theme,genre,The passage is a film review with historical context.,False,False,False,783,"This may have contributed to its poor reception, although the film's negative reviews (often alluded in jokes mentioning the production) might have also impacted it, as the classic Rodgers and Hammerstein musical Carousel, also dealing with the afterlife, opened on Broadway at roughly the same time and became a hit","[{""start"": 109, ""end"": 190, ""text"": ""Its biggest claim to fame, apart from its star, is its failure at the box office.""}]",-0.0002490685767166,0.0015145838789623,False,False,False,Retained: earlier/global/mixed content; no additional final-sentence/token locality identified.,False,0.799284209901889,0.7995332784786057,0.7977696260229267,-0.0017636524556789,False
4,1,true,theme,topic,The passage details production background.,False,False,False,783,"This may have contributed to its poor reception, although the film's negative reviews (often alluded in jokes mentioning the production) might have also impacted it, as the classic Rodgers and Hammerstein musical Carousel, also dealing with the afterlife, opened on Broadway at roughly the same time and became a hit","[{""start"": 34, ""end"": 107, ""text"": ""is a comedy fantasy film directed by Raoul Walsh, and starring Jack Benny""}]",0.0014526428125225,0.0015145838789623,False,False,False,Retained: earlier/global/mixed content; no additional final-sentence/token locality identified.,False,0.799284209901889,0.7978315670893664,0.7977696260229267,-6.194106643975239e-05,False
4,2,true,theme,topic,The passage details the film's reception.,False,False,False,783,"This may have contributed to its poor reception, although the film's negative reviews (often alluded in jokes mentioning the production) might have also impacted it, as the classic Rodgers and Hammerstein musical Carousel, also dealing with the afterlife, opened on Broadway at roughly the same time and became a hit","[{""start"": 109, ""end"": 190, ""text"": ""Its biggest claim to fame, apart from its star, is its failure at the box office.""}]",-0.0001609416921356,0.0015145838789623,False,False,False,Retained: earlier/global/mixed content; no additional final-sentence/token locality identified.,False,0.799284209901889,0.7994451515940246,0.7977696260229267,-0.0016755255710979,False
4,3,false,entity,identity,"The film discussed is titled ""The Hunchback of Notre Dame.""",False,False,False,783,"This may have contributed to its poor reception, although the film's negative reviews (often alluded in jokes mentioning the production) might have also impacted it, as the classic Rodgers and Hammerstein musical Carousel, also dealing with the afterlife, opened on Broadway at roughly the same time and became a hit","[{""start"": 0, ""end"": 33, ""text"": ""The Horn Blows at Midnight (1945)""}]",-0.0010343830318149,0.0015145838789623,False,False,False,Retained: earlier/global/mixed content; no additional final-sentence/token locality identified.,False,0.799284209901889,0.8003185929337039,0.7977696260229267,-0.0025489669107772,False
4,4,false,detail,date,The film discussed is from 1916.,False,False,False,783,"This may have contributed to its poor reception, although the film's negative reviews (often alluded in jokes mentioning the production) might have also impacted it, as the classic Rodgers and Hammerstein musical Carousel, also dealing with the afterlife, opened on Broadway at roughly the same time and became a hit","[{""start"": 0, ""end"": 33, ""text"": ""The Horn Blows at Midnight (1945)""}]",-0.0018268236021796,0.0015145838789623,False,False,False,Retained: earlier/global/mixed content; no additional final-sentence/token locality identified.,False,0.799284209901889,0.8011110335040686,0.7977696260229267,-0.0033414074811419,False
4,5,false,detail,attribute,The film discussed is a silent film.,False,False,False,783,"This may have contributed to its poor reception, although the film's negative reviews (often alluded in jokes mentioning the production) might have also impacted it, as the classic Rodgers and Hammerstein musical Carousel, also dealing with the afterlife, opened on Broadway at roughly the same time and became a hit",[],-0.0001871784859061,0.0015145838789623,False,False,False,Retained: earlier/global/mixed content; no additional final-sentence/token locality identified.,False,0.799284209901889,0.7994713883877951,0.7977696260229267,-0.0017017623648684,False
4,6,true,theme,style,The passage builds narrative momentum toward a conclusion.,True,True,False,783,"This may have contributed to its poor reception, although the film's negative reviews (often alluded in jokes mentioning the production) might have also impacted it, as the classic Rodgers and Hammerstein musical Carousel, also dealing with the afterlife, opened on Broadway at roughly the same time and became a hit","[{""start"": 783, ""end"": 830, ""text"": ""This may have contributed to its poor reception""}]",0.0020927562538397,0.0003508213225592,True,False,True,All nonempty cited evidence lies in the final source sentence; shared automatic exclusion.,False,0.799284209901889,0.7971914536480492,0.7989333885793297,0.0017419349312804,True
4,7,true,detail,local_text,The review has traced the film's troubled reception.,False,False,False,783,"This may have contributed to its poor reception, although the film's negative reviews (often alluded in jokes mentioning the production) might have also impacted it, as the classic Rodgers and Hammerstein musical Carousel, also dealing with the afterlife, opened on Broadway at roughly the same time and became a hit","[{""start"": 109, ""end"": 190, ""text"": ""Its biggest claim to fame, apart from its star, is its failure at the box office.""}]",-0.0016461897091408,0.0003508213225592,False,False,False,Retained: earlier/global/mixed content; no additional final-sentence/token locality identified.,False,0.799284209901889,0.8009303996110299,0.7989333885793297,-0.0019970110317001,False
4,8,true,detail,local_text,The review is now explaining the broader cultural context of why the film failed.,False,False,False,783,"This may have contributed to its poor reception, although the film's negative reviews (often alluded in jokes mentioning the production) might have also impacted it, as the classic Rodgers and Hammerstein musical Carousel, also dealing with the afterlife, opened on Broadway at roughly the same time and became a hit","[{""start"": 697, ""end"": 781, ""text"": ""released only eight days after the death of U.S. President Franklin Delano Roosevelt""}]",0.0006675814550556,0.0003508213225592,False,False,False,Retained: earlier/global/mixed content; no additional final-sentence/token locality identified.,False,0.799284209901889,0.7986166284468333,0.7989333885793297,0.0003167601324963,False
4,9,true,theme,topic,The review contrasts the film with competing works.,True,True,False,783,"This may have contributed to its poor reception, although the film's negative reviews (often alluded in jokes mentioning the production) might have also impacted it, as the classic Rodgers and Hammerstein musical Carousel, also dealing with the afterlife, opened on Broadway at roughly the same time and became a hit","[{""start"": 952, ""end"": 1004, ""text"": ""the classic Rodgers and Hammerstein musical Carousel""}]",0.0022490540703544,0.0003508213225592,True,False,True,All nonempty cited evidence lies in the final source sentence; shared automatic exclusion.,False,0.799284209901889,0.7970351558315345,0.7989333885793297,0.0018982327477952,True
4,10,true,detail,final_token,The final word of the prefix is “hit”.,True,True,True,783,"This may have contributed to its poor reception, although the film's negative reviews (often alluded in jokes mentioning the production) might have also impacted it, as the classic Rodgers and Hammerstein musical Carousel, also dealing with the afterlife, opened on Broadway at roughly the same time and became a hit","[{""start"": 1096, ""end"": 1099, ""text"": ""hit""}]",0.0131562939122925,0.0010270184272455,True,False,True,"Explicit final-word/token claim, excluded regardless of truth.",False,0.799284209901889,0.7861279159895964,0.7982571914746435,0.012129275485047,True
4,11,true,detail,local_text,The final clause explains that a competing Broadway musical opened around the same time as the film.,True,True,False,783,"This may have contributed to its poor reception, although the film's negative reviews (often alluded in jokes mentioning the production) might have also impacted it, as the classic Rodgers and Hammerstein musical Carousel, also dealing with the afterlife, opened on Broadway at roughly the same time and became a hit","[{""start"": 1039, ""end"": 1082, ""text"": ""opened on Broadway at roughly the same time""}]",0.01308600916723,0.0010270184272455,True,False,True,All nonempty cited evidence lies in the final source sentence; shared automatic exclusion.,False,0.799284209901889,0.786198200734659,0.7982571914746435,0.0120589907399845,True
4,15,true,detail,event,The competing musical became a hit.,True,True,False,783,"This may have contributed to its poor reception, although the film's negative reviews (often alluded in jokes mentioning the production) might have also impacted it, as the classic Rodgers and Hammerstein musical Carousel, also dealing with the afterlife, opened on Broadway at roughly the same time and became a hit","[{""start"": 1087, ""end"": 1099, ""text"": ""became a hit""}]",0.9748086122079412,-0.0006788518070782,True,False,True,All nonempty cited evidence lies in the final source sentence; shared automatic exclusion.,False,0.799284209901889,-0.1755244023060524,0.7999630617089672,0.9754874640150196,True
4,16,true,detail,cause,The competing musical's success proved damaging to the film's reputation/reception.,True,True,False,783,"This may have contributed to its poor reception, although the film's negative reviews (often alluded in jokes mentioning the production) might have also impacted it, as the classic Rodgers and Hammerstein musical Carousel, also dealing with the afterlife, opened on Broadway at roughly the same time and became a hit","[{""start"": 783, ""end"": 830, ""text"": ""This may have contributed to its poor reception""}]",-0.0038824759441529,-0.0006788518070782,True,False,True,All nonempty cited evidence lies in the final source sentence; shared automatic exclusion.,False,0.799284209901889,0.8031666858460419,0.7999630617089672,-0.0032036241370746,True
4,17,true,detail,local_text,The sentence is grammatically complete.,True,True,False,783,"This may have contributed to its poor reception, although the film's negative reviews (often alluded in jokes mentioning the production) might have also impacted it, as the classic Rodgers and Hammerstein musical Carousel, also dealing with the afterlife, opened on Broadway at roughly the same time and became a hit","[{""start"": 1087, ""end"": 1099, ""text"": ""became a hit""}]",0.0024457587369406,0.0010270184272455,True,False,True,All nonempty cited evidence lies in the final source sentence; shared automatic exclusion.,False,0.799284209901889,0.7968384511649483,0.7982571914746435,0.0014187403096951,True
4,19,false,detail,attribute,The competing musical's themes concern racial prejudice.,False,True,False,783,"This may have contributed to its poor reception, although the film's negative reviews (often alluded in jokes mentioning the production) might have also impacted it, as the classic Rodgers and Hammerstein musical Carousel, also dealing with the afterlife, opened on Broadway at roughly the same time and became a hit","[{""start"": 1006, ""end"": 1037, ""text"": ""also dealing with the afterlife""}]",-0.0026208669606616,-0.0006788518070782,True,True,True,All nonempty cited evidence lies in the final source sentence; shared automatic exclusion.,False,0.799284209901889,0.8019050768625506,0.7999630617089672,-0.0019420151535833,True
4,20,true,detail,local_text,The competing musical's contrasting success reinforces the film's failure.,True,True,False,783,"This may have contributed to its poor reception, although the film's negative reviews (often alluded in jokes mentioning the production) might have also impacted it, as the classic Rodgers and Hammerstein musical Carousel, also dealing with the afterlife, opened on Broadway at roughly the same time and became a hit","[{""start"": 783, ""end"": 830, ""text"": ""This may have contributed to its poor reception""}]",0.0038760574551975,0.0026953510175354,True,False,True,All nonempty cited evidence lies in the final source sentence; shared automatic exclusion.,False,0.799284209901889,0.7954081524466914,0.7965888588843535,0.0011807064376621,True
5,0,true,theme,format,The passage is a Wikipedia article.,False,False,False,619,"Wayne Gretzky Drive and 75 Street are part of a continuous roadway that runs from 41 Avenue SW to 33 Street NE (Edmonton's northeastern city limit) and includes portions of 66 Street and Fort Road, as well as all of Manning Drive","[{""start"": 0, ""end"": 62, ""text"": ""Wayne Gretzky Drive is a freeway in Edmonton, Alberta, Canada.""}]",0.003767225285105,0.0006181105681579,False,False,False,Retained: earlier/global/mixed content; no additional final-sentence/token locality identified.,False,0.6497215282574318,0.6459543029723267,0.6491034176892738,0.0031491147169471,False
5,3,true,theme,style,The passage follows an encyclopedic structure with consistent factual detail.,False,False,False,619,"Wayne Gretzky Drive and 75 Street are part of a continuous roadway that runs from 41 Avenue SW to 33 Street NE (Edmonton's northeastern city limit) and includes portions of 66 Street and Fort Road, as well as all of Manning Drive","[{""start"": 0, ""end"": 62, ""text"": ""Wayne Gretzky Drive is a freeway in Edmonton, Alberta, Canada.""}]",0.0030996061894528,0.0006181105681579,False,False,False,Retained: earlier/global/mixed content; no additional final-sentence/token locality identified.,False,0.6497215282574318,0.646621922067979,0.6491034176892738,0.0024814956212948,False
5,4,true,theme,topic,The passage covers street segments.,False,False,False,619,"Wayne Gretzky Drive and 75 Street are part of a continuous roadway that runs from 41 Avenue SW to 33 Street NE (Edmonton's northeastern city limit) and includes portions of 66 Street and Fort Road, as well as all of Manning Drive","[{""start"": 366, ""end"": 467, ""text"": ""66/75 Street is a major arterial road in east Edmonton which serves residential and industrial areas.""}]",0.0014389214782136,0.0006181105681579,False,False,False,Retained: earlier/global/mixed content; no additional final-sentence/token locality identified.,False,0.6497215282574318,0.6482826067792181,0.6491034176892738,0.0008208109100557,False
5,5,true,theme,topic,The passage covers intersections.,False,False,False,619,"Wayne Gretzky Drive and 75 Street are part of a continuous roadway that runs from 41 Avenue SW to 33 Street NE (Edmonton's northeastern city limit) and includes portions of 66 Street and Fort Road, as well as all of Manning Drive","[{""start"": 306, ""end"": 365, ""text"": ""which lies just west of Wayne Gretzky Drive, at 118 Avenue.""}]",0.0007634665531164,0.0006181105681579,False,False,False,Retained: earlier/global/mixed content; no additional final-sentence/token locality identified.,False,0.6497215282574318,0.6489580617043154,0.6491034176892738,0.0001453559849584,False
5,6,true,theme,topic,The passage covers road connections.,False,False,False,619,"Wayne Gretzky Drive and 75 Street are part of a continuous roadway that runs from 41 Avenue SW to 33 Street NE (Edmonton's northeastern city limit) and includes portions of 66 Street and Fort Road, as well as all of Manning Drive","[{""start"": 503, ""end"": 617, ""text"": ""both located between Whitemud Drive and Yellowhead Trail, is part of Edmonton's eastern leg of its Inner Ring Road""}]",0.0010865210420667,0.0006181105681579,False,False,False,Retained: earlier/global/mixed content; no additional final-sentence/token locality identified.,False,0.6497215282574318,0.648635007215365,0.6491034176892738,0.0004684104739087,False
5,7,true,detail,local_text,The article has been systematically listing connected roads and route details.,True,True,False,619,"Wayne Gretzky Drive and 75 Street are part of a continuous roadway that runs from 41 Avenue SW to 33 Street NE (Edmonton's northeastern city limit) and includes portions of 66 Street and Fort Road, as well as all of Manning Drive","[{""start"": 619, ""end"": 729, ""text"": ""Wayne Gretzky Drive and 75 Street are part of a continuous roadway that runs from 41 Avenue SW to 33 Street NE""}]",0.0086740465649903,0.0014229281239059,True,False,True,All nonempty cited evidence lies in the final source sentence; shared automatic exclusion.,False,0.6497215282574318,0.6410474816924414,0.6482986001335258,0.0072511184410843,True
5,8,false,entity,identification,The road/route being listed is Manitoba Provincial Road 100.,False,False,False,619,"Wayne Gretzky Drive and 75 Street are part of a continuous roadway that runs from 41 Avenue SW to 33 Street NE (Edmonton's northeastern city limit) and includes portions of 66 Street and Fort Road, as well as all of Manning Drive","[{""start"": 0, ""end"": 62, ""text"": ""Wayne Gretzky Drive is a freeway in Edmonton, Alberta, Canada.""}]",-0.0045506238721257,0.0014229281239059,False,False,False,"Keep: incorrect identity of the article's overall road/route, not a particular constituent in the final list.",True,0.6497215282574318,0.6542721521295576,0.6482986001335258,-0.0059735519960317,False
5,9,true,detail,local_text,The article builds toward a complete description of the full continuous route.,True,True,False,619,"Wayne Gretzky Drive and 75 Street are part of a continuous roadway that runs from 41 Avenue SW to 33 Street NE (Edmonton's northeastern city limit) and includes portions of 66 Street and Fort Road, as well as all of Manning Drive","[{""start"": 771, ""end"": 848, ""text"": ""includes portions of 66 Street and Fort Road, as well as all of Manning Drive""}]",0.0042006379855308,0.0014229281239059,True,False,True,All nonempty cited evidence lies in the final source sentence; shared automatic exclusion.,False,0.6497215282574318,0.645520890271901,0.6482986001335258,0.0027777098616248,True
5,12,true,detail,local_text,The final clause ends a list of roads comprising the continuous route.,True,True,False,619,"Wayne Gretzky Drive and 75 Street are part of a continuous roadway that runs from 41 Avenue SW to 33 Street NE (Edmonton's northeastern city limit) and includes portions of 66 Street and Fort Road, as well as all of Manning Drive","[{""start"": 771, ""end"": 848, ""text"": ""includes portions of 66 Street and Fort Road, as well as all of Manning Drive""}]",0.0038890477326426,0.0270283525323402,True,False,True,All nonempty cited evidence lies in the final source sentence; shared automatic exclusion.,False,0.6497215282574318,0.6458324805247891,0.6226931757250915,-0.0231393047996976,True
5,13,false,entity,identification,Pembina Highway is part of the continuous route.,False,False,False,619,"Wayne Gretzky Drive and 75 Street are part of a continuous roadway that runs from 41 Avenue SW to 33 Street NE (Edmonton's northeastern city limit) and includes portions of 66 Street and Fort Road, as well as all of Manning Drive",[],-0.0158409701662147,0.0333361220347885,False,True,True,"Text review: assertion refers to the final source sentence's event, entity, attribute, or syntax; excluded despite missing/earlier evidence.",False,0.6497215282574318,0.6655624984236466,0.6163854062226433,-0.0491770922010033,True
5,14,false,entity,identification,Portage Avenue is part of the continuous route.,False,False,False,619,"Wayne Gretzky Drive and 75 Street are part of a continuous roadway that runs from 41 Avenue SW to 33 Street NE (Edmonton's northeastern city limit) and includes portions of 66 Street and Fort Road, as well as all of Manning Drive",[],0.0361724662220855,0.0333361220347885,False,True,True,"Text review: assertion refers to the final source sentence's event, entity, attribute, or syntax; excluded despite missing/earlier evidence.",False,0.6497215282574318,0.6135490620353462,0.6163854062226433,0.002836344187297,True
5,16,false,detail,quantity,The continuous route is 22.5 kilometres long.,False,False,False,619,"Wayne Gretzky Drive and 75 Street are part of a continuous roadway that runs from 41 Avenue SW to 33 Street NE (Edmonton's northeastern city limit) and includes portions of 66 Street and Fort Road, as well as all of Manning Drive",[],0.0008446173305651,0.0010841999674385,False,True,True,Exclude: fabricated length added to the final continuous-roadway description.,True,0.6497215282574318,0.6488769109268666,0.6486373282899932,-0.0002395826368734,True
5,17,true,detail,local_text,The list of constituent roads is still being enumerated.,True,True,False,619,"Wayne Gretzky Drive and 75 Street are part of a continuous roadway that runs from 41 Avenue SW to 33 Street NE (Edmonton's northeastern city limit) and includes portions of 66 Street and Fort Road, as well as all of Manning Drive","[{""start"": 771, ""end"": 848, ""text"": ""includes portions of 66 Street and Fort Road, as well as all of Manning Drive""}]",0.0077754764204096,-0.0012687797287083,True,False,True,All nonempty cited evidence lies in the final source sentence; shared automatic exclusion.,False,0.6497215282574318,0.6419460518370221,0.6509903079861401,0.0090442561491179,True
6,0,true,theme,format,The passage follows a film synopsis/database format.,False,False,False,617,"Following on In Which We Serve (1942), the film is another of Lean's ventures into a genre of filmmaking where impressions of documentary film are created","[{""start"": 0, ""end"": 163, ""text"": ""The Sound Barrier (known in the United States, as Breaking Through the Sound Barrier and Breaking the Sound Barrier) is a 1952 British film directed by David Lean.""}]",-0.0065827440347916,0.0003213084688702,False,False,False,Retained: earlier/global/mixed content; no additional final-sentence/token locality identified.,False,0.7010633948403064,0.7076461388750981,0.7007420863714362,-0.0069040525036618,False
6,1,true,theme,style,The passage gives structured metadata followed by a plot summary.,False,False,False,617,"Following on In Which We Serve (1942), the film is another of Lean's ventures into a genre of filmmaking where impressions of documentary film are created","[{""start"": 117, ""end"": 163, ""text"": ""is a 1952 British film directed by David Lean.""}]",-0.0047690310209171,0.0003213084688702,False,False,False,Retained: earlier/global/mixed content; no additional final-sentence/token locality identified.,False,0.7010633948403064,0.7058324258612236,0.7007420863714362,-0.0050903394897874,False
6,2,true,detail,local_text,The passage transitions to critical/analytical commentary about the film's style and historical context.,False,False,False,617,"Following on In Which We Serve (1942), the film is another of Lean's ventures into a genre of filmmaking where impressions of documentary film are created","[{""start"": 498, ""end"": 616, ""text"": ""The Sound Barrier was a box-office success on first release, but it has become one of the least-known of Lean's films.""}]",-6.321428331768075e-05,0.0003213084688702,False,False,False,Retained: earlier/global/mixed content; no additional final-sentence/token locality identified.,False,0.7010633948403064,0.7011266091236241,0.7007420863714362,-0.0003845227521879,False
6,3,true,detail,local_text,The passage builds a comparative argument linking this film to British documentary-style cinema.,True,True,False,617,"Following on In Which We Serve (1942), the film is another of Lean's ventures into a genre of filmmaking where impressions of documentary film are created","[{""start"": 617, ""end"": 771, ""text"": ""Following on In Which We Serve (1942), the film is another of Lean's ventures into a genre of filmmaking where impressions of documentary film are created""}]",0.0031006292255529,0.0005343124115442,True,False,True,All nonempty cited evidence lies in the final source sentence; shared automatic exclusion.,False,0.7010633948403064,0.6979627656147535,0.7005290824287622,0.0025663168140087,True
6,4,false,entity,identification,The comparable British documentary-style film named is “49th Parallel”.,False,True,False,617,"Following on In Which We Serve (1942), the film is another of Lean's ventures into a genre of filmmaking where impressions of documentary film are created","[{""start"": 617, ""end"": 654, ""text"": ""Following on In Which We Serve (1942)""}]",-0.0004866037998119,0.0108806586819303,True,True,True,All nonempty cited evidence lies in the final source sentence; shared automatic exclusion.,False,0.7010633948403064,0.7015499986401184,0.6901827361583761,-0.0113672624817422,True
6,5,true,detail,attribute,The film's tradition is emphasized as realistic filmmaking.,True,True,False,617,"Following on In Which We Serve (1942), the film is another of Lean's ventures into a genre of filmmaking where impressions of documentary film are created","[{""start"": 700, ""end"": 771, ""text"": ""a genre of filmmaking where impressions of documentary film are created""}]",0.0081636108936935,0.0005343124115442,True,False,True,All nonempty cited evidence lies in the final source sentence; shared automatic exclusion.,False,0.7010633948403064,0.6928997839466129,0.7005290824287622,0.0076292984821493,True
6,6,false,detail,attribute,The film's tradition is emphasized as propaganda-oriented filmmaking.,False,False,False,617,"Following on In Which We Serve (1942), the film is another of Lean's ventures into a genre of filmmaking where impressions of documentary film are created",[],-0.0060636292637885,0.0005343124115442,False,True,True,Exclude: propaganda characterization of the final sentence's documentary-film comparison.,True,0.7010633948403064,0.707127024104095,0.7005290824287622,-0.0065979416753327,True
6,7,true,detail,final_token,The final word of the prefix is “created”.,True,True,True,617,"Following on In Which We Serve (1942), the film is another of Lean's ventures into a genre of filmmaking where impressions of documentary film are created","[{""start"": 764, ""end"": 771, ""text"": ""created""}]",-0.0086239947856667,-0.0055258178549563,True,False,True,"Explicit final-word/token claim, excluded regardless of truth.",False,0.7010633948403064,0.7096873896259732,0.7065892126952628,-0.0030981769307104,True
6,8,false,detail,local_text,The final clause ends a relative clause mid-thought.,False,False,False,617,"Following on In Which We Serve (1942), the film is another of Lean's ventures into a genre of filmmaking where impressions of documentary film are created",[],-0.0044675776181727,-0.0055258178549563,False,True,True,"Text review: assertion refers to the final source sentence's event, entity, attribute, or syntax; excluded despite missing/earlier evidence.",False,0.7010633948403064,0.7055309724584792,0.7065892126952628,0.0010582402367835,True
6,9,true,detail,attribute,The style creates the effects/impressions of documentary records/film.,True,True,False,617,"Following on In Which We Serve (1942), the film is another of Lean's ventures into a genre of filmmaking where impressions of documentary film are created","[{""start"": 700, ""end"": 771, ""text"": ""a genre of filmmaking where impressions of documentary film are created""}]",0.7041784056195085,0.1537430968374833,True,False,True,All nonempty cited evidence lies in the final source sentence; shared automatic exclusion.,False,0.7010633948403064,-0.0031150107792021,0.5473202980028231,0.5504353087820253,True
6,11,false,detail,attribute,This film is considered a classic of British cinema.,False,False,False,617,"Following on In Which We Serve (1942), the film is another of Lean's ventures into a genre of filmmaking where impressions of documentary film are created","[{""start"": 563, ""end"": 615, ""text"": ""it has become one of the least-known of Lean's films""}]",0.0117255810016048,0.0093337607041601,False,False,False,Retained: earlier/global/mixed content; no additional final-sentence/token locality identified.,False,0.7010633948403064,0.6893378138387016,0.6917296341361463,0.0023918202974446,False
6,12,true,detail,attribute,The film is similar to other films of the era.,True,True,False,617,"Following on In Which We Serve (1942), the film is another of Lean's ventures into a genre of filmmaking where impressions of documentary film are created","[{""start"": 617, ""end"": 654, ""text"": ""Following on In Which We Serve (1942)""}]",-0.0026822156761883,0.0093337607041601,True,False,True,All nonempty cited evidence lies in the final source sentence; shared automatic exclusion.,False,0.7010633948403064,0.7037456105164948,0.6917296341361463,-0.0120159763803484,True
6,13,false,entity,identification,The comparable film named is “The Life of Emile Zola”.,False,False,False,617,"Following on In Which We Serve (1942), the film is another of Lean's ventures into a genre of filmmaking where impressions of documentary film are created",[],-0.0057233448611324,0.0093337607041601,False,True,True,"Text review: assertion refers to the final source sentence's event, entity, attribute, or syntax; excluded despite missing/earlier evidence.",False,0.7010633948403064,0.7067867397014389,0.6917296341361463,-0.0150571055652926,True
6,14,true,detail,local_text,The final clause describes cinematic techniques implying realistic scenes.,True,True,False,617,"Following on In Which We Serve (1942), the film is another of Lean's ventures into a genre of filmmaking where impressions of documentary film are created","[{""start"": 700, ""end"": 771, ""text"": ""a genre of filmmaking where impressions of documentary film are created""}]",-0.0055461219539296,-0.0070318595019063,True,False,True,All nonempty cited evidence lies in the final source sentence; shared automatic exclusion.,False,0.7010633948403064,0.7066095167942361,0.7080952543422128,0.0014857375479766,True
7,0,true,theme,format,The passage is a biographical narrative.,False,False,False,1192,He continued to serve until his death in 1971,"[{""start"": 0, ""end"": 114, ""text"": ""Edward Rowan Finnegan (June 5, 1905 – February 2, 1971) was a U.S. Representative from Illinois from 1961 to 1964.""}]",-0.0079736618776228,0.0003051917204976,False,False,False,Retained: earlier/global/mixed content; no additional final-sentence/token locality identified.,False,0.60918815740946,0.6171618192870828,0.6088829656889623,-0.0082788535981205,False
7,1,true,theme,style,Each sentence follows a consistent pattern of adding a new factual detail.,False,False,False,1192,He continued to serve until his death in 1971,"[{""start"": 0, ""end"": 114, ""text"": ""Edward Rowan Finnegan (June 5, 1905 – February 2, 1971) was a U.S. Representative from Illinois from 1961 to 1964.""}]",-0.0039028431677592,0.0003051917204976,False,False,False,Retained: earlier/global/mixed content; no additional final-sentence/token locality identified.,False,0.60918815740946,0.6130910005772192,0.6088829656889623,-0.0042080348882569,False
7,2,true,theme,topic,The passage covers the subject's career.,False,False,False,1192,He continued to serve until his death in 1971,"[{""start"": 266, ""end"": 375, ""text"": ""He started practicing as an attorney in 1931 and then served as an Assistant State's attorney in Cook County.""}]",0.0039803555742983,0.0003051917204976,False,False,False,Retained: earlier/global/mixed content; no additional final-sentence/token locality identified.,False,0.60918815740946,0.6052078018351617,0.6088829656889623,0.0036751638538006,False
7,3,false,theme,topic,The passage covers a specific legal case.,False,False,False,1192,He continued to serve until his death in 1971,[],0.0038402553019014,0.0003051917204976,False,False,False,Retained: earlier/global/mixed content; no additional final-sentence/token locality identified.,False,0.60918815740946,0.6053479021075585,0.6088829656889623,0.0035350635814037,False
7,4,false,entity,identity,The subject is named Judge William J. Murphy.,False,False,False,1192,He continued to serve until his death in 1971,"[{""start"": 0, ""end"": 55, ""text"": ""Edward Rowan Finnegan (June 5, 1905 – February 2, 1971)""}]",-0.0024288499918095,0.0003051917204976,False,False,False,Retained: earlier/global/mixed content; no additional final-sentence/token locality identified.,False,0.60918815740946,0.6116170074012696,0.6088829656889623,-0.0027340417123072,False
7,5,true,detail,local_text,The article has systematically traced the subject's career arc.,False,False,False,1192,He continued to serve until his death in 1971,"[{""start"": 567, ""end"": 638, ""text"": ""In 1960, Finnegan was elected to Congress from Illinois' 12th district.""}]",-0.0258114479479771,0.0026241456278442,False,False,False,Retained: earlier/global/mixed content; no additional final-sentence/token locality identified.,False,0.60918815740946,0.6349996053574372,0.6065640117816157,-0.0284355935758214,False
7,6,true,detail,event,The career arc includes a nomination.,False,False,False,1192,He continued to serve until his death in 1971,"[{""start"": 449, ""end"": 566, ""text"": ""Finnegan unsuccessfully sought the Democratic nomination for the position of a Chicago municipal court judge in 1939.""}]",0.0017162993741568,0.0026241456278442,False,False,False,Retained: earlier/global/mixed content; no additional final-sentence/token locality identified.,False,0.60918815740946,0.6074718580353031,0.6065640117816157,-0.0009078462536874,False
7,7,false,detail,event,The career arc includes a disqualification.,False,False,False,1192,He continued to serve until his death in 1971,[],0.0063461950567667,0.0026241456278442,False,False,False,Retained: earlier/global/mixed content; no additional final-sentence/token locality identified.,False,0.60918815740946,0.6028419623526933,0.6065640117816157,0.0037220494289224,False
7,8,false,detail,event,The career arc includes a return to practice.,False,False,False,1192,He continued to serve until his death in 1971,[],-0.0060119794544901,0.0026241456278442,False,False,False,Retained: earlier/global/mixed content; no additional final-sentence/token locality identified.,False,0.60918815740946,0.6152001368639501,0.6065640117816157,-0.0086361250823344,False
7,9,true,detail,event,The career arc includes a judicial appointment.,False,False,False,1192,He continued to serve until his death in 1971,"[{""start"": 1009, ""end"": 1080, ""text"": ""Finnegan was appointed as a judge for the Circuit Court of Cook County.""}]",-0.0053742228553748,0.0026241456278442,False,False,False,Retained: earlier/global/mixed content; no additional final-sentence/token locality identified.,False,0.60918815740946,0.6145623802648348,0.6065640117816157,-0.0079983684832191,False
7,10,true,detail,event,The passage reaches the final life event: death in 1971.,True,True,False,1192,He continued to serve until his death in 1971,"[{""start"": 1192, ""end"": 1237, ""text"": ""He continued to serve until his death in 1971""}]",0.0172420498418168,0.0026241456278442,True,False,True,All nonempty cited evidence lies in the final source sentence; shared automatic exclusion.,False,0.60918815740946,0.5919461075676431,0.6065640117816157,0.0146179042139725,True
7,11,true,detail,local_text,The closing death year mirrors the opening sentence's stated death year.,False,False,False,1192,He continued to serve until his death in 1971,"[{""start"": 23, ""end"": 54, ""text"": ""June 5, 1905 – February 2, 1971""}]",0.0146274886376749,0.0026241456278442,False,True,True,Explicitly compares the closing death year with the opening year; a final-token correspondence claim.,False,0.60918815740946,0.594560668771785,0.6065640117816157,0.0120033430098306,True
7,12,true,detail,final_token,The final word of the prefix is “1971”.,True,True,True,1192,He continued to serve until his death in 1971,"[{""start"": 1233, ""end"": 1237, ""text"": ""1971""}]",0.0016829454495983,-0.0048039490034332,True,False,True,"Explicit final-word/token claim, excluded regardless of truth.",False,0.60918815740946,0.6075052119598616,0.6139921064128933,0.0064868944530316,True
7,13,false,detail,date,The subject retired in 1969.,False,True,False,1192,He continued to serve until his death in 1971,"[{""start"": 1192, ""end"": 1237, ""text"": ""He continued to serve until his death in 1971""}]",0.0187747069327932,0.0080316527971254,True,True,True,All nonempty cited evidence lies in the final source sentence; shared automatic exclusion.,False,0.60918815740946,0.5904134504766667,0.6011565046123345,0.0107430541356677,True
7,14,true,detail,event,The subject continued serving on the court until his death in 1971.,True,True,False,1192,He continued to serve until his death in 1971,"[{""start"": 1192, ""end"": 1237, ""text"": ""He continued to serve until his death in 1971""}]",0.8809453272874885,0.0040846178071649,True,False,True,All nonempty cited evidence lies in the final source sentence; shared automatic exclusion.,False,0.60918815740946,-0.2717571698780285,0.605103539602295,0.8768607094803236,True
8,0,true,theme,format,The passage is a biographical Wikipedia article.,False,False,False,665,He has also conducted and recorded film scores of others with the Royal Scottish National Orchestra,"[{""start"": 0, ""end"": 101, ""text"": ""Frédéric Talgorn (born 2 July 1961 in Toulouse, France) is a French composer for film and television.""}]",0.0001273745774141,-0.0004935384408126,False,False,False,Retained: earlier/global/mixed content; no additional final-sentence/token locality identified.,False,0.7164052295252488,0.7162778549478346,0.7168987679660614,0.0006209130182268,False
8,1,true,theme,style,The passage establishes a consistent pattern of listing career achievements and collaborators.,False,False,False,665,He has also conducted and recorded film scores of others with the Royal Scottish National Orchestra,"[{""start"": 102, ""end"": 207, ""text"": ""He studied music at the Paris Conservatoire where his teachers included Sabine Lacoraet and Yvonne Loriod""}]",-0.0022692318954298,-0.0004935384408126,False,False,False,Retained: earlier/global/mixed content; no additional final-sentence/token locality identified.,False,0.7164052295252488,0.7186744614206786,0.7168987679660614,-0.0017756934546171,False
8,2,false,detail,attribute,The subject is characterized as a Jerry Goldsmith-style figure.,False,False,False,665,He has also conducted and recorded film scores of others with the Royal Scottish National Orchestra,[],0.0060516374570871,-0.0004935384408126,False,False,False,Retained: earlier/global/mixed content; no additional final-sentence/token locality identified.,False,0.7164052295252488,0.7103535920681616,0.7168987679660614,0.0065451758978998,False
8,3,true,theme,topic,The article enumerates film-score credits.,False,False,False,665,He has also conducted and recorded film scores of others with the Royal Scottish National Orchestra,"[{""start"": 425, ""end"": 538, ""text"": ""Notable film scores include Edge of Sanity (1989), (1990), Robot Jox (1990), Fortress (1992) and The Temp (1993).""}]",-0.0016437098852977,-0.0024451838735997,False,False,False,Retained: earlier/global/mixed content; no additional final-sentence/token locality identified.,False,0.7164052295252488,0.7180489394105465,0.7188504133988485,0.0008014739883019,False
8,4,true,theme,topic,The article enumerates TV credits.,False,False,False,665,He has also conducted and recorded film scores of others with the Royal Scottish National Orchestra,"[{""start"": 56, ""end"": 100, ""text"": ""is a French composer for film and television""}]",0.0006553646702324,-0.0024451838735997,False,False,False,Retained: earlier/global/mixed content; no additional final-sentence/token locality identified.,False,0.7164052295252488,0.7157498648550163,0.7188504133988485,0.0031005485438321,False
8,5,false,theme,topic,The article enumerates pop credits.,False,False,False,665,He has also conducted and recorded film scores of others with the Royal Scottish National Orchestra,[],-0.0005825779927302,-0.0024451838735997,False,False,False,Retained: earlier/global/mixed content; no additional final-sentence/token locality identified.,False,0.7164052295252488,0.716987807517979,0.7188504133988485,0.0018626058808695,False
8,6,false,theme,topic,The article enumerates Broadway credits.,False,False,False,665,He has also conducted and recorded film scores of others with the Royal Scottish National Orchestra,[],-0.0014106078281479,-0.0024451838735997,False,False,False,Retained: earlier/global/mixed content; no additional final-sentence/token locality identified.,False,0.7164052295252488,0.7178158373533967,0.7188504133988485,0.0010345760454517,False
8,7,false,theme,topic,The article enumerates collaborations.,False,False,False,665,He has also conducted and recorded film scores of others with the Royal Scottish National Orchestra,[],0.0003458658920261,-0.0024451838735997,False,False,False,Retained: earlier/global/mixed content; no additional final-sentence/token locality identified.,False,0.7164052295252488,0.7160593636332226,0.7188504133988485,0.0027910497656258,False
8,8,true,detail,local_text,The article builds toward a complete professional profile.,True,True,False,665,He has also conducted and recorded film scores of others with the Royal Scottish National Orchestra,"[{""start"": 665, ""end"": 764, ""text"": ""He has also conducted and recorded film scores of others with the Royal Scottish National Orchestra""}]",0.000809335292353,-0.0024451838735997,True,False,True,All nonempty cited evidence lies in the final source sentence; shared automatic exclusion.,False,0.7164052295252488,0.7155958942328957,0.7188504133988485,0.0032545191659527,True
8,9,true,detail,final_token,The final word of the prefix is “Orchestra”.,True,True,True,665,He has also conducted and recorded film scores of others with the Royal Scottish National Orchestra,"[{""start"": 755, ""end"": 764, ""text"": ""Orchestra""}]",-0.0090860121048269,-0.01284331661516,True,False,True,"Explicit final-word/token claim, excluded regardless of truth.",False,0.7164052295252488,0.7254912416300757,0.7292485461404088,0.003757304510333,True
8,10,true,detail,local_text,The final sentence lists recording work with the Royal Scottish National Orchestra.,True,True,False,665,He has also conducted and recorded film scores of others with the Royal Scottish National Orchestra,"[{""start"": 665, ""end"": 764, ""text"": ""He has also conducted and recorded film scores of others with the Royal Scottish National Orchestra""}]",-0.0070515835235307,-0.01284331661516,True,False,True,All nonempty cited evidence lies in the final source sentence; shared automatic exclusion.,False,0.7164052295252488,0.7234568130487795,0.7292485461404088,0.0057917330916292,True
8,13,true,detail,event,He recorded orchestral versions of his own work.,False,False,False,665,He has also conducted and recorded film scores of others with the Royal Scottish National Orchestra,"[{""start"": 596, ""end"": 663, ""text"": ""has often conducted his own works in concert and recording sessions""}]",0.0097083738624819,0.0057223955771034,False,False,False,Retained: earlier/global/mixed content; no additional final-sentence/token locality identified.,False,0.7164052295252488,0.7066968556627669,0.7106828339481454,0.0039859782853785,False
8,14,false,entity,identification,The orchestra for his own-work recordings is the Royal Philharmonia Orchestra.,False,True,False,665,He has also conducted and recorded film scores of others with the Royal Scottish National Orchestra,"[{""start"": 722, ""end"": 764, ""text"": ""with the Royal Scottish National Orchestra""}]",-0.0083773695322912,0.0057223955771034,True,False,True,"Shared automatic exclusion: all cited evidence is in the final sentence. Semantic caveat: own-work fact is in the preceding sentence, while final sentence concerns others' scores.",True,0.7164052295252488,0.7247825990575401,0.7106828339481454,-0.0140997651093947,False
8,15,false,detail,local_text,The final sentence is incomplete.,False,False,False,665,He has also conducted and recorded film scores of others with the Royal Scottish National Orchestra,[],-0.0002750225973144,-0.01284331661516,False,True,True,"Text review: assertion refers to the final source sentence's event, entity, attribute, or syntax; excluded despite missing/earlier evidence.",False,0.7164052295252488,0.7166802521225633,0.7292485461404088,0.0125682940178455,True
8,16,false,detail,attribute,He recorded commercial orchestral versions/projects for clients.,False,False,False,665,He has also conducted and recorded film scores of others with the Royal Scottish National Orchestra,[],0.0473994559009429,0.0045550515825638,False,True,True,"Text review: assertion refers to the final source sentence's event, entity, attribute, or syntax; excluded despite missing/earlier evidence.",False,0.7164052295252488,0.6690057736243058,0.7118501779426849,0.0428444043183791,True
8,17,true,entity,identification,The orchestra named is the Royal Scottish National Orchestra.,True,True,False,665,He has also conducted and recorded film scores of others with the Royal Scottish National Orchestra,"[{""start"": 722, ""end"": 764, ""text"": ""with the Royal Scottish National Orchestra""}]",0.5110738599848517,0.0024920330412658,True,False,True,All nonempty cited evidence lies in the final source sentence; shared automatic exclusion.,False,0.7164052295252488,0.2053313695403971,0.7139131964839829,0.5085818269435858,True
8,19,false,detail,attribute,The recording sessions are Glasgow-based.,False,False,False,665,He has also conducted and recorded film scores of others with the Royal Scottish National Orchestra,[],-0.006408359390039,-0.0044938763609583,False,True,True,"Text review: assertion refers to the final source sentence's event, entity, attribute, or syntax; excluded despite missing/earlier evidence.",False,0.7164052295252488,0.7228135889152878,0.7208991058862071,-0.0019144830290807,True
9,0,true,theme,format,The passage maintains a factual travel-guide register throughout.,False,False,False,889,"This association is responsible for the organization of sports, activities and events in Holmenkollen National Park","[{""start"": 0, ""end"": 95, ""text"": ""Holmenkollen Ski Museum () is located at the base of the Holmenkollen ski jump in Oslo, Norway.""}]",0.0069487000936711,-0.0079531844327007,False,False,False,Retained: earlier/global/mixed content; no additional final-sentence/token locality identified.,False,0.7669273753111661,0.759978675217495,0.7748805597438668,0.0149018845263718,False
9,1,true,theme,topic,The passage describes the Holmenkollen ski museum.,False,False,False,889,"This association is responsible for the organization of sports, activities and events in Holmenkollen National Park","[{""start"": 0, ""end"": 95, ""text"": ""Holmenkollen Ski Museum () is located at the base of the Holmenkollen ski jump in Oslo, Norway.""}]",-0.003742017649593,-0.0079531844327007,False,False,False,Retained: earlier/global/mixed content; no additional final-sentence/token locality identified.,False,0.7669273753111661,0.7706693929607591,0.7748805597438668,0.0042111667831077,False
9,2,true,theme,style,The passage uses structured informational sentences.,False,False,False,889,"This association is responsible for the organization of sports, activities and events in Holmenkollen National Park","[{""start"": 96, ""end"": 168, ""text"": ""The Ski Museum was founded in 1923 and is the world's oldest ski museum.""}]",3.852662102321602e-05,-0.0079531844327007,False,False,False,Retained: earlier/global/mixed content; no additional final-sentence/token locality identified.,False,0.7669273753111661,0.7668888486901428,0.7748805597438668,0.0079917110537239,False
9,3,true,theme,style,The passage provides sequential coverage of museum features.,False,False,False,889,"This association is responsible for the organization of sports, activities and events in Holmenkollen National Park","[{""start"": 169, ""end"": 232, ""text"": ""The initiator of the museum was the architect Hjalmar Welhaven.""}]",0.0071499029591254,0.0017730527805016,False,False,False,Retained: earlier/global/mixed content; no additional final-sentence/token locality identified.,False,0.7669273753111661,0.7597774723520406,0.7651543225306644,0.0053768501786237,False
9,4,true,theme,topic,The passage covers the museum's history.,False,False,False,889,"This association is responsible for the organization of sports, activities and events in Holmenkollen National Park","[{""start"": 565, ""end"": 670, ""text"": ""The museum contains 4,000 years of skiing history, starting with rock carvings dating from the Stone Age.""}]",0.0028040254178323,0.0017730527805016,False,False,False,Retained: earlier/global/mixed content; no additional final-sentence/token locality identified.,False,0.7669273753111661,0.7641233498933337,0.7651543225306644,0.0010309726373306,False
9,5,false,theme,topic,The passage covers scenic views.,False,False,False,889,"This association is responsible for the organization of sports, activities and events in Holmenkollen National Park",[],-0.0004487068017898,0.0017730527805016,False,False,False,Retained: earlier/global/mixed content; no additional final-sentence/token locality identified.,False,0.7669273753111661,0.7673760821129559,0.7651543225306644,-0.0022217595822915,False
9,6,true,theme,topic,The passage covers the museum's exhibitions.,False,False,False,889,"This association is responsible for the organization of sports, activities and events in Holmenkollen National Park","[{""start"": 671, ""end"": 724, ""text"": ""It also displays skiers and skis from the Viking Age.""}]",0.0016891021959037,0.0017730527805016,False,False,False,Retained: earlier/global/mixed content; no additional final-sentence/token locality identified.,False,0.7669273753111661,0.7652382731152623,0.7651543225306644,-8.395058459786942e-05,False
9,7,false,theme,topic,The passage covers the museum's architecture.,False,False,False,889,"This association is responsible for the organization of sports, activities and events in Holmenkollen National Park",[],0.0015443884566845,0.0017730527805016,False,False,False,Retained: earlier/global/mixed content; no additional final-sentence/token locality identified.,False,0.7669273753111661,0.7653829868544815,0.7651543225306644,-0.000228664323817,False
9,8,true,theme,topic,The passage covers the museum's ownership.,False,False,False,889,"This association is responsible for the organization of sports, activities and events in Holmenkollen National Park","[{""start"": 834, ""end"": 888, ""text"": ""The Ski Museum is owned and operated by Skiforeningen.""}]",0.0006636324469417,0.0017730527805016,False,False,False,Retained: earlier/global/mixed content; no additional final-sentence/token locality identified.,False,0.7669273753111661,0.7662637428642243,0.7651543225306644,-0.0011094203335598,False
9,9,true,detail,local_text,The final sentence completes the organizational/management context.,True,True,False,889,"This association is responsible for the organization of sports, activities and events in Holmenkollen National Park","[{""start"": 889, ""end"": 1004, ""text"": ""This association is responsible for the organization of sports, activities and events in Holmenkollen National Park""}]",0.0038137565924467,0.0017730527805016,True,False,True,All nonempty cited evidence lies in the final source sentence; shared automatic exclusion.,False,0.7669273753111661,0.7631136187187193,0.7651543225306644,0.002040703811945,True
9,11,true,detail,final_token,The final word of the prefix is “Park”.,True,True,True,889,"This association is responsible for the organization of sports, activities and events in Holmenkollen National Park","[{""start"": 1000, ""end"": 1004, ""text"": ""Park""}]",2.00225145389199e-05,0.0096844314149439,True,False,True,"Explicit final-word/token claim, excluded regardless of truth.",False,0.7669273753111661,0.7669073527966271,0.7572429438962222,-0.0096644089004049,True
9,12,false,detail,local_text,The final sentence ends as a fragment.,False,False,False,889,"This association is responsible for the organization of sports, activities and events in Holmenkollen National Park",[],0.0021397096554551,0.01651626543455,False,True,True,"Text review: assertion refers to the final source sentence's event, entity, attribute, or syntax; excluded despite missing/earlier evidence.",False,0.7669273753111661,0.7647876656557109,0.750411109876616,-0.0143765557790949,True
9,14,true,entity,identification,The park is named Holmenkollen National Park.,True,True,False,889,"This association is responsible for the organization of sports, activities and events in Holmenkollen National Park","[{""start"": 978, ""end"": 1004, ""text"": ""Holmenkollen National Park""}]",0.0432305126408895,0.0002160633765952,True,False,True,All nonempty cited evidence lies in the final source sentence; shared automatic exclusion.,False,0.7669273753111661,0.7236968626702766,0.7667113119345708,0.0430144492642942,True
9,16,false,detail,attribute,The Norwegian Ski Federation also runs the ski jumping hill.,False,False,False,889,"This association is responsible for the organization of sports, activities and events in Holmenkollen National Park",[],0.0057549823311766,-0.0014373402391375,False,False,False,Keep: invented ownership/operation of the ski jump; not the final sentence's organization of park activities.,True,0.7669273753111661,0.7611723929799894,0.7683647155503036,0.0071923225703142,False
9,19,false,entity,identification,The park is named Holmenkollen Nature Park.,False,True,False,889,"This association is responsible for the organization of sports, activities and events in Holmenkollen National Park","[{""start"": 978, ""end"": 1004, ""text"": ""Holmenkollen National Park""}]",0.0925931942241444,0.0153871532060183,True,True,True,All nonempty cited evidence lies in the final source sentence; shared automatic exclusion.,False,0.7669273753111661,0.6743341810870216,0.7515402221051477,0.0772060410181261,True
10,0,true,theme,format,The passage is an encyclopedia/reference article.,False,False,False,1969,See the Lower Canada Rebellion,"[{""start"": 0, ""end"": 129, ""text"": ""The Ninety-Two Resolutions were drafted by Louis-Joseph Papineau and other members of the Parti patriote of Lower Canada in 1834.""}]",-0.0214713629328315,-0.00573113939886,False,False,False,Retained: earlier/global/mixed content; no additional final-sentence/token locality identified.,False,0.6794851630499817,0.7009565259828133,0.6852163024488418,-0.0157402235339715,False
10,1,false,detail,attribute,The article's source is Infoplease.,False,False,False,1969,See the Lower Canada Rebellion,[],0.0104496462785189,-0.00573113939886,False,False,False,Retained: earlier/global/mixed content; no additional final-sentence/token locality identified.,False,0.6794851630499817,0.6690355167714628,0.6852163024488418,0.016180785677379,False
10,2,true,theme,style,The passage has a consistent structure.,False,False,False,1969,See the Lower Canada Rebellion,"[{""start"": 0, ""end"": 129, ""text"": ""The Ninety-Two Resolutions were drafted by Louis-Joseph Papineau and other members of the Parti patriote of Lower Canada in 1834.""}]",0.0024788147178064,-0.00573113939886,False,False,False,Retained: earlier/global/mixed content; no additional final-sentence/token locality identified.,False,0.6794851630499817,0.6770063483321753,0.6852163024488418,0.0082099541166664,False
10,3,true,theme,topic,The passage gives a definition.,False,False,False,1969,See the Lower Canada Rebellion,"[{""start"": 0, ""end"": 129, ""text"": ""The Ninety-Two Resolutions were drafted by Louis-Joseph Papineau and other members of the Parti patriote of Lower Canada in 1834.""}]",-0.0045506850581782,-0.00573113939886,False,False,False,Retained: earlier/global/mixed content; no additional final-sentence/token locality identified.,False,0.6794851630499817,0.68403584810816,0.6852163024488418,0.0011804543406818,False
10,4,true,theme,topic,The passage gives historical context.,False,False,False,1969,See the Lower Canada Rebellion,"[{""start"": 230, ""end"": 316, ""text"": ""Papineau had been elected speaker of the legislative assembly of Lower Canada in 1815.""}]",0.0027559768068979,-0.00573113939886,False,False,False,Retained: earlier/global/mixed content; no additional final-sentence/token locality identified.,False,0.6794851630499817,0.6767291862430838,0.6852163024488418,0.008487116205758,False
10,5,false,theme,topic,The passage includes quotes.,False,False,False,1969,See the Lower Canada Rebellion,[],0.006900881168116,-0.00573113939886,False,False,False,Retained: earlier/global/mixed content; no additional final-sentence/token locality identified.,False,0.6794851630499817,0.6725842818818657,0.6852163024488418,0.012632020566976,False
10,6,true,theme,topic,The passage covers consequences.,False,False,False,1969,See the Lower Canada Rebellion,"[{""start"": 1666, ""end"": 1799, ""text"": ""British Colonial Secretary Lord Russell eventually responded to them by issuing ten resolutions of his own (the Russell Resolutions).""}]",0.0057881595523302,-0.00573113939886,False,False,False,Retained: earlier/global/mixed content; no additional final-sentence/token locality identified.,False,0.6794851630499817,0.6736970034976515,0.6852163024488418,0.0115192989511903,False
10,7,true,detail,local_text,The passage is now concluding.,True,True,False,1969,See the Lower Canada Rebellion,"[{""start"": 1969, ""end"": 1999, ""text"": ""See the Lower Canada Rebellion""}]",0.0043901226720063,-0.00573113939886,True,False,True,All nonempty cited evidence lies in the final source sentence; shared automatic exclusion.,False,0.6794851630499817,0.6750950403779754,0.6852163024488418,0.0101212620708663,True
10,8,false,entity,identification,The article has traced the Edict of Meaux's role in escalating tensions.,False,False,False,1969,See the Lower Canada Rebellion,[],0.0062606151623431,0.0115573072672969,False,False,False,Retained: earlier/global/mixed content; no additional final-sentence/token locality identified.,False,0.6794851630499817,0.6732245478876386,0.6679278557826848,-0.0052966921049538,False
10,9,true,detail,local_text,The article traces escalating tensions.,False,False,False,1969,See the Lower Canada Rebellion,"[{""start"": 1337, ""end"": 1478, ""text"": ""expressed frustration that the government of London had been unwilling to correct the injustices caused by the past governments of the colony""}]",0.0082103128148629,0.0115573072672969,False,False,False,Retained: earlier/global/mixed content; no additional final-sentence/token locality identified.,False,0.6794851630499817,0.6712748502351188,0.6679278557826848,-0.003346994452434,False
10,10,false,entity,identification,The tensions culminate in the Quebec Rebellion.,False,True,False,1969,See the Lower Canada Rebellion,"[{""start"": 1969, ""end"": 1999, ""text"": ""See the Lower Canada Rebellion""}]",0.0352089041864845,0.0065458469912562,True,True,True,All nonempty cited evidence lies in the final source sentence; shared automatic exclusion.,False,0.6794851630499817,0.6442762588634972,0.6729393160587255,0.0286630571952283,True
10,11,true,detail,local_text,The passage makes a cross-reference/redirect as its natural endpoint.,True,True,False,1969,See the Lower Canada Rebellion,"[{""start"": 1969, ""end"": 1999, ""text"": ""See the Lower Canada Rebellion""}]",0.0042501228909267,0.0115573072672969,True,False,True,All nonempty cited evidence lies in the final source sentence; shared automatic exclusion.,False,0.6794851630499817,0.675235040159055,0.6679278557826848,-0.0073071843763702,True
10,12,false,entity,identification,"The cross-reference text is ""See the Pontiac Rebellion.""",False,True,False,1969,See the Lower Canada Rebellion,"[{""start"": 1969, ""end"": 1999, ""text"": ""See the Lower Canada Rebellion""}]",0.0003260713358709,-0.0052561971213888,True,True,True,All nonempty cited evidence lies in the final source sentence; shared automatic exclusion.,False,0.6794851630499817,0.6791590917141108,0.6847413601713705,0.0055822684572597,True
10,13,false,detail,local_text,The cross-reference phrase is truncated.,False,False,False,1969,See the Lower Canada Rebellion,[],-0.0016577983700237,-0.0052561971213888,False,True,True,"Text review: assertion refers to the final source sentence's event, entity, attribute, or syntax; excluded despite missing/earlier evidence.",False,0.6794851630499817,0.6811429614200055,0.6847413601713705,0.003598398751365,True
10,14,false,entity,identification,"The cross-reference text is ""See the Canadian Rebellion.""",False,True,False,1969,See the Lower Canada Rebellion,"[{""start"": 1969, ""end"": 1999, ""text"": ""See the Lower Canada Rebellion""}]",-0.0039404460155004,-0.0052561971213888,True,True,True,All nonempty cited evidence lies in the final source sentence; shared automatic exclusion.,False,0.6794851630499817,0.6834256090654822,0.6847413601713705,0.0013157511058883,True
10,16,false,detail,event,An edict was a major factor in a rebellion of the French Canadian population.,False,False,False,1969,See the Lower Canada Rebellion,[],0.0866018846736047,0.0019463401174129,False,False,False,Retained: earlier/global/mixed content; no additional final-sentence/token locality identified.,False,0.6794851630499817,0.592883278376377,0.6775388229325688,0.0846555445561918,False
10,17,false,detail,attribute,The rebellion was against the French government.,False,False,False,1969,See the Lower Canada Rebellion,"[{""start"": 146, ""end"": 228, ""text"": ""were a long series of demands for political reforms in the British-governed colony""}]",-0.0008057226444767,0.0019463401174129,False,False,False,Retained: earlier/global/mixed content; no additional final-sentence/token locality identified.,False,0.6794851630499817,0.6802908856944585,0.6775388229325688,-0.0027520627618896,False
10,18,true,detail,final_token,The final word of the prefix is “Rebellion”.,True,True,True,1969,See the Lower Canada Rebellion,"[{""start"": 1990, ""end"": 1999, ""text"": ""Rebellion""}]",0.0033408100927837,0.0036154932589811,True,False,True,"Explicit final-word/token claim, excluded regardless of truth.",False,0.6794851630499817,0.676144352957198,0.6758696697910006,-0.0002746831661973,True
10,19,true,detail,local_text,The final sentence ends a cross-reference sentence.,True,True,False,1969,See the Lower Canada Rebellion,"[{""start"": 1969, ""end"": 1999, ""text"": ""See the Lower Canada Rebellion""}]",0.0089275557218486,0.0036154932589811,True,False,True,All nonempty cited evidence lies in the final source sentence; shared automatic exclusion.,False,0.6794851630499817,0.6705576073281331,0.6758696697910006,0.0053120624628675,True
10,21,false,entity,identification,"The cross-reference text is ""See the Tenskwatawa Rebellion.""",False,True,False,1969,See the Lower Canada Rebellion,"[{""start"": 1969, ""end"": 1999, ""text"": ""See the Lower Canada Rebellion""}]",0.0234339520223368,0.0010351489976122,True,True,True,All nonempty cited evidence lies in the final source sentence; shared automatic exclusion.,False,0.6794851630499817,0.6560512110276449,0.6784500140523695,0.0223988030247246,True
11,0,true,theme,format,The passage is written in a factual music-news/entertainment-journalism style.,False,False,False,542,"The song ""Mess of Blues"", which appears on the album was written by Doc Pomus and Mort Shuman and was originally recorded by Elvis Presley","[{""start"": 0, ""end"": 41, ""text"": ""Mess of Blues is an album by Jeff Healey.""}]",-0.0002690394993472,-0.0020505153247132,False,False,False,Retained: earlier/global/mixed content; no additional final-sentence/token locality identified.,False,0.6224312762136788,0.622700315713026,0.624481791538392,0.001781475825366,False
11,1,false,detail,attribute,The passage covers a concert announcement.,False,False,False,542,"The song ""Mess of Blues"", which appears on the album was written by Doc Pomus and Mort Shuman and was originally recorded by Elvis Presley","[{""start"": 0, ""end"": 41, ""text"": ""Mess of Blues is an album by Jeff Healey.""}]",-0.0102172837767602,-0.0020505153247132,False,False,False,Retained: earlier/global/mixed content; no additional final-sentence/token locality identified.,False,0.6224312762136788,0.632648559990439,0.624481791538392,-0.008166768452047,False
11,2,true,theme,topic,The passage gives band details.,False,False,False,542,"The song ""Mess of Blues"", which appears on the album was written by Doc Pomus and Mort Shuman and was originally recorded by Elvis Presley","[{""start"": 438, ""end"": 541, ""text"": ""The whole album features the band which normally accompanied Jeff at his club, Jeff Healey's Roadhouse.""}]",-0.0008268718582121,-0.0020505153247132,False,False,False,Retained: earlier/global/mixed content; no additional final-sentence/token locality identified.,False,0.6224312762136788,0.623258148071891,0.624481791538392,0.001223643466501,False
11,3,true,theme,topic,The passage gives song information.,True,True,False,542,"The song ""Mess of Blues"", which appears on the album was written by Doc Pomus and Mort Shuman and was originally recorded by Elvis Presley","[{""start"": 542, ""end"": 680, ""text"": ""The song \""Mess of Blues\"", which appears on the album was written by Doc Pomus and Mort Shuman and was originally recorded by Elvis Presley""}]",-0.0015329816945921,-0.0020505153247132,True,False,True,All nonempty cited evidence lies in the final source sentence; shared automatic exclusion.,False,0.6224312762136788,0.6239642579082709,0.624481791538392,0.000517533630121,True
11,4,true,theme,style,The passage has narrative momentum.,False,False,False,542,"The song ""Mess of Blues"", which appears on the album was written by Doc Pomus and Mort Shuman and was originally recorded by Elvis Presley","[{""start"": 0, ""end"": 41, ""text"": ""Mess of Blues is an album by Jeff Healey.""}]",-0.0017381551832692,-0.0026167839006037,False,False,False,Retained: earlier/global/mixed content; no additional final-sentence/token locality identified.,False,0.6224312762136788,0.624169431396948,0.6250480601142825,0.0008786287173344,False
11,5,false,entity,identity,The song being detailed is titled “Good Rockin' Tonight.”,False,True,False,542,"The song ""Mess of Blues"", which appears on the album was written by Doc Pomus and Mort Shuman and was originally recorded by Elvis Presley","[{""start"": 542, ""end"": 566, ""text"": ""The song \""Mess of Blues\""""}]",-0.0269642304724713,-0.0026167839006037,True,True,True,All nonempty cited evidence lies in the final source sentence; shared automatic exclusion.,False,0.6224312762136788,0.6493955066861501,0.6250480601142825,-0.0243474465718676,True
11,6,true,detail,local_text,The passage is completing the Elvis connection.,True,True,False,542,"The song ""Mess of Blues"", which appears on the album was written by Doc Pomus and Mort Shuman and was originally recorded by Elvis Presley","[{""start"": 640, ""end"": 680, ""text"": ""was originally recorded by Elvis Presley""}]",-0.0029977113777246,-0.0026167839006037,True,False,True,All nonempty cited evidence lies in the final source sentence; shared automatic exclusion.,False,0.6224312762136788,0.6254289875914034,0.6250480601142825,-0.0003809274771209,True
11,7,false,detail,local_text,The final sentence is mid-clause.,False,False,False,542,"The song ""Mess of Blues"", which appears on the album was written by Doc Pomus and Mort Shuman and was originally recorded by Elvis Presley",[],-0.0051258477415603,-0.0026167839006037,False,True,True,"Text review: assertion refers to the final source sentence's event, entity, attribute, or syntax; excluded despite missing/earlier evidence.",False,0.6224312762136788,0.6275571239552391,0.6250480601142825,-0.0025090638409566,True
11,8,true,detail,final_token,The final word of the prefix is “Presley”.,True,True,True,542,"The song ""Mess of Blues"", which appears on the album was written by Doc Pomus and Mort Shuman and was originally recorded by Elvis Presley","[{""start"": 673, ""end"": 680, ""text"": ""Presley""}]",0.0002138203875684,-0.0008066207122745,True,False,True,"Explicit final-word/token claim, excluded regardless of truth.",False,0.6224312762136788,0.6222174558261103,0.6232378969259533,0.001020441099843,True
11,9,false,detail,local_text,The final sentence is incomplete.,False,False,False,542,"The song ""Mess of Blues"", which appears on the album was written by Doc Pomus and Mort Shuman and was originally recorded by Elvis Presley",[],-0.0077319472312672,-0.0008066207122745,False,True,True,"Text review: assertion refers to the final source sentence's event, entity, attribute, or syntax; excluded despite missing/earlier evidence.",False,0.6224312762136788,0.630163223444946,0.6232378969259533,-0.0069253265189926,True
11,10,true,detail,event,The song was originally recorded by Elvis Presley.,True,True,False,542,"The song ""Mess of Blues"", which appears on the album was written by Doc Pomus and Mort Shuman and was originally recorded by Elvis Presley","[{""start"": 640, ""end"": 680, ""text"": ""was originally recorded by Elvis Presley""}]",0.091953084100088,0.0027772295071495,True,False,True,All nonempty cited evidence lies in the final source sentence; shared automatic exclusion.,False,0.6224312762136788,0.5304781921135907,0.6196540467065292,0.0891758545929385,True
11,12,false,detail,date,The song is a cover of a 1956 composition.,False,False,False,542,"The song ""Mess of Blues"", which appears on the album was written by Doc Pomus and Mort Shuman and was originally recorded by Elvis Presley",[],-0.0063745230511418,0.0027772295071495,False,True,True,"Text review: assertion refers to the final source sentence's event, entity, attribute, or syntax; excluded despite missing/earlier evidence.",False,0.6224312762136788,0.6288057992648206,0.6196540467065292,-0.0091517525582913,True
11,13,false,entity,identity,The song was written by Otis Blackwell and Winifred Ward.,False,True,False,542,"The song ""Mess of Blues"", which appears on the album was written by Doc Pomus and Mort Shuman and was originally recorded by Elvis Presley","[{""start"": 595, ""end"": 635, ""text"": ""was written by Doc Pomus and Mort Shuman""}]",-0.0044219531510363,0.0027772295071495,True,True,True,All nonempty cited evidence lies in the final source sentence; shared automatic exclusion.,False,0.6224312762136788,0.6268532293647151,0.6196540467065292,-0.0071991826581858,True
11,15,false,detail,attribute,Elvis recorded the song on a single.,False,False,False,542,"The song ""Mess of Blues"", which appears on the album was written by Doc Pomus and Mort Shuman and was originally recorded by Elvis Presley",[],-0.010080237574942,0.0037758586294487,False,True,True,"Text review: assertion refers to the final source sentence's event, entity, attribute, or syntax; excluded despite missing/earlier evidence.",False,0.6224312762136788,0.6325115137886208,0.61865541758423,-0.0138560962043907,True
12,0,true,theme,format,The passage is written in an encyclopedia/Wikipedia article style.,False,False,False,863,"The Committee published 100,000 leaflets titled 'Truth about Finland', and more than 100 public meetings were organized","[{""start"": 0, ""end"": 124, ""text"": ""The Committee against the Finnish White Terror () was an organization in Sweden, formed at the end of the Finnish Civil War.""}]",-0.0058781066322355,-0.0012500844768243,False,False,False,Retained: earlier/global/mixed content; no additional final-sentence/token locality identified.,False,0.7920781533109762,0.7979562599432117,0.7933282377878006,-0.0046280221554111,False
12,1,true,theme,style,"The passage has a factual, neutral tone.",False,False,False,863,"The Committee published 100,000 leaflets titled 'Truth about Finland', and more than 100 public meetings were organized","[{""start"": 0, ""end"": 124, ""text"": ""The Committee against the Finnish White Terror () was an organization in Sweden, formed at the end of the Finnish Civil War.""}]",0.0065148129594444,-0.0012500844768243,False,False,False,Retained: earlier/global/mixed content; no additional final-sentence/token locality identified.,False,0.7920781533109762,0.7855633403515317,0.7933282377878006,0.0077648974362688,False
12,2,false,entity,identity,The organization described is the Finnish Friends of Soviet Russia.,False,False,False,863,"The Committee published 100,000 leaflets titled 'Truth about Finland', and more than 100 public meetings were organized","[{""start"": 0, ""end"": 79, ""text"": ""The Committee against the Finnish White Terror () was an organization in Sweden""}]",0.0024145167122517,-0.0012500844768243,False,False,False,Retained: earlier/global/mixed content; no additional final-sentence/token locality identified.,False,0.7920781533109762,0.7896636365987244,0.7933282377878006,0.0036646011890761,False
12,3,true,theme,topic,The passage covers the organization's activities and goals.,False,False,False,863,"The Committee published 100,000 leaflets titled 'Truth about Finland', and more than 100 public meetings were organized","[{""start"": 510, ""end"": 591, ""text"": ""The Committee raised funds for humanitarian aid to the victims of the repression.""}]",0.0009258129471279,-0.0012500844768243,False,False,False,Retained: earlier/global/mixed content; no additional final-sentence/token locality identified.,False,0.7920781533109762,0.7911523403638483,0.7933282377878006,0.0021758974239523,False
12,4,true,theme,style,The passage has narrative momentum.,True,True,False,863,"The Committee published 100,000 leaflets titled 'Truth about Finland', and more than 100 public meetings were organized","[{""start"": 863, ""end"": 982, ""text"": ""The Committee published 100,000 leaflets titled 'Truth about Finland', and more than 100 public meetings were organized""}]",0.0005941416920286,0.0002098207768277,True,False,True,All nonempty cited evidence lies in the final source sentence; shared automatic exclusion.,False,0.7920781533109762,0.7914840116189475,0.7918683325341485,0.0003843209152009,True
12,5,true,detail,local_text,The passage is completing a list of campaign achievements.,True,True,False,863,"The Committee published 100,000 leaflets titled 'Truth about Finland', and more than 100 public meetings were organized","[{""start"": 863, ""end"": 982, ""text"": ""The Committee published 100,000 leaflets titled 'Truth about Finland', and more than 100 public meetings were organized""}]",-0.0006063833073296,0.0002098207768277,True,False,True,All nonempty cited evidence lies in the final source sentence; shared automatic exclusion.,False,0.7920781533109762,0.7926845366183058,0.7918683325341485,-0.0008162040841573,True
12,6,false,theme,topic,The campaign achievements include petitions.,False,False,False,863,"The Committee published 100,000 leaflets titled 'Truth about Finland', and more than 100 public meetings were organized",[],0.0007599504335863,0.0002098207768277,False,False,False,Keep: prior campaign-history petition claim rather than the closing measurable outputs.,True,0.7920781533109762,0.7913182028773899,0.7918683325341485,0.0005501296567586,False
12,7,true,theme,topic,The campaign achievements include propaganda.,True,True,False,863,"The Committee published 100,000 leaflets titled 'Truth about Finland', and more than 100 public meetings were organized","[{""start"": 863, ""end"": 932, ""text"": ""The Committee published 100,000 leaflets titled 'Truth about Finland'""}]",0.0009046903682419,0.0002098207768277,True,False,True,All nonempty cited evidence lies in the final source sentence; shared automatic exclusion.,False,0.7920781533109762,0.7911734629427343,0.7918683325341485,0.0006948695914141,True
12,8,false,theme,topic,The campaign achievements include letters to the League of Nations.,False,False,False,863,"The Committee published 100,000 leaflets titled 'Truth about Finland', and more than 100 public meetings were organized",[],0.002577853212717,0.0002098207768277,False,False,False,Keep: prior campaign-history League of Nations letters rather than the closing measurable outputs.,True,0.7920781533109762,0.7895003000982591,0.7918683325341485,0.0023680324358893,False
12,9,true,detail,local_text,"The passage concludes with measurable outputs (leaflets, meetings).",True,True,False,863,"The Committee published 100,000 leaflets titled 'Truth about Finland', and more than 100 public meetings were organized","[{""start"": 863, ""end"": 982, ""text"": ""The Committee published 100,000 leaflets titled 'Truth about Finland', and more than 100 public meetings were organized""}]",0.004888645132537,0.0002098207768277,True,False,True,All nonempty cited evidence lies in the final source sentence; shared automatic exclusion.,False,0.7920781533109762,0.7871895081784391,0.7918683325341485,0.0046788243557093,True
12,10,true,detail,final_token,The final word of the prefix is “organized”.,True,True,True,863,"The Committee published 100,000 leaflets titled 'Truth about Finland', and more than 100 public meetings were organized","[{""start"": 973, ""end"": 982, ""text"": ""organized""}]",0.0037585822827556,0.0143361702982816,True,False,True,"Explicit final-word/token claim, excluded regardless of truth.",False,0.7920781533109762,0.7883195710282206,0.7777419830126946,-0.0105775880155259,True
12,11,true,detail,local_text,The final clause is a compound achievement clause.,True,True,False,863,"The Committee published 100,000 leaflets titled 'Truth about Finland', and more than 100 public meetings were organized","[{""start"": 863, ""end"": 982, ""text"": ""The Committee published 100,000 leaflets titled 'Truth about Finland', and more than 100 public meetings were organized""}]",0.0004951031025064,0.0143361702982816,True,False,True,All nonempty cited evidence lies in the final source sentence; shared automatic exclusion.,False,0.7920781533109762,0.7915830502084698,0.7777419830126946,-0.0138410671957751,True
12,17,false,detail,attribute,The campaign received support from British trade unions and intellectuals.,False,False,False,863,"The Committee published 100,000 leaflets titled 'Truth about Finland', and more than 100 public meetings were organized","[{""start"": 50, ""end"": 79, ""text"": ""was an organization in Sweden""}]",0.0064932161422198,0.0032904173675032,False,False,False,Retained: earlier/global/mixed content; no additional final-sentence/token locality identified.,False,0.7920781533109762,0.7855849371687563,0.788787735943473,0.0032027987747166,False
12,18,false,detail,attribute,The organization published a journal and a pamphlet translated into several languages.,False,False,False,863,"The Committee published 100,000 leaflets titled 'Truth about Finland', and more than 100 public meetings were organized",[],0.0115963361977896,-0.0004300044087421,False,True,True,Exclude: fabricated publications/translation attached to the closing campaign-output account.,True,0.7920781533109762,0.7804818171131865,0.7925081577197184,0.0120263406065318,True
12,19,false,detail,local_text,The final sentence is incomplete.,False,False,False,863,"The Committee published 100,000 leaflets titled 'Truth about Finland', and more than 100 public meetings were organized",[],0.0014471450133706,-0.0015965276229883,False,True,True,"Text review: assertion refers to the final source sentence's event, entity, attribute, or syntax; excluded despite missing/earlier evidence.",False,0.7920781533109762,0.7906310082976056,0.7936746809339645,0.0030436726363589,True
13,0,true,theme,format,The passage is a Wikipedia article.,False,False,False,907,Another giant ginkgo tree of similar characteristics in Tokyo is located in the grounds of Oji Shrine,"[{""start"": 0, ""end"": 166, ""text"": ""Like every other Tōshō-gū shrine, it is characterized by enshrining the first shōgun of the Tokugawa Shogunate, Tokugawa Ieyasu with the name Tōshō Daigongen (東照大権現).""}]",0.0212316758438905,0.001087969752649,False,False,False,Retained: earlier/global/mixed content; no additional final-sentence/token locality identified.,False,0.7103785245448037,0.6891468487009131,0.7092905547921546,0.0201437060912414,False
13,1,false,entity,identity,The shrine described is Nezu Shrine.,False,False,False,907,Another giant ginkgo tree of similar characteristics in Tokyo is located in the grounds of Oji Shrine,"[{""start"": 456, ""end"": 515, ""text"": ""Shiba Tōshō-gū can be included in the same visiting course.""}]",0.0084033857852338,0.001087969752649,False,False,False,Retained: earlier/global/mixed content; no additional final-sentence/token locality identified.,False,0.7103785245448037,0.7019751387595698,0.7092905547921546,0.0073154160325847,False
13,2,true,detail,attribute,The shrine is located in Tokyo.,False,False,False,907,Another giant ginkgo tree of similar characteristics in Tokyo is located in the grounds of Oji Shrine,"[{""start"": 569, ""end"": 596, ""text"": ""one of the biggest in Tokyo""}]",0.0128061658836687,0.001087969752649,False,False,False,Retained: earlier/global/mixed content; no additional final-sentence/token locality identified.,False,0.7103785245448037,0.6975723586611349,0.7092905547921546,0.0117181961310197,False
13,3,true,theme,style,The passage follows a consistent encyclopedic pattern.,False,False,False,907,Another giant ginkgo tree of similar characteristics in Tokyo is located in the grounds of Oji Shrine,"[{""start"": 0, ""end"": 166, ""text"": ""Like every other Tōshō-gū shrine, it is characterized by enshrining the first shōgun of the Tokugawa Shogunate, Tokugawa Ieyasu with the name Tōshō Daigongen (東照大権現).""}]",0.0059425171300718,0.001087969752649,False,False,False,Retained: earlier/global/mixed content; no additional final-sentence/token locality identified.,False,0.7103785245448037,0.7044360074147318,0.7092905547921546,0.0048545473774228,False
13,4,true,theme,topic,The passage describes shrine features.,False,False,False,907,Another giant ginkgo tree of similar characteristics in Tokyo is located in the grounds of Oji Shrine,"[{""start"": 516, ""end"": 657, ""text"": ""Shiba Tōshō-gū is notable for its giant ginkgo tree, one of the biggest in Tokyo, with a height of 21.5 m and a trunk circumference of 6.5 m.""}]",0.006044167863583,0.001087969752649,False,False,False,Retained: earlier/global/mixed content; no additional final-sentence/token locality identified.,False,0.7103785245448037,0.7043343566812206,0.7092905547921546,0.004956198110934,False
13,5,true,theme,topic,The passage describes the shrine's history.,False,False,False,907,Another giant ginkgo tree of similar characteristics in Tokyo is located in the grounds of Oji Shrine,"[{""start"": 0, ""end"": 166, ""text"": ""Like every other Tōshō-gū shrine, it is characterized by enshrining the first shōgun of the Tokugawa Shogunate, Tokugawa Ieyasu with the name Tōshō Daigongen (東照大権現).""}]",0.0068606439129196,0.001087969752649,False,False,False,Retained: earlier/global/mixed content; no additional final-sentence/token locality identified.,False,0.7103785245448037,0.703517880631884,0.7092905547921546,0.0057726741602706,False
13,6,true,theme,topic,The passage describes notable elements of the shrine.,False,False,False,907,Another giant ginkgo tree of similar characteristics in Tokyo is located in the grounds of Oji Shrine,"[{""start"": 229, ""end"": 307, ""text"": ""designated an Important Cultural Property by the Tokyo Metropolitan Government""}]",0.0058127155454644,0.001087969752649,False,False,False,Retained: earlier/global/mixed content; no additional final-sentence/token locality identified.,False,0.7103785245448037,0.7045658089993392,0.7092905547921546,0.0047247457928154,False
13,7,true,detail,local_text,The article systematically lists notable features and comparisons.,False,False,False,907,Another giant ginkgo tree of similar characteristics in Tokyo is located in the grounds of Oji Shrine,"[{""start"": 516, ""end"": 657, ""text"": ""Shiba Tōshō-gū is notable for its giant ginkgo tree, one of the biggest in Tokyo, with a height of 21.5 m and a trunk circumference of 6.5 m.""}]",0.0042597822754756,-0.0022986928880653,False,False,False,Retained: earlier/global/mixed content; no additional final-sentence/token locality identified.,False,0.7103785245448037,0.706118742269328,0.712677217432869,0.006558475163541,False
13,8,true,detail,local_text,The final sentence introduces a parallel example at another shrine.,True,True,False,907,Another giant ginkgo tree of similar characteristics in Tokyo is located in the grounds of Oji Shrine,"[{""start"": 907, ""end"": 1008, ""text"": ""Another giant ginkgo tree of similar characteristics in Tokyo is located in the grounds of Oji Shrine""}]",0.0100288699864814,-0.0022986928880653,True,False,True,All nonempty cited evidence lies in the final source sentence; shared automatic exclusion.,False,0.7103785245448037,0.7003496545583222,0.712677217432869,0.0123275628745468,True
13,9,false,entity,identity,The notable tree is a camphor tree.,False,False,False,907,Another giant ginkgo tree of similar characteristics in Tokyo is located in the grounds of Oji Shrine,"[{""start"": 546, ""end"": 567, ""text"": ""its giant ginkgo tree""}]",0.0123432336052892,-0.0039230129707582,False,False,False,Retained: earlier/global/mixed content; no additional final-sentence/token locality identified.,False,0.7103785245448037,0.6980352909395144,0.7143015375155619,0.0162662465760474,False
13,12,true,detail,local_text,The final sentence ends a comparative sentence.,True,True,False,907,Another giant ginkgo tree of similar characteristics in Tokyo is located in the grounds of Oji Shrine,"[{""start"": 907, ""end"": 1008, ""text"": ""Another giant ginkgo tree of similar characteristics in Tokyo is located in the grounds of Oji Shrine""}]",0.0053824520485872,0.0218282598638795,True,False,True,All nonempty cited evidence lies in the final source sentence; shared automatic exclusion.,False,0.7103785245448037,0.7049960724962164,0.6885502646809241,-0.0164458078152923,True
13,15,false,detail,attribute,The camphor tree is a popular photo spot.,False,False,False,907,Another giant ginkgo tree of similar characteristics in Tokyo is located in the grounds of Oji Shrine,[],0.0037415127783292,-0.0027826338107962,False,False,False,Retained: earlier/global/mixed content; no additional final-sentence/token locality identified.,False,0.7103785245448037,0.7066370117664744,0.7131611583555999,0.0065241465891254,False
13,16,false,detail,local_text,The final sentence is incomplete.,False,False,False,907,Another giant ginkgo tree of similar characteristics in Tokyo is located in the grounds of Oji Shrine,[],0.0043849526075102,-0.0033082739438466,False,True,True,"Text review: assertion refers to the final source sentence's event, entity, attribute, or syntax; excluded despite missing/earlier evidence.",False,0.7103785245448037,0.7059935719372934,0.7136867984886504,0.0076932265513569,True
13,17,true,detail,local_text,The sentence names a second shrine as a parallel example.,True,True,False,907,Another giant ginkgo tree of similar characteristics in Tokyo is located in the grounds of Oji Shrine,"[{""start"": 907, ""end"": 1008, ""text"": ""Another giant ginkgo tree of similar characteristics in Tokyo is located in the grounds of Oji Shrine""}]",0.0029991158126311,-0.0033082739438466,True,False,True,All nonempty cited evidence lies in the final source sentence; shared automatic exclusion.,False,0.7103785245448037,0.7073794087321725,0.7136867984886504,0.0063073897564778,True
14,0,true,theme,format,The passage follows a Wikipedia article structure for a Eurovision song entry.,False,False,False,845,It was succeeded as Portuguese representative at the 1978 Contest by Gemini with,"[{""start"": 0, ""end"": 146, ""text"": ""\""Portugal no coração\"" (\""Portugal in my heart\"") was the Portuguese entry in the Eurovision Song Contest 1977, performed in Portuguese by Os Amigos.""}]",0.0152839993273063,-0.0017893749783388,False,False,False,Retained: earlier/global/mixed content; no additional final-sentence/token locality identified.,False,0.7492535413431292,0.7339695420158228,0.751042916321468,0.0170733743056452,False
14,1,true,theme,style,The passage follows a consistent factual template.,False,False,False,845,It was succeeded as Portuguese representative at the 1978 Contest by Gemini with,"[{""start"": 0, ""end"": 146, ""text"": ""\""Portugal no coração\"" (\""Portugal in my heart\"") was the Portuguese entry in the Eurovision Song Contest 1977, performed in Portuguese by Os Amigos.""}]",0.0045319263225978,-0.0017893749783388,False,False,False,Retained: earlier/global/mixed content; no additional final-sentence/token locality identified.,False,0.7492535413431292,0.7447216150205314,0.751042916321468,0.0063213013009366,False
14,2,true,theme,topic,The passage covers song details.,False,False,False,845,It was succeeded as Portuguese representative at the 1978 Contest by Gemini with,"[{""start"": 147, ""end"": 197, ""text"": ""The song is a ballad in praise of Portugal itself.""}]",0.0001651168976729,-0.0017893749783388,False,False,False,Retained: earlier/global/mixed content; no additional final-sentence/token locality identified.,False,0.7492535413431292,0.7490884244454562,0.751042916321468,0.0019544918760118,False
14,3,true,theme,topic,The passage covers contest context.,False,False,False,845,It was succeeded as Portuguese representative at the 1978 Contest by Gemini with,"[{""start"": 578, ""end"": 679, ""text"": ""The song was performed eighth on the night, following Luxembourg's Anne-Marie B. with \""Frère Jacques\""""}]",0.0006499166329336,-0.0017893749783388,False,False,False,Retained: earlier/global/mixed content; no additional final-sentence/token locality identified.,False,0.7492535413431292,0.7486036247101955,0.751042916321468,0.0024392916112725,False
14,4,true,theme,topic,The passage covers national selection history.,True,True,False,845,It was succeeded as Portuguese representative at the 1978 Contest by Gemini with,"[{""start"": 845, ""end"": 925, ""text"": ""It was succeeded as Portuguese representative at the 1978 Contest by Gemini with""}]",-0.0001033408306736,-0.0017893749783388,True,False,True,All nonempty cited evidence lies in the final source sentence; shared automatic exclusion.,False,0.7492535413431292,0.7493568821738028,0.751042916321468,0.0016860341476652,True
14,5,true,detail,local_text,The article has systematically covered the song's performance.,False,False,False,845,It was succeeded as Portuguese representative at the 1978 Contest by Gemini with,"[{""start"": 578, ""end"": 620, ""text"": ""The song was performed eighth on the night""}]",0.0002445221296162,0.0007361855617891,False,False,False,Retained: earlier/global/mixed content; no additional final-sentence/token locality identified.,False,0.7492535413431292,0.7490090192135129,0.74851735578134,-0.0004916634321728,False
14,6,true,detail,local_text,The article has systematically covered the song's lyrics.,False,False,False,845,It was succeeded as Portuguese representative at the 1978 Contest by Gemini with,"[{""start"": 198, ""end"": 246, ""text"": ""The song is about freedom, brotherhood and hope.""}]",0.0007658870772828,0.0007361855617891,False,False,False,Retained: earlier/global/mixed content; no additional final-sentence/token locality identified.,False,0.7492535413431292,0.7484876542658463,0.74851735578134,2.9701515493751884e-05,False
14,7,true,detail,local_text,The article has systematically covered the contest result.,False,False,False,845,It was succeeded as Portuguese representative at the 1978 Contest by Gemini with,"[{""start"": 787, ""end"": 844, ""text"": ""it had received 18 points, placing 14th in a field of 18.""}]",0.0024799373956061,0.0007361855617891,False,False,False,Retained: earlier/global/mixed content; no additional final-sentence/token locality identified.,False,0.7492535413431292,0.746773603947523,0.74851735578134,0.001743751833817,False
14,8,true,detail,local_text,The article has systematically covered national selection.,True,True,False,845,It was succeeded as Portuguese representative at the 1978 Contest by Gemini with,"[{""start"": 845, ""end"": 925, ""text"": ""It was succeeded as Portuguese representative at the 1978 Contest by Gemini with""}]",-0.0026051345090799,0.0007361855617891,True,False,True,All nonempty cited evidence lies in the final source sentence; shared automatic exclusion.,False,0.7492535413431292,0.7518586758522091,0.74851735578134,-0.003341320070869,True
14,9,true,detail,local_text,The article is now completing the standard closing sentence about Portugal's Eurovision representation chain.,True,True,False,845,It was succeeded as Portuguese representative at the 1978 Contest by Gemini with,"[{""start"": 845, ""end"": 925, ""text"": ""It was succeeded as Portuguese representative at the 1978 Contest by Gemini with""}]",0.0067132067629191,0.0007361855617891,True,False,True,All nonempty cited evidence lies in the final source sentence; shared automatic exclusion.,False,0.7492535413431292,0.74254033458021,0.74851735578134,0.00597702120113,True
14,10,true,detail,final_token,The final word of the prefix is “with”.,True,False,True,845,It was succeeded as Portuguese representative at the 1978 Contest by Gemini with,"[{""start"": 659, ""end"": 663, ""text"": ""with""}]",0.0021848470979963,0.0001192701494461,True,False,True,"Explicit final-word/token claim, excluded regardless of truth.",False,0.7492535413431292,0.7470686942451328,0.749134271193683,0.0020655769485502,True
14,14,false,detail,event,"She won the Portuguese national selection, representing Portugal at the Eurovision Song Contest 1975.",False,False,False,845,It was succeeded as Portuguese representative at the 1978 Contest by Gemini with,[],0.0029236533050269,0.0002939524850811,False,False,False,Retained: earlier/global/mixed content; no additional final-sentence/token locality identified.,False,0.7492535413431292,0.7463298880381022,0.748959588858048,0.0026297008199458,False
14,15,false,entity,identity,The entry was succeeded by Vasco.,False,True,False,845,It was succeeded as Portuguese representative at the 1978 Contest by Gemini with,"[{""start"": 911, ""end"": 925, ""text"": ""by Gemini with""}]",0.0112485757339231,0.0159770370255898,True,True,True,All nonempty cited evidence lies in the final source sentence; shared automatic exclusion.,False,0.7492535413431292,0.738004965609206,0.7332765043175393,-0.0047284612916667,True
14,17,false,entity,identity,The entry was succeeded by Hugo Vieira.,False,True,False,845,It was succeeded as Portuguese representative at the 1978 Contest by Gemini with,"[{""start"": 911, ""end"": 925, ""text"": ""by Gemini with""}]",0.021450943538638,0.0073847231337408,True,True,True,All nonempty cited evidence lies in the final source sentence; shared automatic exclusion.,False,0.7492535413431292,0.7278025978044911,0.7418688182093883,0.0140662204048972,True
15,0,true,theme,format,The passage is a Wikipedia-style list of historical facts.,False,False,False,981,The team also toured in Australia in 1953 and Asia in August 1959,"[{""start"": 0, ""end"": 119, ""text"": ""Hong Kong Chinese official football team (or) was a football team held by the Chinese Football Association of Hong Kong""}]",-0.006609285887671,0.000946383410831,False,False,False,Retained: earlier/global/mixed content; no additional final-sentence/token locality identified.,False,0.7258112381955072,0.7324205240831783,0.7248648547846761,-0.0075556692985021,False
15,1,false,entity,identity,The team described is Chinese Taipei.,False,False,False,981,The team also toured in Australia in 1953 and Asia in August 1959,"[{""start"": 0, ""end"": 40, ""text"": ""Hong Kong Chinese official football team""}]",-0.0017960952334931,0.000946383410831,False,False,False,Retained: earlier/global/mixed content; no additional final-sentence/token locality identified.,False,0.7258112381955072,0.7276073334290003,0.7248648547846761,-0.0027424786443241,False
15,2,true,detail,attribute,The team is defunct.,False,False,False,981,The team also toured in Australia in 1953 and Asia in August 1959,"[{""start"": 302, ""end"": 352, ""text"": ""later Republic of China (Taiwan) from 1949 to 1971""}]",0.008755347762109,0.000946383410831,False,False,False,Retained: earlier/global/mixed content; no additional final-sentence/token locality identified.,False,0.7258112381955072,0.7170558904333981,0.7248648547846761,0.0078089643512779,False
15,3,true,theme,style,Each sentence covers a distinct diplomatic/competitive detail.,False,False,False,981,The team also toured in Australia in 1953 and Asia in August 1959,"[{""start"": 233, ""end"": 353, ""text"": ""It was a feeder team of China national football team (1947–1949) and later Republic of China (Taiwan) from 1949 to 1971.""}]",0.0105743199144171,0.000946383410831,False,False,False,Retained: earlier/global/mixed content; no additional final-sentence/token locality identified.,False,0.7258112381955072,0.71523691828109,0.7248648547846761,0.009627936503586,False
15,4,true,theme,style,The passage follows a pattern of chronological and categorical facts.,False,False,False,981,The team also toured in Australia in 1953 and Asia in August 1959,"[{""start"": 233, ""end"": 353, ""text"": ""It was a feeder team of China national football team (1947–1949) and later Republic of China (Taiwan) from 1949 to 1971.""}]",0.0071787282135385,-0.0056883206834624,False,False,False,Retained: earlier/global/mixed content; no additional final-sentence/token locality identified.,False,0.7258112381955072,0.7186325099819686,0.7314995588789697,0.012867048897001,False
15,5,true,theme,topic,The passage covers participation.,False,False,False,981,The team also toured in Australia in 1953 and Asia in August 1959,"[{""start"": 546, ""end"": 725, ""text"": ""The team participated in annual, a competition that Chinese from Hong Kong against Western expatriates from Hong Kong, as well as Ho Ho Cup, a competition against Malayan Chinese.""}]",0.0035701983701751,-0.0056883206834624,False,False,False,Retained: earlier/global/mixed content; no additional final-sentence/token locality identified.,False,0.7258112381955072,0.722241039825332,0.7314995588789697,0.0092585190536376,False
15,6,false,theme,topic,The passage covers boycotts.,False,False,False,981,The team also toured in Australia in 1953 and Asia in August 1959,[],0.0005679095507588,-0.0056883206834624,False,False,False,Retained: earlier/global/mixed content; no additional final-sentence/token locality identified.,False,0.7258112381955072,0.7252433286447484,0.7314995588789697,0.0062562302342212,False
15,7,true,theme,topic,The passage covers diplomatic relations.,False,False,False,981,The team also toured in Australia in 1953 and Asia in August 1959,"[{""start"": 354, ""end"": 545, ""text"": ""Some players of Hong Kong Chinese also chose to represent Hong Kong national football team instead (official match since 1954); none of the player represented China PR national football team.""}]",0.0007978641349507,-0.0056883206834624,False,False,False,Retained: earlier/global/mixed content; no additional final-sentence/token locality identified.,False,0.7258112381955072,0.7250133740605564,0.7314995588789697,0.0064861848184132,False
15,8,true,theme,topic,The passage covers tours.,True,True,False,981,The team also toured in Australia in 1953 and Asia in August 1959,"[{""start"": 981, ""end"": 1046, ""text"": ""The team also toured in Australia in 1953 and Asia in August 1959""}]",0.0057681514646714,-0.0056883206834624,True,False,True,All nonempty cited evidence lies in the final source sentence; shared automatic exclusion.,False,0.7258112381955072,0.7200430867308357,0.7314995588789697,0.0114564721481339,True
15,9,true,detail,local_text,The passage suggests another historical detail or date follows.,True,True,False,981,The team also toured in Australia in 1953 and Asia in August 1959,"[{""start"": 981, ""end"": 1046, ""text"": ""The team also toured in Australia in 1953 and Asia in August 1959""}]",0.0010122896462684,-0.0056883206834624,True,False,True,All nonempty cited evidence lies in the final source sentence; shared automatic exclusion.,False,0.7258112381955072,0.7247989485492388,0.7314995588789697,0.0067006103297309,True
15,10,true,detail,final_token,The final word of the prefix is “1959”.,True,True,True,981,The team also toured in Australia in 1953 and Asia in August 1959,"[{""start"": 1042, ""end"": 1046, ""text"": ""1959""}]",-0.0003100796350768,0.0121355513663025,True,False,True,"Explicit final-word/token claim, excluded regardless of truth.",False,0.7258112381955072,0.7261213178305841,0.7136756868292047,-0.0124456310013794,True
15,11,true,detail,local_text,The final sentence lists international tour dates.,True,True,False,981,The team also toured in Australia in 1953 and Asia in August 1959,"[{""start"": 981, ""end"": 1046, ""text"": ""The team also toured in Australia in 1953 and Asia in August 1959""}]",0.0002661665670649,0.0121355513663025,True,False,True,All nonempty cited evidence lies in the final source sentence; shared automatic exclusion.,False,0.7258112381955072,0.7255450716284423,0.7136756868292047,-0.0118693847992376,True
15,12,true,detail,event,The team toured in 1953.,True,True,False,981,The team also toured in Australia in 1953 and Asia in August 1959,"[{""start"": 995, ""end"": 1022, ""text"": ""toured in Australia in 1953""}]",0.1066150011529087,-0.0007354734191967,True,False,True,All nonempty cited evidence lies in the final source sentence; shared automatic exclusion.,False,0.7258112381955072,0.6191962370425984,0.726546711614704,0.1073504745721055,True
15,13,false,entity,identification,The 1953 tour destination was Korea.,False,True,False,981,The team also toured in Australia in 1953 and Asia in August 1959,"[{""start"": 995, ""end"": 1022, ""text"": ""toured in Australia in 1953""}]",0.0098976255954014,0.0015276345960048,True,True,True,All nonempty cited evidence lies in the final source sentence; shared automatic exclusion.,False,0.7258112381955072,0.7159136126001058,0.7242836035995024,0.0083699909993966,True
15,14,false,detail,attribute,The 1953 tour took place during the Korean War.,False,False,False,981,The team also toured in Australia in 1953 and Asia in August 1959,[],-0.0043115381105652,-0.0001796336763423,False,True,True,"Text review: assertion refers to the final source sentence's event, entity, attribute, or syntax; excluded despite missing/earlier evidence.",False,0.7258112381955072,0.7301227763060725,0.7259908718718495,-0.0041319044342229,True
15,19,false,detail,local_text,The final clause is incomplete.,False,False,False,981,The team also toured in Australia in 1953 and Asia in August 1959,[],0.0084798001589809,0.000432583554912,False,True,True,"Text review: assertion refers to the final source sentence's event, entity, attribute, or syntax; excluded despite missing/earlier evidence.",False,0.7258112381955072,0.7173314380365262,0.7253786546405951,0.0080472166040689,True
16,0,true,theme,format,The passage is a biographical Wikipedia-style article.,False,False,False,845,"She has two children, Kalidas Jayaram and Malavika Jayaram","[{""start"": 0, ""end"": 137, ""text"": ""Ashwathy Kurup, better known by her stage name Parvathy, is an Indian film actress and classical dancer, who appeared in Malayalam films.""}]",-0.0005598686504613,-0.0006790686212254,False,False,False,Retained: earlier/global/mixed content; no additional final-sentence/token locality identified.,False,0.6449963909186935,0.6455562595691549,0.645675459539919,0.0001191999707641,False
16,1,true,theme,style,The passage follows a consistent structured format.,False,False,False,845,"She has two children, Kalidas Jayaram and Malavika Jayaram","[{""start"": 0, ""end"": 137, ""text"": ""Ashwathy Kurup, better known by her stage name Parvathy, is an Indian film actress and classical dancer, who appeared in Malayalam films.""}]",-0.0018177541636454,-0.0006790686212254,False,False,False,Retained: earlier/global/mixed content; no additional final-sentence/token locality identified.,False,0.6449963909186935,0.646814145082339,0.645675459539919,-0.00113868554242,False
16,2,true,theme,topic,The passage covers the subject's life.,False,False,False,845,"She has two children, Kalidas Jayaram and Malavika Jayaram","[{""start"": 138, ""end"": 227, ""text"": ""Parvathy was a popular actress in Malayalam cinema during the late-1980s and early-1990s.""}]",-0.0001043887654621,-0.0006790686212254,False,False,False,Retained: earlier/global/mixed content; no additional final-sentence/token locality identified.,False,0.6449963909186935,0.6451007796841557,0.645675459539919,0.0005746798557633,False
16,3,true,theme,topic,The passage covers the subject's career.,False,False,False,845,"She has two children, Kalidas Jayaram and Malavika Jayaram","[{""start"": 419, ""end"": 626, ""text"": ""Her notable works include Amrutham Gamaya, Oru Minnaminunginte Nurunguvettam, Thoovanathumbikal (1987), Ponmuttayidunna Tharavu (1988), Vadakkunokkiyantram, Peruvannapurathe Visheshangal and Kireedam (1989).""}]",-0.0012956901687226,-0.0006790686212254,False,False,False,Retained: earlier/global/mixed content; no additional final-sentence/token locality identified.,False,0.6449963909186935,0.6462920810874162,0.645675459539919,-0.0006166215474971,False
16,4,true,theme,topic,The passage covers personal details.,False,False,False,845,"She has two children, Kalidas Jayaram and Malavika Jayaram","[{""start"": 627, ""end"": 743, ""text"": ""Parvathy married film actor Jayaram who was her co-star in many films on 7th September 1992 at Town Hall, Ernakulam.""}]",-0.0004746615235315,-0.0006790686212254,False,False,False,Retained: earlier/global/mixed content; no additional final-sentence/token locality identified.,False,0.6449963909186935,0.6454710524422251,0.645675459539919,0.0002044070976938,False
16,5,false,entity,identity,The subject is Tamil actor Jayanthi.,False,False,False,845,"She has two children, Kalidas Jayaram and Malavika Jayaram","[{""start"": 0, ""end"": 137, ""text"": ""Ashwathy Kurup, better known by her stage name Parvathy, is an Indian film actress and classical dancer, who appeared in Malayalam films.""}]",-0.0018869086494501,-0.0006790686212254,False,False,False,Retained: earlier/global/mixed content; no additional final-sentence/token locality identified.,False,0.6449963909186935,0.6468832995681437,0.645675459539919,-0.0012078400282247,False
16,6,true,detail,local_text,The article has systematically covered career highlights.,False,False,False,845,"She has two children, Kalidas Jayaram and Malavika Jayaram","[{""start"": 419, ""end"": 626, ""text"": ""Her notable works include Amrutham Gamaya, Oru Minnaminunginte Nurunguvettam, Thoovanathumbikal (1987), Ponmuttayidunna Tharavu (1988), Vadakkunokkiyantram, Peruvannapurathe Visheshangal and Kireedam (1989).""}]",-0.0011985201938631,0.0023048534767762,False,False,False,Retained: earlier/global/mixed content; no additional final-sentence/token locality identified.,False,0.6449963909186935,0.6461949111125567,0.6426915374419173,-0.0035033736706393,False
16,7,true,detail,local_text,The article is now concluding with family/personal life details.,False,False,False,845,"She has two children, Kalidas Jayaram and Malavika Jayaram","[{""start"": 803, ""end"": 844, ""text"": ""She now lives with her family in Chennai.""}]",0.0002861593632044,0.0023048534767762,False,False,False,Retained: earlier/global/mixed content; no additional final-sentence/token locality identified.,False,0.6449963909186935,0.6447102315554891,0.6426915374419173,-0.0020186941135718,False
16,8,true,detail,local_text,The article follows the pattern of ending with the children's names.,True,True,False,845,"She has two children, Kalidas Jayaram and Malavika Jayaram","[{""start"": 845, ""end"": 903, ""text"": ""She has two children, Kalidas Jayaram and Malavika Jayaram""}]",-0.0018840494869594,0.0023048534767762,True,False,True,All nonempty cited evidence lies in the final source sentence; shared automatic exclusion.,False,0.6449963909186935,0.646880440405653,0.6426915374419173,-0.0041889029637356,True
16,9,false,detail,final_token,The final word/token of the prefix is “Jagannatharam”.,False,True,True,845,"She has two children, Kalidas Jayaram and Malavika Jayaram","[{""start"": 867, ""end"": 903, ""text"": ""Kalidas Jayaram and Malavika Jayaram""}]",0.000459500935942,0.0222307046080985,True,True,True,"Explicit final-word/token claim, excluded regardless of truth.",False,0.6449963909186935,0.6445368899827515,0.622765686310595,-0.0217712036721564,True
16,10,false,detail,attribute,"The subject is referred to as male (""he"").",False,False,False,845,"She has two children, Kalidas Jayaram and Malavika Jayaram","[{""start"": 0, ""end"": 82, ""text"": ""Ashwathy Kurup, better known by her stage name Parvathy, is an Indian film actress""}]",0.0021208048062977,0.0222307046080985,False,False,False,"Keep: subject gender is an article-wide identity claim, also contradicted before the final sentence.",True,0.6449963909186935,0.6428755861123958,0.622765686310595,-0.0201098998018007,False
16,11,true,detail,quantity,The subject has two children.,True,True,False,845,"She has two children, Kalidas Jayaram and Malavika Jayaram","[{""start"": 845, ""end"": 865, ""text"": ""She has two children""}]",0.0030883727528121,0.00757247681616,True,False,True,All nonempty cited evidence lies in the final source sentence; shared automatic exclusion.,False,0.6449963909186935,0.6419080181658814,0.6374239141025335,-0.0044841040633478,True
16,12,false,entity,identity,A child is named Karthika Jeyaram.,False,True,False,845,"She has two children, Kalidas Jayaram and Malavika Jayaram","[{""start"": 867, ""end"": 903, ""text"": ""Kalidas Jayaram and Malavika Jayaram""}]",0.1148658036401155,0.00757247681616,True,True,True,All nonempty cited evidence lies in the final source sentence; shared automatic exclusion.,False,0.6449963909186935,0.530130587278578,0.6374239141025335,0.1072933268239555,True
16,14,false,detail,date,The subject retired from acting in 2005.,False,False,False,845,"She has two children, Kalidas Jayaram and Malavika Jayaram","[{""start"": 744, ""end"": 802, ""text"": ""After marriage, Parvathy effectively quit acting in films.""}]",-0.0018737686422464,-0.0033212098195963,False,False,False,Retained: earlier/global/mixed content; no additional final-sentence/token locality identified.,False,0.6449963909186935,0.64687015956094,0.6483176007382899,0.0014474411773499,False
16,15,false,entity,identity,"The subject is survived by his wife, actress Sripriya.",False,False,False,845,"She has two children, Kalidas Jayaram and Malavika Jayaram","[{""start"": 627, ""end"": 662, ""text"": ""Parvathy married film actor Jayaram""}]",0.0034735644640497,-0.000499290191166,False,False,False,Retained: earlier/global/mixed content; no additional final-sentence/token locality identified.,False,0.6449963909186935,0.6415228264546438,0.6454956811098596,0.0039728546552157,False
16,16,false,entity,identity,Another child is named Anirudh Jeyaram.,False,True,False,845,"She has two children, Kalidas Jayaram and Malavika Jayaram","[{""start"": 867, ""end"": 903, ""text"": ""Kalidas Jayaram and Malavika Jayaram""}]",0.0668362506799826,0.00757247681616,True,True,True,All nonempty cited evidence lies in the final source sentence; shared automatic exclusion.,False,0.6449963909186935,0.5781601402387109,0.6374239141025335,0.0592637738638226,True
17,0,true,theme,format,The passage is a Wikipedia biographical article.,False,False,False,637,"Zarir was shortly defeated, and fled to the mountains, but was quickly captured and","[{""start"": 0, ""end"": 107, ""text"": ""Zarir (also spelled Zarih) was a Sasanian prince who was the leader of a rebellion in northern Iran in 485.""}]",0.0002267482190654,0.0026654694532707,False,False,False,Retained: earlier/global/mixed content; no additional final-sentence/token locality identified.,False,0.8086169396924612,0.8083901914733957,0.8059514702391904,-0.0024387212342052,False
17,1,true,theme,style,The passage follows a consistent encyclopedic structure.,False,False,False,637,"Zarir was shortly defeated, and fled to the mountains, but was quickly captured and","[{""start"": 0, ""end"": 107, ""text"": ""Zarir (also spelled Zarih) was a Sasanian prince who was the leader of a rebellion in northern Iran in 485.""}]",-0.0041205959560232,0.0026654694532707,False,False,False,Retained: earlier/global/mixed content; no additional final-sentence/token locality identified.,False,0.8086169396924612,0.8127375356484844,0.8059514702391904,-0.0067860654092939,False
17,2,true,theme,topic,The passage is about a historical Persian rebel figure.,False,False,False,637,"Zarir was shortly defeated, and fled to the mountains, but was quickly captured and","[{""start"": 27, ""end"": 107, ""text"": ""was a Sasanian prince who was the leader of a rebellion in northern Iran in 485.""}]",0.0074176548564897,0.0026654694532707,False,False,False,Retained: earlier/global/mixed content; no additional final-sentence/token locality identified.,False,0.8086169396924612,0.8011992848359715,0.8059514702391904,0.0047521854032189,False
17,3,true,theme,style,The passage has narrative momentum as a historical account.,False,False,False,637,"Zarir was shortly defeated, and fled to the mountains, but was quickly captured and","[{""start"": 0, ""end"": 107, ""text"": ""Zarir (also spelled Zarih) was a Sasanian prince who was the leader of a rebellion in northern Iran in 485.""}]",-0.0015566811152769,0.0025409216119004,False,False,False,Retained: earlier/global/mixed content; no additional final-sentence/token locality identified.,False,0.8086169396924612,0.8101736208077381,0.8060760180805607,-0.0040976027271774,False
17,4,true,detail,local_text,The account details the rebellion's failure.,True,True,False,637,"Zarir was shortly defeated, and fled to the mountains, but was quickly captured and","[{""start"": 637, ""end"": 720, ""text"": ""Zarir was shortly defeated, and fled to the mountains, but was quickly captured and""}]",0.0026486717496589,0.0025409216119004,True,False,True,All nonempty cited evidence lies in the final source sentence; shared automatic exclusion.,False,0.8086169396924612,0.8059682679428022,0.8060760180805607,0.0001077501377585,True
17,6,false,entity,identity,The rebel's target/opponent is named Khosrov.,False,False,False,637,"Zarir was shortly defeated, and fled to the mountains, but was quickly captured and","[{""start"": 496, ""end"": 636, ""text"": ""Balash was thus forced to make peace with his enemy Vahan Mamikonian and sent him at the head of an army to suppress the rebellion of Zarir.""}]",0.0186480013318259,0.0076010614595529,False,False,False,Retained: earlier/global/mixed content; no additional final-sentence/token locality identified.,False,0.8086169396924612,0.7899689383606352,0.8010158782329082,0.011046939872273,False
17,8,false,entity,identification,He was captured/defeated by a Byzantine general.,False,False,False,637,"Zarir was shortly defeated, and fled to the mountains, but was quickly captured and","[{""start"": 569, ""end"": 635, ""text"": ""sent him at the head of an army to suppress the rebellion of Zarir""}]",0.0003697683468136,0.0019517451431444,False,True,True,Exclude: wrong captor/defeating agent attached to the closing capture narrative.,True,0.8086169396924612,0.8082471713456475,0.8066651945493167,-0.0015819767963307,True
17,9,true,detail,local_text,His fate reaches an inevitable conclusion (execution or death).,True,True,False,637,"Zarir was shortly defeated, and fled to the mountains, but was quickly captured and","[{""start"": 637, ""end"": 720, ""text"": ""Zarir was shortly defeated, and fled to the mountains, but was quickly captured and""}]",0.0060156260512542,0.0025409216119004,True,False,True,All nonempty cited evidence lies in the final source sentence; shared automatic exclusion.,False,0.8086169396924612,0.8026013136412069,0.8060760180805607,0.0034747044393538,True
17,10,true,detail,final_token,The final word of the prefix is “and”.,True,False,True,637,"Zarir was shortly defeated, and fled to the mountains, but was quickly captured and","[{""start"": 312, ""end"": 315, ""text"": ""and""}]",-0.0032122785378583,-0.0037670472626125,True,False,True,"Explicit final-word/token claim, excluded regardless of truth.",False,0.8086169396924612,0.8118292182303195,0.8123839869550737,0.0005547687247542,True
17,11,true,detail,event,He was eventually captured.,True,True,False,637,"Zarir was shortly defeated, and fled to the mountains, but was quickly captured and","[{""start"": 696, ""end"": 720, ""text"": ""was quickly captured and""}]",0.1751160472802641,0.003108904609458,True,False,True,All nonempty cited evidence lies in the final source sentence; shared automatic exclusion.,False,0.8086169396924612,0.6335008924121971,0.8055080350830032,0.172007142670806,True
17,13,false,detail,attribute,The Byzantine general sent him a letter demanding his submission.,False,False,False,637,"Zarir was shortly defeated, and fled to the mountains, but was quickly captured and",[],0.0083316648547819,-0.0016306814363638,False,True,True,Exclude: invented letter within the same closing capture/defeat episode.,True,0.8086169396924612,0.8002852748376792,0.810247621128825,0.0099623462911457,True
17,14,true,detail,event,He fled into the mountains.,True,True,False,637,"Zarir was shortly defeated, and fled to the mountains, but was quickly captured and","[{""start"": 669, ""end"": 690, ""text"": ""fled to the mountains""}]",0.0114755039499613,0.003108904609458,True,False,True,All nonempty cited evidence lies in the final source sentence; shared automatic exclusion.,False,0.8086169396924612,0.7971414357424998,0.8055080350830032,0.0083665993405033,True
18,0,true,theme,format,The passage follows a Wikipedia article structure.,False,False,False,1209,"While some have described the Chief's silent and faceless nature as a weakness of the character, other publications have suggested these attributes better allow players to assume his role","[{""start"": 0, ""end"": 129, ""text"": ""MCPON John-117, or \""Master Chief\"", is a fictional character and the protagonist of the Halo fictional universe created by Bungie.""}]",-0.0059941512867364,0.0021997627777722,False,False,False,Retained: earlier/global/mixed content; no additional final-sentence/token locality identified.,False,0.7860026566691511,0.7919968079558876,0.7838028938913789,-0.0081939140645086,False
18,1,true,theme,topic,The passage gives biographical/game-development content about Master Chief.,False,False,False,1209,"While some have described the Chief's silent and faceless nature as a weakness of the character, other publications have suggested these attributes better allow players to assume his role","[{""start"": 130, ""end"": 262, ""text"": ""Master Chief is a playable character in the series of science fiction first-person shooter video games, Halo 2, Halo 3, Halo 4, and.""}]",-0.0086039814538654,0.0021997627777722,False,False,False,Retained: earlier/global/mixed content; no additional final-sentence/token locality identified.,False,0.7860026566691511,0.7946066381230166,0.7838028938913789,-0.0108037442316376,False
18,2,true,theme,style,The passage follows encyclopedic prose conventions throughout.,False,False,False,1209,"While some have described the Chief's silent and faceless nature as a weakness of the character, other publications have suggested these attributes better allow players to assume his role","[{""start"": 0, ""end"": 129, ""text"": ""MCPON John-117, or \""Master Chief\"", is a fictional character and the protagonist of the Halo fictional universe created by Bungie.""}]",-0.0047451239755614,0.0021997627777722,False,False,False,Retained: earlier/global/mixed content; no additional final-sentence/token locality identified.,False,0.7860026566691511,0.7907477806447126,0.7838028938913789,-0.0069448867533337,False
18,3,true,theme,style,The passage has narrative momentum as a critical reception summary.,False,False,False,1209,"While some have described the Chief's silent and faceless nature as a weakness of the character, other publications have suggested these attributes better allow players to assume his role","[{""start"": 1153, ""end"": 1208, ""text"": ""The character has received a mostly positive reception.""}]",-0.0063866847204598,-0.0068296088659134,False,False,False,Retained: earlier/global/mixed content; no additional final-sentence/token locality identified.,False,0.7860026566691511,0.792389341389611,0.7928322655350646,0.0004429241454535,False
18,4,false,detail,local_text,The final sentence is mid-argument.,False,False,False,1209,"While some have described the Chief's silent and faceless nature as a weakness of the character, other publications have suggested these attributes better allow players to assume his role",[],-0.0027789041662944,-0.0068296088659134,False,True,True,"Text review: assertion refers to the final source sentence's event, entity, attribute, or syntax; excluded despite missing/earlier evidence.",False,0.7860026566691511,0.7887815608354456,0.7928322655350646,0.0040507046996189,True
18,5,true,detail,local_text,The passage explains why the unnamed protagonist was praised.,True,True,False,1209,"While some have described the Chief's silent and faceless nature as a weakness of the character, other publications have suggested these attributes better allow players to assume his role","[{""start"": 1306, ""end"": 1396, ""text"": ""other publications have suggested these attributes better allow players to assume his role""}]",-0.0161495482775763,-0.0068296088659134,True,False,True,All nonempty cited evidence lies in the final source sentence; shared automatic exclusion.,False,0.7860026566691511,0.8021522049467275,0.7928322655350646,-0.0093199394116628,True
18,6,true,detail,attribute,Players found the character more relatable.,True,True,False,1209,"While some have described the Chief's silent and faceless nature as a weakness of the character, other publications have suggested these attributes better allow players to assume his role","[{""start"": 1306, ""end"": 1396, ""text"": ""other publications have suggested these attributes better allow players to assume his role""}]",-0.0241533029100649,-0.0034335289434703,True,False,True,All nonempty cited evidence lies in the final source sentence; shared automatic exclusion.,False,0.7860026566691511,0.810155959579216,0.7894361856126215,-0.0207197739665945,True
18,7,true,detail,event,The character's anonymity/attributes better allow players to assume his role.,True,True,False,1209,"While some have described the Chief's silent and faceless nature as a weakness of the character, other publications have suggested these attributes better allow players to assume his role","[{""start"": 1306, ""end"": 1396, ""text"": ""other publications have suggested these attributes better allow players to assume his role""}]",1.1373853965955472,-0.0034335289434703,True,False,True,All nonempty cited evidence lies in the final source sentence; shared automatic exclusion.,False,0.7860026566691511,-0.351382739926396,0.7894361856126215,1.1408189255390175,True
18,8,true,detail,local_text,This implies a concluding clause about immersion or identification.,True,True,False,1209,"While some have described the Chief's silent and faceless nature as a weakness of the character, other publications have suggested these attributes better allow players to assume his role","[{""start"": 1306, ""end"": 1396, ""text"": ""other publications have suggested these attributes better allow players to assume his role""}]",0.0046501276299527,-0.0068296088659134,True,False,True,All nonempty cited evidence lies in the final source sentence; shared automatic exclusion.,False,0.7860026566691511,0.7813525290391984,0.7928322655350646,0.0114797364958662,True
18,9,true,detail,final_token,The final word of the prefix is “role”.,True,True,True,1209,"While some have described the Chief's silent and faceless nature as a weakness of the character, other publications have suggested these attributes better allow players to assume his role","[{""start"": 1392, ""end"": 1396, ""text"": ""role""}]",-0.0183562847882329,-0.0114371948597455,True,False,True,"Explicit final-word/token claim, excluded regardless of truth.",False,0.7860026566691511,0.8043589414573841,0.7974398515288967,-0.0069190899284873,True
18,10,true,detail,local_text,The final clause is a subordinate clause.,True,True,False,1209,"While some have described the Chief's silent and faceless nature as a weakness of the character, other publications have suggested these attributes better allow players to assume his role","[{""start"": 1306, ""end"": 1396, ""text"": ""other publications have suggested these attributes better allow players to assume his role""}]",-0.0117292837743654,-0.0114371948597455,True,False,True,All nonempty cited evidence lies in the final source sentence; shared automatic exclusion.,False,0.7860026566691511,0.7977319404435166,0.7974398515288967,-0.0002920889146198,True
18,11,true,detail,event,Reviewers/publications praised the character's anonymity.,True,True,False,1209,"While some have described the Chief's silent and faceless nature as a weakness of the character, other publications have suggested these attributes better allow players to assume his role","[{""start"": 1306, ""end"": 1396, ""text"": ""other publications have suggested these attributes better allow players to assume his role""}]",-0.0063535892636328,0.0013011510740541,True,False,True,All nonempty cited evidence lies in the final source sentence; shared automatic exclusion.,False,0.7860026566691511,0.792356245932784,0.784701505595097,-0.0076547403376869,True
19,0,true,theme,format,The passage is a Wikipedia article that follows a standard song-entry structure.,False,False,False,665,It was succeeded as Austrian representative at the 1989 Contest by Thomas Forstner singing,"[{""start"": 0, ""end"": 109, ""text"": ""\""Lisa Mona Lisa\"" was the Austrian entry in the Eurovision Song Contest 1988, performed in German by Wilfried.""}]",0.0139513181188611,-0.0013508577090938,False,False,False,Retained: earlier/global/mixed content; no additional final-sentence/token locality identified.,False,0.7995854922913737,0.7856341741725125,0.8009363500004675,0.015302175827955,False
19,1,false,entity,identity,The song discussed is titled “Ein bißchen Heimat.”,False,False,False,665,It was succeeded as Austrian representative at the 1989 Contest by Thomas Forstner singing,"[{""start"": 0, ""end"": 39, ""text"": ""\""Lisa Mona Lisa\"" was the Austrian entry""}]",-0.0024520335074414,-0.0013508577090938,False,False,False,Retained: earlier/global/mixed content; no additional final-sentence/token locality identified.,False,0.7995854922913737,0.8020375257988152,0.8009363500004675,-0.0011011757983476,False
19,2,true,theme,topic,The passage details performance.,False,False,False,665,It was succeeded as Austrian representative at the 1989 Contest by Thomas Forstner singing,"[{""start"": 110, ""end"": 153, ""text"": ""The song was performed twelfth on the night""}]",0.0022978662487223,-0.0013508577090938,False,False,False,Retained: earlier/global/mixed content; no additional final-sentence/token locality identified.,False,0.7995854922913737,0.7972876260426514,0.8009363500004675,0.0036487239578161,False
19,3,true,theme,topic,The passage details chart/contest result.,False,False,False,665,It was succeeded as Austrian representative at the 1989 Contest by Thomas Forstner singing,"[{""start"": 320, ""end"": 384, ""text"": ""it had received no points, placing it last out of a field of 21.""}]",-0.0032436482834456,-0.0013508577090938,False,False,False,Retained: earlier/global/mixed content; no additional final-sentence/token locality identified.,False,0.7995854922913737,0.8028291405748194,0.8009363500004675,-0.0018927905743518,False
19,4,true,theme,topic,The passage details context.,False,False,False,665,It was succeeded as Austrian representative at the 1989 Contest by Thomas Forstner singing,"[{""start"": 385, ""end"": 477, ""text"": ""The song is a ballad in which the singer likens the object of his affection to the Mona Lisa""}]",-0.0019880660122837,-0.0013508577090938,False,False,False,Retained: earlier/global/mixed content; no additional final-sentence/token locality identified.,False,0.7995854922913737,0.8015735583036574,0.8009363500004675,-0.0006372083031899,False
19,5,true,detail,local_text,"The article concludes with a ""next year"" transition.",True,True,False,665,It was succeeded as Austrian representative at the 1989 Contest by Thomas Forstner singing,"[{""start"": 665, ""end"": 755, ""text"": ""It was succeeded as Austrian representative at the 1989 Contest by Thomas Forstner singing""}]",0.0015121890815533,-0.0007626461549884,True,False,True,All nonempty cited evidence lies in the final source sentence; shared automatic exclusion.,False,0.7995854922913737,0.7980733032098203,0.8003481384463621,0.0022748352365418,True
19,6,true,detail,attribute,This is a standard Wikipedia pattern for Eurovision song entries.,True,True,False,665,It was succeeded as Austrian representative at the 1989 Contest by Thomas Forstner singing,"[{""start"": 665, ""end"": 755, ""text"": ""It was succeeded as Austrian representative at the 1989 Contest by Thomas Forstner singing""}]",0.0074826339829133,-0.0007626461549884,True,False,True,All nonempty cited evidence lies in the final source sentence; shared automatic exclusion.,False,0.7995854922913737,0.7921028583084603,0.8003481384463621,0.0082452801379018,True
19,7,true,detail,local_text,The article names the successor Austrian representative.,True,True,False,665,It was succeeded as Austrian representative at the 1989 Contest by Thomas Forstner singing,"[{""start"": 665, ""end"": 755, ""text"": ""It was succeeded as Austrian representative at the 1989 Contest by Thomas Forstner singing""}]",0.0007263050743364,-0.0007626461549884,True,False,True,All nonempty cited evidence lies in the final source sentence; shared automatic exclusion.,False,0.7995854922913737,0.7988591872170372,0.8003481384463621,0.0014889512293249,True
19,8,true,detail,final_token,The final word of the prefix is “singing”.,True,True,True,665,It was succeeded as Austrian representative at the 1989 Contest by Thomas Forstner singing,"[{""start"": 748, ""end"": 755, ""text"": ""singing""}]",-0.0041360517884907,-0.0079854857027209,True,False,True,"Explicit final-word/token claim, excluded regardless of truth.",False,0.7995854922913737,0.8037215440798644,0.8075709779940946,0.0038494339142302,True
19,9,true,detail,event,The entry was succeeded the following year.,True,True,False,665,It was succeeded as Austrian representative at the 1989 Contest by Thomas Forstner singing,"[{""start"": 665, ""end"": 728, ""text"": ""It was succeeded as Austrian representative at the 1989 Contest""}]",0.0509317625692201,0.0705607392183127,True,False,True,All nonempty cited evidence lies in the final source sentence; shared automatic exclusion.,False,0.7995854922913737,0.7486537297221535,0.7290247530730609,-0.0196289766490925,True
19,10,true,entity,identity,The successor is named Thomas Forstner.,True,True,False,665,It was succeeded as Austrian representative at the 1989 Contest by Thomas Forstner singing,"[{""start"": 729, ""end"": 755, ""text"": ""by Thomas Forstner singing""}]",0.2747279518542447,0.0705607392183127,True,False,True,All nonempty cited evidence lies in the final source sentence; shared automatic exclusion.,False,0.7995854922913737,0.524857540437129,0.7290247530730609,0.2041672126359319,True
19,12,false,detail,date,This was Austria's entry in the 1987 Eurovision Song Contest.,False,False,False,665,It was succeeded as Austrian representative at the 1989 Contest by Thomas Forstner singing,"[{""start"": 40, ""end"": 75, ""text"": ""in the Eurovision Song Contest 1988""}]",0.0190539487720369,0.0001421496622979,False,False,False,Retained: earlier/global/mixed content; no additional final-sentence/token locality identified.,False,0.7995854922913737,0.7805315435193367,0.7994433426290757,0.0189117991097389,False
19,13,true,detail,local_text,The final sentence is incomplete.,True,True,False,665,It was succeeded as Austrian representative at the 1989 Contest by Thomas Forstner singing,"[{""start"": 729, ""end"": 755, ""text"": ""by Thomas Forstner singing""}]",-0.0048490531439582,-0.0020065848029825,True,False,True,All nonempty cited evidence lies in the final source sentence; shared automatic exclusion.,False,0.7995854922913737,0.8044345454353319,0.8015920770943562,-0.0028424683409756,True
20,0,true,theme,format,The passage is written in Wikipedia article style.,False,False,False,796,"Due to its architecture and historical significance regarding eighteenth century gold mining, this church is classified on the UNESCO World Heritage List","[{""start"": 0, ""end"": 88, ""text"": ""The Church of Saint Francis of Assisi is a Rococo Catholic church in Ouro Preto, Brazil.""}]",0.0176382608526284,-0.0018917558302318,False,False,False,Retained: earlier/global/mixed content; no additional final-sentence/token locality identified.,False,0.7178163463336484,0.70017808548102,0.7197081021638803,0.0195300166828602,False
20,1,true,theme,topic,The passage gives architectural details.,False,False,False,796,"Due to its architecture and historical significance regarding eighteenth century gold mining, this church is classified on the UNESCO World Heritage List","[{""start"": 384, ""end"": 515, ""text"": ""The circular bell towers and the oculus closed by a relief were original features in religious architecture of that time in Brazil.""}]",-0.0004907571966206,-0.0018917558302318,False,False,False,Retained: earlier/global/mixed content; no additional final-sentence/token locality identified.,False,0.7178163463336484,0.718307103530269,0.7197081021638803,0.0014009986336112,False
20,2,true,theme,topic,The passage gives historical details.,False,False,False,796,"Due to its architecture and historical significance regarding eighteenth century gold mining, this church is classified on the UNESCO World Heritage List","[{""start"": 89, ""end"": 228, ""text"": ""Its erection began in 1766 after a design by the Brazilian architect and sculptor Antônio Francisco Lisboa, otherwise known as Aleijadinho.""}]",-0.002171117902085,-0.0018917558302318,False,False,False,Retained: earlier/global/mixed content; no additional final-sentence/token locality identified.,False,0.7178163463336484,0.7199874642357335,0.7197081021638803,-0.0002793620718531,False
20,3,true,theme,style,The passage has narrative momentum.,False,False,False,796,"Due to its architecture and historical significance regarding eighteenth century gold mining, this church is classified on the UNESCO World Heritage List","[{""start"": 0, ""end"": 88, ""text"": ""The Church of Saint Francis of Assisi is a Rococo Catholic church in Ouro Preto, Brazil.""}]",-0.0010819687060488,-0.0018917558302318,False,False,False,Retained: earlier/global/mixed content; no additional final-sentence/token locality identified.,False,0.7178163463336484,0.7188983150396973,0.7197081021638803,0.000809787124183,False
20,4,true,theme,topic,The article covers location.,False,False,False,796,"Due to its architecture and historical significance regarding eighteenth century gold mining, this church is classified on the UNESCO World Heritage List","[{""start"": 38, ""end"": 88, ""text"": ""is a Rococo Catholic church in Ouro Preto, Brazil.""}]",0.0003777628141409,-0.0002437371750911,False,False,False,Retained: earlier/global/mixed content; no additional final-sentence/token locality identified.,False,0.7178163463336484,0.7174385835195075,0.7180600835087396,0.0006214999892321,False
20,5,true,theme,topic,The article covers history.,False,False,False,796,"Due to its architecture and historical significance regarding eighteenth century gold mining, this church is classified on the UNESCO World Heritage List","[{""start"": 89, ""end"": 115, ""text"": ""Its erection began in 1766""}]",-0.0044319094234706,-0.0002437371750911,False,False,False,Retained: earlier/global/mixed content; no additional final-sentence/token locality identified.,False,0.7178163463336484,0.722248255757119,0.7180600835087396,-0.0041881722483794,False
20,6,true,theme,topic,The article covers architecture.,False,False,False,796,"Due to its architecture and historical significance regarding eighteenth century gold mining, this church is classified on the UNESCO World Heritage List","[{""start"": 384, ""end"": 515, ""text"": ""The circular bell towers and the oculus closed by a relief were original features in religious architecture of that time in Brazil.""}]",-0.0044617230907579,-0.0002437371750911,False,False,False,Retained: earlier/global/mixed content; no additional final-sentence/token locality identified.,False,0.7178163463336484,0.7222780694244064,0.7180600835087396,-0.0042179859156668,False
20,7,true,theme,topic,The article covers cultural significance.,True,True,False,796,"Due to its architecture and historical significance regarding eighteenth century gold mining, this church is classified on the UNESCO World Heritage List","[{""start"": 796, ""end"": 949, ""text"": ""Due to its architecture and historical significance regarding eighteenth century gold mining, this church is classified on the UNESCO World Heritage List""}]",-0.0046556126576497,-0.0002437371750911,True,False,True,All nonempty cited evidence lies in the final source sentence; shared automatic exclusion.,False,0.7178163463336484,0.7224719589912982,0.7180600835087396,-0.0044118754825586,True
20,8,true,detail,local_text,The article builds toward a concluding statement about the church's heritage status.,True,True,False,796,"Due to its architecture and historical significance regarding eighteenth century gold mining, this church is classified on the UNESCO World Heritage List","[{""start"": 890, ""end"": 949, ""text"": ""this church is classified on the UNESCO World Heritage List""}]",-0.0071003524020305,-0.0002437371750911,True,False,True,All nonempty cited evidence lies in the final source sentence; shared automatic exclusion.,False,0.7178163463336484,0.724916698735679,0.7180600835087396,-0.0068566152269393,True
20,9,true,detail,final_token,The final word of the prefix is “List”.,True,True,True,796,"Due to its architecture and historical significance regarding eighteenth century gold mining, this church is classified on the UNESCO World Heritage List","[{""start"": 945, ""end"": 949, ""text"": ""List""}]",-0.0014510931961164,-0.0008482217572961,True,False,True,"Explicit final-word/token claim, excluded regardless of truth.",False,0.7178163463336484,0.7192674395297649,0.7186645680909446,-0.0006028714388203,True
20,10,false,detail,local_text,The final sentence ends as a fragment/mid-thought.,False,False,False,796,"Due to its architecture and historical significance regarding eighteenth century gold mining, this church is classified on the UNESCO World Heritage List",[],7.067414029349184e-05,0.0025598254044114,False,True,True,"Text review: assertion refers to the final source sentence's event, entity, attribute, or syntax; excluded despite missing/earlier evidence.",False,0.7178163463336484,0.7177456721933549,0.715256520929237,-0.0024891512641179,True
20,13,true,detail,event,The church is inscribed on the UNESCO World Heritage List.,True,True,False,796,"Due to its architecture and historical significance regarding eighteenth century gold mining, this church is classified on the UNESCO World Heritage List","[{""start"": 890, ""end"": 949, ""text"": ""this church is classified on the UNESCO World Heritage List""}]",1.3252994911321798,0.0216078702770857,True,False,True,All nonempty cited evidence lies in the final source sentence; shared automatic exclusion.,False,0.7178163463336484,-0.6074831447985314,0.6962084760565627,1.3036916208550942,True
20,15,false,detail,attribute,The church is built in a style typical of the region.,False,False,False,796,"Due to its architecture and historical significance regarding eighteenth century gold mining, this church is classified on the UNESCO World Heritage List","[{""start"": 443, ""end"": 514, ""text"": ""were original features in religious architecture of that time in Brazil""}]",-0.0412873166355911,-0.0024125236732556,False,False,False,Retained: earlier/global/mixed content; no additional final-sentence/token locality identified.,False,0.7178163463336484,0.7591036629692396,0.720228870006904,-0.0388747929623355,False
20,16,false,detail,attribute,The church has a large nave.,False,False,False,796,"Due to its architecture and historical significance regarding eighteenth century gold mining, this church is classified on the UNESCO World Heritage List",[],-0.0315390062154253,-0.0024125236732556,False,False,False,Retained: earlier/global/mixed content; no additional final-sentence/token locality identified.,False,0.7178163463336484,0.7493553525490738,0.720228870006904,-0.0291264825421697,False
20,17,false,detail,attribute,The church has a tall bell tower.,False,False,False,796,"Due to its architecture and historical significance regarding eighteenth century gold mining, this church is classified on the UNESCO World Heritage List","[{""start"": 384, ""end"": 408, ""text"": ""The circular bell towers""}]",-0.0076542938181265,-0.0024125236732556,False,False,False,Retained: earlier/global/mixed content; no additional final-sentence/token locality identified.,False,0.7178163463336484,0.725470640151775,0.720228870006904,-0.0052417701448709,False
20,18,true,detail,attribute,The church features a notable collection of religious paintings.,False,False,False,796,"Due to its architecture and historical significance regarding eighteenth century gold mining, this church is classified on the UNESCO World Heritage List","[{""start"": 664, ""end"": 724, ""text"": ""richly decorated with golden woodwork, statues and paintings""}]",-0.0034242359611773,-0.0013180413189418,False,False,False,Retained: earlier/global/mixed content; no additional final-sentence/token locality identified.,False,0.7178163463336484,0.7212405822948258,0.7191343876525903,-0.0021061946422354,False
21,0,false,theme,format,The passage uses an encyclopedic bullet-point format.,False,False,False,521,"This site has been part of several Antarctic milestones, including the first religious marriage, the baptism of Emilio Palma, who was the first recorded birth in Antarctica, and first communion ceremony",[],0.0017412927436905,-0.001149355917688,False,False,False,Retained: earlier/global/mixed content; no additional final-sentence/token locality identified.,False,0.71840726266799,0.7166659699242995,0.7195566185856781,0.0028906486613785,False
21,1,true,theme,topic,The passage describes a historical religious landmark.,False,False,False,521,"This site has been part of several Antarctic milestones, including the first religious marriage, the baptism of Emilio Palma, who was the first recorded birth in Antarctica, and first communion ceremony","[{""start"": 0, ""end"": 135, ""text"": ""The Chapel of St. Francis of Assisi () is a chapel of the Roman Catholic Church located on the Esperanza Base administered by Argentina""}]",-0.000310946566733,-0.001149355917688,False,False,False,Retained: earlier/global/mixed content; no additional final-sentence/token locality identified.,False,0.71840726266799,0.7187182092347231,0.7195566185856781,0.000838409350955,False
21,2,false,entity,identification,The chapel is Chilean.,False,False,False,521,"This site has been part of several Antarctic milestones, including the first religious marriage, the baptism of Emilio Palma, who was the first recorded birth in Antarctica, and first communion ceremony","[{""start"": 110, ""end"": 135, ""text"": ""administered by Argentina""}]",0.0183061151813463,-0.001149355917688,False,False,False,Retained: earlier/global/mixed content; no additional final-sentence/token locality identified.,False,0.71840726266799,0.7001011474866436,0.7195566185856781,0.0194554710990344,False
21,3,true,theme,topic,The passage covers the chapel's significance and milestones.,True,True,False,521,"This site has been part of several Antarctic milestones, including the first religious marriage, the baptism of Emilio Palma, who was the first recorded birth in Antarctica, and first communion ceremony","[{""start"": 521, ""end"": 645, ""text"": ""This site has been part of several Antarctic milestones, including the first religious marriage, the baptism of Emilio Palma""}]",0.00144796568738,-0.001149355917688,True,False,True,All nonempty cited evidence lies in the final source sentence; shared automatic exclusion.,False,0.71840726266799,0.71695929698061,0.7195566185856781,0.002597321605068,True
21,4,true,detail,local_text,"The text has been listing notable ""firsts"" and achievements associated with the chapel.",True,True,False,521,"This site has been part of several Antarctic milestones, including the first religious marriage, the baptism of Emilio Palma, who was the first recorded birth in Antarctica, and first communion ceremony","[{""start"": 521, ""end"": 645, ""text"": ""This site has been part of several Antarctic milestones, including the first religious marriage, the baptism of Emilio Palma""}]",0.0018089749652646,0.0033771002567364,True,False,True,All nonempty cited evidence lies in the final source sentence; shared automatic exclusion.,False,0.71840726266799,0.7165982877027254,0.7150301624112536,-0.0015681252914717,True
21,5,true,detail,event,The chapel was the first Catholic church in Antarctica.,False,False,False,521,"This site has been part of several Antarctic milestones, including the first religious marriage, the baptism of Emilio Palma, who was the first recorded birth in Antarctica, and first communion ceremony","[{""start"": 309, ""end"": 369, ""text"": ""it was the first Catholic chapel of the Antarctic continent.""}]",-0.0039862187878131,0.0033771002567364,False,False,False,Retained: earlier/global/mixed content; no additional final-sentence/token locality identified.,False,0.71840726266799,0.7223934814558032,0.7150301624112536,-0.0073633190445495,False
21,6,true,detail,event,The chapel had a first priest.,False,False,False,521,"This site has been part of several Antarctic milestones, including the first religious marriage, the baptism of Emilio Palma, who was the first recorded birth in Antarctica, and first communion ceremony","[{""start"": 448, ""end"": 520, ""text"": ""Its first priest was the Jesuit Buenaventura De Filippis, born in Italy.""}]",0.0048572729805501,0.0033771002567364,False,False,False,Retained: earlier/global/mixed content; no additional final-sentence/token locality identified.,False,0.71840726266799,0.7135499896874399,0.7150301624112536,0.0014801727238137,False
21,7,true,detail,event,The site hosted the first wedding.,True,True,False,521,"This site has been part of several Antarctic milestones, including the first religious marriage, the baptism of Emilio Palma, who was the first recorded birth in Antarctica, and first communion ceremony","[{""start"": 578, ""end"": 616, ""text"": ""including the first religious marriage""}]",0.0074874133156073,0.0144744353716183,True,False,True,All nonempty cited evidence lies in the final source sentence; shared automatic exclusion.,False,0.71840726266799,0.7109198493523827,0.7039328272963717,-0.0069870220560109,True
21,8,true,detail,local_text,The text builds toward a complete enumeration of historic religious events.,True,True,False,521,"This site has been part of several Antarctic milestones, including the first religious marriage, the baptism of Emilio Palma, who was the first recorded birth in Antarctica, and first communion ceremony","[{""start"": 521, ""end"": 723, ""text"": ""This site has been part of several Antarctic milestones, including the first religious marriage, the baptism of Emilio Palma, who was the first recorded birth in Antarctica, and first communion ceremony""}]",0.0053468684800948,0.0033771002567364,True,False,True,All nonempty cited evidence lies in the final source sentence; shared automatic exclusion.,False,0.71840726266799,0.7130603941878952,0.7150301624112536,0.0019697682233583,True
21,9,true,detail,final_token,The final word of the prefix is “ceremony”.,True,True,True,521,"This site has been part of several Antarctic milestones, including the first religious marriage, the baptism of Emilio Palma, who was the first recorded birth in Antarctica, and first communion ceremony","[{""start"": 715, ""end"": 723, ""text"": ""ceremony""}]",0.0133423167626268,0.0262361040513505,True,False,True,"Explicit final-word/token claim, excluded regardless of truth.",False,0.71840726266799,0.7050649459053632,0.6921711586166395,-0.0128937872887237,True
21,10,true,detail,local_text,The final clause ends a list of historic firsts.,True,True,False,521,"This site has been part of several Antarctic milestones, including the first religious marriage, the baptism of Emilio Palma, who was the first recorded birth in Antarctica, and first communion ceremony","[{""start"": 521, ""end"": 723, ""text"": ""This site has been part of several Antarctic milestones, including the first religious marriage, the baptism of Emilio Palma, who was the first recorded birth in Antarctica, and first communion ceremony""}]",9.851077441691558e-05,0.0262361040513505,True,False,True,All nonempty cited evidence lies in the final source sentence; shared automatic exclusion.,False,0.71840726266799,0.7183087518935731,0.6921711586166395,-0.0261375932769336,True
21,11,true,detail,event,The site hosted the first baptism of a child.,True,True,False,521,"This site has been part of several Antarctic milestones, including the first religious marriage, the baptism of Emilio Palma, who was the first recorded birth in Antarctica, and first communion ceremony","[{""start"": 618, ""end"": 693, ""text"": ""the baptism of Emilio Palma, who was the first recorded birth in Antarctica""}]",0.0382496172310179,0.0144744353716183,True,False,True,All nonempty cited evidence lies in the final source sentence; shared automatic exclusion.,False,0.71840726266799,0.6801576454369721,0.7039328272963717,0.0237751818593996,True
21,12,false,entity,identification,The list's final item is a first confirmation ceremony.,False,True,False,521,"This site has been part of several Antarctic milestones, including the first religious marriage, the baptism of Emilio Palma, who was the first recorded birth in Antarctica, and first communion ceremony","[{""start"": 695, ""end"": 723, ""text"": ""and first communion ceremony""}]",0.8697594588354616,0.0134703570236647,True,True,True,All nonempty cited evidence lies in the final source sentence; shared automatic exclusion.,False,0.71840726266799,-0.1513521961674715,0.7049369056443253,0.8562891018117968,True
21,14,false,detail,local_text,The final phrase is incomplete.,False,False,False,521,"This site has been part of several Antarctic milestones, including the first religious marriage, the baptism of Emilio Palma, who was the first recorded birth in Antarctica, and first communion ceremony",[],-0.0016724926289459,-2.863945640085852e-06,False,True,True,"Text review: assertion refers to the final source sentence's event, entity, attribute, or syntax; excluded despite missing/earlier evidence.",False,0.71840726266799,0.720079755296936,0.7184101266136301,-0.0016696286833058,True
22,0,true,theme,format,The passage follows a standard station-history format.,False,False,False,585,"However, likely in response to the recent licensing of CKFU-FM in the same market at that time, when the station flipped to FM the format was switched to a rock station","[{""start"": 0, ""end"": 124, ""text"": ""CKNL-FM is a Canadian radio station that broadcasts a mainstream rock format at 101.5 FM in Fort St. John, British Columbia.""}]",-0.0052216208414062,-0.0003910787714365,False,False,False,Retained: earlier/global/mixed content; no additional final-sentence/token locality identified.,False,0.5989967678074544,0.6042183886488606,0.5993878465788909,-0.0048305420699696,False
22,2,true,theme,topic,The passage covers chronological ownership and format changes.,False,False,False,585,"However, likely in response to the recent licensing of CKFU-FM in the same market at that time, when the station flipped to FM the format was switched to a rock station","[{""start"": 336, ""end"": 476, ""text"": ""The station originally began broadcasting June 20, 1962 at 970 AM, and later moved to 560 AM and finally to the FM dial at 101.5 FM in 2003.""}]",-0.0019271313512284,-0.0003910787714365,False,False,False,Retained: earlier/global/mixed content; no additional final-sentence/token locality identified.,False,0.5989967678074544,0.6009238991586828,0.5993878465788909,-0.0015360525797919,False
22,3,true,theme,style,The passage has narrative momentum.,False,False,False,585,"However, likely in response to the recent licensing of CKFU-FM in the same market at that time, when the station flipped to FM the format was switched to a rock station","[{""start"": 336, ""end"": 476, ""text"": ""The station originally began broadcasting June 20, 1962 at 970 AM, and later moved to 560 AM and finally to the FM dial at 101.5 FM in 2003.""}]",0.0002723896084471,-0.0026620203504028,False,False,False,Retained: earlier/global/mixed content; no additional final-sentence/token locality identified.,False,0.5989967678074544,0.5987243781990073,0.6016587881578572,0.0029344099588499,False
22,4,true,detail,local_text,The text traces the station's evolution from country to rock.,True,True,False,585,"However, likely in response to the recent licensing of CKFU-FM in the same market at that time, when the station flipped to FM the format was switched to a rock station","[{""start"": 712, ""end"": 753, ""text"": ""the format was switched to a rock station""}]",-0.000290190130715,-0.0026620203504028,True,False,True,All nonempty cited evidence lies in the final source sentence; shared automatic exclusion.,False,0.5989967678074544,0.5992869579381694,0.6016587881578572,0.0023718302196877,True
22,5,true,detail,local_text,The text explains the strategic rationale for the format change.,True,True,False,585,"However, likely in response to the recent licensing of CKFU-FM in the same market at that time, when the station flipped to FM the format was switched to a rock station","[{""start"": 594, ""end"": 679, ""text"": ""likely in response to the recent licensing of CKFU-FM in the same market at that time""}]",0.0097302754518844,-0.0026620203504028,True,False,True,All nonempty cited evidence lies in the final source sentence; shared automatic exclusion.,False,0.5989967678074544,0.5892664923555699,0.6016587881578572,0.0123922958022872,True
22,6,true,detail,local_text,The final sentence explains the format change from country to rock.,True,True,False,585,"However, likely in response to the recent licensing of CKFU-FM in the same market at that time, when the station flipped to FM the format was switched to a rock station","[{""start"": 681, ""end"": 753, ""text"": ""when the station flipped to FM the format was switched to a rock station""}]",-0.0037572278264523,-0.0026620203504028,True,False,True,All nonempty cited evidence lies in the final source sentence; shared automatic exclusion.,False,0.5989967678074544,0.6027539956339067,0.6016587881578572,-0.0010952074760495,True
22,7,false,entity,identity,The station's brand became “99 Rock.”,False,False,False,585,"However, likely in response to the recent licensing of CKFU-FM in the same market at that time, when the station flipped to FM the format was switched to a rock station","[{""start"": 125, ""end"": 165, ""text"": ""The station is branded as 101.5 The Bear""}]",0.0107492026458686,-0.0072466121191612,False,False,False,Keep: station brand is an article-wide identity stated earlier; it is not the final format-change fact itself.,True,0.5989967678074544,0.5882475651615857,0.6062433799266156,0.0179958147650298,False
22,8,true,detail,final_token,The final word of the prefix is “station”.,True,False,True,585,"However, likely in response to the recent licensing of CKFU-FM in the same market at that time, when the station flipped to FM the format was switched to a rock station","[{""start"": 28, ""end"": 35, ""text"": ""station""}]",0.0036926347207062,0.0064226020311123,True,False,True,"Explicit final-word/token claim, excluded regardless of truth.",False,0.5989967678074544,0.5953041330867481,0.592574165776342,-0.002729967310406,True
22,11,true,detail,event,The format was changed from country to a rock station.,True,True,False,585,"However, likely in response to the recent licensing of CKFU-FM in the same market at that time, when the station flipped to FM the format was switched to a rock station","[{""start"": 712, ""end"": 753, ""text"": ""the format was switched to a rock station""}]",0.4442502050811137,0.0551185530382256,True,False,True,All nonempty cited evidence lies in the final source sentence; shared automatic exclusion.,False,0.5989967678074544,0.1547465627263407,0.5438782147692287,0.389131652042888,True
22,13,true,detail,attribute,The station was initially planned as a country station.,False,False,False,585,"However, likely in response to the recent licensing of CKFU-FM in the same market at that time, when the station flipped to FM the format was switched to a rock station","[{""start"": 508, ""end"": 583, ""text"": ""the station was to continue the country music format of the former 560 CKNL""}]",0.009137189578817,0.0551185530382256,False,False,False,Retained: earlier/global/mixed content; no additional final-sentence/token locality identified.,False,0.5989967678074544,0.5898595782286373,0.5438782147692287,-0.0459813634594086,False
22,15,true,detail,local_text,The final clause mirrors the opening description.,False,False,False,585,"However, likely in response to the recent licensing of CKFU-FM in the same market at that time, when the station flipped to FM the format was switched to a rock station","[{""start"": 36, ""end"": 76, ""text"": ""that broadcasts a mainstream rock format""}]",0.005964820641641,0.0001457472328962,False,True,True,Explicitly describes how the final clause mirrors the opening description.,False,0.5989967678074544,0.5930319471658133,0.5988510205745581,0.0058190734087447,True
23,0,true,theme,format,The passage is in a biographical encyclopedia (Dictionary of Canadian Biography) format.,False,False,False,775,His son Joseph-Octave was a member of the Quebec legislative assembly,"[{""start"": 0, ""end"": 107, ""text"": ""Joseph Octave Mousseau (April 25, 1844 – December 13, 1898) was a physician and political figure in Quebec.""}]",-0.0093578536469476,0.0016853970700483,False,False,False,Retained: earlier/global/mixed content; no additional final-sentence/token locality identified.,False,0.6945103531206087,0.7038682067675563,0.6928249560505604,-0.0110432507169959,False
23,1,true,theme,style,The passage has consistent structured facts.,False,False,False,775,His son Joseph-Octave was a member of the Quebec legislative assembly,"[{""start"": 0, ""end"": 107, ""text"": ""Joseph Octave Mousseau (April 25, 1844 – December 13, 1898) was a physician and political figure in Quebec.""}]",0.005925616472726,0.0016853970700483,False,False,False,Retained: earlier/global/mixed content; no additional final-sentence/token locality identified.,False,0.6945103531206087,0.6885847366478827,0.6928249560505604,0.0042402194026777,False
23,2,true,detail,attribute,The subject is a 19th-century Canadian politician.,False,False,False,775,His son Joseph-Octave was a member of the Quebec legislative assembly,"[{""start"": 60, ""end"": 107, ""text"": ""was a physician and political figure in Quebec.""}]",0.0061214361908297,0.0016853970700483,False,False,False,Retained: earlier/global/mixed content; no additional final-sentence/token locality identified.,False,0.6945103531206087,0.688388916929779,0.6928249560505604,0.0044360391207813,False
23,3,true,detail,local_text,"The entry follows a pattern of listing political roles, elections, and family connections.",False,False,False,775,His son Joseph-Octave was a member of the Quebec legislative assembly,"[{""start"": 108, ""end"": 210, ""text"": ""He represented Soulanges in the House of Commons of Canada from 1891 to 1892 as an Independent member.""}]",0.0134645942392785,0.0014005367590653,False,False,False,Retained: earlier/global/mixed content; no additional final-sentence/token locality identified.,False,0.6945103531206087,0.6810457588813301,0.6931098163615433,0.0120640574802132,False
23,4,false,entity,identity,The subject is named William H. Emery.,False,False,False,775,His son Joseph-Octave was a member of the Quebec legislative assembly,"[{""start"": 0, ""end"": 59, ""text"": ""Joseph Octave Mousseau (April 25, 1844 – December 13, 1898)""}]",0.0038976334594716,0.0014005367590653,False,False,False,Retained: earlier/global/mixed content; no additional final-sentence/token locality identified.,False,0.6945103531206087,0.690612719661137,0.6931098163615433,0.0024970967004063,False
23,5,true,theme,style,Each sentence adds a new biographical detail.,False,False,False,775,His son Joseph-Octave was a member of the Quebec legislative assembly,"[{""start"": 108, ""end"": 210, ""text"": ""He represented Soulanges in the House of Commons of Canada from 1891 to 1892 as an Independent member.""}]",0.0028889521579498,0.0014005367590653,False,False,False,Retained: earlier/global/mixed content; no additional final-sentence/token locality identified.,False,0.6945103531206087,0.6916214009626589,0.6931098163615433,0.0014884153988844,False
23,6,true,detail,final_token,The final word of the prefix is “assembly”.,True,True,True,775,His son Joseph-Octave was a member of the Quebec legislative assembly,"[{""start"": 836, ""end"": 844, ""text"": ""assembly""}]",-0.0070736940809501,-0.0047989495451773,True,False,True,"Explicit final-word/token claim, excluded regardless of truth.",False,0.6945103531206087,0.7015840472015589,0.6993093026657861,-0.0022747445357728,True
23,7,false,detail,local_text,The final sentence ends as a fragment.,False,False,False,775,His son Joseph-Octave was a member of the Quebec legislative assembly,[],-0.0011605346299115,-0.0047989495451773,False,True,True,"Text review: assertion refers to the final source sentence's event, entity, attribute, or syntax; excluded despite missing/earlier evidence.",False,0.6945103531206087,0.6956708877505202,0.6993093026657861,0.0036384149152658,True
23,8,true,detail,local_text,The final sentence introduces a relative's political career.,True,True,False,775,His son Joseph-Octave was a member of the Quebec legislative assembly,"[{""start"": 775, ""end"": 844, ""text"": ""His son Joseph-Octave was a member of the Quebec legislative assembly""}]",-0.006687577704479,-0.0047989495451773,True,False,True,All nonempty cited evidence lies in the final source sentence; shared automatic exclusion.,False,0.6945103531206087,0.7011979308250877,0.6993093026657861,-0.0018886281593016,True
23,9,true,detail,event,His son was a member of the Quebec legislative assembly.,True,True,False,775,His son Joseph-Octave was a member of the Quebec legislative assembly,"[{""start"": 775, ""end"": 844, ""text"": ""His son Joseph-Octave was a member of the Quebec legislative assembly""}]",1.0310895462363228,9.78303341558906e-06,True,False,True,All nonempty cited evidence lies in the final source sentence; shared automatic exclusion.,False,0.6945103531206087,-0.336579193115714,0.6945005700871931,1.0310797632029072,True
23,10,false,entity,identity,The son's name was William.,False,True,False,775,His son Joseph-Octave was a member of the Quebec legislative assembly,"[{""start"": 775, ""end"": 844, ""text"": ""His son Joseph-Octave was a member of the Quebec legislative assembly""}]",0.0529573612788825,-0.0005233845932134,True,True,True,All nonempty cited evidence lies in the final source sentence; shared automatic exclusion.,False,0.6945103531206087,0.6415529918417262,0.6950337377138222,0.0534807458720959,True
23,12,false,detail,event,He served in the U.S. Congress from 1893 to 1903.,False,False,False,775,His son Joseph-Octave was a member of the Quebec legislative assembly,"[{""start"": 108, ""end"": 166, ""text"": ""He represented Soulanges in the House of Commons of Canada""}]",-0.0109888642926949,-0.001620541411098,False,False,False,Retained: earlier/global/mixed content; no additional final-sentence/token locality identified.,False,0.6945103531206087,0.7054992174133037,0.6961308945317067,-0.0093683228815969,False
23,13,false,detail,event,He was defeated in 1904.,False,False,False,775,His son Joseph-Octave was a member of the Quebec legislative assembly,"[{""start"": 41, ""end"": 58, ""text"": ""December 13, 1898""}]",0.0010694077473303,-0.001114050400516,False,False,False,Retained: earlier/global/mixed content; no additional final-sentence/token locality identified.,False,0.6945103531206087,0.6934409453732784,0.6956244035211248,0.0021834581478463,False
24,0,true,theme,format,The passage follows a Wikipedia biographical article structure.,False,False,False,1405,De Masi died of cancer at the age of 75,"[{""start"": 0, ""end"": 103, ""text"": ""Francesco De Masi (11 January 1930 – 6 November 2005) was an Italian conductor and film score composer.""}]",-0.0046155884766376,-0.0015559327626193,False,False,False,Retained: earlier/global/mixed content; no additional final-sentence/token locality identified.,False,0.7546408385543351,0.7592564270309727,0.7561967713169544,-0.0030596557140183,False
24,1,true,theme,topic,The passage covers career.,False,False,False,1405,De Masi died of cancer at the age of 75,"[{""start"": 104, ""end"": 177, ""text"": ""He studied composition at the San Pietro a Maiella Conservatory in Naples""}]",-0.0065099891462643,-0.0015559327626193,False,False,False,Retained: earlier/global/mixed content; no additional final-sentence/token locality identified.,False,0.7546408385543351,0.7611508277005994,0.7561967713169544,-0.0049540563836449,False
24,2,true,theme,topic,The passage covers filmography.,False,False,False,1405,De Masi died of cancer at the age of 75,"[{""start"": 366, ""end"": 436, ""text"": ""De Masi's filmography includes scores for over 200 films and TV series""}]",-0.0038956998976428,-0.0015559327626193,False,False,False,Retained: earlier/global/mixed content; no additional final-sentence/token locality identified.,False,0.7546408385543351,0.7585365384519779,0.7561967713169544,-0.0023397671350234,False
24,3,true,theme,topic,The passage covers legacy.,False,False,False,1405,De Masi died of cancer at the age of 75,"[{""start"": 725, ""end"": 786, ""text"": ""but he is best remembered for his work on spaghetti westerns.""}]",0.0013208524108734,-0.0015559327626193,False,False,False,Retained: earlier/global/mixed content; no additional final-sentence/token locality identified.,False,0.7546408385543351,0.7533199861434616,0.7561967713169544,0.0028767851734927,False
24,4,true,detail,local_text,The passage is now concluding with death details.,True,True,False,1405,De Masi died of cancer at the age of 75,"[{""start"": 1405, ""end"": 1444, ""text"": ""De Masi died of cancer at the age of 75""}]",-0.0035670453560883,-0.0015559327626193,True,False,True,All nonempty cited evidence lies in the final source sentence; shared automatic exclusion.,False,0.7546408385543351,0.7582078839104234,0.7561967713169544,-0.0020111125934689,True
24,5,true,detail,local_text,"The article has systematically covered life, career, and notable works.",False,False,False,1405,De Masi died of cancer at the age of 75,"[{""start"": 366, ""end"": 436, ""text"": ""De Masi's filmography includes scores for over 200 films and TV series""}]",0.0008803353501131,-0.000342800959513,False,False,False,Retained: earlier/global/mixed content; no additional final-sentence/token locality identified.,False,0.7546408385543351,0.7537605032042219,0.7549836395138481,0.0012231363096261,False
24,6,false,entity,identity,The subject is an Italian actor.,False,False,False,1405,De Masi died of cancer at the age of 75,"[{""start"": 54, ""end"": 103, ""text"": ""was an Italian conductor and film score composer.""}]",-0.0023261252447881,-0.000342800959513,False,False,False,Retained: earlier/global/mixed content; no additional final-sentence/token locality identified.,False,0.7546408385543351,0.7569669637991232,0.7549836395138481,-0.0019833242852751,False
24,8,true,theme,style,The passage follows a consistent encyclopedic pattern throughout.,False,False,False,1405,De Masi died of cancer at the age of 75,"[{""start"": 0, ""end"": 103, ""text"": ""Francesco De Masi (11 January 1930 – 6 November 2005) was an Italian conductor and film score composer.""}]",-0.0024385977798192,-0.000342800959513,False,False,False,Retained: earlier/global/mixed content; no additional final-sentence/token locality identified.,False,0.7546408385543351,0.7570794363341543,0.7549836395138481,-0.0020957968203062,False
24,9,true,detail,final_token,The final word of the prefix is “75”.,True,True,True,1405,De Masi died of cancer at the age of 75,"[{""start"": 1442, ""end"": 1444, ""text"": ""75""}]",-0.0122034365848873,-0.004074602538181,True,False,True,"Explicit final-word/token claim, excluded regardless of truth.",False,0.7546408385543351,0.7668442751392224,0.7587154410925161,-0.0081288340467062,True
24,10,true,detail,local_text,The final sentence is the death sentence.,True,True,False,1405,De Masi died of cancer at the age of 75,"[{""start"": 1405, ""end"": 1444, ""text"": ""De Masi died of cancer at the age of 75""}]",-0.0059603364839905,-0.004074602538181,True,False,True,All nonempty cited evidence lies in the final source sentence; shared automatic exclusion.,False,0.7546408385543351,0.7606011750383256,0.7587154410925161,-0.0018857339458094,True
24,12,true,detail,quantity,He died at age 75.,True,True,False,1405,De Masi died of cancer at the age of 75,"[{""start"": 1428, ""end"": 1444, ""text"": ""at the age of 75""}]",0.8438377154294523,0.0544354768174901,True,False,True,All nonempty cited evidence lies in the final source sentence; shared automatic exclusion.,False,0.7546408385543351,-0.0891968768751172,0.7002053617368449,0.7894022386119621,True
24,14,false,detail,date,The article's opening states he died in 2001.,False,False,False,1405,De Masi died of cancer at the age of 75,"[{""start"": 19, ""end"": 52, ""text"": ""11 January 1930 – 6 November 2005""}]",0.0093345358037091,-0.0005356813865984,False,False,False,Retained: earlier/global/mixed content; no additional final-sentence/token locality identified.,False,0.7546408385543351,0.7453063027506259,0.7551765199409335,0.0098702171903075,False
25,0,true,theme,genre,The passage is a historical narrative essay.,False,False,False,2036,"One of the most powerful governmental bodies of Republican Venice, the Council of Ten, soon convened to discuss the rumors","[{""start"": 0, ""end"": 105, ""text"": ""The Faliero Coup was a failed 1355 coup designed to overthrow Venice's established republican government.""}]",-0.0058237791587802,-0.0004850327398228,False,False,False,Retained: earlier/global/mixed content; no additional final-sentence/token locality identified.,False,0.6802662263275824,0.6860900054863627,0.6807512590674052,-0.0053387464189574,False
25,1,false,detail,event,The passage builds toward the climax of a 1905 assassination plot.,False,False,False,2036,"One of the most powerful governmental bodies of Republican Venice, the Council of Ten, soon convened to discuss the rumors","[{""start"": 0, ""end"": 105, ""text"": ""The Faliero Coup was a failed 1355 coup designed to overthrow Venice's established republican government.""}]",0.0144070936333734,-0.0004850327398228,False,False,False,Retained: earlier/global/mixed content; no additional final-sentence/token locality identified.,False,0.6802662263275824,0.6658591326942089,0.6807512590674052,0.0148921263731962,False
25,2,true,theme,style,The passage shows consistent chronological progression through events.,False,False,False,2036,"One of the most powerful governmental bodies of Republican Venice, the Council of Ten, soon convened to discuss the rumors","[{""start"": 1366, ""end"": 1509, ""text"": ""Faliero convened with two popular, wealthy, public figures who also had quarlles with the noblility: Bertuccio Isarello and Filippo Calendario.""}, {""start"": 1812, ""end"": 2035, ""text"": ""rumors of unrest quickly began to spread throughout the city and, the Venetian people, fearing the civil turmoil which was swelling up all around them in northern Italy and Byzantium, reported the rumors to the authorities.""}]",0.0016792115345428,-0.0004850327398228,False,False,False,Retained: earlier/global/mixed content; no additional final-sentence/token locality identified.,False,0.6802662263275824,0.6785870147930395,0.6807512590674052,0.0021642442743656,False
25,3,true,detail,event,The essay detailed the plot's formation.,False,False,False,2036,"One of the most powerful governmental bodies of Republican Venice, the Council of Ten, soon convened to discuss the rumors","[{""start"": 1556, ""end"": 1720, ""text"": ""he laid out his plan: Faliero and Isarello would recruit 20 trusted men who would assist in the overthrow of the government, who would each in turn recruit 40 each.""}]",0.0048154178973075,-0.0034693837940469,False,False,False,Retained: earlier/global/mixed content; no additional final-sentence/token locality identified.,False,0.6802662263275824,0.6754508084302748,0.6837356101216293,0.0082848016913544,False
25,4,false,detail,event,The essay detailed anonymous letters as part of the plot's discovery.,False,False,False,2036,"One of the most powerful governmental bodies of Republican Venice, the Council of Ten, soon convened to discuss the rumors",[],0.0084880583035956,0.0004407624984056,False,False,False,Retained: earlier/global/mixed content; no additional final-sentence/token locality identified.,False,0.6802662263275824,0.6717781680239867,0.6798254638291767,0.00804729580519,False
25,5,true,detail,event,The essay detailed the spreading rumors.,False,False,False,2036,"One of the most powerful governmental bodies of Republican Venice, the Council of Ten, soon convened to discuss the rumors","[{""start"": 1812, ""end"": 1872, ""text"": ""rumors of unrest quickly began to spread throughout the city""}]",-0.001584306812371,-0.0034693837940469,False,False,False,Retained: earlier/global/mixed content; no additional final-sentence/token locality identified.,False,0.6802662263275824,0.6818505331399535,0.6837356101216293,0.0018850769816758,False
25,8,true,detail,final_token,"The final token is ""rumors"".",True,True,True,2036,"One of the most powerful governmental bodies of Republican Venice, the Council of Ten, soon convened to discuss the rumors","[{""start"": 2103, ""end"": 2158, ""text"": ""the Council of Ten, soon convened to discuss the rumors""}]",-0.0004905217918739,0.0001432293501931,True,False,True,"Explicit final-word/token claim, excluded regardless of truth.",False,0.6802662263275824,0.6807567481194563,0.6801229969773892,-0.000633751142067,True
25,9,false,detail,local_text,The passage's final sentence closes as an incomplete fragment.,False,True,False,2036,"One of the most powerful governmental bodies of Republican Venice, the Council of Ten, soon convened to discuss the rumors","[{""start"": 2103, ""end"": 2158, ""text"": ""the Council of Ten, soon convened to discuss the rumors""}]",-0.001189092373371,0.0046138370896758,True,True,True,All nonempty cited evidence lies in the final source sentence; shared automatic exclusion.,False,0.6802662263275824,0.6814553187009534,0.6756523892379065,-0.0058029294630469,True
25,10,false,entity,identification,"The rumors reached the attention of a Roman prefect, who began investigating them.",False,False,False,2036,"One of the most powerful governmental bodies of Republican Venice, the Council of Ten, soon convened to discuss the rumors",[],1.21362616876743,0.0046138370896758,False,True,True,"Text review: assertion refers to the final source sentence's event, entity, attribute, or syntax; excluded despite missing/earlier evidence.",False,0.6802662263275824,-0.5333599424398476,0.6756523892379065,1.209012331677754,True
26,0,true,theme,format,The passage is a Wikipedia-style airport article.,False,False,False,924,"Oakland / Troy was formerly designated 7D2 but changed March 17, 2005 after an automated weather station was installed at the field","[{""start"": 0, ""end"": 165, ""text"": ""Oakland / Troy Airport is a county-owned public-use airport located east of the central business district of Troy, a city in Oakland County, Michigan, United States.""}]",-0.0010541812610076,0.0033461619864258,False,False,False,Retained: earlier/global/mixed content; no additional final-sentence/token locality identified.,False,0.7074677021767173,0.7085218834377249,0.7041215401902914,-0.0044003432474335,False
26,1,true,theme,style,The article has structured factual entries.,False,False,False,924,"Oakland / Troy was formerly designated 7D2 but changed March 17, 2005 after an automated weather station was installed at the field","[{""start"": 0, ""end"": 165, ""text"": ""Oakland / Troy Airport is a county-owned public-use airport located east of the central business district of Troy, a city in Oakland County, Michigan, United States.""}]",0.0025645144575633,0.0033461619864258,False,False,False,Retained: earlier/global/mixed content; no additional final-sentence/token locality identified.,False,0.7074677021767173,0.704903187719154,0.7041215401902914,-0.0007816475288625,False
26,2,false,theme,format,The article mixes prose and table data.,False,False,False,924,"Oakland / Troy was formerly designated 7D2 but changed March 17, 2005 after an automated weather station was installed at the field",[],0.0062674349174617,0.0033461619864258,False,False,False,Retained: earlier/global/mixed content; no additional final-sentence/token locality identified.,False,0.7074677021767173,0.7012002672592555,0.7041215401902914,0.0029212729310358,False
26,3,false,entity,identity,The passage is about Grand Forks Regional Airport.,False,False,False,924,"Oakland / Troy was formerly designated 7D2 but changed March 17, 2005 after an automated weather station was installed at the field","[{""start"": 0, ""end"": 165, ""text"": ""Oakland / Troy Airport is a county-owned public-use airport located east of the central business district of Troy, a city in Oakland County, Michigan, United States.""}]",-0.0018923878753552,0.0033461619864258,False,False,False,Retained: earlier/global/mixed content; no additional final-sentence/token locality identified.,False,0.7074677021767173,0.7093600900520726,0.7041215401902914,-0.0052385498617811,False
26,4,true,theme,topic,The text describes the airport's FAA identifier history.,False,False,False,924,"Oakland / Troy was formerly designated 7D2 but changed March 17, 2005 after an automated weather station was installed at the field","[{""start"": 924, ""end"": 1055, ""text"": ""Oakland / Troy was formerly designated 7D2 but changed March 17, 2005 after an automated weather station was installed at the field""}, {""start"": 794, ""end"": 880, ""text"": ""Oakland / Troy Airport is assigned VLL by the FAA but has no designation from the IATA""}]",0.0040491807796411,-0.0013105860807043,False,False,False,Retained: earlier/global/mixed content; no additional final-sentence/token locality identified.,False,0.7074677021767173,0.7034185213970762,0.7087782882574216,0.0053597668603454,False
26,5,false,detail,local_text,The text is mid-sentence.,False,True,False,924,"Oakland / Troy was formerly designated 7D2 but changed March 17, 2005 after an automated weather station was installed at the field","[{""start"": 1029, ""end"": 1055, ""text"": ""was installed at the field""}]",0.0013300360515912,-0.0013105860807043,True,True,True,All nonempty cited evidence lies in the final source sentence; shared automatic exclusion.,False,0.7074677021767173,0.7061376661251261,0.7087782882574216,0.0026406221322955,True
26,6,false,detail,event,The identifier transitioned from GFK to GFD.,False,False,False,924,"Oakland / Troy was formerly designated 7D2 but changed March 17, 2005 after an automated weather station was installed at the field","[{""start"": 924, ""end"": 993, ""text"": ""Oakland / Troy was formerly designated 7D2 but changed March 17, 2005""}, {""start"": 794, ""end"": 843, ""text"": ""Oakland / Troy Airport is assigned VLL by the FAA""}]",0.0034126990569113,-0.0013105860807043,False,True,True,"Text review: assertion refers to the final source sentence's event, entity, attribute, or syntax; excluded despite missing/earlier evidence.",False,0.7074677021767173,0.704055003119806,0.7087782882574216,0.0047232851376156,True
26,7,false,detail,cause,The identifier change was due to Class D airspace designation and ATIS installation.,False,True,False,924,"Oakland / Troy was formerly designated 7D2 but changed March 17, 2005 after an automated weather station was installed at the field","[{""start"": 994, ""end"": 1055, ""text"": ""after an automated weather station was installed at the field""}]",-0.0117791620316272,-0.0013105860807043,True,True,True,All nonempty cited evidence lies in the final source sentence; shared automatic exclusion.,False,0.7074677021767173,0.7192468642083445,0.7087782882574216,-0.0104685759509228,True
26,8,true,detail,final_token,"The final token is ""field"".",True,True,True,924,"Oakland / Troy was formerly designated 7D2 but changed March 17, 2005 after an automated weather station was installed at the field","[{""start"": 1033, ""end"": 1055, ""text"": ""installed at the field""}]",-0.0020728898181665,0.0028698221128853,True,False,True,"Explicit final-word/token claim, excluded regardless of truth.",False,0.7074677021767173,0.7095405919948838,0.704597880063832,-0.0049427119310518,True
26,9,true,detail,event,The final clause explains the identifier change.,True,True,False,924,"Oakland / Troy was formerly designated 7D2 but changed March 17, 2005 after an automated weather station was installed at the field","[{""start"": 924, ""end"": 1055, ""text"": ""Oakland / Troy was formerly designated 7D2 but changed March 17, 2005 after an automated weather station was installed at the field""}]",0.0052519767651213,0.0028698221128853,True,False,True,All nonempty cited evidence lies in the final source sentence; shared automatic exclusion.,False,0.7074677021767173,0.7022157254115959,0.704597880063832,0.002382154652236,True
26,10,false,detail,event,The identifier change was made after an ATC radio beacon was installed at the field.,False,True,False,924,"Oakland / Troy was formerly designated 7D2 but changed March 17, 2005 after an automated weather station was installed at the field","[{""start"": 1000, ""end"": 1055, ""text"": ""an automated weather station was installed at the field""}]",0.0107107126801633,0.0028698221128853,True,True,True,All nonempty cited evidence lies in the final source sentence; shared automatic exclusion.,False,0.7074677021767173,0.696756989496554,0.704597880063832,0.0078408905672779,True
26,12,false,entity,identity,Grand Forks Airport received the GFD identifier in 2005.,False,False,False,924,"Oakland / Troy was formerly designated 7D2 but changed March 17, 2005 after an automated weather station was installed at the field","[{""start"": 924, ""end"": 993, ""text"": ""Oakland / Troy was formerly designated 7D2 but changed March 17, 2005""}, {""start"": 794, ""end"": 843, ""text"": ""Oakland / Troy Airport is assigned VLL by the FAA""}]",0.0099364229908964,0.0019983609701417,False,True,True,"Text review: assertion refers to the final source sentence's event, entity, attribute, or syntax; excluded despite missing/earlier evidence.",False,0.7074677021767173,0.6975312791858208,0.7054693412065756,0.0079380620207547,True
26,13,false,detail,event,The airport was added to the FAA's National Flight Plan Database.,False,False,False,924,"Oakland / Troy was formerly designated 7D2 but changed March 17, 2005 after an automated weather station was installed at the field",[],0.0039736539878754,0.0019983609701417,False,True,True,"Text review: assertion refers to the final source sentence's event, entity, attribute, or syntax; excluded despite missing/earlier evidence.",False,0.7074677021767173,0.7034940481888419,0.7054693412065756,0.0019752930177336,True
26,14,true,detail,event,The identifier change was made after an automated weather observer system was installed at the field.,True,True,False,924,"Oakland / Troy was formerly designated 7D2 but changed March 17, 2005 after an automated weather station was installed at the field","[{""start"": 924, ""end"": 1055, ""text"": ""Oakland / Troy was formerly designated 7D2 but changed March 17, 2005 after an automated weather station was installed at the field""}]",0.0135634590671229,0.0019983609701417,True,False,True,All nonempty cited evidence lies in the final source sentence; shared automatic exclusion.,False,0.7074677021767173,0.6939042431095943,0.7054693412065756,0.0115650980969812,True
26,15,false,detail,local_text,"""field"" ends a sentence fragment.",False,True,False,924,"Oakland / Troy was formerly designated 7D2 but changed March 17, 2005 after an automated weather station was installed at the field","[{""start"": 1029, ""end"": 1055, ""text"": ""was installed at the field""}]",0.0031966075917855,0.0019983609701417,True,True,True,All nonempty cited evidence lies in the final source sentence; shared automatic exclusion.,False,0.7074677021767173,0.7042710945849318,0.7054693412065756,0.0011982466216438,True
26,17,true,theme,topic,The passage is about a local airport.,False,False,False,924,"Oakland / Troy was formerly designated 7D2 but changed March 17, 2005 after an automated weather station was installed at the field","[{""start"": 0, ""end"": 165, ""text"": ""Oakland / Troy Airport is a county-owned public-use airport located east of the central business district of Troy, a city in Oakland County, Michigan, United States.""}]",0.0015093518964565,0.0017797730427939,False,False,False,Retained: earlier/global/mixed content; no additional final-sentence/token locality identified.,False,0.7074677021767173,0.7059583502802608,0.7056879291339233,-0.0002704211463374,False
27,0,true,theme,format,The passage is a Wikipedia article.,False,False,False,2476,A legitimate publisher in one jurisdiction may assist writers from elsewhere to circumvent their own laws by enabling them to publish abroad,"[{""start"": 0, ""end"": 214, ""text"": ""Clandestine literature, also called \""underground literature\"", refers to a type of editorial and publishing process that involves self-publishing works, often in contradiction with the legal standards of a location.""}]",-0.1335717563501546,0.0182812473104898,False,False,False,Retained: earlier/global/mixed content; no additional final-sentence/token locality identified.,False,0.5937199385647287,0.7272916949148833,0.5754386912542389,-0.1518530036606444,False
27,1,true,theme,topic,The passage is about censorship.,False,False,False,2476,A legitimate publisher in one jurisdiction may assist writers from elsewhere to circumvent their own laws by enabling them to publish abroad,"[{""start"": 215, ""end"": 318, ""text"": ""Clandestine literature is often an attempt to circumvent censorship, prosecution, or other suppression.""}, {""start"": 843, ""end"": 969, ""text"": ""usually containing texts that would have been considered highly blasphemous by the Ancien Régime, or even straight out atheist""}]",-0.0848368592636685,0.0182812473104898,False,False,False,Retained: earlier/global/mixed content; no additional final-sentence/token locality identified.,False,0.5937199385647287,0.6785567978283973,0.5754386912542389,-0.1031181065741584,False
27,2,true,theme,style,The passage systematically covers historical and legal dimensions.,False,False,False,2476,A legitimate publisher in one jurisdiction may assist writers from elsewhere to circumvent their own laws by enabling them to publish abroad,"[{""start"": 459, ""end"": 546, ""text"": ""Examples of clandestine literature include the Samizdat literature of Soviet dissidents""}, {""start"": 152, ""end"": 213, ""text"": ""often in contradiction with the legal standards of a location""}]",-0.0336294766042735,0.0182812473104898,False,False,False,Retained: earlier/global/mixed content; no additional final-sentence/token locality identified.,False,0.5937199385647287,0.6273494151690022,0.5754386912542389,-0.0519107239147633,False
27,3,true,theme,style,The passage has an encyclopedic register throughout.,False,False,False,2476,A legitimate publisher in one jurisdiction may assist writers from elsewhere to circumvent their own laws by enabling them to publish abroad,"[{""start"": 0, ""end"": 214, ""text"": ""Clandestine literature, also called \""underground literature\"", refers to a type of editorial and publishing process that involves self-publishing works, often in contradiction with the legal standards of a location.""}]",0.0033091357346328,0.0182812473104898,False,False,False,Retained: earlier/global/mixed content; no additional final-sentence/token locality identified.,False,0.5937199385647287,0.5904108028300958,0.5754386912542389,-0.0149721115758569,False
27,4,true,theme,topic,The passage catalogues various forms and mechanisms of censorship evasion.,False,False,False,2476,A legitimate publisher in one jurisdiction may assist writers from elsewhere to circumvent their own laws by enabling them to publish abroad,"[{""start"": 459, ""end"": 657, ""text"": ""Examples of clandestine literature include the Samizdat literature of Soviet dissidents; the Aljamiado literature of Al-Andalus Spain; and the nushu writing of some upper-class women in Hunan, China""}]",0.0384383273098685,-0.0080168236559462,False,False,False,Retained: earlier/global/mixed content; no additional final-sentence/token locality identified.,False,0.5937199385647287,0.5552816112548602,0.601736762220675,0.0464551509658147,False
27,5,true,theme,topic,The passage discusses jurisdictional loopholes.,False,False,False,2476,A legitimate publisher in one jurisdiction may assist writers from elsewhere to circumvent their own laws by enabling them to publish abroad,"[{""start"": 1317, ""end"": 1480, ""text"": ""The clandestine literature of 18th century France also consisted of printed works produced in neighbouring Switzerland or the Netherlands and smuggled into France.""}]",-0.0097420278074911,-0.0080168236559462,False,False,False,Retained: earlier/global/mixed content; no additional final-sentence/token locality identified.,False,0.5937199385647287,0.6034619663722198,0.601736762220675,-0.0017252041515448,False
27,6,true,detail,local_text,The passage builds toward a final point about foreign publication as a workaround.,True,True,False,2476,A legitimate publisher in one jurisdiction may assist writers from elsewhere to circumvent their own laws by enabling them to publish abroad,"[{""start"": 2476, ""end"": 2616, ""text"": ""A legitimate publisher in one jurisdiction may assist writers from elsewhere to circumvent their own laws by enabling them to publish abroad""}]",0.0168006297162175,-0.0080168236559462,True,False,True,All nonempty cited evidence lies in the final source sentence; shared automatic exclusion.,False,0.5937199385647287,0.5769193088485112,0.601736762220675,0.0248174533721637,True
27,7,true,detail,final_token,"The final token is ""abroad"".",True,True,True,2476,A legitimate publisher in one jurisdiction may assist writers from elsewhere to circumvent their own laws by enabling them to publish abroad,"[{""start"": 2585, ""end"": 2616, ""text"": ""enabling them to publish abroad""}]",-0.0160294359338795,0.0070785838002599,True,False,True,"Explicit final-word/token claim, excluded regardless of truth.",False,0.5937199385647287,0.6097493744986082,0.5866413547644688,-0.0231080197341394,True
27,8,true,detail,event,The final sentence explains how publishers could bypass domestic restrictions by publishing in jurisdictions with looser laws.,True,True,False,2476,A legitimate publisher in one jurisdiction may assist writers from elsewhere to circumvent their own laws by enabling them to publish abroad,"[{""start"": 2476, ""end"": 2616, ""text"": ""A legitimate publisher in one jurisdiction may assist writers from elsewhere to circumvent their own laws by enabling them to publish abroad""}]",-0.0132521951075952,0.0070785838002599,True,False,True,All nonempty cited evidence lies in the final source sentence; shared automatic exclusion.,False,0.5937199385647287,0.6069721336723239,0.5866413547644688,-0.0203307789078551,True
27,9,true,detail,event,Publishers could help authors circumvent domestic legal restrictions by enabling them to publish abroad.,True,True,False,2476,A legitimate publisher in one jurisdiction may assist writers from elsewhere to circumvent their own laws by enabling them to publish abroad,"[{""start"": 2476, ""end"": 2616, ""text"": ""A legitimate publisher in one jurisdiction may assist writers from elsewhere to circumvent their own laws by enabling them to publish abroad""}]",0.0538512561253543,0.0126670627087576,True,False,True,All nonempty cited evidence lies in the final source sentence; shared automatic exclusion.,False,0.5937199385647287,0.5398686824393744,0.5810528758559711,0.0411841934165967,True
27,10,true,detail,local_text,The sentence is grammatically complete.,True,True,False,2476,A legitimate publisher in one jurisdiction may assist writers from elsewhere to circumvent their own laws by enabling them to publish abroad,"[{""start"": 2585, ""end"": 2616, ""text"": ""enabling them to publish abroad""}]",-0.0009345345154587,0.0070785838002599,True,False,True,All nonempty cited evidence lies in the final source sentence; shared automatic exclusion.,False,0.5937199385647287,0.5946544730801875,0.5866413547644688,-0.0080131183157187,True
28,0,true,theme,format,The passage is a Wikipedia article.,False,False,False,989,"Other Brazilian cities that trade with Santa Elena de Uairen are Manaus, Santarém, Macapá, Belém","[{""start"": 0, ""end"": 144, ""text"": ""Santa Elena de Uairén () is a small Venezuelan city (29,795 inhabitants in 2006) in the state of Bolívar near the border with Brazil and Guyana.""}]",0.010923615983726,0.0034655235729188,False,False,False,Retained: earlier/global/mixed content; no additional final-sentence/token locality identified.,False,0.6676375363290925,0.6567139203453665,0.6641720127561737,0.0074580924108071,False
28,1,false,entity,identity,"The passage is about São Tomé, Brazil.",False,False,False,989,"Other Brazilian cities that trade with Santa Elena de Uairen are Manaus, Santarém, Macapá, Belém","[{""start"": 0, ""end"": 144, ""text"": ""Santa Elena de Uairén () is a small Venezuelan city (29,795 inhabitants in 2006) in the state of Bolívar near the border with Brazil and Guyana.""}]",-0.0140276724593724,0.0034655235729188,False,False,False,Retained: earlier/global/mixed content; no additional final-sentence/token locality identified.,False,0.6676375363290925,0.6816652087884649,0.6641720127561737,-0.0174931960322912,False
28,2,true,theme,style,The passage follows encyclopedic structure.,False,False,False,989,"Other Brazilian cities that trade with Santa Elena de Uairen are Manaus, Santarém, Macapá, Belém","[{""start"": 0, ""end"": 144, ""text"": ""Santa Elena de Uairén () is a small Venezuelan city (29,795 inhabitants in 2006) in the state of Bolívar near the border with Brazil and Guyana.""}]",0.001351068782466,0.0034655235729188,False,False,False,Retained: earlier/global/mixed content; no additional final-sentence/token locality identified.,False,0.6676375363290925,0.6662864675466265,0.6641720127561737,-0.0021144547904528,False
28,3,true,theme,style,"The passage contains historical, demographic, and geographic details throughout.",False,False,False,989,"Other Brazilian cities that trade with Santa Elena de Uairen are Manaus, Santarém, Macapá, Belém","[{""start"": 145, ""end"": 192, ""text"": ""It was Founded by Lucas Fernandez Peña in 1923.""}, {""start"": 0, ""end"": 144, ""text"": ""Santa Elena de Uairén () is a small Venezuelan city (29,795 inhabitants in 2006) in the state of Bolívar near the border with Brazil and Guyana.""}]",0.0022290497404096,0.0034655235729188,False,False,False,Retained: earlier/global/mixed content; no additional final-sentence/token locality identified.,False,0.6676375363290925,0.6654084865886829,0.6641720127561737,-0.0012364738325092,False
28,4,false,theme,format,The text has shifted into a user comment section.,False,False,False,989,"Other Brazilian cities that trade with Santa Elena de Uairen are Manaus, Santarém, Macapá, Belém",[],-0.0137489800733834,-0.0114623886331111,False,False,False,Retained: earlier/global/mixed content; no additional final-sentence/token locality identified.,False,0.6676375363290925,0.6813865164024759,0.6790999249622036,-0.0022865914402723,False
28,5,true,theme,topic,The passage discusses trade routes between Santa Elena and Brazil.,False,False,False,989,"Other Brazilian cities that trade with Santa Elena de Uairen are Manaus, Santarém, Macapá, Belém","[{""start"": 856, ""end"": 988, ""text"": ""Santa Elena sees a busy exchange between the two countries of Brazilian consumer products from Brazil and Venezuelan oil and petrol.""}]",-0.0071604977127002,-0.0114623886331111,False,False,False,Retained: earlier/global/mixed content; no additional final-sentence/token locality identified.,False,0.6676375363290925,0.6747980340417927,0.6790999249622036,0.0043018909204108,False
28,6,false,theme,topic,The passage discusses historical connections with Brazil.,False,False,False,989,"Other Brazilian cities that trade with Santa Elena de Uairen are Manaus, Santarém, Macapá, Belém",[],0.0008540378865666,-0.0114623886331111,False,False,False,Retained: earlier/global/mixed content; no additional final-sentence/token locality identified.,False,0.6676375363290925,0.6667834984425258,0.6790999249622036,0.0123164265196777,False
28,9,true,detail,final_token,"The final token is ""Belém"".",True,True,True,989,"Other Brazilian cities that trade with Santa Elena de Uairen are Manaus, Santarém, Macapá, Belém","[{""start"": 1054, ""end"": 1085, ""text"": ""Manaus, Santarém, Macapá, Belém""}]",-0.0021051063633262,0.0081275626145171,True,False,True,"Explicit final-word/token claim, excluded regardless of truth.",False,0.6676375363290925,0.6697426426924188,0.6595099737145753,-0.0102326689778434,True
28,10,true,detail,local_text,Belém is the last item in a comma-separated list of Brazilian cities.,True,True,False,989,"Other Brazilian cities that trade with Santa Elena de Uairen are Manaus, Santarém, Macapá, Belém","[{""start"": 989, ""end"": 1085, ""text"": ""Other Brazilian cities that trade with Santa Elena de Uairen are Manaus, Santarém, Macapá, Belém""}]",-0.0098931401795987,0.0081275626145171,True,False,True,All nonempty cited evidence lies in the final source sentence; shared automatic exclusion.,False,0.6676375363290925,0.6775306765086913,0.6595099737145753,-0.0180207027941159,True
28,11,false,detail,attribute,The cities in the list are northeastern/northern Brazilian cities.,False,False,False,989,"Other Brazilian cities that trade with Santa Elena de Uairen are Manaus, Santarém, Macapá, Belém",[],-0.0078156038293227,0.0081275626145171,False,True,True,"Text review: assertion refers to the final source sentence's event, entity, attribute, or syntax; excluded despite missing/earlier evidence.",False,0.6676375363290925,0.6754531401584153,0.6595099737145753,-0.0159431664438399,True
28,12,false,detail,exact_words,"The passage's city list reads ""Natal, Aracaju, Salvador, Fortaleza, Macapá, Belém"".",False,True,False,989,"Other Brazilian cities that trade with Santa Elena de Uairen are Manaus, Santarém, Macapá, Belém","[{""start"": 1054, ""end"": 1085, ""text"": ""Manaus, Santarém, Macapá, Belém""}]",-0.0334545646036966,0.0081275626145171,True,True,True,All nonempty cited evidence lies in the final source sentence; shared automatic exclusion.,False,0.6676375363290925,0.7010921009327892,0.6595099737145753,-0.0415821272182138,True
28,14,false,detail,attribute,Belém is part of an Amazonian river/port city sequence in Brazil's Pará region.,False,False,False,989,"Other Brazilian cities that trade with Santa Elena de Uairen are Manaus, Santarém, Macapá, Belém",[],0.0293399729422987,-0.0001794890581897,False,True,True,"Text review: assertion refers to the final source sentence's event, entity, attribute, or syntax; excluded despite missing/earlier evidence.",False,0.6676375363290925,0.6382975633867938,0.6678170253872823,0.0295194620004884,True
28,15,false,detail,event,People would travel to other cities in Brazil from Santa Elena.,False,False,False,989,"Other Brazilian cities that trade with Santa Elena de Uairen are Manaus, Santarém, Macapá, Belém",[],-0.0046165078454278,-0.00100341580558,False,True,True,Exclude: travel replaces trade as the relation linking the final list of cities.,True,0.6676375363290925,0.6722540441745204,0.6686409521346726,-0.0036130920398478,True
28,16,false,detail,exact_words,"The list of cities includes ""Boa Vista, Macapá, Santarém, Belém"".",False,True,False,989,"Other Brazilian cities that trade with Santa Elena de Uairen are Manaus, Santarém, Macapá, Belém","[{""start"": 1054, ""end"": 1085, ""text"": ""Manaus, Santarém, Macapá, Belém""}]",0.008514500109866,-0.00100341580558,True,True,True,All nonempty cited evidence lies in the final source sentence; shared automatic exclusion.,False,0.6676375363290925,0.6591230362192264,0.6686409521346726,0.0095179159154461,True
29,0,true,theme,style,The passage has an informational/expository tone.,False,False,False,724,"A series of seventeen different Washington state crime scenes involving seven firearms, and three different agencies in two counties, was identified using information provided by IBIS / NIBIN","[{""start"": 0, ""end"": 118, ""text"": ""The National Integrated Ballistic Information Network or NIBIN is a specialized computer network in the United States.""}]",0.0014393674308235,0.010268604129609,False,False,False,Retained: earlier/global/mixed content; no additional final-sentence/token locality identified.,False,0.6108305713963229,0.6093912039654994,0.6005619672667138,-0.0088292366987855,False
29,1,true,theme,topic,The passage explains a law enforcement technology.,False,False,False,724,"A series of seventeen different Washington state crime scenes involving seven firearms, and three different agencies in two counties, was identified using information provided by IBIS / NIBIN","[{""start"": 265, ""end"": 423, ""text"": ""NIBIN enables U.S. law enforcers to rapidly determine if a piece of recovered ballistic evidence came from a firearm that has been previously used in a crime.""}]",0.0030572788419126,0.010268604129609,False,False,False,Retained: earlier/global/mixed content; no additional final-sentence/token locality identified.,False,0.6108305713963229,0.6077732925544103,0.6005619672667138,-0.0072113252876964,False
29,3,true,theme,style,The passage contains factual claims and statistics throughout.,True,True,False,724,"A series of seventeen different Washington state crime scenes involving seven firearms, and three different agencies in two counties, was identified using information provided by IBIS / NIBIN","[{""start"": 724, ""end"": 915, ""text"": ""A series of seventeen different Washington state crime scenes involving seven firearms, and three different agencies in two counties, was identified using information provided by IBIS / NIBIN""}]",0.0082889659288845,0.010268604129609,True,False,True,All nonempty cited evidence lies in the final source sentence; shared automatic exclusion.,False,0.6108305713963229,0.6025416054674384,0.6005619672667138,-0.0019796382007245,True
29,4,true,detail,local_text,The passage builds toward a concrete success story.,True,True,False,724,"A series of seventeen different Washington state crime scenes involving seven firearms, and three different agencies in two counties, was identified using information provided by IBIS / NIBIN","[{""start"": 724, ""end"": 915, ""text"": ""A series of seventeen different Washington state crime scenes involving seven firearms, and three different agencies in two counties, was identified using information provided by IBIS / NIBIN""}]",-0.0030739441917606,-2.9365566760475303e-05,True,False,True,All nonempty cited evidence lies in the final source sentence; shared automatic exclusion.,False,0.6108305713963229,0.6139045155880836,0.6108599369630834,-0.0030445786250001,True
29,6,true,detail,local_text,The final sentence introduces a real-world case outcome.,True,True,False,724,"A series of seventeen different Washington state crime scenes involving seven firearms, and three different agencies in two counties, was identified using information provided by IBIS / NIBIN","[{""start"": 724, ""end"": 915, ""text"": ""A series of seventeen different Washington state crime scenes involving seven firearms, and three different agencies in two counties, was identified using information provided by IBIS / NIBIN""}]",-0.0026219899851835,-2.9365566760475303e-05,True,False,True,All nonempty cited evidence lies in the final source sentence; shared automatic exclusion.,False,0.6108305713963229,0.6134525613815065,0.6108599369630834,-0.0025926244184231,True
29,8,false,detail,local_text,The passage closes a sentence fragment.,False,True,False,724,"A series of seventeen different Washington state crime scenes involving seven firearms, and three different agencies in two counties, was identified using information provided by IBIS / NIBIN","[{""start"": 891, ""end"": 915, ""text"": ""provided by IBIS / NIBIN""}]",0.0035599818410467,0.0097728045440308,True,True,True,All nonempty cited evidence lies in the final source sentence; shared automatic exclusion.,False,0.6108305713963229,0.6072705895552761,0.6010577668522921,-0.006212822702984,True
29,9,false,detail,exact_words,"The system is called CBISIN, as part of CODIS/CBISIN.",False,False,False,724,"A series of seventeen different Washington state crime scenes involving seven firearms, and three different agencies in two counties, was identified using information provided by IBIS / NIBIN",[],0.0333523385759396,0.0097728045440308,False,True,True,"Exclude: alternate system string in the reconstruction of the final success-story clause; earlier explanation uses CODIS, not this string.",True,0.6108305713963229,0.5774782328203832,0.6010577668522921,0.0235795340319088,True
29,12,true,detail,event,The system can help identify patterns of crimes that would otherwise go unnoticed.,False,False,False,724,"A series of seventeen different Washington state crime scenes involving seven firearms, and three different agencies in two counties, was identified using information provided by IBIS / NIBIN","[{""start"": 619, ""end"": 723, ""text"": ""Using NIBIN, law enforcement staff can identify firearms in new cases that were used in prior incidents.""}]",0.0014858013912144,0.0071760736922441,False,False,False,Retained: earlier/global/mixed content; no additional final-sentence/token locality identified.,False,0.6108305713963229,0.6093447700051084,0.6036544977040788,-0.0056902723010296,False
29,13,false,detail,exact_words,"The system is called SBISIN, as part of CODIS/SBISIN.",False,False,False,724,"A series of seventeen different Washington state crime scenes involving seven firearms, and three different agencies in two counties, was identified using information provided by IBIS / NIBIN",[],0.0253224135103773,0.0071760736922441,False,True,True,Exclude: alternate system string in the reconstruction of the final success-story clause.,True,0.6108305713963229,0.5855081578859456,0.6036544977040788,0.0181463398181331,True
30,0,true,theme,format,The passage is a Wikipedia biographical article.,False,False,False,827,Outside politics he worked as a fisher from 1938 to 1974,"[{""start"": 0, ""end"": 94, ""text"": ""Eivind Bolle (13 October 1923 – 10 June 2012) was a Norwegian politician for the Labour Party.""}]",-0.0069610414812636,-0.0004800721855976,False,False,False,Retained: earlier/global/mixed content; no additional final-sentence/token locality identified.,False,0.7108087129852374,0.717769754466501,0.711288785170835,-0.0064809692956659,False
30,1,true,theme,style,The article follows a strict structured format for Norwegian politicians.,False,False,False,827,Outside politics he worked as a fisher from 1938 to 1974,"[{""start"": 0, ""end"": 94, ""text"": ""Eivind Bolle (13 October 1923 – 10 June 2012) was a Norwegian politician for the Labour Party.""}]",-0.0108007926872948,-0.0004800721855976,False,False,False,Retained: earlier/global/mixed content; no additional final-sentence/token locality identified.,False,0.7108087129852374,0.7216095056725322,0.711288785170835,-0.0103207205016971,False
30,2,true,theme,style,The article details life events chronologically.,False,False,False,827,Outside politics he worked as a fisher from 1938 to 1974,"[{""start"": 95, ""end"": 114, ""text"": ""He was born in Hol.""}, {""start"": 115, ""end"": 217, ""text"": ""He was elected to the Norwegian Parliament from Nordland in 1973, and was re-elected on two occasions.""}]",0.0037923282126013,-0.0004800721855976,False,False,False,Retained: earlier/global/mixed content; no additional final-sentence/token locality identified.,False,0.7108087129852374,0.7070163847726361,0.711288785170835,0.0042724003981989,False
30,3,true,detail,event,The article systematically covers his political roles.,False,False,False,827,Outside politics he worked as a fisher from 1938 to 1974,"[{""start"": 299, ""end"": 381, ""text"": ""He was the Minister of Fisheries from 1973 to 1981 during three different cabinets""}, {""start"": 722, ""end"": 758, ""text"": ""He served as mayor from 1971 to 1973""}]",0.0011734334229417,0.0068895670941649,False,False,False,Retained: earlier/global/mixed content; no additional final-sentence/token locality identified.,False,0.7108087129852374,0.7096352795622957,0.7039191458910724,-0.0057161336712232,False
30,4,true,detail,event,The article covers his party affiliations.,False,False,False,827,Outside politics he worked as a fisher from 1938 to 1974,"[{""start"": 0, ""end"": 94, ""text"": ""Eivind Bolle (13 October 1923 – 10 June 2012) was a Norwegian politician for the Labour Party.""}]",-0.0007610979000725,0.0068895670941649,False,False,False,Retained: earlier/global/mixed content; no additional final-sentence/token locality identified.,False,0.7108087129852374,0.7115698108853099,0.7039191458910724,-0.0076506649942374,False
30,5,true,detail,event,The article covers his electoral history.,False,False,False,827,Outside politics he worked as a fisher from 1938 to 1974,"[{""start"": 115, ""end"": 217, ""text"": ""He was elected to the Norwegian Parliament from Nordland in 1973, and was re-elected on two occasions.""}, {""start"": 218, ""end"": 298, ""text"": ""He had previously served as a deputy representative during the term 1969 – 1973.""}]",0.0021303201148044,0.0068895670941649,False,False,False,Retained: earlier/global/mixed content; no additional final-sentence/token locality identified.,False,0.7108087129852374,0.708678392870433,0.7039191458910724,-0.0047592469793605,False
30,6,true,detail,event,The final sentence introduces a detail about his occupation as a fisherman.,True,True,False,827,Outside politics he worked as a fisher from 1938 to 1974,"[{""start"": 827, ""end"": 883, ""text"": ""Outside politics he worked as a fisher from 1938 to 1974""}]",0.0074887063596585,0.0068895670941649,True,False,True,All nonempty cited evidence lies in the final source sentence; shared automatic exclusion.,False,0.7108087129852374,0.7033200066255788,0.7039191458910724,0.0005991392654935,True
30,7,true,theme,style,This is consistent with a closing biographical facts section.,True,True,False,827,Outside politics he worked as a fisher from 1938 to 1974,"[{""start"": 827, ""end"": 883, ""text"": ""Outside politics he worked as a fisher from 1938 to 1974""}]",0.0013790883654227,0.0068895670941649,True,False,True,All nonempty cited evidence lies in the final source sentence; shared automatic exclusion.,False,0.7108087129852374,0.7094296246198146,0.7039191458910724,-0.0055104787287422,True
30,8,true,detail,final_token,"The final token is ""1974"".",True,True,True,827,Outside politics he worked as a fisher from 1938 to 1974,"[{""start"": 827, ""end"": 883, ""text"": ""Outside politics he worked as a fisher from 1938 to 1974""}]",0.0079213460783473,0.0152002432381822,True,False,True,"Explicit final-word/token claim, excluded regardless of truth.",False,0.7108087129852374,0.70288736690689,0.6956084697470551,-0.0072788971598348,True
30,9,true,detail,local_text,The final token ends a date range.,True,True,False,827,Outside politics he worked as a fisher from 1938 to 1974,"[{""start"": 827, ""end"": 883, ""text"": ""Outside politics he worked as a fisher from 1938 to 1974""}]",0.0030873023809581,0.0152002432381822,True,False,True,All nonempty cited evidence lies in the final source sentence; shared automatic exclusion.,False,0.7108087129852374,0.7077214106042793,0.6956084697470551,-0.0121129408572241,True
30,10,true,detail,event,He worked as a fisherman from 1938 to 1974.,True,True,False,827,Outside politics he worked as a fisher from 1938 to 1974,"[{""start"": 827, ""end"": 883, ""text"": ""Outside politics he worked as a fisher from 1938 to 1974""}]",0.4145791552210239,0.0132048171296536,True,False,True,All nonempty cited evidence lies in the final source sentence; shared automatic exclusion.,False,0.7108087129852374,0.2962295577642135,0.6976038958555838,0.4013743380913702,True
30,12,false,detail,event,He served as a parish council member from 1953 to 1979.,False,False,False,827,Outside politics he worked as a fisher from 1938 to 1974,"[{""start"": 587, ""end"": 721, ""text"": ""On the local level he was a member of Hol municipality council from 1959 to 1963, and later in Hol's successor municipality Vestvågøy.""}]",0.0233418557546349,-0.0002691962929679,False,False,False,Retained: earlier/global/mixed content; no additional final-sentence/token locality identified.,False,0.7108087129852374,0.6874668572306024,0.7110779092782054,0.0236110520476029,False
30,13,false,detail,local_text,The sentence is incomplete.,False,True,False,827,Outside politics he worked as a fisher from 1938 to 1974,"[{""start"": 844, ""end"": 883, ""text"": ""he worked as a fisher from 1938 to 1974""}]",0.0038924064339262,-0.0002691962929679,True,True,True,All nonempty cited evidence lies in the final source sentence; shared automatic exclusion.,False,0.7108087129852374,0.7069163065513111,0.7110779092782054,0.0041616027268942,True
31,0,true,theme,format,The passage is a Wikipedia article with encyclopedic prose.,False,False,False,1088,"The film was nominated for an Academy Award for Best Animated Short Film in 2013, losing to Paperman","[{""start"": 0, ""end"": 188, ""text"": ""Maggie Simpson in \""The Longest Daycare\"", or simply The Longest Daycare, is a 2012 American traditionally animated 3D comedy short film based on the animated television series The Simpsons.""}]",0.0066284573654997,0.0006776398416279,False,False,False,Retained: earlier/global/mixed content; no additional final-sentence/token locality identified.,False,0.691143369776872,0.6845149124113722,0.690465729935244,0.0059508175238718,False
31,1,true,theme,topic,"The article covers plot, production, reception, and awards.",False,False,False,1088,"The film was nominated for an Academy Award for Best Animated Short Film in 2013, losing to Paperman","[{""start"": 189, ""end"": 254, ""text"": ""In the film, Maggie Simpson is enrolled at a new daycare facility""}, {""start"": 346, ""end"": 405, ""text"": ""The short originated with Simpsons producer James L. Brooks""}, {""start"": 1018, ""end"": 1087, ""text"": ""Reception has been positive, praising the storytelling and animation.""}, {""start"": 1088, ""end"": 1188, ""text"": ""The film was nominated for an Academy Award for Best Animated Short Film in 2013, losing to Paperman""}]",0.0043312848956269,0.0006776398416279,False,False,False,Retained: earlier/global/mixed content; no additional final-sentence/token locality identified.,False,0.691143369776872,0.686812084881245,0.690465729935244,0.003653645053999,False
31,2,false,entity,identity,"The film described is the Japanese animated short ""Bear Story.""",False,False,False,1088,"The film was nominated for an Academy Award for Best Animated Short Film in 2013, losing to Paperman","[{""start"": 0, ""end"": 188, ""text"": ""Maggie Simpson in \""The Longest Daycare\"", or simply The Longest Daycare, is a 2012 American traditionally animated 3D comedy short film based on the animated television series The Simpsons.""}]",-0.00078193488176,0.0006776398416279,False,False,False,Retained: earlier/global/mixed content; no additional final-sentence/token locality identified.,False,0.691143369776872,0.691925304658632,0.690465729935244,-0.0014595747233879,False
31,3,true,detail,event,The awards section concludes by detailing the film's Oscar nomination and loss.,True,True,False,1088,"The film was nominated for an Academy Award for Best Animated Short Film in 2013, losing to Paperman","[{""start"": 1088, ""end"": 1188, ""text"": ""The film was nominated for an Academy Award for Best Animated Short Film in 2013, losing to Paperman""}]",-0.0050273809157169,0.0030696096524516,True,False,True,All nonempty cited evidence lies in the final source sentence; shared automatic exclusion.,False,0.691143369776872,0.6961707506925889,0.6880737601244203,-0.0080969905681685,True
31,5,true,detail,final_token,"The final token is ""Paperman"".",True,True,True,1088,"The film was nominated for an Academy Award for Best Animated Short Film in 2013, losing to Paperman","[{""start"": 1170, ""end"": 1188, ""text"": ""losing to Paperman""}]",0.0116532226847932,0.0204219313873214,True,False,True,"Explicit final-word/token claim, excluded regardless of truth.",False,0.691143369776872,0.6794901470920787,0.6707214383895506,-0.0087687087025281,True
31,6,true,detail,event,Paperman is the winning film.,True,True,False,1088,"The film was nominated for an Academy Award for Best Animated Short Film in 2013, losing to Paperman","[{""start"": 1170, ""end"": 1188, ""text"": ""losing to Paperman""}]",0.0018814664928809,0.0121407761597832,True,False,True,All nonempty cited evidence lies in the final source sentence; shared automatic exclusion.,False,0.691143369776872,0.6892619032839911,0.6790025936170887,-0.0102593096669023,True
31,7,false,detail,local_text,The final token appears mid-sentence.,False,True,False,1088,"The film was nominated for an Academy Award for Best Animated Short Film in 2013, losing to Paperman","[{""start"": 1170, ""end"": 1188, ""text"": ""losing to Paperman""}]",-0.0023384189019294,0.0121407761597832,True,True,True,All nonempty cited evidence lies in the final source sentence; shared automatic exclusion.,False,0.691143369776872,0.6934817886788014,0.6790025936170887,-0.0144791950617126,True
31,8,true,detail,event,The film lost the Academy Award for Best Animated Short Film to Paperman.,True,True,False,1088,"The film was nominated for an Academy Award for Best Animated Short Film in 2013, losing to Paperman","[{""start"": 1088, ""end"": 1188, ""text"": ""The film was nominated for an Academy Award for Best Animated Short Film in 2013, losing to Paperman""}]",0.0432052071509226,0.0362293321211314,True,False,True,All nonempty cited evidence lies in the final source sentence; shared automatic exclusion.,False,0.691143369776872,0.6479381626259493,0.6549140376557405,0.0069758750297912,True
31,11,false,detail,event,The film was nominated at the 86th Academy Awards.,False,False,False,1088,"The film was nominated for an Academy Award for Best Animated Short Film in 2013, losing to Paperman",[],-0.0004514182090492,0.0104982824852797,False,True,True,"Text review: assertion refers to the final source sentence's event, entity, attribute, or syntax; excluded despite missing/earlier evidence.",False,0.691143369776872,0.6915947879859212,0.6806450872915922,-0.0109497006943289,True
31,12,false,detail,event,Paperman is described as the losing film.,False,True,False,1088,"The film was nominated for an Academy Award for Best Animated Short Film in 2013, losing to Paperman","[{""start"": 1170, ""end"": 1188, ""text"": ""losing to Paperman""}]",-0.0035379576173234,0.0104982824852797,True,True,True,All nonempty cited evidence lies in the final source sentence; shared automatic exclusion.,False,0.691143369776872,0.6946813273941954,0.6806450872915922,-0.0140362401026031,True
31,13,false,detail,attribute,Paperman is a Pixar short.,False,False,False,1088,"The film was nominated for an Academy Award for Best Animated Short Film in 2013, losing to Paperman",[],0.0103532963867994,0.0104982824852797,False,True,True,"Text review: assertion refers to the final source sentence's event, entity, attribute, or syntax; excluded despite missing/earlier evidence.",False,0.691143369776872,0.6807900733900725,0.6806450872915922,-0.0001449860984802,True
32,0,true,theme,format,"The passage is a Wikipedia article with factual, encyclopedic prose.",False,False,False,986,The album was certified gold by the British Phonographic Industry on 21 February 2014,"[{""start"": 0, ""end"": 72, ""text"": ""Demonstration is the second studio album by British rapper Tinie Tempah.""}]",-0.020139194218204,-0.0001450763185464,False,False,False,Retained: earlier/global/mixed content; no additional final-sentence/token locality identified.,False,0.6856816724197705,0.7058208666379746,0.685826748738317,-0.0199941178996576,False
32,1,false,entity,identity,The passage is about a song's chart performance and reception.,False,False,False,986,The album was certified gold by the British Phonographic Industry on 21 February 2014,"[{""start"": 0, ""end"": 72, ""text"": ""Demonstration is the second studio album by British rapper Tinie Tempah.""}]",0.0046637831836602,-0.0001450763185464,False,False,False,Retained: earlier/global/mixed content; no additional final-sentence/token locality identified.,False,0.6856816724197705,0.6810178892361103,0.685826748738317,0.0048088595022066,False
32,2,true,theme,style,The passage follows standard music article conventions.,False,False,False,986,The album was certified gold by the British Phonographic Industry on 21 February 2014,"[{""start"": 0, ""end"": 72, ""text"": ""Demonstration is the second studio album by British rapper Tinie Tempah.""}]",-0.0027130406617794,-0.0001450763185464,False,False,False,Retained: earlier/global/mixed content; no additional final-sentence/token locality identified.,False,0.6856816724197705,0.68839471308155,0.685826748738317,-0.002567964343233,False
32,3,true,detail,event,The article covers the album's release.,False,False,False,986,The album was certified gold by the British Phonographic Industry on 21 February 2014,"[{""start"": 73, ""end"": 194, ""text"": ""The album was released on 4 November 2013 as the follow-up to his commercially successful debut album, Disc-Overy (2010).""}]",0.0032922934072892,0.001113193643226,False,False,False,Retained: earlier/global/mixed content; no additional final-sentence/token locality identified.,False,0.6856816724197705,0.6823893790124813,0.6845684787765445,0.0021790997640631,False
32,4,true,detail,event,The article covers chart performance.,False,False,False,986,The album was certified gold by the British Phonographic Industry on 21 February 2014,"[{""start"": 799, ""end"": 896, ""text"": ""The album entered the UK Albums Chart at number three, making it less successful than Disc-Overy.""}]",0.0005231835416676,0.001113193643226,False,False,False,Retained: earlier/global/mixed content; no additional final-sentence/token locality identified.,False,0.6856816724197705,0.6851584888781028,0.6845684787765445,-0.0005900101015583,False
32,5,true,detail,event,The article covers critical reception.,False,False,False,986,The album was certified gold by the British Phonographic Industry on 21 February 2014,"[{""start"": 658, ""end"": 798, ""text"": ""Demonstration received generally positive reviews, with music critics praising the choice of producers and Tempah's evolution as a musician.""}]",0.0015238881369326,0.001113193643226,False,False,False,Retained: earlier/global/mixed content; no additional final-sentence/token locality identified.,False,0.6856816724197705,0.6841577842828379,0.6845684787765445,0.0004106944937065,False
32,6,true,detail,event,The article covers commercial success.,False,False,False,986,The album was certified gold by the British Phonographic Industry on 21 February 2014,"[{""start"": 799, ""end"": 896, ""text"": ""The album entered the UK Albums Chart at number three, making it less successful than Disc-Overy.""}, {""start"": 986, ""end"": 1071, ""text"": ""The album was certified gold by the British Phonographic Industry on 21 February 2014""}]",-0.0021545690281165,-0.0030570841135137,False,False,False,Retained: earlier/global/mixed content; no additional final-sentence/token locality identified.,False,0.6856816724197705,0.687836241447887,0.6887387565332843,0.0009025150853972,False
32,7,true,detail,local_text,"The final sentence completes the certification milestone, a natural concluding detail.",True,True,False,986,The album was certified gold by the British Phonographic Industry on 21 February 2014,"[{""start"": 986, ""end"": 1071, ""text"": ""The album was certified gold by the British Phonographic Industry on 21 February 2014""}]",0.0193993495759468,0.001113193643226,True,False,True,All nonempty cited evidence lies in the final source sentence; shared automatic exclusion.,False,0.6856816724197705,0.6662823228438237,0.6845684787765445,0.0182861559327207,True
32,8,true,detail,final_token,"The final token is ""2014"".",True,True,True,986,The album was certified gold by the British Phonographic Industry on 21 February 2014,"[{""start"": 1052, ""end"": 1071, ""text"": ""on 21 February 2014""}]",-0.0038164668703601,-0.0051482874763244,True,False,True,"Explicit final-word/token claim, excluded regardless of truth.",False,0.6856816724197705,0.6894981392901307,0.690829959896095,0.0013318206059642,True
32,9,true,detail,local_text,The final token ends a certification date clause.,True,True,False,986,The album was certified gold by the British Phonographic Industry on 21 February 2014,"[{""start"": 986, ""end"": 1071, ""text"": ""The album was certified gold by the British Phonographic Industry on 21 February 2014""}]",-0.0004945582519488,-0.0051482874763244,True,False,True,All nonempty cited evidence lies in the final source sentence; shared automatic exclusion.,False,0.6856816724197705,0.6861762306717194,0.690829959896095,0.0046537292243755,True
32,10,true,detail,event,The album was certified gold by the BPI.,True,True,False,986,The album was certified gold by the British Phonographic Industry on 21 February 2014,"[{""start"": 986, ""end"": 1071, ""text"": ""The album was certified gold by the British Phonographic Industry on 21 February 2014""}]",0.0672291651850875,-0.0073814081442932,True,False,True,All nonempty cited evidence lies in the final source sentence; shared automatic exclusion.,False,0.6856816724197705,0.6184525072346829,0.6930630805640637,0.0746105733293808,True
32,11,false,detail,date,The certification date was 13 March 2014.,False,True,False,986,The album was certified gold by the British Phonographic Industry on 21 February 2014,"[{""start"": 1052, ""end"": 1071, ""text"": ""on 21 February 2014""}]",0.8920629400577276,-0.0073814081442932,True,True,True,All nonempty cited evidence lies in the final source sentence; shared automatic exclusion.,False,0.6856816724197705,-0.206381267637957,0.6930630805640637,0.8994443482020208,True
32,13,false,detail,event,The song peaked at number two on the UK Singles Chart.,False,False,False,986,The album was certified gold by the British Phonographic Industry on 21 February 2014,"[{""start"": 799, ""end"": 896, ""text"": ""The album entered the UK Albums Chart at number three, making it less successful than Disc-Overy.""}]",0.0005692659566967,-0.0010063144686831,False,False,False,Retained: earlier/global/mixed content; no additional final-sentence/token locality identified.,False,0.6856816724197705,0.6851124064630738,0.6866879868884537,0.0015755804253798,False
32,14,false,detail,attribute,The reviews were mixed.,False,False,False,986,The album was certified gold by the British Phonographic Industry on 21 February 2014,"[{""start"": 658, ""end"": 798, ""text"": ""Demonstration received generally positive reviews, with music critics praising the choice of producers and Tempah's evolution as a musician.""}]",0.0039835153712659,-0.0010063144686831,False,False,False,Retained: earlier/global/mixed content; no additional final-sentence/token locality identified.,False,0.6856816724197705,0.6816981570485046,0.6866879868884537,0.0049898298399491,False
33,0,true,theme,format,The passage is a Wikipedia-style biographical article.,False,False,False,805,"His on-air conduct has received adverse findings from Australia's media regulators, and he has frequently been sued for defamation","[{""start"": 0, ""end"": 104, ""text"": ""Alan Belford Jones AO (born 13 April 1941, or possibly 1942 or 1943) is an Australian radio broadcaster.""}]",0.0010211558083613,0.0015088369253526,False,False,False,Retained: earlier/global/mixed content; no additional final-sentence/token locality identified.,False,0.7660478300743055,0.7650266742659442,0.7645389931489529,-0.0004876811169912,False
33,1,true,theme,style,"The article covers career, controversies, and legacy in sequence.",False,False,False,805,"His on-air conduct has received adverse findings from Australia's media regulators, and he has frequently been sued for defamation","[{""start"": 211, ""end"": 337, ""text"": ""He has worked as a school teacher, a speech writer in the office of the Prime Minister Malcolm Fraser, and in musical theatre.""}, {""start"": 471, ""end"": 513, ""text"": ""He has received civil and industry awards.""}, {""start"": 805, ""end"": 935, ""text"": ""His on-air conduct has received adverse findings from Australia's media regulators, and he has frequently been sued for defamation""}]",-0.0014074830367215,0.0015088369253526,False,False,False,Retained: earlier/global/mixed content; no additional final-sentence/token locality identified.,False,0.7660478300743055,0.7674553131110271,0.7645389931489529,-0.0029163199620741,False
33,2,false,entity,identity,The subject is profiled as an Australian investigative journalist.,False,False,False,805,"His on-air conduct has received adverse findings from Australia's media regulators, and he has frequently been sued for defamation","[{""start"": 0, ""end"": 104, ""text"": ""Alan Belford Jones AO (born 13 April 1941, or possibly 1942 or 1943) is an Australian radio broadcaster.""}]",0.0877057571058896,0.0015088369253526,False,False,False,Retained: earlier/global/mixed content; no additional final-sentence/token locality identified.,False,0.7660478300743055,0.6783420729684159,0.7645389931489529,0.086196920180537,False
33,3,true,theme,style,The article follows a consistent pattern of listing achievements then controversies.,False,False,False,805,"His on-air conduct has received adverse findings from Australia's media regulators, and he has frequently been sued for defamation","[{""start"": 471, ""end"": 513, ""text"": ""He has received civil and industry awards.""}, {""start"": 749, ""end"": 804, ""text"": ""Despite his success, he remains a controversial figure.""}]",-0.0010790510811086,-0.0053693706662359,False,False,False,Retained: earlier/global/mixed content; no additional final-sentence/token locality identified.,False,0.7660478300743055,0.7671268811554142,0.7714172007405415,0.0042903195851273,False
33,4,true,detail,local_text,The final sentence enumerates legal/professional troubles.,True,True,False,805,"His on-air conduct has received adverse findings from Australia's media regulators, and he has frequently been sued for defamation","[{""start"": 805, ""end"": 935, ""text"": ""His on-air conduct has received adverse findings from Australia's media regulators, and he has frequently been sued for defamation""}]",0.0017063195833061,-0.0053693706662359,True,False,True,All nonempty cited evidence lies in the final source sentence; shared automatic exclusion.,False,0.7660478300743055,0.7643415104909994,0.7714172007405415,0.0070756902495421,True
33,5,false,detail,event,He has been banned from parliament several times.,False,False,False,805,"His on-air conduct has received adverse findings from Australia's media regulators, and he has frequently been sued for defamation",[],0.0303135247649622,-0.0115188575854339,False,True,True,"Text review: assertion refers to the final source sentence's event, entity, attribute, or syntax; excluded despite missing/earlier evidence.",False,0.7660478300743055,0.7357343053093433,0.7775666876597395,0.0418323823503962,True
33,6,true,detail,event,He has been sued frequently for defamation.,True,True,False,805,"His on-air conduct has received adverse findings from Australia's media regulators, and he has frequently been sued for defamation","[{""start"": 893, ""end"": 935, ""text"": ""he has frequently been sued for defamation""}]",1.3925544204579745,-0.0115188575854339,True,False,True,All nonempty cited evidence lies in the final source sentence; shared automatic exclusion.,False,0.7660478300743055,-0.6265065903836686,0.7775666876597395,1.4040732780434082,True
33,7,true,theme,style,This signals a concluding list of negative consequences.,True,True,False,805,"His on-air conduct has received adverse findings from Australia's media regulators, and he has frequently been sued for defamation","[{""start"": 805, ""end"": 935, ""text"": ""His on-air conduct has received adverse findings from Australia's media regulators, and he has frequently been sued for defamation""}]",-0.0019551673902695,-0.0053693706662359,True,False,True,All nonempty cited evidence lies in the final source sentence; shared automatic exclusion.,False,0.7660478300743055,0.7680029974645751,0.7714172007405415,0.0034142032759664,True
33,8,true,detail,final_token,"The final token is ""defamation"".",True,True,True,805,"His on-air conduct has received adverse findings from Australia's media regulators, and he has frequently been sued for defamation","[{""start"": 893, ""end"": 935, ""text"": ""he has frequently been sued for defamation""}]",-0.0054397786116191,-0.0047266410762992,True,False,True,"Explicit final-word/token claim, excluded regardless of truth.",False,0.7660478300743055,0.7714876086859247,0.7707744711506048,-0.0007131375353198,True
33,9,false,detail,local_text,The final token ends an incomplete list of legal troubles.,False,True,False,805,"His on-air conduct has received adverse findings from Australia's media regulators, and he has frequently been sued for defamation","[{""start"": 893, ""end"": 935, ""text"": ""he has frequently been sued for defamation""}]",-0.0026606157008449,-0.0047266410762992,True,True,True,All nonempty cited evidence lies in the final source sentence; shared automatic exclusion.,False,0.7660478300743055,0.7687084457751505,0.7707744711506048,0.0020660253754543,True
33,11,true,detail,attribute,"He is known for his confrontational style and controversial claims, and has attracted criticism for his methods.",False,False,False,805,"His on-air conduct has received adverse findings from Australia's media regulators, and he has frequently been sued for defamation","[{""start"": 749, ""end"": 804, ""text"": ""Despite his success, he remains a controversial figure.""}, {""start"": 805, ""end"": 887, ""text"": ""His on-air conduct has received adverse findings from Australia's media regulators""}]",0.0085693123057418,-0.0073795314207177,False,False,False,Retained: earlier/global/mixed content; no additional final-sentence/token locality identified.,False,0.7660478300743055,0.7574785177685637,0.7734273614950233,0.0159488437264596,False
34,0,true,theme,format,The passage is a Wikipedia-style article about a British film production company.,False,False,False,819,The company was voluntarily dissolved in 2011,"[{""start"": 0, ""end"": 138, ""text"": ""Cinema Verity was a British independent television and film production company, founded in 1985 by Verity Lambert, the television producer""}]",0.0136018170924351,0.0048151815138051,False,False,False,Retained: earlier/global/mixed content; no additional final-sentence/token locality identified.,False,0.7485963705271351,0.7349945534347,0.74378118901333,0.00878663557863,False
34,1,true,theme,style,The article follows a consistent encyclopedic structure.,False,False,False,819,The company was voluntarily dissolved in 2011,"[{""start"": 0, ""end"": 138, ""text"": ""Cinema Verity was a British independent television and film production company, founded in 1985 by Verity Lambert, the television producer""}]",-0.0002102626559356,0.0048151815138051,False,False,False,Retained: earlier/global/mixed content; no additional final-sentence/token locality identified.,False,0.7485963705271351,0.7488066331830707,0.74378118901333,-0.0050254441697407,False
34,2,true,theme,topic,"The article covers founding, key works, and personnel.",False,False,False,819,The company was voluntarily dissolved in 2011,"[{""start"": 0, ""end"": 113, ""text"": ""Cinema Verity was a British independent television and film production company, founded in 1985 by Verity Lambert""}, {""start"": 718, ""end"": 773, ""text"": ""This programme was co-produced by actress Joanna Lumley""}]",-0.002460897142717,0.0048151815138051,False,False,False,Retained: earlier/global/mixed content; no additional final-sentence/token locality identified.,False,0.7485963705271351,0.7510572676698521,0.74378118901333,-0.0072760786565221,False
34,3,true,detail,event,The article covers the company's history.,False,False,False,819,The company was voluntarily dissolved in 2011,"[{""start"": 0, ""end"": 113, ""text"": ""Cinema Verity was a British independent television and film production company, founded in 1985 by Verity Lambert""}]",0.0004378773764968,-0.0030442574873146,False,False,False,Retained: earlier/global/mixed content; no additional final-sentence/token locality identified.,False,0.7485963705271351,0.7481584931506383,0.7516406280144498,0.0034821348638114,False
34,4,true,detail,event,The article covers notable films.,False,False,False,819,The company was voluntarily dissolved in 2011,"[{""start"": 224, ""end"": 301, ""text"": ""The company's first major venture was the 1988 feature film A Cry in the Dark""}]",-0.0038114068894629,-0.0030442574873146,False,False,False,Retained: earlier/global/mixed content; no additional final-sentence/token locality identified.,False,0.7485963705271351,0.752407777416598,0.7516406280144498,-0.0007671494021482,False
34,5,true,detail,event,The article covers key figures.,False,False,False,819,The company was voluntarily dissolved in 2011,"[{""start"": 80, ""end"": 138, ""text"": ""founded in 1985 by Verity Lambert, the television producer""}, {""start"": 718, ""end"": 773, ""text"": ""This programme was co-produced by actress Joanna Lumley""}]",-0.001087008017801,-0.0030442574873146,False,False,False,Retained: earlier/global/mixed content; no additional final-sentence/token locality identified.,False,0.7485963705271351,0.7496833785449362,0.7516406280144498,0.0019572494695135,False
34,6,true,detail,local_text,The natural conclusion is a closing statement about dissolution or legacy.,True,True,False,819,The company was voluntarily dissolved in 2011,"[{""start"": 819, ""end"": 864, ""text"": ""The company was voluntarily dissolved in 2011""}]",0.004991780203473,-0.0030442574873146,True,False,True,All nonempty cited evidence lies in the final source sentence; shared automatic exclusion.,False,0.7485963705271351,0.7436045903236621,0.7516406280144498,0.0080360376907876,True
34,7,true,detail,final_token,"The final token is ""2011"".",True,True,True,819,The company was voluntarily dissolved in 2011,"[{""start"": 819, ""end"": 864, ""text"": ""The company was voluntarily dissolved in 2011""}]",0.0043224185660576,0.0009586456036306,True,False,True,"Explicit final-word/token claim, excluded regardless of truth.",False,0.7485963705271351,0.7442739519610775,0.7476377249235044,0.0033637729624269,True
34,8,false,detail,local_text,The passage ends a sentence fragment.,False,True,False,819,The company was voluntarily dissolved in 2011,"[{""start"": 819, ""end"": 864, ""text"": ""The company was voluntarily dissolved in 2011""}]",-0.0001134157034275,0.0009586456036306,True,True,True,All nonempty cited evidence lies in the final source sentence; shared automatic exclusion.,False,0.7485963705271351,0.7487097862305627,0.7476377249235044,-0.0010720613070582,True
34,9,true,detail,event,The company was wound up in 2011.,True,True,False,819,The company was voluntarily dissolved in 2011,"[{""start"": 819, ""end"": 864, ""text"": ""The company was voluntarily dissolved in 2011""}]",0.2564797975448044,-0.0001671470827554,True,False,True,All nonempty cited evidence lies in the final source sentence; shared automatic exclusion.,False,0.7485963705271351,0.4921165729823307,0.7487635176098906,0.2566469446275599,True
34,10,true,detail,local_text,This is the concluding date of dissolution.,True,True,False,819,The company was voluntarily dissolved in 2011,"[{""start"": 819, ""end"": 864, ""text"": ""The company was voluntarily dissolved in 2011""}]",0.0089585563692663,0.0009586456036306,True,False,True,All nonempty cited evidence lies in the final source sentence; shared automatic exclusion.,False,0.7485963705271351,0.7396378141578688,0.7476377249235044,0.0079999107656356,True
34,12,false,detail,attribute,The company was a private limited company registered in England and Wales.,False,False,False,819,The company was voluntarily dissolved in 2011,[],0.0280995557956941,0.0006417504474521,False,False,False,Retained: earlier/global/mixed content; no additional final-sentence/token locality identified.,False,0.7485963705271351,0.720496814731441,0.7479546200796829,0.0274578053482419,False
34,13,false,detail,date,The company was founded in 1937.,False,False,False,819,The company was voluntarily dissolved in 2011,"[{""start"": 80, ""end"": 113, ""text"": ""founded in 1985 by Verity Lambert""}]",-0.0010486905593968,0.0006417504474521,False,False,False,Retained: earlier/global/mixed content; no additional final-sentence/token locality identified.,False,0.7485963705271351,0.749645061086532,0.7479546200796829,-0.001690441006849,False
34,14,false,detail,event,The company produced a number of films through the 1950s and 1960s.,False,False,False,819,The company was voluntarily dissolved in 2011,"[{""start"": 224, ""end"": 301, ""text"": ""The company's first major venture was the 1988 feature film A Cry in the Dark""}]",0.0168391943365625,0.0006417504474521,False,False,False,Retained: earlier/global/mixed content; no additional final-sentence/token locality identified.,False,0.7485963705271351,0.7317571761905726,0.7479546200796829,0.0161974438891103,False
35,0,true,theme,format,The passage is a biographical Wikipedia article.,False,False,False,1066,Wenderoth died in 1884 of tuberculosis,"[{""start"": 0, ""end"": 112, ""text"": ""Frederick August Wenderoth or F. A. Wenderoth (1819 – 1884) was a German-born American painter and photographer.""}]",0.0276486208574227,-0.0079139337627062,False,False,False,Retained: earlier/global/mixed content; no additional final-sentence/token locality identified.,False,0.781659885436992,0.7540112645795694,0.7895738191996983,0.0355625546201289,False
35,1,true,theme,style,The article follows a consistent chronological life narrative structure.,False,False,False,1066,Wenderoth died in 1884 of tuberculosis,"[{""start"": 113, ""end"": 266, ""text"": ""Born and educated in Cassel, where he first learned to paint from his father, he established a lifelong friendship with Charles Christian Nahl at school.""}]",-0.0056068295095229,-0.0079139337627062,False,False,False,Retained: earlier/global/mixed content; no additional final-sentence/token locality identified.,False,0.781659885436992,0.787266714946515,0.7895738191996983,0.0023071042531832,False
35,2,true,theme,topic,The article details career milestones and locations.,False,False,False,1066,Wenderoth died in 1884 of tuberculosis,"[{""start"": 521, ""end"": 687, ""text"": ""Unsuccessful as miners, Wenderoth and Nahl opened art studios, first in Sacramento and later in San Francisco, collaborating as painters, engravers and photographers.""}]",-0.003003850308937,-0.0079139337627062,False,False,False,Retained: earlier/global/mixed content; no additional final-sentence/token locality identified.,False,0.781659885436992,0.7846637357459291,0.7895738191996983,0.0049100834537691,False
35,5,true,detail,local_text,The article reaches the concluding biographical endpoint of his death.,True,True,False,1066,Wenderoth died in 1884 of tuberculosis,"[{""start"": 1066, ""end"": 1104, ""text"": ""Wenderoth died in 1884 of tuberculosis""}]",-0.0141958757553617,-0.0033577652836889,True,False,True,All nonempty cited evidence lies in the final source sentence; shared automatic exclusion.,False,0.781659885436992,0.7958557611923538,0.785017650720681,-0.0108381104716728,True
35,6,false,detail,local_text,The article closes with date and location details for his death.,False,True,False,1066,Wenderoth died in 1884 of tuberculosis,"[{""start"": 1066, ""end"": 1104, ""text"": ""Wenderoth died in 1884 of tuberculosis""}]",-0.0167414344029845,-0.0033577652836889,True,True,True,All nonempty cited evidence lies in the final source sentence; shared automatic exclusion.,False,0.781659885436992,0.7984013198399766,0.785017650720681,-0.0133836691192956,True
35,7,true,detail,final_token,"The final token is ""tuberculosis"".",True,True,True,1066,Wenderoth died in 1884 of tuberculosis,"[{""start"": 1066, ""end"": 1104, ""text"": ""Wenderoth died in 1884 of tuberculosis""}]",0.0246198636639738,0.0126820337296923,True,False,True,"Explicit final-word/token claim, excluded regardless of truth.",False,0.781659885436992,0.7570400217730182,0.7689778517072997,0.0119378299342814,True
35,8,true,detail,local_text,The final token ends the death sentence.,True,True,False,1066,Wenderoth died in 1884 of tuberculosis,"[{""start"": 1066, ""end"": 1104, ""text"": ""Wenderoth died in 1884 of tuberculosis""}]",-0.0016624585823781,0.0126820337296923,True,False,True,All nonempty cited evidence lies in the final source sentence; shared automatic exclusion.,False,0.781659885436992,0.7833223440193702,0.7689778517072997,-0.0143444923120704,True
35,9,true,detail,event,He died of tuberculosis.,True,True,False,1066,Wenderoth died in 1884 of tuberculosis,"[{""start"": 1066, ""end"": 1104, ""text"": ""Wenderoth died in 1884 of tuberculosis""}]",1.1799316460351283,0.032979919452589,True,False,True,All nonempty cited evidence lies in the final source sentence; shared automatic exclusion.,False,0.781659885436992,-0.3982717605981363,0.748679965984403,1.1469517265825393,True
35,10,false,detail,date,He died in 1876.,False,True,False,1066,Wenderoth died in 1884 of tuberculosis,"[{""start"": 1066, ""end"": 1104, ""text"": ""Wenderoth died in 1884 of tuberculosis""}]",0.0849148772057747,0.032979919452589,True,True,True,All nonempty cited evidence lies in the final source sentence; shared automatic exclusion.,False,0.781659885436992,0.6967450082312173,0.748679965984403,0.0519349577531856,True
35,12,false,detail,attribute,He worked in Sydney.,False,False,False,1066,Wenderoth died in 1884 of tuberculosis,[],0.0014974776452958,0.0147222368690153,False,False,False,Retained: earlier/global/mixed content; no additional final-sentence/token locality identified.,False,0.781659885436992,0.7801624077916962,0.7669376485679767,-0.0132247592237194,False
35,13,true,detail,attribute,He worked in New York.,False,False,False,1066,Wenderoth died in 1884 of tuberculosis,"[{""start"": 434, ""end"": 458, ""text"": ""living first in New York""}]",0.0030081378784502,0.0147222368690153,False,False,False,Retained: earlier/global/mixed content; no additional final-sentence/token locality identified.,False,0.781659885436992,0.7786517475585418,0.7669376485679767,-0.011714098990565,False
35,14,false,detail,attribute,He worked in London.,False,False,False,1066,Wenderoth died in 1884 of tuberculosis,[],-0.000585332459521,0.0147222368690153,False,False,False,Retained: earlier/global/mixed content; no additional final-sentence/token locality identified.,False,0.781659885436992,0.7822452178965131,0.7669376485679767,-0.0153075693285363,False
35,15,false,detail,event,"He produced a number of notable works, including a portrait of George Washington.",False,False,False,1066,Wenderoth died in 1884 of tuberculosis,[],0.004677640687734,0.0147222368690153,False,False,False,Retained: earlier/global/mixed content; no additional final-sentence/token locality identified.,False,0.781659885436992,0.776982244749258,0.7669376485679767,-0.0100445961812812,False
35,16,false,detail,attribute,He is best known for his Australian landscapes.,False,False,False,1066,Wenderoth died in 1884 of tuberculosis,[],-0.009741271250881,0.0147222368690153,False,False,False,Retained: earlier/global/mixed content; no additional final-sentence/token locality identified.,False,0.781659885436992,0.7914011566878731,0.7669376485679767,-0.0244635081198963,False
35,17,false,detail,local_text,The final clause is incomplete.,False,True,False,1066,Wenderoth died in 1884 of tuberculosis,"[{""start"": 1066, ""end"": 1104, ""text"": ""Wenderoth died in 1884 of tuberculosis""}]",0.0099835171896855,0.0147222368690153,True,True,True,All nonempty cited evidence lies in the final source sentence; shared automatic exclusion.,False,0.781659885436992,0.7716763682473065,0.7669376485679767,-0.0047387196793297,True
36,0,true,theme,format,The passage is a Wikipedia article.,False,False,False,890,"As its name indicates is dedicated to the Virgin Mary in her title of Our Lady of Copacabana, whose veneration has its origins in the territory that today is Bolivia and spread throughout Spanish America from 1583","[{""start"": 0, ""end"": 147, ""text"": ""The Our Lady of Copacabana Cathedral () or simply Cathedral of Guarenas, is the name given to a religious building belonging to the Catholic Church""}]",0.0051452655039123,-0.0012575894731332,False,False,False,Retained: earlier/global/mixed content; no additional final-sentence/token locality identified.,False,0.7459008070156727,0.7407555415117604,0.747158396488806,0.0064028549770456,False
36,1,false,theme,language,The passage is written in Spanish.,False,False,False,890,"As its name indicates is dedicated to the Virgin Mary in her title of Our Lady of Copacabana, whose veneration has its origins in the territory that today is Bolivia and spread throughout Spanish America from 1583",[],0.0235989332522024,-0.0012575894731332,False,False,False,Retained: earlier/global/mixed content; no additional final-sentence/token locality identified.,False,0.7459008070156727,0.7223018737634703,0.747158396488806,0.0248565227253356,False
36,2,true,theme,style,The passage has a consistent encyclopedic tone.,False,False,False,890,"As its name indicates is dedicated to the Virgin Mary in her title of Our Lady of Copacabana, whose veneration has its origins in the territory that today is Bolivia and spread throughout Spanish America from 1583","[{""start"": 0, ""end"": 147, ""text"": ""The Our Lady of Copacabana Cathedral () or simply Cathedral of Guarenas, is the name given to a religious building belonging to the Catholic Church""}]",9.553129682537964e-06,-0.0012575894731332,False,False,False,Retained: earlier/global/mixed content; no additional final-sentence/token locality identified.,False,0.7459008070156727,0.7458912538859902,0.747158396488806,0.0012671426028157,False
36,3,false,entity,identity,The passage is about a Mexican religious monument.,False,False,False,890,"As its name indicates is dedicated to the Virgin Mary in her title of Our Lady of Copacabana, whose veneration has its origins in the territory that today is Bolivia and spread throughout Spanish America from 1583","[{""start"": 223, ""end"": 395, ""text"": ""in the city of Guarenas, a city in the municipality Ambrosio Plaza, Miranda state, which serves as a \""satellite city\"" of Caracas, in the South American country of Venezuela""}]",0.0089386879238232,-0.0012575894731332,False,False,False,Retained: earlier/global/mixed content; no additional final-sentence/token locality identified.,False,0.7459008070156727,0.7369621190918495,0.747158396488806,0.0101962773969564,False
36,4,true,theme,topic,The passage covers the monument's historical context.,False,False,False,890,"As its name indicates is dedicated to the Virgin Mary in her title of Our Lady of Copacabana, whose veneration has its origins in the territory that today is Bolivia and spread throughout Spanish America from 1583","[{""start"": 464, ""end"": 531, ""text"": ""The first church on the site was built in rudimentary form in 1621.""}, {""start"": 532, ""end"": 568, ""text"": ""It was hit by an earthquake in 1766.""}]",0.0004982984369534,-0.0012575894731332,False,False,False,Retained: earlier/global/mixed content; no additional final-sentence/token locality identified.,False,0.7459008070156727,0.7454025085787193,0.747158396488806,0.0017558879100867,False
36,5,false,entity,relationship,The text traces the Virgin of Guadalupe's veneration from Mexico to Peru.,False,True,False,890,"As its name indicates is dedicated to the Virgin Mary in her title of Our Lady of Copacabana, whose veneration has its origins in the territory that today is Bolivia and spread throughout Spanish America from 1583","[{""start"": 915, ""end"": 1103, ""text"": ""dedicated to the Virgin Mary in her title of Our Lady of Copacabana, whose veneration has its origins in the territory that today is Bolivia and spread throughout Spanish America from 1583""}]",-0.0015729980385521,0.0022880455635978,True,True,True,All nonempty cited evidence lies in the final source sentence; shared automatic exclusion.,False,0.7459008070156727,0.7474738050542249,0.7436127614520749,-0.00386104360215,True
36,6,true,theme,topic,This establishes the monument's religious significance.,False,False,False,890,"As its name indicates is dedicated to the Virgin Mary in her title of Our Lady of Copacabana, whose veneration has its origins in the territory that today is Bolivia and spread throughout Spanish America from 1583","[{""start"": 397, ""end"": 463, ""text"": ""It has objects and relics of great historical and religious value.""}]",0.0082324356284282,0.0022880455635978,False,False,False,Retained: earlier/global/mixed content; no additional final-sentence/token locality identified.,False,0.7459008070156727,0.7376683713872445,0.7436127614520749,0.0059443900648303,False
36,7,true,theme,topic,The passage establishes a broader Catholic context.,False,False,False,890,"As its name indicates is dedicated to the Virgin Mary in her title of Our Lady of Copacabana, whose veneration has its origins in the territory that today is Bolivia and spread throughout Spanish America from 1583","[{""start"": 73, ""end"": 147, ""text"": ""is the name given to a religious building belonging to the Catholic Church""}, {""start"": 821, ""end"": 888, ""text"": ""by decision of Pope John Paul II by the bull Maiori christifidelium""}]",-0.0013326919477005,0.0022880455635978,False,False,False,Retained: earlier/global/mixed content; no additional final-sentence/token locality identified.,False,0.7459008070156727,0.7472334989633733,0.7436127614520749,-0.0036207375112984,False
36,8,false,detail,final_token,"The final token is ""1683"".",False,True,True,890,"As its name indicates is dedicated to the Virgin Mary in her title of Our Lady of Copacabana, whose veneration has its origins in the territory that today is Bolivia and spread throughout Spanish America from 1583","[{""start"": 1060, ""end"": 1103, ""text"": ""spread throughout Spanish America from 1583""}]",0.0084206992323558,0.0261147495383085,True,True,True,"Explicit final-word/token claim, excluded regardless of truth.",False,0.7459008070156727,0.7374801077833169,0.7197860574773642,-0.0176940503059526,True
36,9,true,detail,local_text,The final token ends a historical clause.,True,True,False,890,"As its name indicates is dedicated to the Virgin Mary in her title of Our Lady of Copacabana, whose veneration has its origins in the territory that today is Bolivia and spread throughout Spanish America from 1583","[{""start"": 984, ""end"": 1103, ""text"": ""whose veneration has its origins in the territory that today is Bolivia and spread throughout Spanish America from 1583""}]",0.0055930027530566,0.0261147495383085,True,False,True,All nonempty cited evidence lies in the final source sentence; shared automatic exclusion.,False,0.7459008070156727,0.7403078042626161,0.7197860574773642,-0.0205217467852518,True
36,10,false,detail,date,The devotion is dated since 1539.,False,False,False,890,"As its name indicates is dedicated to the Virgin Mary in her title of Our Lady of Copacabana, whose veneration has its origins in the territory that today is Bolivia and spread throughout Spanish America from 1583",[],0.010246460193835,0.0261147495383085,False,True,True,"Text review: assertion refers to the final source sentence's event, entity, attribute, or syntax; excluded despite missing/earlier evidence.",False,0.7459008070156727,0.7356543468218377,0.7197860574773642,-0.0158682893444734,True
36,11,false,entity,identity,"The devotion, called the Virgin of the Miraculous, was widespread in Peru.",False,True,False,890,"As its name indicates is dedicated to the Virgin Mary in her title of Our Lady of Copacabana, whose veneration has its origins in the territory that today is Bolivia and spread throughout Spanish America from 1583","[{""start"": 915, ""end"": 1055, ""text"": ""dedicated to the Virgin Mary in her title of Our Lady of Copacabana, whose veneration has its origins in the territory that today is Bolivia""}]",0.0411474947583279,0.0394845432785778,True,True,True,All nonempty cited evidence lies in the final source sentence; shared automatic exclusion.,False,0.7459008070156727,0.7047533122573448,0.7064162637370949,0.00166295147975,True
36,12,true,detail,date,The devotion spread throughout the Americas from 1583.,True,True,False,890,"As its name indicates is dedicated to the Virgin Mary in her title of Our Lady of Copacabana, whose veneration has its origins in the territory that today is Bolivia and spread throughout Spanish America from 1583","[{""start"": 1060, ""end"": 1103, ""text"": ""spread throughout Spanish America from 1583""}]",0.8810204863270137,0.0394845432785778,True,False,True,All nonempty cited evidence lies in the final source sentence; shared automatic exclusion.,False,0.7459008070156727,-0.1351196793113409,0.7064162637370949,0.8415359430484358,True
37,0,true,theme,format,The passage is a Wikipedia biographical article.,False,False,False,907,Both names mean,"[{""start"": 0, ""end"": 121, ""text"": ""Fatih Terim, Commendatore OSSI, T.C, (born 4 September 1953) is a Turkish association football manager and former player.""}]",0.0077860661456132,-0.0104743834298839,False,False,False,Retained: earlier/global/mixed content; no additional final-sentence/token locality identified.,False,0.731127495739647,0.7233414295940337,0.7416018791695309,0.0182604495754972,False
37,1,true,theme,topic,The article details the subject's career and nicknames throughout.,False,False,False,907,Both names mean,"[{""start"": 122, ""end"": 208, ""text"": ""He is currently the manager of Galatasaray, a position he previously held three times.""}, {""start"": 828, ""end"": 906, ""text"": ""His Turkish nickname is \""İmparator\"", and his Italian nickname is \""Imperatore\"".""}]",-0.0124707039758356,-0.0104743834298839,False,False,False,Retained: earlier/global/mixed content; no additional final-sentence/token locality identified.,False,0.731127495739647,0.7435981997154826,0.7416018791695309,-0.0019963205459516,False
37,2,false,entity,identity,The subject is Turkish wrestler Sait Faik Aksoy.,False,False,False,907,Both names mean,"[{""start"": 0, ""end"": 121, ""text"": ""Fatih Terim, Commendatore OSSI, T.C, (born 4 September 1953) is a Turkish association football manager and former player.""}]",0.0148547377902599,-0.0104743834298839,False,False,False,Retained: earlier/global/mixed content; no additional final-sentence/token locality identified.,False,0.731127495739647,0.716272757949387,0.7416018791695309,0.0253291212201438,False
37,3,true,detail,local_text,The sentence completes a parallel explanation of two nickname equivalents.,False,False,False,907,Both names mean,"[{""start"": 828, ""end"": 906, ""text"": ""His Turkish nickname is \""İmparator\"", and his Italian nickname is \""Imperatore\"".""}]",-0.0101081241105693,0.0007975035435994,False,True,True,Describes the current closing sentence 'Both names mean' and its parallel explanation of nickname equivalents.,False,0.731127495739647,0.7412356198502164,0.7303299921960476,-0.0109056276541688,True
37,4,true,detail,exact_words,His Turkish nickname is İmparator.,False,False,False,907,Both names mean,"[{""start"": 828, ""end"": 863, ""text"": ""His Turkish nickname is \""İmparator\""""}]",0.0255733695052822,0.0058502389631878,False,False,False,Retained: earlier/global/mixed content; no additional final-sentence/token locality identified.,False,0.731127495739647,0.7055541262343648,0.7252772567764592,0.0197231305420944,False
37,5,false,detail,exact_words,His Latin nickname is Imperator.,False,False,False,907,Both names mean,"[{""start"": 869, ""end"": 905, ""text"": ""his Italian nickname is \""Imperatore\""""}]",-0.0433636836580133,0.0058502389631878,False,False,False,Retained: earlier/global/mixed content; no additional final-sentence/token locality identified.,False,0.731127495739647,0.7744911793976603,0.7252772567764592,-0.0492139226212011,False
37,7,true,detail,final_token,"The final token is ""mean"".",True,True,True,907,Both names mean,"[{""start"": 907, ""end"": 922, ""text"": ""Both names mean""}]",-0.0146679988886231,-2.1827244501837484e-05,True,False,True,"Explicit final-word/token claim, excluded regardless of truth.",False,0.731127495739647,0.7457954946282701,0.7311493229841488,-0.0146461716441212,True
37,8,false,detail,local_text,The final token closes a relative clause.,False,True,False,907,Both names mean,"[{""start"": 907, ""end"": 922, ""text"": ""Both names mean""}]",-0.0112833119151074,-2.1827244501837484e-05,True,True,True,All nonempty cited evidence lies in the final source sentence; shared automatic exclusion.,False,0.731127495739647,0.7424108076547544,0.7311493229841488,-0.0112614846706056,True
37,9,true,detail,exact_words,Both names mean the same thing.,True,True,False,907,Both names mean,"[{""start"": 907, ""end"": 922, ""text"": ""Both names mean""}]",0.4028579988642015,0.0025253507885052,True,False,True,All nonempty cited evidence lies in the final source sentence; shared automatic exclusion.,False,0.731127495739647,0.3282694968754455,0.7286021449511417,0.4003326480756962,True
37,11,false,detail,attribute,He is also known by the nickname 'The Emperor'.,False,False,False,907,Both names mean,[],-0.0074046208291478,0.0049482856465156,False,False,False,Retained: earlier/global/mixed content; no additional final-sentence/token locality identified.,False,0.731127495739647,0.7385321165687948,0.7261792100931314,-0.0123529064756634,False
38,0,true,theme,format,The passage is a Wikipedia biographical article.,False,False,False,804,"He died in Sherman Oaks, California, a suburb of Los Angeles, on 14 October 1993","[{""start"": 0, ""end"": 143, ""text"": ""Walter Newman (11 February 1916 – 14 October 1993) was an American radio writer and screenwriter active from the late 1940s to the early 1990s.""}]",-0.0093413000340116,-0.0045895889861891,False,False,False,Retained: earlier/global/mixed content; no additional final-sentence/token locality identified.,False,0.6915963603823869,0.7009376604163986,0.696185949368576,-0.0047517110478225,False
38,1,true,theme,style,Each sentence covers a distinct life/career fact.,False,False,False,804,"He died in Sherman Oaks, California, a suburb of Los Angeles, on 14 October 1993","[{""start"": 144, ""end"": 240, ""text"": ""He was nominated three times for Academy Awards (Ace in the Hole, Cat Ballou, and Bloodbrothers)""}]",0.0031046633323729,-0.0045895889861891,False,False,False,Retained: earlier/global/mixed content; no additional final-sentence/token locality identified.,False,0.6915963603823869,0.688491697050014,0.696185949368576,0.007694252318562,False
38,2,false,entity,identity,The subject is Robert L. Anderson.,False,False,False,804,"He died in Sherman Oaks, California, a suburb of Los Angeles, on 14 October 1993","[{""start"": 0, ""end"": 143, ""text"": ""Walter Newman (11 February 1916 – 14 October 1993) was an American radio writer and screenwriter active from the late 1940s to the early 1990s.""}]",0.0090753674977952,-0.0045895889861891,False,False,False,Retained: earlier/global/mixed content; no additional final-sentence/token locality identified.,False,0.6915963603823869,0.6825209928845917,0.696185949368576,0.0136649564839843,False
38,3,true,theme,style,The article follows encyclopedic conventions.,False,False,False,804,"He died in Sherman Oaks, California, a suburb of Los Angeles, on 14 October 1993","[{""start"": 0, ""end"": 143, ""text"": ""Walter Newman (11 February 1916 – 14 October 1993) was an American radio writer and screenwriter active from the late 1940s to the early 1990s.""}]",0.0003107529526669,-0.0045895889861891,False,False,False,Retained: earlier/global/mixed content; no additional final-sentence/token locality identified.,False,0.6915963603823869,0.69128560742972,0.696185949368576,0.004900341938856,False
38,4,true,detail,event,The article covers career highlights.,False,False,False,804,"He died in Sherman Oaks, California, a suburb of Los Angeles, on 14 October 1993","[{""start"": 144, ""end"": 240, ""text"": ""He was nominated three times for Academy Awards (Ace in the Hole, Cat Ballou, and Bloodbrothers)""}]",-0.002875720051997,-0.0018970187617408,False,False,False,Retained: earlier/global/mixed content; no additional final-sentence/token locality identified.,False,0.6915963603823869,0.694472080434384,0.6934933791441278,-0.0009787012902562,False
38,5,true,detail,event,The article covers notable works.,False,False,False,804,"He died in Sherman Oaks, California, a suburb of Los Angeles, on 14 October 1993","[{""start"": 405, ""end"": 539, ""text"": ""Newman's radio writing included scripts for Escape, Suspense, and The Halls of Ivy as well as the first broadcast episode of Gunsmoke.""}]",-0.0012852491252008,-0.0018970187617408,False,False,False,Retained: earlier/global/mixed content; no additional final-sentence/token locality identified.,False,0.6915963603823869,0.6928816095075878,0.6934933791441278,0.0006117696365399,False
38,6,true,detail,event,The article covers his legacy.,False,False,False,804,"He died in Sherman Oaks, California, a suburb of Los Angeles, on 14 October 1993","[{""start"": 308, ""end"": 404, ""text"": ""his unproduced original script Harrow Alley, which \""has achieved legendary status in Hollywood.\""""}]",0.0009444063792911,-0.0018970187617408,False,False,False,Retained: earlier/global/mixed content; no additional final-sentence/token locality identified.,False,0.6915963603823869,0.6906519540030958,0.6934933791441278,0.002841425141032,False
38,7,true,detail,local_text,The final sentence completes the standard biographical closing with birth/death details.,False,False,False,804,"He died in Sherman Oaks, California, a suburb of Los Angeles, on 14 October 1993","[{""start"": 770, ""end"": 803, ""text"": ""Newman was born in New York City.""}, {""start"": 804, ""end"": 884, ""text"": ""He died in Sherman Oaks, California, a suburb of Los Angeles, on 14 October 1993""}]",0.0069967556273968,-0.0018970187617408,False,True,True,Explicitly characterizes the final biographical sentence; evidence also includes the preceding birthplace sentence.,False,0.6915963603823869,0.68459960475499,0.6934933791441278,0.0088937743891377,True
38,8,true,theme,style,This is a conventional Wikipedia ending pattern.,True,True,False,804,"He died in Sherman Oaks, California, a suburb of Los Angeles, on 14 October 1993","[{""start"": 804, ""end"": 884, ""text"": ""He died in Sherman Oaks, California, a suburb of Los Angeles, on 14 October 1993""}]",0.0005457537728363,-0.0018970187617408,True,False,True,All nonempty cited evidence lies in the final source sentence; shared automatic exclusion.,False,0.6915963603823869,0.6910506066095505,0.6934933791441278,0.0024427725345772,True
38,9,true,detail,final_token,"The final token is ""1993"".",True,True,True,804,"He died in Sherman Oaks, California, a suburb of Los Angeles, on 14 October 1993","[{""start"": 866, ""end"": 884, ""text"": ""on 14 October 1993""}]",-0.0106422452351675,-0.0023437240174515,True,False,True,"Explicit final-word/token claim, excluded regardless of truth.",False,0.6915963603823869,0.7022386056175545,0.6939400843998385,-0.008298521217716,True
38,10,true,detail,local_text,The final token closes the death date.,True,True,False,804,"He died in Sherman Oaks, California, a suburb of Los Angeles, on 14 October 1993","[{""start"": 804, ""end"": 884, ""text"": ""He died in Sherman Oaks, California, a suburb of Los Angeles, on 14 October 1993""}]",0.0018923073195427,-0.0023437240174515,True,False,True,All nonempty cited evidence lies in the final source sentence; shared automatic exclusion.,False,0.6915963603823869,0.6897040530628442,0.6939400843998385,0.0042360313369942,True
38,11,true,detail,event,He died in Los Angeles.,True,True,False,804,"He died in Sherman Oaks, California, a suburb of Los Angeles, on 14 October 1993","[{""start"": 804, ""end"": 884, ""text"": ""He died in Sherman Oaks, California, a suburb of Los Angeles, on 14 October 1993""}]",0.0945552632667163,-0.0063114700741979,True,False,True,All nonempty cited evidence lies in the final source sentence; shared automatic exclusion.,False,0.6915963603823869,0.5970410971156705,0.6979078304565849,0.1008667333409143,True
38,12,false,detail,date,"He died on December 21, 1993.",False,True,False,804,"He died in Sherman Oaks, California, a suburb of Los Angeles, on 14 October 1993","[{""start"": 866, ""end"": 884, ""text"": ""on 14 October 1993""}]",0.7564027146890796,-0.0063114700741979,True,True,True,All nonempty cited evidence lies in the final source sentence; shared automatic exclusion.,False,0.6915963603823869,-0.0648063543066927,0.6979078304565849,0.7627141847632777,True
38,13,true,detail,local_text,This directly mirrors the opening sentence's stated death year.,False,False,False,804,"He died in Sherman Oaks, California, a suburb of Los Angeles, on 14 October 1993","[{""start"": 0, ""end"": 143, ""text"": ""Walter Newman (11 February 1916 – 14 October 1993) was an American radio writer and screenwriter active from the late 1940s to the early 1990s.""}]",0.0153492318478278,-0.0023437240174515,False,True,True,Explicitly compares the closing death year with the opening year.,False,0.6915963603823869,0.676247128534559,0.6939400843998385,0.0176929558652794,True
38,17,true,detail,event,He was born in New York City.,False,False,False,804,"He died in Sherman Oaks, California, a suburb of Los Angeles, on 14 October 1993","[{""start"": 770, ""end"": 803, ""text"": ""Newman was born in New York City.""}]",0.0049091660009346,-0.0033777054447127,False,False,False,Retained: earlier/global/mixed content; no additional final-sentence/token locality identified.,False,0.6915963603823869,0.6866871943814523,0.6949740658270996,0.0082868714456473,False
38,18,true,detail,local_text,The sentence is grammatically complete.,True,True,False,804,"He died in Sherman Oaks, California, a suburb of Los Angeles, on 14 October 1993","[{""start"": 866, ""end"": 884, ""text"": ""on 14 October 1993""}]",0.0048029826352098,-0.0033777054447127,True,False,True,All nonempty cited evidence lies in the final source sentence; shared automatic exclusion.,False,0.6915963603823869,0.6867933777471771,0.6949740658270996,0.0081806880799225,True
39,0,true,theme,format,The passage is a tech news article with a formal press-release style.,False,False,False,634,Some of its applications could be to quickly build things like guides and how,"[{""start"": 0, ""end"": 158, ""text"": ""Google Springboard is an AI-powered assistant which aid users to quickly find relevant information, as and when they need it across all associated Google apps""}]",-0.0005606983496629,0.0013220757261848,False,False,False,Retained: earlier/global/mixed content; no additional final-sentence/token locality identified.,False,0.8019435583191032,0.8025042566687662,0.8006214825929184,-0.0018827740758478,False
39,1,true,theme,topic,The article reports on Google Workspace feature updates.,False,False,False,634,Some of its applications could be to quickly build things like guides and how,"[{""start"": 414, ""end"": 492, ""text"": ""Springboard also integrates with Google Sites – a tool for creating web pages.""}, {""start"": 493, ""end"": 633, ""text"": ""The updated app now supports collaboration between users and lets them add content from services like Google Docs, Calendar and Google Maps.""}]",-0.0050708921620541,0.0013220757261848,False,False,False,Retained: earlier/global/mixed content; no additional final-sentence/token locality identified.,False,0.8019435583191032,0.8070144504811574,0.8006214825929184,-0.0063929678882389,False
39,2,true,theme,style,The article maintains a consistent third-person journalistic register.,False,False,False,634,Some of its applications could be to quickly build things like guides and how,"[{""start"": 0, ""end"": 98, ""text"": ""Google Springboard is an AI-powered assistant which aid users to quickly find relevant information""}]",0.0003093523511616,0.0013220757261848,False,False,False,Retained: earlier/global/mixed content; no additional final-sentence/token locality identified.,False,0.8019435583191032,0.8016342059679415,0.8006214825929184,-0.0010127233750231,False
39,3,true,detail,event,The article described the feature's purpose.,False,False,False,634,Some of its applications could be to quickly build things like guides and how,"[{""start"": 0, ""end"": 124, ""text"": ""Google Springboard is an AI-powered assistant which aid users to quickly find relevant information, as and when they need it""}]",-0.0025245769191719,0.0009094466879684,False,False,False,Retained: earlier/global/mixed content; no additional final-sentence/token locality identified.,False,0.8019435583191032,0.8044681352382752,0.8010341116311348,-0.0034340236071404,False
39,4,false,detail,event,The article described security benefits.,False,False,False,634,Some of its applications could be to quickly build things like guides and how,[],-0.0034292871704377,0.0009094466879684,False,False,False,Retained: earlier/global/mixed content; no additional final-sentence/token locality identified.,False,0.8019435583191032,0.805372845489541,0.8010341116311348,-0.0043387338584062,False
39,5,true,detail,local_text,The article concludes with a list of use cases/examples.,True,True,False,634,Some of its applications could be to quickly build things like guides and how,"[{""start"": 634, ""end"": 711, ""text"": ""Some of its applications could be to quickly build things like guides and how""}]",0.0061090807002676,0.0009094466879684,True,False,True,All nonempty cited evidence lies in the final source sentence; shared automatic exclusion.,False,0.8019435583191032,0.7958344776188356,0.8010341116311348,0.0051996340122991,True
39,6,false,detail,attribute,This is for the shared folder functionality.,False,False,False,634,Some of its applications could be to quickly build things like guides and how,[],0.0041520071525713,0.0009094466879684,False,False,False,"Keep: invented folder functionality concerns the feature generally, preceding the final application examples.",True,0.8019435583191032,0.7977915511665319,0.8010341116311348,0.0032425604646029,False
39,7,true,detail,final_token,"The final token is ""how"".",True,True,True,634,Some of its applications could be to quickly build things like guides and how,"[{""start"": 671, ""end"": 711, ""text"": ""quickly build things like guides and how""}]",0.0015436157214121,-0.0046251914274695,True,False,True,"Explicit final-word/token claim, excluded regardless of truth.",False,0.8019435583191032,0.8003999425976911,0.8065687497465728,0.0061688071488816,True
39,8,true,detail,exact_words,Users can create guides and how(-to)s.,True,True,False,634,Some of its applications could be to quickly build things like guides and how,"[{""start"": 634, ""end"": 711, ""text"": ""Some of its applications could be to quickly build things like guides and how""}]",0.0472664385930631,-0.0045472578603047,True,False,True,All nonempty cited evidence lies in the final source sentence; shared automatic exclusion.,False,0.8019435583191032,0.7546771197260401,0.806490816179408,0.0518136964533678,True
39,11,false,detail,event,Google is adding a feature that allows users to share folders with external users.,False,False,False,634,Some of its applications could be to quickly build things like guides and how,[],-0.0018070488505326,0.0001303021448155,False,False,False,Keep: invented folder-sharing feature statement precedes the final use-case list.,True,0.8019435583191032,0.8037506071696359,0.8018132561742877,-0.0019373509953481,False
39,12,false,detail,event,The feature can be used to share documents with employees or customers.,False,False,False,634,Some of its applications could be to quickly build things like guides and how,[],-0.0043650277228266,0.0001303021448155,False,True,True,Exclude: fabricated use case in the closing application list.,True,0.8019435583191032,0.8063085860419299,0.8018132561742877,-0.0044953298676422,True
39,13,false,detail,event,Users can use the feature to create knowledge bases.,False,False,False,634,Some of its applications could be to quickly build things like guides and how,[],0.0009708985053357,0.0001303021448155,False,True,True,"Text review: assertion refers to the final source sentence's event, entity, attribute, or syntax; excluded despite missing/earlier evidence.",False,0.8019435583191032,0.8009726598137675,0.8018132561742877,0.0008405963605201,True
39,14,false,detail,attribute,The list includes internal company guides.,False,False,False,634,Some of its applications could be to quickly build things like guides and how,[],-0.0050720614745025,0.0001303021448155,False,True,True,"Text review: assertion refers to the final source sentence's event, entity, attribute, or syntax; excluded despite missing/earlier evidence.",False,0.8019435583191032,0.8070156197936058,0.8018132561742877,-0.0052023636193181,True
40,0,true,theme,format,The passage is a biographical Wikipedia-style article.,False,False,False,749,"McLamore died of cancer in Coral Gables, Florida on August 9, 1996, at the age of 70","[{""start"": 0, ""end"": 154, ""text"": ""James Whitman \""Jim\"" McLamore (May 30, 1926 – August 9, 1996) was with David Edgerton responsible for the expansion of the Burger King fast food franchise.""}]",-0.0195387764541803,-0.0051004264144566,False,False,False,Retained: earlier/global/mixed content; no additional final-sentence/token locality identified.,False,0.7470021442834569,0.7665409207376372,0.7521025706979135,-0.0144383500397237,False
40,1,true,theme,style,The article follows a structured life-summary format.,False,False,False,749,"McLamore died of cancer in Coral Gables, Florida on August 9, 1996, at the age of 70","[{""start"": 0, ""end"": 154, ""text"": ""James Whitman \""Jim\"" McLamore (May 30, 1926 – August 9, 1996) was with David Edgerton responsible for the expansion of the Burger King fast food franchise.""}]",-0.0011051850640679,-0.0051004264144566,False,False,False,Retained: earlier/global/mixed content; no additional final-sentence/token locality identified.,False,0.7470021442834569,0.7481073293475249,0.7521025706979135,0.0039952413503886,False
40,2,true,theme,topic,"The article covers career, achievements, and death.",False,False,False,749,"McLamore died of cancer in Coral Gables, Florida on August 9, 1996, at the age of 70","[{""start"": 477, ""end"": 570, ""text"": ""The corporation opened Burger King stores and went on to introduce the Whopper burger in 1957""}, {""start"": 749, ""end"": 833, ""text"": ""McLamore died of cancer in Coral Gables, Florida on August 9, 1996, at the age of 70""}]",0.0023948331954857,-0.0051004264144566,False,False,False,Retained: earlier/global/mixed content; no additional final-sentence/token locality identified.,False,0.7470021442834569,0.7446073110879712,0.7521025706979135,0.0074952596099423,False
40,3,true,detail,local_text,The narrative has reached the death sentence.,True,True,False,749,"McLamore died of cancer in Coral Gables, Florida on August 9, 1996, at the age of 70","[{""start"": 749, ""end"": 833, ""text"": ""McLamore died of cancer in Coral Gables, Florida on August 9, 1996, at the age of 70""}]",0.0033909236352651,0.0027076276089418,True,False,True,All nonempty cited evidence lies in the final source sentence; shared automatic exclusion.,False,0.7470021442834569,0.7436112206481917,0.7442945166745151,0.0006832960263233,True
40,4,true,theme,style,This completes the standard biographical arc.,True,True,False,749,"McLamore died of cancer in Coral Gables, Florida on August 9, 1996, at the age of 70","[{""start"": 749, ""end"": 833, ""text"": ""McLamore died of cancer in Coral Gables, Florida on August 9, 1996, at the age of 70""}]",-0.0017301515287562,0.0027076276089418,True,False,True,All nonempty cited evidence lies in the final source sentence; shared automatic exclusion.,False,0.7470021442834569,0.7487322958122131,0.7442945166745151,-0.004437779137698,True
40,5,true,detail,event,"Career, role, legacy, and final death details are all enumerated.",False,False,False,749,"McLamore died of cancer in Coral Gables, Florida on August 9, 1996, at the age of 70","[{""start"": 668, ""end"": 748, ""text"": ""McLamore served as Burger King's president until 1970, and was chairman to 1976.""}, {""start"": 749, ""end"": 833, ""text"": ""McLamore died of cancer in Coral Gables, Florida on August 9, 1996, at the age of 70""}]",0.0088756437599606,0.0027076276089418,False,False,False,Retained: earlier/global/mixed content; no additional final-sentence/token locality identified.,False,0.7470021442834569,0.7381265005234963,0.7442945166745151,0.0061680161510188,False
40,6,true,detail,final_token,"The final token is ""70"".",True,True,True,749,"McLamore died of cancer in Coral Gables, Florida on August 9, 1996, at the age of 70","[{""start"": 817, ""end"": 833, ""text"": ""at the age of 70""}]",0.0016579140992073,0.0085293308812441,True,False,True,"Explicit final-word/token claim, excluded regardless of truth.",False,0.7470021442834569,0.7453442301842496,0.7384728134022127,-0.0068714167820368,True
40,7,true,detail,local_text,The final token ends the death sentence.,True,True,False,749,"McLamore died of cancer in Coral Gables, Florida on August 9, 1996, at the age of 70","[{""start"": 749, ""end"": 833, ""text"": ""McLamore died of cancer in Coral Gables, Florida on August 9, 1996, at the age of 70""}]",0.0056762614077372,0.0085293308812441,True,False,True,All nonempty cited evidence lies in the final source sentence; shared automatic exclusion.,False,0.7470021442834569,0.7413258828757197,0.7384728134022127,-0.0028530694735069,True
40,8,true,detail,event,He died of cancer.,True,True,False,749,"McLamore died of cancer in Coral Gables, Florida on August 9, 1996, at the age of 70","[{""start"": 749, ""end"": 772, ""text"": ""McLamore died of cancer""}]",0.0294910848748369,0.0035151509512987,True,False,True,All nonempty cited evidence lies in the final source sentence; shared automatic exclusion.,False,0.7470021442834569,0.7175110594086199,0.7434869933321582,0.0259759339235382,True
40,9,false,detail,date,"He died on December 21, 1996.",False,True,False,749,"McLamore died of cancer in Coral Gables, Florida on August 9, 1996, at the age of 70","[{""start"": 798, ""end"": 815, ""text"": ""on August 9, 1996""}]",0.1084613750293741,0.0035151509512987,True,True,True,All nonempty cited evidence lies in the final source sentence; shared automatic exclusion.,False,0.7470021442834569,0.6385407692540828,0.7434869933321582,0.1049462240780754,True
40,10,false,detail,attribute,He died in Los Angeles.,False,True,False,749,"McLamore died of cancer in Coral Gables, Florida on August 9, 1996, at the age of 70","[{""start"": 773, ""end"": 797, ""text"": ""in Coral Gables, Florida""}]",0.0185151405224233,0.0035151509512987,True,True,True,All nonempty cited evidence lies in the final source sentence; shared automatic exclusion.,False,0.7470021442834569,0.7284870037610336,0.7434869933321582,0.0149999895711245,True
40,11,true,detail,quantity,He died at the age of 70.,True,True,False,749,"McLamore died of cancer in Coral Gables, Florida on August 9, 1996, at the age of 70","[{""start"": 817, ""end"": 833, ""text"": ""at the age of 70""}]",0.8485606547063693,0.0035151509512987,True,False,True,All nonempty cited evidence lies in the final source sentence; shared automatic exclusion.,False,0.7470021442834569,-0.1015585104229124,0.7434869933321582,0.8450455037550706,True
40,13,true,detail,local_text,70 is the age figure completing the death clause.,True,True,False,749,"McLamore died of cancer in Coral Gables, Florida on August 9, 1996, at the age of 70","[{""start"": 817, ""end"": 833, ""text"": ""at the age of 70""}]",0.0057236354727443,-0.0020421870529907,True,False,True,All nonempty cited evidence lies in the final source sentence; shared automatic exclusion.,False,0.7470021442834569,0.7412785088107126,0.7490443313364477,0.0077658225257351,True
40,15,false,detail,attribute,He was a prominent figure in the California legal community.,False,False,False,749,"McLamore died of cancer in Coral Gables, Florida on August 9, 1996, at the age of 70",[],0.0126085544417804,-0.000915373938108,False,False,False,Retained: earlier/global/mixed content; no additional final-sentence/token locality identified.,False,0.7470021442834569,0.7343935898416765,0.7479175182215649,0.0135239283798884,False
41,0,true,theme,format,The passage is a Wikipedia article with encyclopedic prose.,False,False,False,911,Avedøre Holm houses two harbours,"[{""start"": 0, ""end"": 146, ""text"": ""Hvidovre Kommune is a municipality (Danish, kommune) in Region Hovedstaden near Copenhagen on the island of Zealand (Sjælland) in eastern Denmark.""}]",-6.12062303899652e-05,0.0010573178550289,False,False,False,Retained: earlier/global/mixed content; no additional final-sentence/token locality identified.,False,0.750607697264859,0.750668903495249,0.74955037940983,-0.0011185240854189,False
41,1,true,theme,topic,The article details the administrative geography of a Danish municipality.,False,False,False,911,Avedøre Holm houses two harbours,"[{""start"": 0, ""end"": 146, ""text"": ""Hvidovre Kommune is a municipality (Danish, kommune) in Region Hovedstaden near Copenhagen on the island of Zealand (Sjælland) in eastern Denmark.""}]",0.0181354026020714,0.0010573178550289,False,False,False,Retained: earlier/global/mixed content; no additional final-sentence/token locality identified.,False,0.750607697264859,0.7324722946627875,0.74955037940983,0.0170780847470425,False
41,2,true,theme,topic,"The article systematically covers boundaries, districts, and features.",False,False,False,911,Avedøre Holm houses two harbours,"[{""start"": 488, ""end"": 589, ""text"": ""Neighboring municipalities are Copenhagen to the east, Rødovre to the north, and Brøndby to the west.""}, {""start"": 430, ""end"": 487, ""text"": ""Other towns in the municipality are Avedøre and Friheden.""}]",0.0088716921665989,0.0010573178550289,False,False,False,Retained: earlier/global/mixed content; no additional final-sentence/token locality identified.,False,0.750607697264859,0.74173600509826,0.74955037940983,0.00781437431157,False
41,3,true,detail,local_text,The final sentence describes the peninsula's geographic significance.,False,False,False,911,Avedøre Holm houses two harbours,"[{""start"": 691, ""end"": 833, ""text"": ""The southern-most section of the municipality, known as Avedøre Holme, juts out into Køge Bay and forms part of the entryway into Kalveboderne""}]",0.001141043086226,0.0057363525221589,False,True,True,"Explicitly claims what the final sentence describes, despite citing preceding geographic evidence.",False,0.750607697264859,0.7494666541786329,0.7448713447427,-0.0045953094359328,True
41,4,false,detail,attribute,The peninsula is connected to / located on the Øresund.,False,False,False,911,Avedøre Holm houses two harbours,"[{""start"": 590, ""end"": 690, ""text"": ""Part of its eastern border are the waters of Kalveboderne, and to the south is Køge Bay (Køge Bugt).""}]",-0.0100826320739271,0.0051173509802655,False,False,False,Retained: earlier/global/mixed content; no additional final-sentence/token locality identified.,False,0.750607697264859,0.7606903293387861,0.7454903462845934,-0.0151999830541926,False
41,5,true,detail,local_text,This builds toward completing the description of what the peninsula contains or hosts.,True,True,False,911,Avedøre Holm houses two harbours,"[{""start"": 911, ""end"": 943, ""text"": ""Avedøre Holm houses two harbours""}]",0.003643821479671,0.0057363525221589,True,False,True,All nonempty cited evidence lies in the final source sentence; shared automatic exclusion.,False,0.750607697264859,0.746963875785188,0.7448713447427,-0.0020925310424879,True
41,6,true,detail,final_token,"The final token is ""harbours"".",True,True,True,911,Avedøre Holm houses two harbours,"[{""start"": 911, ""end"": 943, ""text"": ""Avedøre Holm houses two harbours""}]",-0.0009051056233527,-0.0010780183304088,True,False,True,"Explicit final-word/token claim, excluded regardless of truth.",False,0.750607697264859,0.7515128028882118,0.7516857155952679,0.0001729127070561,True
41,7,true,detail,local_text,The final token ends a clause.,True,True,False,911,Avedøre Holm houses two harbours,"[{""start"": 911, ""end"": 943, ""text"": ""Avedøre Holm houses two harbours""}]",0.0001094945376665,-0.0010780183304088,True,False,True,All nonempty cited evidence lies in the final source sentence; shared automatic exclusion.,False,0.750607697264859,0.7504982027271925,0.7516857155952679,0.0011875128680753,True
41,8,true,detail,attribute,The peninsula is a point of access to the sea.,False,False,False,911,Avedøre Holm houses two harbours,"[{""start"": 691, ""end"": 910, ""text"": ""The southern-most section of the municipality, known as Avedøre Holme, juts out into Køge Bay and forms part of the entryway into Kalveboderne, the waters of which separate the island of Zealand from neighboring Amager.""}]",0.0089591296576456,-0.0049352568525615,False,False,False,Retained: earlier/global/mixed content; no additional final-sentence/token locality identified.,False,0.750607697264859,0.7416485676072133,0.7555429541174206,0.0138943865102072,False
41,9,true,detail,event,This peninsula houses two harbours.,True,True,False,911,Avedøre Holm houses two harbours,"[{""start"": 911, ""end"": 943, ""text"": ""Avedøre Holm houses two harbours""}]",0.9862186936042868,-0.0049352568525615,True,False,True,All nonempty cited evidence lies in the final source sentence; shared automatic exclusion.,False,0.750607697264859,-0.2356109963394279,0.7555429541174206,0.9911539504568484,True
42,0,true,theme,format,The passage is a Wikipedia biographical article following standard encyclopedic structure.,False,False,False,946,"He was a minister in the government of Juan Felipe Ibarra, before retiring in Tucumán where he died","[{""start"": 0, ""end"": 93, ""text"": ""Pedro León Díaz Gallo (29 June 1782 – 7 February 1852) was an Argentine statesman and priest.""}]",-0.0020373092283428,-0.0026752753909936,False,False,False,Retained: earlier/global/mixed content; no additional final-sentence/token locality identified.,False,0.792237216051575,0.7942745252799179,0.7949124914425687,0.0006379661626507,False
42,1,false,entity,identity,The subject is a colonial-era Spanish official.,False,False,False,946,"He was a minister in the government of Juan Felipe Ibarra, before retiring in Tucumán where he died","[{""start"": 94, ""end"": 205, ""text"": ""He was a representative to the Congress of Tucumán which on 9 July 1816 declared the Independence of Argentina.""}]",-0.0069364155912134,-0.0026752753909936,False,False,False,Retained: earlier/global/mixed content; no additional final-sentence/token locality identified.,False,0.792237216051575,0.7991736316427885,0.7949124914425687,-0.0042611402002198,False
42,2,true,detail,event,The narrative traces the subject's birth and career.,False,False,False,946,"He was a minister in the government of Juan Felipe Ibarra, before retiring in Tucumán where he died","[{""start"": 206, ""end"": 290, ""text"": ""Gallo was born in Santiago del Estero and studied at the Monserrat School in Córdoba""}, {""start"": 421, ""end"": 495, ""text"": ""Gallo was elected to represent Santiago del Estero in the Tucumán Congress""}]",0.0023112901784853,0.0043647739516843,False,False,False,Retained: earlier/global/mixed content; no additional final-sentence/token locality identified.,False,0.792237216051575,0.7899259258730897,0.7878724420998907,-0.002053483773199,False
42,3,false,detail,event,The subject was exiled.,False,False,False,946,"He was a minister in the government of Juan Felipe Ibarra, before retiring in Tucumán where he died","[{""start"": 645, ""end"": 736, ""text"": ""When the Congress was dissolved in 1820, he and his colleagues were imprisoned as traitors.""}]",0.0079329521731246,0.0038661818518823,False,False,False,Retained: earlier/global/mixed content; no additional final-sentence/token locality identified.,False,0.792237216051575,0.7843042638784504,0.7883710341996927,0.0040667703212422,False
42,4,true,detail,event,The subject returned to Santiago del Estero.,False,False,False,946,"He was a minister in the government of Juan Felipe Ibarra, before retiring in Tucumán where he died","[{""start"": 737, ""end"": 832, ""text"": ""Gallo returned to Santiago del Estero and was a signatory of the peace treaty of Vinará in 1821""}]",0.0021151472016193,0.0043647739516843,False,False,False,Retained: earlier/global/mixed content; no additional final-sentence/token locality identified.,False,0.792237216051575,0.7901220688499557,0.7878724420998907,-0.002249626750065,False
42,5,true,detail,local_text,"The narrative is now completing the final life event, death.",True,True,False,946,"He was a minister in the government of Juan Felipe Ibarra, before retiring in Tucumán where he died","[{""start"": 1005, ""end"": 1045, ""text"": ""before retiring in Tucumán where he died""}]",0.0034649158922677,0.0043647739516843,True,False,True,All nonempty cited evidence lies in the final source sentence; shared automatic exclusion.,False,0.792237216051575,0.7887723001593073,0.7878724420998907,-0.0008998580594166,True
42,6,false,detail,event,This was already foreshadowed in the opening sentence as 'died in Santiago del Estero.',False,False,False,946,"He was a minister in the government of Juan Felipe Ibarra, before retiring in Tucumán where he died","[{""start"": 0, ""end"": 93, ""text"": ""Pedro León Díaz Gallo (29 June 1782 – 7 February 1852) was an Argentine statesman and priest.""}]",-0.0013892069562131,0.0043647739516843,False,True,True,Exclude: closing death-location claim framed as foreshadowed by the opening; symmetric with true final/opening correspondence exclusions.,True,0.792237216051575,0.7936264230077882,0.7878724420998907,-0.0057539809078974,True
42,7,true,detail,final_token,"The final token is ""died"".",True,True,True,946,"He was a minister in the government of Juan Felipe Ibarra, before retiring in Tucumán where he died","[{""start"": 1005, ""end"": 1045, ""text"": ""before retiring in Tucumán where he died""}]",0.0041173567511495,-0.0027883321082269,True,False,True,"Explicit final-word/token claim, excluded regardless of truth.",False,0.792237216051575,0.7881198593004255,0.795025548159802,0.0069056888593764,True
42,8,true,detail,local_text,The final token closes the last sentence.,True,True,False,946,"He was a minister in the government of Juan Felipe Ibarra, before retiring in Tucumán where he died","[{""start"": 1005, ""end"": 1045, ""text"": ""before retiring in Tucumán where he died""}]",0.0015845643412328,-0.0027883321082269,True,False,True,All nonempty cited evidence lies in the final source sentence; shared automatic exclusion.,False,0.792237216051575,0.7906526517103422,0.795025548159802,0.0043728964494598,True
42,9,false,detail,event,He retired to Santiago del Estero.,False,True,False,946,"He was a minister in the government of Juan Felipe Ibarra, before retiring in Tucumán where he died","[{""start"": 1005, ""end"": 1045, ""text"": ""before retiring in Tucumán where he died""}]",0.0090360334701371,-0.0033323874317997,True,True,True,All nonempty cited evidence lies in the final source sentence; shared automatic exclusion.,False,0.792237216051575,0.7832011825814379,0.7955696034833748,0.0123684209019369,True
42,11,true,detail,local_text,This mirrors the opening sentence's death date.,False,False,False,946,"He was a minister in the government of Juan Felipe Ibarra, before retiring in Tucumán where he died","[{""start"": 0, ""end"": 93, ""text"": ""Pedro León Díaz Gallo (29 June 1782 – 7 February 1852) was an Argentine statesman and priest.""}]",0.0076952931543169,-0.0027883321082269,False,True,True,Describes a correspondence between the current closing death clause and the opening death date.,False,0.792237216051575,0.7845419228972581,0.795025548159802,0.0104836252625438,True
42,12,false,detail,attribute,He was a prominent lawyer and colonial official in New Spain.,False,False,False,946,"He was a minister in the government of Juan Felipe Ibarra, before retiring in Tucumán where he died","[{""start"": 0, ""end"": 93, ""text"": ""Pedro León Díaz Gallo (29 June 1782 – 7 February 1852) was an Argentine statesman and priest.""}]",0.0061672348753764,0.0012840676634197,False,False,False,Retained: earlier/global/mixed content; no additional final-sentence/token locality identified.,False,0.792237216051575,0.7860699811761986,0.7909531483881553,0.0048831672119566,False
42,13,false,detail,event,He served as governor.,False,False,False,946,"He was a minister in the government of Juan Felipe Ibarra, before retiring in Tucumán where he died","[{""start"": 536, ""end"": 644, ""text"": ""He was vice-president of the Congress in August 1816 and twice president after it was moved to Buenos Aires.""}]",0.002622940293356,0.0012840676634197,False,False,False,Retained: earlier/global/mixed content; no additional final-sentence/token locality identified.,False,0.792237216051575,0.789614275758219,0.7909531483881553,0.0013388726299363,False
42,14,false,detail,attribute,He lived as a wealthy landowner in retirement.,False,False,False,946,"He was a minister in the government of Juan Felipe Ibarra, before retiring in Tucumán where he died",[],-0.0001446507868526,0.0012840676634197,False,True,True,"Text review: assertion refers to the final source sentence's event, entity, attribute, or syntax; excluded despite missing/earlier evidence.",False,0.792237216051575,0.7923818668384277,0.7909531483881553,-0.0014287184502723,True
43,0,true,theme,topic,The passage is a Wikipedia-style encyclopedic article about a dam.,False,False,False,723,It is considered a critical watershed for the agricultural economy and hydroelectric power generation in the region of Central Luzon,"[{""start"": 371, ""end"": 539, ""text"": ""The multi-purpose dam is situated at the confluence of Pampanga River's two headwaters, namely the Pantabangan and Carranglan Rivers in the municipality of Pantabangan.""}]",0.0187689170530199,-3.2716718933567535e-05,False,False,False,Retained: earlier/global/mixed content; no additional final-sentence/token locality identified.,False,0.5507803346355923,0.5320114175825723,0.5508130513545259,0.0188016337719535,False
43,1,true,theme,topic,"The article establishes geographic, structural, and functional details throughout.",False,False,False,723,It is considered a critical watershed for the agricultural economy and hydroelectric power generation in the region of Central Luzon,"[{""start"": 0, ""end"": 155, ""text"": ""The Pantabangan – Carranglan Watershed Forest Reserve is a conservation area located in the upper reaches of the Pampanga River in Nueva Ecija, Philippines""}, {""start"": 723, ""end"": 855, ""text"": ""It is considered a critical watershed for the agricultural economy and hydroelectric power generation in the region of Central Luzon""}]",-0.0030092491035819,-3.2716718933567535e-05,False,False,False,Retained: earlier/global/mixed content; no additional final-sentence/token locality identified.,False,0.5507803346355923,0.5537895837391742,0.5508130513545259,-0.0029765323846483,False
43,2,true,detail,event,The sentence systematically lists the dam's significance and functions.,True,True,False,723,It is considered a critical watershed for the agricultural economy and hydroelectric power generation in the region of Central Luzon,"[{""start"": 723, ""end"": 855, ""text"": ""It is considered a critical watershed for the agricultural economy and hydroelectric power generation in the region of Central Luzon""}]",0.0067121083112574,-0.0005962123957405,True,False,True,All nonempty cited evidence lies in the final source sentence; shared automatic exclusion.,False,0.5507803346355923,0.5440682263243348,0.5513765470313329,0.007308320706998,True
43,3,false,detail,attribute,One of the dam's functions is water supply.,False,False,False,723,It is considered a critical watershed for the agricultural economy and hydroelectric power generation in the region of Central Luzon,[],-0.0015314690223214,-0.0005962123957405,False,True,True,"Text review: assertion refers to the final source sentence's event, entity, attribute, or syntax; excluded despite missing/earlier evidence.",False,0.5507803346355923,0.5523118036579138,0.5513765470313329,-0.0009352566265808,True
43,4,false,detail,attribute,One of the dam's functions is irrigation.,False,False,False,723,It is considered a critical watershed for the agricultural economy and hydroelectric power generation in the region of Central Luzon,[],-0.0014207558130615,-0.0005962123957405,False,True,True,"Text review: assertion refers to the final source sentence's event, entity, attribute, or syntax; excluded despite missing/earlier evidence.",False,0.5507803346355923,0.5522010904486538,0.5513765470313329,-0.0008245434173209,True
43,5,false,detail,attribute,One of the dam's functions is flood control.,False,False,False,723,It is considered a critical watershed for the agricultural economy and hydroelectric power generation in the region of Central Luzon,[],0.0003148200130933,-0.0005962123957405,False,True,True,"Text review: assertion refers to the final source sentence's event, entity, attribute, or syntax; excluded despite missing/earlier evidence.",False,0.5507803346355923,0.5504655146224989,0.5513765470313329,0.0009110324088339,True
43,6,true,detail,attribute,One of the dam's functions is hydropower.,True,True,False,723,It is considered a critical watershed for the agricultural economy and hydroelectric power generation in the region of Central Luzon,"[{""start"": 723, ""end"": 855, ""text"": ""It is considered a critical watershed for the agricultural economy and hydroelectric power generation in the region of Central Luzon""}]",0.002311639013007,-0.0005962123957405,True,False,True,All nonempty cited evidence lies in the final source sentence; shared automatic exclusion.,False,0.5507803346355923,0.5484686956225853,0.5513765470313329,0.0029078514087476,True
43,7,true,detail,local_text,This builds toward a concluding geographic/economic context statement.,True,True,False,723,It is considered a critical watershed for the agricultural economy and hydroelectric power generation in the region of Central Luzon,"[{""start"": 723, ""end"": 855, ""text"": ""It is considered a critical watershed for the agricultural economy and hydroelectric power generation in the region of Central Luzon""}]",0.0052583013139854,-0.0005962123957405,True,False,True,All nonempty cited evidence lies in the final source sentence; shared automatic exclusion.,False,0.5507803346355923,0.5455220333216069,0.5513765470313329,0.005854513709726,True
43,8,false,detail,final_token,"The final token is ""Yucatón"".",False,True,True,723,It is considered a critical watershed for the agricultural economy and hydroelectric power generation in the region of Central Luzon,"[{""start"": 825, ""end"": 855, ""text"": ""in the region of Central Luzon""}]",-0.0121772685351032,-0.006127862735653,True,True,True,"Explicit final-word/token claim, excluded regardless of truth.",False,0.5507803346355923,0.5629576031706955,0.5569081973712453,-0.0060494057994502,True
43,9,false,detail,attribute,The region described is central Coahuila.,False,False,False,723,It is considered a critical watershed for the agricultural economy and hydroelectric power generation in the region of Central Luzon,[],0.0233530332511739,-0.0105328647477682,False,True,True,"Text review: assertion refers to the final source sentence's event, entity, attribute, or syntax; excluded despite missing/earlier evidence.",False,0.5507803346355923,0.5274273013844183,0.5613131993833606,0.0338858979989422,True
43,10,false,detail,attribute,The region described is Central Yucatan/Yucaton.,False,False,False,723,It is considered a critical watershed for the agricultural economy and hydroelectric power generation in the region of Central Luzon,[],0.1589867586416267,-0.006127862735653,False,True,True,"Text review: assertion refers to the final source sentence's event, entity, attribute, or syntax; excluded despite missing/earlier evidence.",False,0.5507803346355923,0.3917935759939656,0.5569081973712453,0.1651146213772797,True
43,11,true,detail,final_word,"The final word is Luzon, ending the sentence with the region Central Luzon.",True,True,True,723,It is considered a critical watershed for the agricultural economy and hydroelectric power generation in the region of Central Luzon,"[{""start"": 825, ""end"": 855, ""text"": ""in the region of Central Luzon""}]",0.0417287549589698,-0.0105328647477682,True,False,True,"Explicit final-word/token claim, excluded regardless of truth.",False,0.5507803346355923,0.5090515796766224,0.5613131993833606,0.0522616197067381,True
43,13,true,detail,attribute,The dam is a critical infrastructure asset for the water and energy economy.,True,True,False,723,It is considered a critical watershed for the agricultural economy and hydroelectric power generation in the region of Central Luzon,"[{""start"": 723, ""end"": 855, ""text"": ""It is considered a critical watershed for the agricultural economy and hydroelectric power generation in the region of Central Luzon""}]",0.0192860422404723,-0.0042958572990953,True,False,True,All nonempty cited evidence lies in the final source sentence; shared automatic exclusion.,False,0.5507803346355923,0.5314942923951199,0.5550761919346876,0.0235818995395676,True
44,0,true,theme,format,The passage is a Wikipedia article with a film infobox followed by standard encyclopedic prose.,False,False,False,630,The film grossed $71 million worldwide against production budget of $65 million,"[{""start"": 0, ""end"": 163, ""text"": ""I, Frankenstein is a 2014 Australian-American action-horror film written and directed by Stuart Beattie, based on the digital-only graphic novel by Kevin Grevioux.""}]",0.0160591226185897,0.0013690519074479,False,False,False,Retained: earlier/global/mixed content; no additional final-sentence/token locality identified.,False,0.4889002035446929,0.4728410809261031,0.487531151637245,0.0146900707111419,False
44,1,true,theme,topic,"The article covers plot, cast, production, and reception.",False,False,False,630,The film grossed $71 million worldwide against production budget of $65 million,"[{""start"": 353, ""end"": 440, ""text"": ""The film brings the story of Adam, Frankenstein's monster, going on a dangerous journey""}, {""start"": 267, ""end"": 352, ""text"": ""It stars Aaron Eckhart, Bill Nighy, Yvonne Strahovski, Miranda Otto and Jai Courtney.""}, {""start"": 630, ""end"": 709, ""text"": ""The film grossed $71 million worldwide against production budget of $65 million""}]",0.0424548753758758,0.0013690519074479,False,False,False,Retained: earlier/global/mixed content; no additional final-sentence/token locality identified.,False,0.4889002035446929,0.446445328168817,0.487531151637245,0.041085823468428,False
44,2,true,detail,event,The sentence lists budget and box office figures.,True,True,False,630,The film grossed $71 million worldwide against production budget of $65 million,"[{""start"": 630, ""end"": 709, ""text"": ""The film grossed $71 million worldwide against production budget of $65 million""}]",0.0162189207105666,0.0125754403003214,True,False,True,All nonempty cited evidence lies in the final source sentence; shared automatic exclusion.,False,0.4889002035446929,0.4726812828341262,0.4763247632443714,0.0036434804102452,True
44,4,true,detail,final_token,"The final token is ""million"".",True,True,True,630,The film grossed $71 million worldwide against production budget of $65 million,"[{""start"": 677, ""end"": 709, ""text"": ""production budget of $65 million""}]",0.0606509511098605,0.0339279786518678,True,False,True,"Explicit final-word/token claim, excluded regardless of truth.",False,0.4889002035446929,0.4282492524348323,0.4549722248928251,0.0267229724579927,True
44,5,true,detail,local_text,The final token closes the box office figure.,True,True,False,630,The film grossed $71 million worldwide against production budget of $65 million,"[{""start"": 630, ""end"": 709, ""text"": ""The film grossed $71 million worldwide against production budget of $65 million""}]",0.0521852898946889,0.0339279786518678,True,False,True,All nonempty cited evidence lies in the final source sentence; shared automatic exclusion.,False,0.4889002035446929,0.436714913650004,0.4549722248928251,0.018257311242821,True
44,6,false,detail,quantity,The film grossed $52.5 million.,False,True,False,630,The film grossed $71 million worldwide against production budget of $65 million,"[{""start"": 630, ""end"": 668, ""text"": ""The film grossed $71 million worldwide""}]",0.1828742205447414,0.029601698524301,True,True,True,All nonempty cited evidence lies in the final source sentence; shared automatic exclusion.,False,0.4889002035446929,0.3060259829999515,0.4592985050203918,0.1532725220204402,True
44,7,false,detail,quantity,The film's budget was $40 million.,False,True,False,630,The film grossed $71 million worldwide against production budget of $65 million,"[{""start"": 669, ""end"": 709, ""text"": ""against production budget of $65 million""}]",0.2660652479609988,0.029601698524301,True,True,True,All nonempty cited evidence lies in the final source sentence; shared automatic exclusion.,False,0.4889002035446929,0.2228349555836941,0.4592985050203918,0.2364635494366976,True
44,9,false,detail,date,"The film was released on August 29, 2014.",False,False,False,630,The film grossed $71 million worldwide against production budget of $65 million,"[{""start"": 530, ""end"": 629, ""text"": ""The film was released on January 24, 2014, in the United States and on March 20, 2014 in Australia.""}]",-0.034792296993371,-0.0052927391057123,False,False,False,Retained: earlier/global/mixed content; no additional final-sentence/token locality identified.,False,0.4889002035446929,0.5236925005380639,0.4941929426504052,-0.0294995578876586,False
45,0,true,theme,format,The passage is a Wikipedia-style historical site entry following NPS format.,False,False,False,695,"Because of its archaeological value, the site was declared a historic site in the late twentieth century","[{""start"": 0, ""end"": 131, ""text"": ""The Ellerbusch Site (12-W-56) is a small but significant archaeological site in the southwestern part of the U.S. state of Indiana.""}, {""start"": 695, ""end"": 799, ""text"": ""Because of its archaeological value, the site was declared a historic site in the late twentieth century""}]",0.0630517465034667,-0.002228109755757,False,False,False,Retained: earlier/global/mixed content; no additional final-sentence/token locality identified.,False,0.5949740712214528,0.5319223247179861,0.5972021809772099,0.0652798562592238,False
45,1,true,theme,topic,The article establishes significance and context.,False,False,False,695,"Because of its archaeological value, the site was declared a historic site in the late twentieth century","[{""start"": 0, ""end"": 131, ""text"": ""The Ellerbusch Site (12-W-56) is a small but significant archaeological site in the southwestern part of the U.S. state of Indiana.""}]",0.0014411459786738,-0.002228109755757,False,False,False,Retained: earlier/global/mixed content; no additional final-sentence/token locality identified.,False,0.5949740712214528,0.593532925242779,0.5972021809772099,0.0036692557344308,False
45,2,false,entity,identity,The site is a mine.,False,False,False,695,"Because of its archaeological value, the site was declared a historic site in the late twentieth century","[{""start"": 0, ""end"": 131, ""text"": ""The Ellerbusch Site (12-W-56) is a small but significant archaeological site in the southwestern part of the U.S. state of Indiana.""}]",-0.0161140224152778,-0.0038784288658982,False,False,False,Retained: earlier/global/mixed content; no additional final-sentence/token locality identified.,False,0.5949740712214528,0.6110880936367307,0.5988525000873511,-0.0122355935493795,False
45,3,true,detail,event,The introductory paragraph outlines the site's history.,False,False,False,695,"Because of its archaeological value, the site was declared a historic site in the late twentieth century","[{""start"": 247, ""end"": 368, ""text"": ""Its existence appears to have been the result of the coincidence of periods of peace and growth in the related Angel Site""}]",-0.0008385318936878,-0.0046590789513389,False,False,False,Retained: earlier/global/mixed content; no additional final-sentence/token locality identified.,False,0.5949740712214528,0.5958126031151407,0.5996331501727918,0.0038205470576511,False
45,4,false,detail,attribute,The introductory paragraph outlines technology.,False,False,False,695,"Because of its archaeological value, the site was declared a historic site in the late twentieth century",[],-0.0026104671868453,-0.0168798015515698,False,False,False,Retained: earlier/global/mixed content; no additional final-sentence/token locality identified.,False,0.5949740712214528,0.5975845384082982,0.6118538727730227,0.0142693343647245,False
45,5,true,detail,event,The introductory paragraph outlines regional importance.,False,False,False,695,"Because of its archaeological value, the site was declared a historic site in the late twentieth century","[{""start"": 530, ""end"": 694, ""text"": ""Ellerbusch has produced information that greatly increases present awareness of other small sites and of its culture's overall patterns of settlement in the region.""}]",-0.0013700740070413,-0.0046590789513389,False,False,False,Retained: earlier/global/mixed content; no additional final-sentence/token locality identified.,False,0.5949740712214528,0.5963441452284942,0.5996331501727918,0.0032890049442976,False
45,6,true,detail,local_text,This builds toward a concluding statement about its preservation/recognition status.,True,True,False,695,"Because of its archaeological value, the site was declared a historic site in the late twentieth century","[{""start"": 695, ""end"": 799, ""text"": ""Because of its archaeological value, the site was declared a historic site in the late twentieth century""}]",0.0034723670532679,-0.0046590789513389,True,False,True,All nonempty cited evidence lies in the final source sentence; shared automatic exclusion.,False,0.5949740712214528,0.5915017041681849,0.5996331501727918,0.0081314460046069,True
45,7,true,detail,final_token,"The final token is ""century"".",True,True,True,695,"Because of its archaeological value, the site was declared a historic site in the late twentieth century","[{""start"": 770, ""end"": 799, ""text"": ""in the late twentieth century""}]",-0.0042591400401668,-0.0155635363594803,True,False,True,"Explicit final-word/token claim, excluded regardless of truth.",False,0.5949740712214528,0.5992332112616197,0.6105376075809332,0.0113043963193135,True
45,8,false,detail,local_text,The final token closes a sentence fragment.,False,True,False,695,"Because of its archaeological value, the site was declared a historic site in the late twentieth century","[{""start"": 770, ""end"": 799, ""text"": ""in the late twentieth century""}]",0.0048382162556648,-0.0155635363594803,True,True,True,All nonempty cited evidence lies in the final source sentence; shared automatic exclusion.,False,0.5949740712214528,0.590135854965788,0.6105376075809332,0.0204017526151452,True
45,9,true,detail,event,"Due to its historical importance, the site was designated for protection in the late twentieth century.",True,True,False,695,"Because of its archaeological value, the site was declared a historic site in the late twentieth century","[{""start"": 695, ""end"": 799, ""text"": ""Because of its archaeological value, the site was declared a historic site in the late twentieth century""}]",0.4986727766371021,-0.0282278256540531,True,False,True,All nonempty cited evidence lies in the final source sentence; shared automatic exclusion.,False,0.5949740712214528,0.0963012945843507,0.623201896875506,0.5269006022911552,True
45,11,false,detail,attribute,The article describes a nineteenth-century copper mine in Missouri.,False,False,False,695,"Because of its archaeological value, the site was declared a historic site in the late twentieth century","[{""start"": 0, ""end"": 131, ""text"": ""The Ellerbusch Site (12-W-56) is a small but significant archaeological site in the southwestern part of the U.S. state of Indiana.""}]",0.0372832096957254,-0.0282278256540531,False,False,False,Retained: earlier/global/mixed content; no additional final-sentence/token locality identified.,False,0.5949740712214528,0.5576908615257274,0.623201896875506,0.0655110353497785,False
45,12,false,detail,event,It was built in the 1870s and operated for several decades.,False,False,False,695,"Because of its archaeological value, the site was declared a historic site in the late twentieth century",[],0.0110359977556734,-0.0130534936842026,False,False,False,Retained: earlier/global/mixed content; no additional final-sentence/token locality identified.,False,0.5949740712214528,0.5839380734657794,0.6080275649056555,0.024089491439876,False
45,13,true,detail,attribute,This represents formal recognition or legal protection.,True,True,False,695,"Because of its archaeological value, the site was declared a historic site in the late twentieth century","[{""start"": 732, ""end"": 799, ""text"": ""the site was declared a historic site in the late twentieth century""}]",0.003213642409416,-0.0130534936842026,True,False,True,All nonempty cited evidence lies in the final source sentence; shared automatic exclusion.,False,0.5949740712214528,0.5917604288120368,0.6080275649056555,0.0162671360936186,True
46,0,true,theme,format,The passage is a biographical encyclopedia/Wikipedia article.,False,False,False,1500,"In 1905, a then 72-year old Stockham and her publisher were convicted of circulating improper literature under the Comstock laws","[{""start"": 0, ""end"": 214, ""text"": ""Alice Bunker Stockham (November 8, 1833 in Cardington, Ohio – December 3, 1912 in Alhambra, California) was an obstetrician and gynecologist from Chicago and the fifth woman to become a doctor in the United States.""}]",-0.008481613382121,-0.0038876378248189,False,False,False,Retained: earlier/global/mixed content; no additional final-sentence/token locality identified.,False,0.7592097864801708,0.7676913998622918,0.7630974243049897,-0.0045939755573021,False
46,1,true,theme,style,The article details the subject's life and contributions systematically.,False,False,False,1500,"In 1905, a then 72-year old Stockham and her publisher were convicted of circulating improper literature under the Comstock laws","[{""start"": 215, ""end"": 338, ""text"": ""She promoted gender equality, dress reform, birth control, and male and female sexual fulfillment for successful marriages.""}]",-0.0004990988769785,-0.0038876378248189,False,False,False,Retained: earlier/global/mixed content; no additional final-sentence/token locality identified.,False,0.7592097864801708,0.7597088853571493,0.7630974243049897,0.0033885389478404,False
46,2,false,entity,identity,The subject is Charlotte Perkins Gilman.,False,False,False,1500,"In 1905, a then 72-year old Stockham and her publisher were convicted of circulating improper literature under the Comstock laws","[{""start"": 0, ""end"": 214, ""text"": ""Alice Bunker Stockham (November 8, 1833 in Cardington, Ohio – December 3, 1912 in Alhambra, California) was an obstetrician and gynecologist from Chicago and the fifth woman to become a doctor in the United States.""}]",-0.003740251548746,-0.0070727876463437,False,False,False,Retained: earlier/global/mixed content; no additional final-sentence/token locality identified.,False,0.7592097864801708,0.7629500380289168,0.7662825741265146,0.0033325360975977,False
46,3,true,detail,event,The final sentence describes a book/its author being prosecuted under the Comstock laws.,True,True,False,1500,"In 1905, a then 72-year old Stockham and her publisher were convicted of circulating improper literature under the Comstock laws","[{""start"": 1500, ""end"": 1628, ""text"": ""In 1905, a then 72-year old Stockham and her publisher were convicted of circulating improper literature under the Comstock laws""}]",0.0025795042216065,-0.0003063523719146,True,False,True,All nonempty cited evidence lies in the final source sentence; shared automatic exclusion.,False,0.7592097864801708,0.7566302822585642,0.7595161388520855,0.0028858565935212,True
46,4,true,theme,style,This implies a concluding historical note about censorship consequences.,True,True,False,1500,"In 1905, a then 72-year old Stockham and her publisher were convicted of circulating improper literature under the Comstock laws","[{""start"": 1500, ""end"": 1628, ""text"": ""In 1905, a then 72-year old Stockham and her publisher were convicted of circulating improper literature under the Comstock laws""}]",0.0038363701920974,-0.0003063523719146,True,False,True,All nonempty cited evidence lies in the final source sentence; shared automatic exclusion.,False,0.7592097864801708,0.7553734162880733,0.7595161388520855,0.0041427225640121,True
46,5,true,detail,final_token,"The final token is ""laws"".",True,True,True,1500,"In 1905, a then 72-year old Stockham and her publisher were convicted of circulating improper literature under the Comstock laws","[{""start"": 1605, ""end"": 1628, ""text"": ""under the Comstock laws""}]",0.0002803092907748,-0.0024242726121004,True,False,True,"Explicit final-word/token claim, excluded regardless of truth.",False,0.7592097864801708,0.758929477189396,0.7616340590922712,0.0027045819028752,True
46,6,false,detail,date,The prosecution took place in 1920.,False,True,False,1500,"In 1905, a then 72-year old Stockham and her publisher were convicted of circulating improper literature under the Comstock laws","[{""start"": 1500, ""end"": 1569, ""text"": ""In 1905, a then 72-year old Stockham and her publisher were convicted""}]",-0.0030848093954611,-0.0059858789505693,True,True,True,All nonempty cited evidence lies in the final source sentence; shared automatic exclusion.,False,0.7592097864801708,0.762294595875632,0.7651956654307401,0.0029010695551081,True
46,7,true,detail,event,The publisher was prosecuted for distributing the book.,True,True,False,1500,"In 1905, a then 72-year old Stockham and her publisher were convicted of circulating improper literature under the Comstock laws","[{""start"": 1528, ""end"": 1628, ""text"": ""Stockham and her publisher were convicted of circulating improper literature under the Comstock laws""}]",-0.0071666804086903,-0.0059858789505693,True,False,True,All nonempty cited evidence lies in the final source sentence; shared automatic exclusion.,False,0.7592097864801708,0.7663764668888612,0.7651956654307401,-0.001180801458121,True
46,8,true,detail,event,They were prosecuted/convicted for obscenity/distributing obscene material under the Comstock laws.,True,True,False,1500,"In 1905, a then 72-year old Stockham and her publisher were convicted of circulating improper literature under the Comstock laws","[{""start"": 1528, ""end"": 1628, ""text"": ""Stockham and her publisher were convicted of circulating improper literature under the Comstock laws""}]",0.0243628936359199,-0.0059858789505693,True,False,True,All nonempty cited evidence lies in the final source sentence; shared automatic exclusion.,False,0.7592097864801708,0.7348468928442509,0.7651956654307401,0.0303487725864892,True
46,10,false,detail,local_text,The sentence is incomplete.,False,True,False,1500,"In 1905, a then 72-year old Stockham and her publisher were convicted of circulating improper literature under the Comstock laws","[{""start"": 1605, ""end"": 1628, ""text"": ""under the Comstock laws""}]",-0.0008761287115598,-0.0045715320828025,True,True,True,All nonempty cited evidence lies in the final source sentence; shared automatic exclusion.,False,0.7592097864801708,0.7600859151917306,0.7637813185629734,0.0036954033712427,True
46,12,true,detail,exact_words,"""Under the Comstock laws"" is the final phrase.",True,True,False,1500,"In 1905, a then 72-year old Stockham and her publisher were convicted of circulating improper literature under the Comstock laws","[{""start"": 1605, ""end"": 1628, ""text"": ""under the Comstock laws""}]",0.0024737925800278,0.001317031037114,True,False,True,All nonempty cited evidence lies in the final source sentence; shared automatic exclusion.,False,0.7592097864801708,0.7567359939001429,0.7578927554430568,0.0011567615429138,True
46,13,false,detail,local_text,The final phrase is incomplete.,False,True,False,1500,"In 1905, a then 72-year old Stockham and her publisher were convicted of circulating improper literature under the Comstock laws","[{""start"": 1605, ""end"": 1628, ""text"": ""under the Comstock laws""}]",0.0013359117905679,0.001317031037114,True,True,True,All nonempty cited evidence lies in the final source sentence; shared automatic exclusion.,False,0.7592097864801708,0.7578738746896029,0.7578927554430568,1.888075345390927e-05,True
47,0,true,theme,format,The passage is an encyclopedic/informational article maintained throughout.,False,False,False,1102,"The reasons for the species' long-term decline are unclear, but hunting, loss of foraging habitat, and pesticide poisoning have been implicated in the rapid loss of colonies in recent decades","[{""start"": 0, ""end"": 167, ""text"": ""The northern bald ibis, hermit ibis, or waldrapp (Geronticus eremita) is a migratory bird found in barren, semi-desert or rocky habitats, often close to running water.""}]",-0.0286410836945222,0.0171156589868186,False,False,False,Retained: earlier/global/mixed content; no additional final-sentence/token locality identified.,False,0.4260381142507276,0.4546791979452498,0.4089224552639089,-0.0457567426813408,False
47,1,true,theme,topic,"The article covers taxonomy, appearance, behavior, and conservation status.",False,False,False,1102,"The reasons for the species' long-term decline are unclear, but hunting, loss of foraging habitat, and pesticide poisoning have been implicated in the rapid loss of colonies in recent decades","[{""start"": 168, ""end"": 320, ""text"": ""This glossy black ibis, which, unlike many members of the ibis family, is non-wading, has an unfeathered red face and head, and a long, curved red bill.""}, {""start"": 321, ""end"": 377, ""text"": ""It breeds colonially on coastal or mountain cliff ledges""}, {""start"": 719, ""end"": 758, ""text"": ""is now considered critically endangered""}]",-0.0068628969991701,0.0171156589868186,False,False,False,Retained: earlier/global/mixed content; no additional final-sentence/token locality identified.,False,0.4260381142507276,0.4329010112498977,0.4089224552639089,-0.0239785559859888,False
47,2,false,entity,identity,The passage is about the saffron cod.,False,False,False,1102,"The reasons for the species' long-term decline are unclear, but hunting, loss of foraging habitat, and pesticide poisoning have been implicated in the rapid loss of colonies in recent decades","[{""start"": 0, ""end"": 167, ""text"": ""The northern bald ibis, hermit ibis, or waldrapp (Geronticus eremita) is a migratory bird found in barren, semi-desert or rocky habitats, often close to running water.""}]",-0.0210577828739068,0.0171156589868186,False,False,False,Retained: earlier/global/mixed content; no additional final-sentence/token locality identified.,False,0.4260381142507276,0.4470958971246344,0.4089224552639089,-0.0381734418607254,False
47,3,true,detail,local_text,The final sentence addresses conservation threats.,True,True,False,1102,"The reasons for the species' long-term decline are unclear, but hunting, loss of foraging habitat, and pesticide poisoning have been implicated in the rapid loss of colonies in recent decades","[{""start"": 1166, ""end"": 1293, ""text"": ""hunting, loss of foraging habitat, and pesticide poisoning have been implicated in the rapid loss of colonies in recent decades""}]",-0.0090411241991521,0.0130840712524504,True,False,True,All nonempty cited evidence lies in the final source sentence; shared automatic exclusion.,False,0.4260381142507276,0.4350792384498797,0.4129540429982771,-0.0221251954516026,True
47,4,false,detail,local_text,The final sentence addresses recovery efforts.,False,True,False,1102,"The reasons for the species' long-term decline are unclear, but hunting, loss of foraging habitat, and pesticide poisoning have been implicated in the rapid loss of colonies in recent decades","[{""start"": 1102, ""end"": 1293, ""text"": ""The reasons for the species' long-term decline are unclear, but hunting, loss of foraging habitat, and pesticide poisoning have been implicated in the rapid loss of colonies in recent decades""}]",0.0052687215265958,0.0130840712524504,True,True,True,All nonempty cited evidence lies in the final source sentence; shared automatic exclusion.,False,0.4260381142507276,0.4207693927241317,0.4129540429982771,-0.0078153497258546,True
47,5,true,theme,style,This wraps up the article's arc from discovery to endangerment to hope.,False,False,False,1102,"The reasons for the species' long-term decline are unclear, but hunting, loss of foraging habitat, and pesticide poisoning have been implicated in the rapid loss of colonies in recent decades","[{""start"": 719, ""end"": 758, ""text"": ""is now considered critically endangered""}, {""start"": 931, ""end"": 998, ""text"": ""recent reintroduction programs have been instituted internationally""}]",-0.028923025698635,0.0130840712524504,False,False,False,Retained: earlier/global/mixed content; no additional final-sentence/token locality identified.,False,0.4260381142507276,0.4549611399493626,0.4129540429982771,-0.0420070969510855,False
47,6,true,detail,final_token,"The final token is ""decades"".",True,True,True,1102,"The reasons for the species' long-term decline are unclear, but hunting, loss of foraging habitat, and pesticide poisoning have been implicated in the rapid loss of colonies in recent decades","[{""start"": 1276, ""end"": 1293, ""text"": ""in recent decades""}]",0.0135260634741016,0.0057272753420501,True,False,True,"Explicit final-word/token claim, excluded regardless of truth.",False,0.4260381142507276,0.4125120507766259,0.4203108389086774,0.0077987881320514,True
47,7,true,detail,local_text,The final token closes a causal explanation.,True,True,False,1102,"The reasons for the species' long-term decline are unclear, but hunting, loss of foraging habitat, and pesticide poisoning have been implicated in the rapid loss of colonies in recent decades","[{""start"": 1166, ""end"": 1293, ""text"": ""hunting, loss of foraging habitat, and pesticide poisoning have been implicated in the rapid loss of colonies in recent decades""}]",0.0017120652210185,0.0057272753420501,True,False,True,All nonempty cited evidence lies in the final source sentence; shared automatic exclusion.,False,0.4260381142507276,0.424326049029709,0.4203108389086774,-0.0040152101210316,True
47,8,false,detail,cause,Pollution is cited as a cause of decline.,False,True,False,1102,"The reasons for the species' long-term decline are unclear, but hunting, loss of foraging habitat, and pesticide poisoning have been implicated in the rapid loss of colonies in recent decades","[{""start"": 1166, ""end"": 1245, ""text"": ""hunting, loss of foraging habitat, and pesticide poisoning have been implicated""}]",0.00773045035921,0.0057272753420501,True,True,True,All nonempty cited evidence lies in the final source sentence; shared automatic exclusion.,False,0.4260381142507276,0.4183076638915175,0.4203108389086774,0.0020031750171598,True
47,9,true,detail,cause,Habitat loss is thought to be among the primary causes of decline in recent decades.,True,True,False,1102,"The reasons for the species' long-term decline are unclear, but hunting, loss of foraging habitat, and pesticide poisoning have been implicated in the rapid loss of colonies in recent decades","[{""start"": 1166, ""end"": 1293, ""text"": ""hunting, loss of foraging habitat, and pesticide poisoning have been implicated in the rapid loss of colonies in recent decades""}]",0.6591882510091018,0.0173434306501141,True,False,True,All nonempty cited evidence lies in the final source sentence; shared automatic exclusion.,False,0.4260381142507276,-0.2331501367583743,0.4086946836006134,0.6418448203589878,True
47,11,true,detail,event,Recent conservation efforts have focused on breeding programs and habitat protection.,False,False,False,1102,"The reasons for the species' long-term decline are unclear, but hunting, loss of foraging habitat, and pesticide poisoning have been implicated in the rapid loss of colonies in recent decades","[{""start"": 931, ""end"": 1100, ""text"": ""recent reintroduction programs have been instituted internationally, with a semi-wild breeding colony in Turkey, as well as sites in Austria, Spain, and northern Morocco""}]",0.0005194221918706,0.0097662579289795,False,False,False,Retained: earlier/global/mixed content; no additional final-sentence/token locality identified.,False,0.4260381142507276,0.4255186920588569,0.416271856321748,-0.0092468357371089,False
47,12,true,detail,attribute,The species remains endangered and its population is still declining.,False,False,False,1102,"The reasons for the species' long-term decline are unclear, but hunting, loss of foraging habitat, and pesticide poisoning have been implicated in the rapid loss of colonies in recent decades","[{""start"": 719, ""end"": 758, ""text"": ""is now considered critically endangered""}, {""start"": 1249, ""end"": 1293, ""text"": ""the rapid loss of colonies in recent decades""}]",-0.0204927972790536,0.0097662579289795,False,False,False,Retained: earlier/global/mixed content; no additional final-sentence/token locality identified.,False,0.4260381142507276,0.4465309115297812,0.416271856321748,-0.0302590552080331,False
47,13,true,detail,cause,The exact causes of its decline are unclear.,True,True,False,1102,"The reasons for the species' long-term decline are unclear, but hunting, loss of foraging habitat, and pesticide poisoning have been implicated in the rapid loss of colonies in recent decades","[{""start"": 1102, ""end"": 1160, ""text"": ""The reasons for the species' long-term decline are unclear""}]",-0.0089780093580497,0.0097662579289795,True,False,True,All nonempty cited evidence lies in the final source sentence; shared automatic exclusion.,False,0.4260381142507276,0.4350161236087773,0.416271856321748,-0.0187442672870292,True
47,14,false,detail,local_text,The sentence ends mid-thought.,False,True,False,1102,"The reasons for the species' long-term decline are unclear, but hunting, loss of foraging habitat, and pesticide poisoning have been implicated in the rapid loss of colonies in recent decades","[{""start"": 1276, ""end"": 1293, ""text"": ""in recent decades""}]",0.0364915753674489,0.0097662579289795,True,True,True,All nonempty cited evidence lies in the final source sentence; shared automatic exclusion.,False,0.4260381142507276,0.3895465388832786,0.416271856321748,0.0267253174384693,True
48,0,true,theme,format,The passage is a Wikipedia article structure for a music album.,False,False,False,668,"Also was nominated for a Latin Grammy Award for Album of the Year, in the 8th Annual Latin Grammy Awards which was awarded to La Llave de Mi Corazón by Juan Luis Guerra","[{""start"": 0, ""end"": 103, ""text"": ""El Tren de los Momentos is the eighth studio album recorded by Spanish singer-songwriter Alejandro Sanz""}]",-0.0020029259737572,0.0011935504941178,False,False,False,Retained: earlier/global/mixed content; no additional final-sentence/token locality identified.,False,0.7128984729547929,0.7149013989285502,0.7117049224606751,-0.0031964764678751,False
48,1,true,theme,style,"The article follows consistent factual, encyclopedic prose.",False,False,False,668,"Also was nominated for a Latin Grammy Award for Album of the Year, in the 8th Annual Latin Grammy Awards which was awarded to La Llave de Mi Corazón by Juan Luis Guerra","[{""start"": 0, ""end"": 103, ""text"": ""El Tren de los Momentos is the eighth studio album recorded by Spanish singer-songwriter Alejandro Sanz""}]",0.0049667035143077,0.0011935504941178,False,False,False,Retained: earlier/global/mixed content; no additional final-sentence/token locality identified.,False,0.7128984729547929,0.7079317694404852,0.7117049224606751,0.0037731530201898,False
48,2,true,entity,identity,The album is by Alejandro Sanz.,False,False,False,668,"Also was nominated for a Latin Grammy Award for Album of the Year, in the 8th Annual Latin Grammy Awards which was awarded to La Llave de Mi Corazón by Juan Luis Guerra","[{""start"": 0, ""end"": 103, ""text"": ""El Tren de los Momentos is the eighth studio album recorded by Spanish singer-songwriter Alejandro Sanz""}]",0.0042369989774455,0.0011935504941178,False,False,False,Retained: earlier/global/mixed content; no additional final-sentence/token locality identified.,False,0.7128984729547929,0.7086614739773474,0.7117049224606751,0.0030434484833277,False
48,3,false,entity,identity,The album is titled 'Ayer y Hoy.',False,False,False,668,"Also was nominated for a Latin Grammy Award for Album of the Year, in the 8th Annual Latin Grammy Awards which was awarded to La Llave de Mi Corazón by Juan Luis Guerra","[{""start"": 0, ""end"": 103, ""text"": ""El Tren de los Momentos is the eighth studio album recorded by Spanish singer-songwriter Alejandro Sanz""}]",0.0056501369634041,0.0011935504941178,False,False,False,Retained: earlier/global/mixed content; no additional final-sentence/token locality identified.,False,0.7128984729547929,0.7072483359913888,0.7117049224606751,0.0044565864692862,False
48,4,true,detail,event,The passage lists award achievements.,False,False,False,668,"Also was nominated for a Latin Grammy Award for Album of the Year, in the 8th Annual Latin Grammy Awards which was awarded to La Llave de Mi Corazón by Juan Luis Guerra","[{""start"": 578, ""end"": 667, ""text"": ""The album won the Grammy Award for Best Latin Pop Album at the 50th Annual Grammy Awards.""}]",0.0003727750364417,0.0032642924366528,False,False,False,Retained: earlier/global/mixed content; no additional final-sentence/token locality identified.,False,0.7128984729547929,0.7125256979183512,0.7096341805181401,-0.002891517400211,False
48,5,false,detail,event,The passage lists chart milestones.,False,False,False,668,"Also was nominated for a Latin Grammy Award for Album of the Year, in the 8th Annual Latin Grammy Awards which was awarded to La Llave de Mi Corazón by Juan Luis Guerra",[],-0.0004810200335836,0.0032642924366528,False,False,False,Retained: earlier/global/mixed content; no additional final-sentence/token locality identified.,False,0.7128984729547929,0.7133794929883766,0.7096341805181401,-0.0037453124702364,False
48,6,false,detail,event,The sentence is mid-way through detailing Latin Grammy wins.,False,True,False,668,"Also was nominated for a Latin Grammy Award for Album of the Year, in the 8th Annual Latin Grammy Awards which was awarded to La Llave de Mi Corazón by Juan Luis Guerra","[{""start"": 668, ""end"": 836, ""text"": ""Also was nominated for a Latin Grammy Award for Album of the Year, in the 8th Annual Latin Grammy Awards which was awarded to La Llave de Mi Corazón by Juan Luis Guerra""}]",0.0109345546987176,0.0032642924366528,True,True,True,All nonempty cited evidence lies in the final source sentence; shared automatic exclusion.,False,0.7128984729547929,0.7019639182560753,0.7096341805181401,0.0076702622620647,True
48,7,true,detail,local_text,This establishes a pattern of naming specific awards and competing albums.,True,True,False,668,"Also was nominated for a Latin Grammy Award for Album of the Year, in the 8th Annual Latin Grammy Awards which was awarded to La Llave de Mi Corazón by Juan Luis Guerra","[{""start"": 668, ""end"": 836, ""text"": ""Also was nominated for a Latin Grammy Award for Album of the Year, in the 8th Annual Latin Grammy Awards which was awarded to La Llave de Mi Corazón by Juan Luis Guerra""}]",0.0001555272472406,0.0032642924366528,True,False,True,All nonempty cited evidence lies in the final source sentence; shared automatic exclusion.,False,0.7128984729547929,0.7127429457075523,0.7096341805181401,-0.0031087651894121,True
48,8,true,detail,final_token,"The final token is ""Guerra"".",True,True,True,668,"Also was nominated for a Latin Grammy Award for Album of the Year, in the 8th Annual Latin Grammy Awards which was awarded to La Llave de Mi Corazón by Juan Luis Guerra","[{""start"": 817, ""end"": 836, ""text"": ""by Juan Luis Guerra""}]",0.0363487997233092,0.0268133041970524,True,False,True,"Explicit final-word/token claim, excluded regardless of truth.",False,0.7128984729547929,0.6765496732314836,0.6860851687577405,0.0095354955262568,True
48,9,true,detail,local_text,The final token ends a clause naming the competing album and artist.,True,True,False,668,"Also was nominated for a Latin Grammy Award for Album of the Year, in the 8th Annual Latin Grammy Awards which was awarded to La Llave de Mi Corazón by Juan Luis Guerra","[{""start"": 773, ""end"": 836, ""text"": ""which was awarded to La Llave de Mi Corazón by Juan Luis Guerra""}]",0.0044717293385843,0.0268133041970524,True,False,True,All nonempty cited evidence lies in the final source sentence; shared automatic exclusion.,False,0.7128984729547929,0.7084267436162086,0.6860851687577405,-0.0223415748584681,True
48,13,false,detail,event,The album won Album of the Year.,False,True,False,668,"Also was nominated for a Latin Grammy Award for Album of the Year, in the 8th Annual Latin Grammy Awards which was awarded to La Llave de Mi Corazón by Juan Luis Guerra","[{""start"": 668, ""end"": 836, ""text"": ""Also was nominated for a Latin Grammy Award for Album of the Year, in the 8th Annual Latin Grammy Awards which was awarded to La Llave de Mi Corazón by Juan Luis Guerra""}]",0.000122443028715,0.0063883999301324,True,True,True,All nonempty cited evidence lies in the final source sentence; shared automatic exclusion.,False,0.7128984729547929,0.7127760299260779,0.7065100730246605,-0.0062659569014174,True
48,14,false,detail,date,This was at the 2005 Latin Grammy Awards.,False,True,False,668,"Also was nominated for a Latin Grammy Award for Album of the Year, in the 8th Annual Latin Grammy Awards which was awarded to La Llave de Mi Corazón by Juan Luis Guerra","[{""start"": 735, ""end"": 772, ""text"": ""in the 8th Annual Latin Grammy Awards""}]",0.0054318904255046,0.0063883999301324,True,True,True,All nonempty cited evidence lies in the final source sentence; shared automatic exclusion.,False,0.7128984729547929,0.7074665825292883,0.7065100730246605,-0.0009565095046277,True
48,15,false,detail,local_text,The sentence is incomplete.,False,True,False,668,"Also was nominated for a Latin Grammy Award for Album of the Year, in the 8th Annual Latin Grammy Awards which was awarded to La Llave de Mi Corazón by Juan Luis Guerra","[{""start"": 817, ""end"": 836, ""text"": ""by Juan Luis Guerra""}]",0.0011790023311291,0.0063883999301324,True,True,True,All nonempty cited evidence lies in the final source sentence; shared automatic exclusion.,False,0.7128984729547929,0.7117194706236638,0.7065100730246605,-0.0052093975990032,True
48,17,false,detail,attribute,Juan Luis Guerra is a Dominican merengue artist.,False,False,False,668,"Also was nominated for a Latin Grammy Award for Album of the Year, in the 8th Annual Latin Grammy Awards which was awarded to La Llave de Mi Corazón by Juan Luis Guerra",[],0.0101576234921698,0.0063883999301324,False,True,True,"Text review: assertion refers to the final source sentence's event, entity, attribute, or syntax; excluded despite missing/earlier evidence.",False,0.7128984729547929,0.702740849462623,0.7065100730246605,0.0037692235620374,True
49,0,true,theme,format,"The passage is a Wikipedia article, an encyclopedic biography.",False,False,False,1020,"The legend holds that Peter consecrated Aspren as bishop of Naples and asked him to construct the oratory of Santa Maria del Principio, which would form the basis for the basilica of Santa Restituta; San Pietro ad Aram was also said to have been built during this time","[{""start"": 0, ""end"": 100, ""text"": ""Aspren or Asprenas () was a 1st-century Christian saint and venerated as the first Bishop of Naples.""}]",0.0528884606384267,0.0040221827306786,False,False,False,Retained: earlier/global/mixed content; no additional final-sentence/token locality identified.,False,0.52948587737745,0.4765974167390232,0.5254636946467713,0.0488662779077481,False
49,1,true,theme,style,"The article follows a consistent pattern of historical claims, dates, and attributed legends.",False,False,False,1020,"The legend holds that Peter consecrated Aspren as bishop of Naples and asked him to construct the oratory of Santa Maria del Principio, which would form the basis for the basilica of Santa Restituta; San Pietro ad Aram was also said to have been built during this time","[{""start"": 574, ""end"": 634, ""text"": ""Aspren's episcopate is stated as lasting twenty-three years.""}, {""start"": 669, ""end"": 748, ""text"": ""an ancient legend holds that Saint Peter, on his way to Rome, stopped at Naples""}]",0.0026177199726072,0.0040221827306786,False,False,False,Retained: earlier/global/mixed content; no additional final-sentence/token locality identified.,False,0.52948587737745,0.5268681574048427,0.5254636946467713,-0.0014044627580713,False
49,2,false,entity,identity,The passage is about Saint Thomas in Kerala.,False,False,False,1020,"The legend holds that Peter consecrated Aspren as bishop of Naples and asked him to construct the oratory of Santa Maria del Principio, which would form the basis for the basilica of Santa Restituta; San Pietro ad Aram was also said to have been built during this time","[{""start"": 0, ""end"": 100, ""text"": ""Aspren or Asprenas () was a 1st-century Christian saint and venerated as the first Bishop of Naples.""}]",-0.0034085988206202,0.0040221827306786,False,False,False,Retained: earlier/global/mixed content; no additional final-sentence/token locality identified.,False,0.52948587737745,0.5328944761980703,0.5254636946467713,-0.0074307815512989,False
49,3,false,detail,event,The narrative completes the account of Thomas's founding activities in Muziris.,False,False,False,1020,"The legend holds that Peter consecrated Aspren as bishop of Naples and asked him to construct the oratory of Santa Maria del Principio, which would form the basis for the basilica of Santa Restituta; San Pietro ad Aram was also said to have been built during this time",[],0.0193961117586145,0.0003913245064873,False,True,True,Exclude: wrong founding-location/agent event in the concluding building-foundation legend.,True,0.52948587737745,0.5100897656188355,0.5290945528709626,0.0190047872521271,True
49,4,true,detail,local_text,The text has been detailing churches and institutions attributed to the saint's visit.,True,True,False,1020,"The legend holds that Peter consecrated Aspren as bishop of Naples and asked him to construct the oratory of Santa Maria del Principio, which would form the basis for the basilica of Santa Restituta; San Pietro ad Aram was also said to have been built during this time","[{""start"": 1091, ""end"": 1288, ""text"": ""asked him to construct the oratory of Santa Maria del Principio, which would form the basis for the basilica of Santa Restituta; San Pietro ad Aram was also said to have been built during this time""}]",-0.0083397065726301,0.0003913245064873,True,False,True,All nonempty cited evidence lies in the final source sentence; shared automatic exclusion.,False,0.52948587737745,0.5378255839500802,0.5290945528709626,-0.0087310310791175,True
49,5,false,detail,event,The Cathedral of St. Thomas is said to have been built during this time.,False,False,False,1020,"The legend holds that Peter consecrated Aspren as bishop of Naples and asked him to construct the oratory of Santa Maria del Principio, which would form the basis for the basilica of Santa Restituta; San Pietro ad Aram was also said to have been built during this time",[],0.0697034412586911,0.0103997038052978,False,True,True,"Text review: assertion refers to the final source sentence's event, entity, attribute, or syntax; excluded despite missing/earlier evidence.",False,0.52948587737745,0.4597824361187589,0.5190861735721521,0.0593037374533932,True
49,6,false,detail,event,The Santa Casa is said to have been built around this time.,False,False,False,1020,"The legend holds that Peter consecrated Aspren as bishop of Naples and asked him to construct the oratory of Santa Maria del Principio, which would form the basis for the basilica of Santa Restituta; San Pietro ad Aram was also said to have been built during this time",[],0.9413407391894036,0.0103997038052978,False,True,True,"Text review: assertion refers to the final source sentence's event, entity, attribute, or syntax; excluded despite missing/earlier evidence.",False,0.52948587737745,-0.4118548618119535,0.5190861735721521,0.9309410353841056,True
49,7,true,detail,local_text,These constructions are mentioned as contemporaneous.,True,True,False,1020,"The legend holds that Peter consecrated Aspren as bishop of Naples and asked him to construct the oratory of Santa Maria del Principio, which would form the basis for the basilica of Santa Restituta; San Pietro ad Aram was also said to have been built during this time","[{""start"": 1156, ""end"": 1288, ""text"": ""which would form the basis for the basilica of Santa Restituta; San Pietro ad Aram was also said to have been built during this time""}]",0.0144198768552872,0.0003913245064873,True,False,True,All nonempty cited evidence lies in the final source sentence; shared automatic exclusion.,False,0.52948587737745,0.5150660005221628,0.5290945528709626,0.0140285523487998,True
49,8,true,detail,final_token,"The final token is ""time"".",True,True,True,1020,"The legend holds that Peter consecrated Aspren as bishop of Naples and asked him to construct the oratory of Santa Maria del Principio, which would form the basis for the basilica of Santa Restituta; San Pietro ad Aram was also said to have been built during this time","[{""start"": 1220, ""end"": 1288, ""text"": ""San Pietro ad Aram was also said to have been built during this time""}]",0.0047310336282542,0.0091117830065199,True,False,True,"Explicit final-word/token claim, excluded regardless of truth.",False,0.52948587737745,0.5247548437491958,0.5203740943709301,-0.0043807493782657,True
49,9,true,detail,local_text,The final token closes a parallel construction.,True,True,False,1020,"The legend holds that Peter consecrated Aspren as bishop of Naples and asked him to construct the oratory of Santa Maria del Principio, which would form the basis for the basilica of Santa Restituta; San Pietro ad Aram was also said to have been built during this time","[{""start"": 1156, ""end"": 1288, ""text"": ""which would form the basis for the basilica of Santa Restituta; San Pietro ad Aram was also said to have been built during this time""}]",0.0075590328332317,0.0091117830065199,True,False,True,All nonempty cited evidence lies in the final source sentence; shared automatic exclusion.,False,0.52948587737745,0.5219268445442182,0.5203740943709301,-0.0015527501732881,True
50,0,true,theme,format,The passage follows a standard encyclopedic/Wikipedia article format.,False,False,False,1133,"The ADI denounced Menezes' designation of the MLSTP / PSD to form a government as unconstitutional, arguing that it was too late in the parliamentary term to do so, and it took the matter to the Supreme Tribunal of Justice","[{""start"": 0, ""end"": 83, ""text"": ""The Independent Democratic Action () is a political party in São Tomé and Príncipe.""}]",0.0008942154451516,-0.0089410689868361,False,False,False,Retained: earlier/global/mixed content; no additional final-sentence/token locality identified.,False,0.6625365428231849,0.6616423273780332,0.671477611810021,0.0098352844319877,False
50,1,true,theme,genre,The passage is a detailed political biography.,False,False,False,1133,"The ADI denounced Menezes' designation of the MLSTP / PSD to form a government as unconstitutional, arguing that it was too late in the parliamentary term to do so, and it took the matter to the Supreme Tribunal of Justice","[{""start"": 84, ""end"": 148, ""text"": ""It was established in 1994 by the then president Miguel Trovoada""}]",0.003655576107616,-0.0089410689868361,False,False,False,Retained: earlier/global/mixed content; no additional final-sentence/token locality identified.,False,0.6625365428231849,0.6588809667155688,0.671477611810021,0.0125966450944521,False
50,2,true,theme,topic,The passage covers elections.,False,False,False,1133,"The ADI denounced Menezes' designation of the MLSTP / PSD to form a government as unconstitutional, arguing that it was too late in the parliamentary term to do so, and it took the matter to the Supreme Tribunal of Justice","[{""start"": 202, ""end"": 241, ""text"": ""the 29 July 2001 presidential elections""}]",0.0041057977932301,-0.0089410689868361,False,False,False,Retained: earlier/global/mixed content; no additional final-sentence/token locality identified.,False,0.6625365428231849,0.6584307450299547,0.671477611810021,0.0130468667800662,False
50,3,true,theme,topic,The passage covers governance.,False,False,False,1133,"The ADI denounced Menezes' designation of the MLSTP / PSD to form a government as unconstitutional, arguing that it was too late in the parliamentary term to do so, and it took the matter to the Supreme Tribunal of Justice","[{""start"": 856, ""end"": 903, ""text"": ""Trovoada became Prime Minister in February 2008""}]",0.0017766932360711,-0.0089410689868361,False,False,False,Retained: earlier/global/mixed content; no additional final-sentence/token locality identified.,False,0.6625365428231849,0.6607598495871138,0.671477611810021,0.0107177622229072,False
50,4,true,theme,topic,The passage covers controversies.,True,True,False,1133,"The ADI denounced Menezes' designation of the MLSTP / PSD to form a government as unconstitutional, arguing that it was too late in the parliamentary term to do so, and it took the matter to the Supreme Tribunal of Justice","[{""start"": 1141, ""end"": 1231, ""text"": ""denounced Menezes' designation of the MLSTP / PSD to form a government as unconstitutional""}]",-0.0006390596540902,-0.0089410689868361,True,False,True,All nonempty cited evidence lies in the final source sentence; shared automatic exclusion.,False,0.6625365428231849,0.6631756024772751,0.671477611810021,0.0083020093327458,True
50,5,true,theme,style,The passage presents its events chronologically.,False,False,False,1133,"The ADI denounced Menezes' designation of the MLSTP / PSD to form a government as unconstitutional, arguing that it was too late in the parliamentary term to do so, and it took the matter to the Supreme Tribunal of Justice","[{""start"": 84, ""end"": 110, ""text"": ""It was established in 1994""}]",0.0004401081148646,-0.0089410689868361,False,False,False,Retained: earlier/global/mixed content; no additional final-sentence/token locality identified.,False,0.6625365428231849,0.6620964347083202,0.671477611810021,0.0093811771017007,False
50,6,true,detail,local_text,The passage exhibits narrative momentum toward a conclusion.,True,True,False,1133,"The ADI denounced Menezes' designation of the MLSTP / PSD to form a government as unconstitutional, arguing that it was too late in the parliamentary term to do so, and it took the matter to the Supreme Tribunal of Justice","[{""start"": 1302, ""end"": 1355, ""text"": ""it took the matter to the Supreme Tribunal of Justice""}]",0.0074145705739748,0.0049878256430522,True,False,True,All nonempty cited evidence lies in the final source sentence; shared automatic exclusion.,False,0.6625365428231849,0.65512197224921,0.6575487171801326,0.0024267449309226,True
50,7,true,detail,event,The final sentence describes a legal/political dispute.,True,True,False,1133,"The ADI denounced Menezes' designation of the MLSTP / PSD to form a government as unconstitutional, arguing that it was too late in the parliamentary term to do so, and it took the matter to the Supreme Tribunal of Justice","[{""start"": 1133, ""end"": 1231, ""text"": ""The ADI denounced Menezes' designation of the MLSTP / PSD to form a government as unconstitutional""}]",0.0061912289439201,0.0049878256430522,True,False,True,All nonempty cited evidence lies in the final source sentence; shared automatic exclusion.,False,0.6625365428231849,0.6563453138792648,0.6575487171801326,0.0012034033008678,True
50,8,true,detail,attribute,The dispute concerns presidential powers.,True,True,False,1133,"The ADI denounced Menezes' designation of the MLSTP / PSD to form a government as unconstitutional, arguing that it was too late in the parliamentary term to do so, and it took the matter to the Supreme Tribunal of Justice","[{""start"": 1141, ""end"": 1231, ""text"": ""denounced Menezes' designation of the MLSTP / PSD to form a government as unconstitutional""}]",-0.0017455821359043,0.0049878256430522,True,False,True,All nonempty cited evidence lies in the final source sentence; shared automatic exclusion.,False,0.6625365428231849,0.6642821249590892,0.6575487171801326,-0.0067334077789565,True
50,9,false,detail,event,The dispute concerns the dissolution of parliament.,False,False,False,1133,"The ADI denounced Menezes' designation of the MLSTP / PSD to form a government as unconstitutional, arguing that it was too late in the parliamentary term to do so, and it took the matter to the Supreme Tribunal of Justice",[],0.0003130572095082,0.0049878256430522,False,True,True,"Text review: assertion refers to the final source sentence's event, entity, attribute, or syntax; excluded despite missing/earlier evidence.",False,0.6625365428231849,0.6622234856136766,0.6575487171801326,-0.0046747684335439,True
50,11,true,detail,final_token,The final word of the prefix is “Justice”.,True,True,True,1133,"The ADI denounced Menezes' designation of the MLSTP / PSD to form a government as unconstitutional, arguing that it was too late in the parliamentary term to do so, and it took the matter to the Supreme Tribunal of Justice","[{""start"": 1348, ""end"": 1355, ""text"": ""Justice""}]",0.0040309636293234,0.0177767118442023,True,False,True,"Explicit final-word/token claim, excluded regardless of truth.",False,0.6625365428231849,0.6585055791938614,0.6447598309789825,-0.0137457482148789,True
50,12,false,entity,identification,The court involved is called the Constitutional Court.,False,True,False,1133,"The ADI denounced Menezes' designation of the MLSTP / PSD to form a government as unconstitutional, arguing that it was too late in the parliamentary term to do so, and it took the matter to the Supreme Tribunal of Justice","[{""start"": 1328, ""end"": 1355, ""text"": ""Supreme Tribunal of Justice""}]",-0.0086139799869906,0.0177767118442023,True,True,True,All nonempty cited evidence lies in the final source sentence; shared automatic exclusion.,False,0.6625365428231849,0.6711505228101755,0.6447598309789825,-0.026390691831193,True
50,13,false,entity,identification,The matter was referred to a body named the Tribunal de Justice.,False,True,False,1133,"The ADI denounced Menezes' designation of the MLSTP / PSD to form a government as unconstitutional, arguing that it was too late in the parliamentary term to do so, and it took the matter to the Supreme Tribunal of Justice","[{""start"": 1328, ""end"": 1355, ""text"": ""Supreme Tribunal of Justice""}]",-0.0026093201219399,0.0141652040873377,True,True,True,All nonempty cited evidence lies in the final source sentence; shared automatic exclusion.,False,0.6625365428231849,0.6651458629451248,0.6483713387358471,-0.0167745242092777,True
50,14,false,detail,attribute,The dissolution was claimed to be illegal.,False,False,False,1133,"The ADI denounced Menezes' designation of the MLSTP / PSD to form a government as unconstitutional, arguing that it was too late in the parliamentary term to do so, and it took the matter to the Supreme Tribunal of Justice",[],0.0129648862789943,0.0217484207025411,False,True,True,"Text review: assertion refers to the final source sentence's event, entity, attribute, or syntax; excluded despite missing/earlier evidence.",False,0.6625365428231849,0.6495716565441905,0.6407881221206437,-0.0087835344235467,True
50,15,false,entity,identification,The matter was referred to a body named the Cour Suprême de Justice.,False,True,False,1133,"The ADI denounced Menezes' designation of the MLSTP / PSD to form a government as unconstitutional, arguing that it was too late in the parliamentary term to do so, and it took the matter to the Supreme Tribunal of Justice","[{""start"": 1328, ""end"": 1355, ""text"": ""Supreme Tribunal of Justice""}]",0.5508733149252059,0.0217484207025411,True,True,True,All nonempty cited evidence lies in the final source sentence; shared automatic exclusion.,False,0.6625365428231849,0.111663227897979,0.6407881221206437,0.5291248942226647,True
50,17,true,detail,local_text,This clause closes the sentence describing the dispute.,True,True,False,1133,"The ADI denounced Menezes' designation of the MLSTP / PSD to form a government as unconstitutional, arguing that it was too late in the parliamentary term to do so, and it took the matter to the Supreme Tribunal of Justice","[{""start"": 1302, ""end"": 1355, ""text"": ""it took the matter to the Supreme Tribunal of Justice""}]",0.0050260188313546,-0.0017182072044051,True,False,True,All nonempty cited evidence lies in the final source sentence; shared automatic exclusion.,False,0.6625365428231849,0.6575105239918302,0.66425475002759,0.0067442260357598,True
50,18,false,detail,attribute,The dissolution was claimed to be unconstitutional.,False,False,False,1133,"The ADI denounced Menezes' designation of the MLSTP / PSD to form a government as unconstitutional, arguing that it was too late in the parliamentary term to do so, and it took the matter to the Supreme Tribunal of Justice",[],0.0013167593266171,-0.000261110395793,False,True,True,"Text review: assertion refers to the final source sentence's event, entity, attribute, or syntax; excluded despite missing/earlier evidence.",False,0.6625365428231849,0.6612197834965677,0.6627976532189779,0.0015778697224101,True
51,0,true,theme,format,The passage is a biographical Wikipedia article.,False,False,False,729,"In summer 2009 he returned to Brazil and played until the end of the year with Olaria, before returning to Sport Recife","[{""start"": 0, ""end"": 111, ""text"": ""Jefferson Madeira da Silva, or simply Jefferson Madeira (born 15 February 1988) is a Brazilian football forward""}]",-0.0033290943585658,0.0011612182527592,False,False,False,Retained: earlier/global/mixed content; no additional final-sentence/token locality identified.,False,0.6802215652173379,0.6835506595759038,0.6790603469645786,-0.0044903126113251,False
51,1,true,theme,style,The passage follows a chronological career narrative.,False,False,False,729,"In summer 2009 he returned to Brazil and played until the end of the year with Olaria, before returning to Sport Recife","[{""start"": 174, ""end"": 226, ""text"": ""started his career playing with Sport Recife in 2007""}]",-0.0023006040581212,0.0011612182527592,False,False,False,Retained: earlier/global/mixed content; no additional final-sentence/token locality identified.,False,0.6802215652173379,0.6825221692754592,0.6790603469645786,-0.0034618223108805,False
51,4,true,theme,topic,The passage tracks the player's club transfers.,False,False,False,729,"In summer 2009 he returned to Brazil and played until the end of the year with Olaria, before returning to Sport Recife","[{""start"": 282, ""end"": 340, ""text"": ""After loan spells with Metropolitano and Treze during 2008""}]",0.0006643216128164,0.0011612182527592,False,False,False,Retained: earlier/global/mixed content; no additional final-sentence/token locality identified.,False,0.6802215652173379,0.6795572436045214,0.6790603469645786,-0.0004968966399427,False
51,5,false,entity,identification,The player's career included Santos.,False,False,False,729,"In summer 2009 he returned to Brazil and played until the end of the year with Olaria, before returning to Sport Recife",[],-0.0100884986146706,-0.0055256140660145,False,False,False,Retained: earlier/global/mixed content; no additional final-sentence/token locality identified.,False,0.6802215652173379,0.6903100638320085,0.6857471792833525,-0.004562884548656,False
51,6,false,entity,identification,The player's career included São Paulo.,False,False,False,729,"In summer 2009 he returned to Brazil and played until the end of the year with Olaria, before returning to Sport Recife",[],-0.0117578974955235,-0.0055256140660145,False,False,False,Retained: earlier/global/mixed content; no additional final-sentence/token locality identified.,False,0.6802215652173379,0.6919794627128615,0.6857471792833525,-0.0062322834295089,False
51,7,false,entity,identification,The player's career included Vitória.,False,False,False,729,"In summer 2009 he returned to Brazil and played until the end of the year with Olaria, before returning to Sport Recife",[],0.0009859423155031,-0.0055256140660145,False,False,False,Retained: earlier/global/mixed content; no additional final-sentence/token locality identified.,False,0.6802215652173379,0.6792356229018347,0.6857471792833525,0.0065115563815177,False
51,8,false,entity,identification,The player went to Mexico as part of his career.,False,False,False,729,"In summer 2009 he returned to Brazil and played until the end of the year with Olaria, before returning to Sport Recife",[],0.0042919491224792,-0.007830673067485,False,False,False,Retained: earlier/global/mixed content; no additional final-sentence/token locality identified.,False,0.6802215652173379,0.6759296160948587,0.688052238284823,0.0121226221899642,False
51,10,true,detail,final_token,The final word of the prefix is “Recife”.,True,True,True,729,"In summer 2009 he returned to Brazil and played until the end of the year with Olaria, before returning to Sport Recife","[{""start"": 842, ""end"": 848, ""text"": ""Recife""}]",-0.0032179519454503,-0.0048303011792436,True,False,True,"Explicit final-word/token claim, excluded regardless of truth.",False,0.6802215652173379,0.6834395171627883,0.6850518663965816,0.0016123492337932,True
51,11,true,detail,event,The player returned again to Sport Recife.,True,True,False,729,"In summer 2009 he returned to Brazil and played until the end of the year with Olaria, before returning to Sport Recife","[{""start"": 816, ""end"": 848, ""text"": ""before returning to Sport Recife""}]",0.7143888384405593,-0.007525229184187,True,False,True,All nonempty cited evidence lies in the final source sentence; shared automatic exclusion.,False,0.6802215652173379,-0.0341672732232214,0.687746794401525,0.7219140676247464,True
51,12,false,entity,identification,The player moved to a club named América de Natal.,False,False,False,729,"In summer 2009 he returned to Brazil and played until the end of the year with Olaria, before returning to Sport Recife",[],0.0173989002142512,-0.0041367869481451,False,True,True,"Text review: assertion refers to the final source sentence's event, entity, attribute, or syntax; excluded despite missing/earlier evidence.",False,0.6802215652173379,0.6628226650030866,0.684358352165483,0.0215356871623964,True
51,14,false,detail,date,He returned to Sport Recife in 2006.,False,False,False,729,"In summer 2009 he returned to Brazil and played until the end of the year with Olaria, before returning to Sport Recife","[{""start"": 174, ""end"": 226, ""text"": ""started his career playing with Sport Recife in 2007""}]",0.0150099075274102,0.0007946115126319,False,False,False,"Keep: invented EARLIER 2006 return in a multi-stage career narrative, distinct from the final return after Olaria.",True,0.6802215652173379,0.6652116576899276,0.679426953704706,0.0142152960147783,False
51,15,false,detail,event,He left Sport Recife after a short spell.,False,False,False,729,"In summer 2009 he returned to Brazil and played until the end of the year with Olaria, before returning to Sport Recife",[],0.0051510367607744,0.0007946115126319,False,False,False,"Keep: earlier departure after the invented 2006 return, distinct from the final return.",True,0.6802215652173379,0.6750705284565635,0.679426953704706,0.0043564252481425,False
51,16,false,detail,attribute,The return to Sport Recife implies resuming his earlier contract or tenure.,False,False,False,729,"In summer 2009 he returned to Brazil and played until the end of the year with Olaria, before returning to Sport Recife",[],0.008701336203338,0.0007946115126319,False,True,True,"Text review: assertion refers to the final source sentence's event, entity, attribute, or syntax; excluded despite missing/earlier evidence.",False,0.6802215652173379,0.6715202290139999,0.679426953704706,0.007906724690706,True
52,0,true,theme,format,The passage is an encyclopedic Wikipedia-style article.,False,False,False,691,"Terminating trains arrive at eastern side platform, whereas southbound trains depart from western side platform","[{""start"": 0, ""end"": 76, ""text"": ""Młociny is a Warsaw Metro station serving as a northern terminus to Line M1.""}]",-0.0069839436164058,0.0016522610583959,False,False,False,Retained: earlier/global/mixed content; no additional final-sentence/token locality identified.,False,0.6468474825201449,0.6538314261365508,0.6451952214617489,-0.0086362046748018,False
52,1,true,theme,topic,The article is about a specific railway station.,False,False,False,691,"Terminating trains arrive at eastern side platform, whereas southbound trains depart from western side platform","[{""start"": 0, ""end"": 33, ""text"": ""Młociny is a Warsaw Metro station""}]",-0.0037437100107198,0.0016522610583959,False,False,False,Retained: earlier/global/mixed content; no additional final-sentence/token locality identified.,False,0.6468474825201449,0.6505911925308647,0.6451952214617489,-0.0053959710691158,False
52,2,true,theme,style,"The passage establishes a factual, descriptive register throughout.",False,False,False,691,"Terminating trains arrive at eastern side platform, whereas southbound trains depart from western side platform","[{""start"": 0, ""end"": 76, ""text"": ""Młociny is a Warsaw Metro station serving as a northern terminus to Line M1.""}]",0.000566855227758,0.0016522610583959,False,False,False,Retained: earlier/global/mixed content; no additional final-sentence/token locality identified.,False,0.6468474825201449,0.6462806272923869,0.6451952214617489,-0.0010854058306379,False
52,3,true,theme,topic,The article systematically covers location.,False,False,False,691,"Terminating trains arrive at eastern side platform, whereas southbound trains depart from western side platform","[{""start"": 77, ""end"": 185, ""text"": ""It is situated within Warsaw administrative boundaries and ZTM ticketing zone 1, in the dzielnica of Bielany""}]",0.0018102426416333,0.0021218914852818,False,False,False,Retained: earlier/global/mixed content; no additional final-sentence/token locality identified.,False,0.6468474825201449,0.6450372398785116,0.644725591034863,-0.0003116488436485,False
52,4,true,theme,topic,The article systematically covers history.,False,False,False,691,"Terminating trains arrive at eastern side platform, whereas southbound trains depart from western side platform","[{""start"": 246, ""end"": 331, ""text"": ""The station opened on 25 October 2008 and is the final northern extension of Line M1.""}]",-0.0006914089198027,0.0021218914852818,False,False,False,Retained: earlier/global/mixed content; no additional final-sentence/token locality identified.,False,0.6468474825201449,0.6475388914399477,0.644725591034863,-0.0028133004050846,False
52,5,true,theme,topic,The article systematically covers connections.,False,False,False,691,"Terminating trains arrive at eastern side platform, whereas southbound trains depart from western side platform","[{""start"": 446, ""end"": 502, ""text"": ""It is served by trams and both urban and suburban buses.""}]",-0.0025937155451207,0.0021218914852818,False,False,False,Retained: earlier/global/mixed content; no additional final-sentence/token locality identified.,False,0.6468474825201449,0.6494411980652657,0.644725591034863,-0.0047156070304026,False
52,6,true,theme,topic,The article systematically covers operational details.,False,False,False,691,"Terminating trains arrive at eastern side platform, whereas southbound trains depart from western side platform","[{""start"": 637, ""end"": 690, ""text"": ""The trains are turned back at sidings behind Młociny.""}]",0.0020519908917859,0.0021218914852818,False,False,False,Retained: earlier/global/mixed content; no additional final-sentence/token locality identified.,False,0.6468474825201449,0.6447954916283589,0.644725591034863,-6.990059349587519e-05,False
52,7,true,detail,local_text,The final sentence introduces platform usage specifics.,True,True,False,691,"Terminating trains arrive at eastern side platform, whereas southbound trains depart from western side platform","[{""start"": 691, ""end"": 802, ""text"": ""Terminating trains arrive at eastern side platform, whereas southbound trains depart from western side platform""}]",0.0028179942552737,0.0021218914852818,True,False,True,All nonempty cited evidence lies in the final source sentence; shared automatic exclusion.,False,0.6468474825201449,0.6440294882648712,0.644725591034863,0.0006961027699918,True
52,9,true,detail,final_token,The final word of the prefix is “platform”.,True,True,True,691,"Terminating trains arrive at eastern side platform, whereas southbound trains depart from western side platform","[{""start"": 794, ""end"": 802, ""text"": ""platform""}]",-0.0035146198511537,-0.0056726081986824,True,False,True,"Explicit final-word/token claim, excluded regardless of truth.",False,0.6468474825201449,0.6503621023712987,0.6525200907188273,0.0021579883475286,True
52,10,true,detail,local_text,The final sentence closes a parallel contrast structure between two train movements.,True,True,False,691,"Terminating trains arrive at eastern side platform, whereas southbound trains depart from western side platform","[{""start"": 691, ""end"": 802, ""text"": ""Terminating trains arrive at eastern side platform, whereas southbound trains depart from western side platform""}]",0.0067310344278392,-0.0056726081986824,True,False,True,All nonempty cited evidence lies in the final source sentence; shared automatic exclusion.,False,0.6468474825201449,0.6401164480923056,0.6525200907188273,0.0124036426265217,True
52,11,false,entity,identification,Trains bound for London depart from the left-hand platform.,False,False,False,691,"Terminating trains arrive at eastern side platform, whereas southbound trains depart from western side platform",[],0.1492239834273911,-0.0006078325766261,False,True,True,"Text review: assertion refers to the final source sentence's event, entity, attribute, or syntax; excluded despite missing/earlier evidence.",False,0.6468474825201449,0.4976234990927537,0.647455315096771,0.1498318160040173,True
52,12,false,entity,identification,A second set of trains bound for London depart from the right-hand platform.,False,False,False,691,"Terminating trains arrive at eastern side platform, whereas southbound trains depart from western side platform",[],-0.0138170098678198,-0.0056726081986824,False,True,True,"Text review: assertion refers to the final source sentence's event, entity, attribute, or syntax; excluded despite missing/earlier evidence.",False,0.6468474825201449,0.6606644923879648,0.6525200907188273,-0.0081444016691374,True
52,14,false,entity,identification,Trains returning to London depart from the right-hand platform.,False,False,False,691,"Terminating trains arrive at eastern side platform, whereas southbound trains depart from western side platform",[],0.0195047940696226,0.0020728219246615,False,True,True,"Text review: assertion refers to the final source sentence's event, entity, attribute, or syntax; excluded despite missing/earlier evidence.",False,0.6468474825201449,0.6273426884505222,0.6447746605954834,0.0174319721449611,True
52,15,true,detail,attribute,The station is a terminal.,False,False,False,691,"Terminating trains arrive at eastern side platform, whereas southbound trains depart from western side platform","[{""start"": 34, ""end"": 75, ""text"": ""serving as a northern terminus to Line M1""}]",-0.0089649257608679,0.0020728219246615,False,False,False,Retained: earlier/global/mixed content; no additional final-sentence/token locality identified.,False,0.6468474825201449,0.6558124082810128,0.6447746605954834,-0.0110377476855294,False
52,16,true,detail,attribute,Trains must reverse direction before departing because the station is a terminus.,False,False,False,691,"Terminating trains arrive at eastern side platform, whereas southbound trains depart from western side platform","[{""start"": 637, ""end"": 690, ""text"": ""The trains are turned back at sidings behind Młociny.""}]",0.0058804803118225,0.0020728219246615,False,False,False,Retained: earlier/global/mixed content; no additional final-sentence/token locality identified.,False,0.6468474825201449,0.6409670022083224,0.6447746605954834,0.003807658387161,False
52,17,false,detail,attribute,The station is equipped with a dedicated maintenance shed.,False,False,False,691,"Terminating trains arrive at eastern side platform, whereas southbound trains depart from western side platform",[],0.0177432547990286,0.0020728219246615,False,False,False,Retained: earlier/global/mixed content; no additional final-sentence/token locality identified.,False,0.6468474825201449,0.6291042277211163,0.6447746605954834,0.015670432874367,False
53,0,true,theme,format,The passage is a Wikipedia-style article.,False,False,False,1393,"The logo of Mono is a stylized monkey's face, mono being Spanish for monkey","[{""start"": 0, ""end"": 75, ""text"": ""Mono is a free and open-source project to create an Ecma standard-compliant""}]",0.0153638601605216,-0.0004970117350105,False,False,False,Retained: earlier/global/mixed content; no additional final-sentence/token locality identified.,False,0.3823331994088733,0.3669693392483516,0.3828302111438838,0.0158608718955322,False
53,1,true,theme,genre,The passage is technical software documentation.,False,False,False,1393,"The logo of Mono is a stylized monkey's face, mono being Spanish for monkey","[{""start"": 121, ""end"": 175, ""text"": ""including a C # compiler and a Common Language Runtime""}]",-0.0149418411718182,-0.0004970117350105,False,False,False,Retained: earlier/global/mixed content; no additional final-sentence/token locality identified.,False,0.3823331994088733,0.3972750405806916,0.3828302111438838,-0.0144448294368078,False
53,2,true,theme,topic,The article describes features of a specific tool.,False,False,False,1393,"The logo of Mono is a stylized monkey's face, mono being Spanish for monkey","[{""start"": 121, ""end"": 175, ""text"": ""including a C # compiler and a Common Language Runtime""}]",-0.0063501417473454,-0.0004970117350105,False,False,False,Retained: earlier/global/mixed content; no additional final-sentence/token locality identified.,False,0.3823331994088733,0.3886833411562188,0.3828302111438838,-0.005853130012335,False
53,3,false,theme,topic,The article describes versions of the tool.,False,False,False,1393,"The logo of Mono is a stylized monkey's face, mono being Spanish for monkey",[],-0.0028111491283924,-0.0004970117350105,False,False,False,Retained: earlier/global/mixed content; no additional final-sentence/token locality identified.,False,0.3823331994088733,0.3851443485372657,0.3828302111438838,-0.0023141373933819,False
53,4,true,theme,topic,The article describes capabilities of the tool.,False,False,False,1393,"The logo of Mono is a stylized monkey's face, mono being Spanish for monkey","[{""start"": 479, ""end"": 593, ""text"": ""Mono can be run on many software systems including Android, most Linux distributions, BSD, macOS, Windows, Solaris""}]",-0.0225984577733966,-0.0004970117350105,False,False,False,Retained: earlier/global/mixed content; no additional final-sentence/token locality identified.,False,0.3823331994088733,0.40493165718227,0.3828302111438838,-0.0221014460383861,False
53,5,false,entity,identity,The tool being described is named 'Mono Monkey'.,False,False,False,1393,"The logo of Mono is a stylized monkey's face, mono being Spanish for monkey","[{""start"": 0, ""end"": 38, ""text"": ""Mono is a free and open-source project""}]",0.0333717058016775,-0.0227380203825086,False,False,False,"Keep: incorrect global project name appears as the article subject, not merely as final-token spelling.",True,0.3823331994088733,0.3489614936071957,0.4050712197913819,0.0561097261841861,False
53,6,true,detail,local_text,The article consistently references the tool's name throughout.,False,False,False,1393,"The logo of Mono is a stylized monkey's face, mono being Spanish for monkey","[{""start"": 0, ""end"": 38, ""text"": ""Mono is a free and open-source project""}]",-0.0109504758057886,-0.0227380203825086,False,False,False,Retained: earlier/global/mixed content; no additional final-sentence/token locality identified.,False,0.3823331994088733,0.3932836752146619,0.4050712197913819,0.01178754457672,False
53,7,false,detail,local_text,The article references a Spanish-language context throughout.,False,True,False,1393,"The logo of Mono is a stylized monkey's face, mono being Spanish for monkey","[{""start"": 1439, ""end"": 1468, ""text"": ""mono being Spanish for monkey""}]",-0.0194063566457969,-0.0227380203825086,True,False,True,Shared automatic exclusion: all cited evidence is final-sentence etymology. Semantic caveat: THROUGHOUT characterizes the whole passage.,True,0.3823331994088733,0.4017395560546702,0.4050712197913819,0.0033316637367116,False
53,8,true,detail,local_text,The article builds toward explaining the etymology/naming rationale.,True,True,False,1393,"The logo of Mono is a stylized monkey's face, mono being Spanish for monkey","[{""start"": 1439, ""end"": 1468, ""text"": ""mono being Spanish for monkey""}]",-0.0140064297690968,-0.0227380203825086,True,False,True,All nonempty cited evidence lies in the final source sentence; shared automatic exclusion.,False,0.3823331994088733,0.3963396291779701,0.4050712197913819,0.0087315906134117,True
53,9,true,detail,final_token,The final word of the prefix is “monkey”.,True,True,True,1393,"The logo of Mono is a stylized monkey's face, mono being Spanish for monkey","[{""start"": 1462, ""end"": 1468, ""text"": ""monkey""}]",-0.015244311786365,-0.0068501191586967,True,False,True,"Explicit final-word/token claim, excluded regardless of truth.",False,0.3823331994088733,0.3975775111952384,0.38918331856757,-0.0083941926276683,True
53,10,true,detail,local_text,This closes a sentence explaining the name's origin.,True,True,False,1393,"The logo of Mono is a stylized monkey's face, mono being Spanish for monkey","[{""start"": 1439, ""end"": 1468, ""text"": ""mono being Spanish for monkey""}]",0.0004731856228359,-0.0031190680010722,True,False,True,All nonempty cited evidence lies in the final source sentence; shared automatic exclusion.,False,0.3823331994088733,0.3818600137860373,0.3854522674099455,0.0035922536239082,True
53,11,false,entity,relationship,"Monkey is named after mono, which in Spanish means monkey.",False,True,False,1393,"The logo of Mono is a stylized monkey's face, mono being Spanish for monkey","[{""start"": 1439, ""end"": 1468, ""text"": ""mono being Spanish for monkey""}]",0.0045324816412147,-0.0031190680010722,True,True,True,All nonempty cited evidence lies in the final source sentence; shared automatic exclusion.,False,0.3823331994088733,0.3778007177676585,0.3854522674099455,0.0076515496422869,True
53,13,false,entity,identification,The tool is a Spanish-language mathematics application for Windows.,False,False,False,1393,"The logo of Mono is a stylized monkey's face, mono being Spanish for monkey","[{""start"": 101, ""end"": 175, ""text"": ""software framework, including a C # compiler and a Common Language Runtime""}]",-0.0160403479862332,0.0220452895725998,False,False,False,Retained: earlier/global/mixed content; no additional final-sentence/token locality identified.,False,0.3823331994088733,0.3983735473951065,0.3602879098362734,-0.038085637558833,False
53,14,true,entity,relationship,"The name is a reference to the Spanish word mono, which means monkey.",True,True,False,1393,"The logo of Mono is a stylized monkey's face, mono being Spanish for monkey","[{""start"": 1439, ""end"": 1468, ""text"": ""mono being Spanish for monkey""}]",0.0502193868392603,0.0220452895725998,True,False,True,All nonempty cited evidence lies in the final source sentence; shared automatic exclusion.,False,0.3823331994088733,0.332113812569613,0.3602879098362734,0.0281740972666604,True
53,16,true,detail,local_text,This completes the etymology explanation.,True,True,False,1393,"The logo of Mono is a stylized monkey's face, mono being Spanish for monkey","[{""start"": 1439, ""end"": 1468, ""text"": ""mono being Spanish for monkey""}]",-0.0018929125617084,-0.0050226461826057,True,False,True,All nonempty cited evidence lies in the final source sentence; shared automatic exclusion.,False,0.3823331994088733,0.3842261119705817,0.387355845591479,0.0031297336208973,True
54,0,true,theme,genre,The passage is in book review genre.,False,False,False,1490,"The last chapter of this book references his first work, and is called","[{""start"": 111, ""end"": 146, ""text"": ""is a 2005 political commentary book""}]",-0.0049115489343788,-0.0017016144315664,False,False,False,Retained: earlier/global/mixed content; no additional final-sentence/token locality identified.,False,0.7193498361189705,0.7242613850533494,0.721051450550537,-0.0032099345028123,False
54,1,true,theme,style,The passage has a consistent summary structure.,False,False,False,1490,"The last chapter of this book references his first work, and is called","[{""start"": 440, ""end"": 480, ""text"": ""Phillips points to three unifying themes""}]",0.0012797661505633,-0.0017016144315664,False,False,False,Retained: earlier/global/mixed content; no additional final-sentence/token locality identified.,False,0.7193498361189705,0.7180700699684072,0.721051450550537,0.0029813805821298,False
54,2,false,entity,identity,The book being discussed is Thomas Friedman's 'The World Is Flat'.,False,False,False,1490,"The last chapter of this book references his first work, and is called","[{""start"": 0, ""end"": 191, ""text"": ""American Theocracy: The Peril and Politics of Radical Religion, Oil, and Borrowed Money in the 21st Century () is a 2005 political commentary book by American political writer Kevin Phillips.""}]",-0.0039120595441355,-0.0017016144315664,False,False,False,Retained: earlier/global/mixed content; no additional final-sentence/token locality identified.,False,0.7193498361189705,0.7232618956631061,0.721051450550537,-0.002210445112569,False
54,3,true,theme,topic,The passage discusses a predecessor book by the same author.,False,False,False,1490,"The last chapter of this book references his first work, and is called","[{""start"": 1115, ""end"": 1162, ""text"": ""Phillips wrote The Emerging Republican Majority""}]",0.0036034718111884,-0.0017016144315664,False,False,False,Retained: earlier/global/mixed content; no additional final-sentence/token locality identified.,False,0.7193498361189705,0.715746364307782,0.721051450550537,0.0053050862427549,False
54,4,true,detail,local_text,The passage exhibits narrative momentum building toward a conclusion.,True,True,False,1490,"The last chapter of this book references his first work, and is called","[{""start"": 1490, ""end"": 1560, ""text"": ""The last chapter of this book references his first work, and is called""}]",0.0034955583805639,0.0024835852216973,True,False,True,All nonempty cited evidence lies in the final source sentence; shared automatic exclusion.,False,0.7193498361189705,0.7158542777384066,0.7168662508972732,0.0010119731588665,True
54,5,false,detail,date,The earlier work's thesis is dated to 1992.,False,False,False,1490,"The last chapter of this book references his first work, and is called",[],0.0059368626121873,0.009356778721991,False,False,False,"Keep: earlier thesis date, not the final chapter-name/reference clause.",True,0.7193498361189705,0.7134129735067831,0.7099930573969795,-0.0034199161098036,False
54,6,true,detail,local_text,The final chapter returns to / references the author's earlier work.,True,True,False,1490,"The last chapter of this book references his first work, and is called","[{""start"": 1490, ""end"": 1545, ""text"": ""The last chapter of this book references his first work""}]",0.0490906287879575,0.009356778721991,True,False,True,All nonempty cited evidence lies in the final source sentence; shared automatic exclusion.,False,0.7193498361189705,0.670259207331013,0.7099930573969795,0.0397338500659665,True
54,7,false,detail,exact_words,"The final clause is 'The last chapter returns to this original book, and is called'.",False,True,False,1490,"The last chapter of this book references his first work, and is called","[{""start"": 1490, ""end"": 1560, ""text"": ""The last chapter of this book references his first work, and is called""}]",0.06103082758905,-0.0007820321011495,True,True,True,All nonempty cited evidence lies in the final source sentence; shared automatic exclusion.,False,0.7193498361189705,0.6583190085299204,0.7201318682201201,0.0618128596901996,True
54,8,true,detail,local_text,This is an incomplete predicate requiring a chapter title in quotes.,True,True,False,1490,"The last chapter of this book references his first work, and is called","[{""start"": 1547, ""end"": 1560, ""text"": ""and is called""}]",0.0116871551393759,-0.0007820321011495,True,False,True,All nonempty cited evidence lies in the final source sentence; shared automatic exclusion.,False,0.7193498361189705,0.7076626809795946,0.7201318682201201,0.0124691872405254,True
54,10,false,entity,identification,Friedman's book addresses the failure of his earlier work.,False,False,False,1490,"The last chapter of this book references his first work, and is called",[],0.0066459520775945,0.006090813549829,False,False,False,"Keep: book/author/earlier-work failure premise, rather than the closing chapter-title statement.",True,0.7193498361189705,0.712703884041376,0.7132590225691414,0.0005551385277654,False
55,0,true,theme,format,The passage is Wikipedia-style encyclopedic.,False,False,False,631,"The term is seldom used in eastern Massachusetts, where Worcester and points west are instead regarded as part of Western Mass.","[{""start"": 0, ""end"": 76, ""text"": ""Central Massachusetts is the geographically central region of Massachusetts.""}]",0.0026676443088686,0.0058935596706485,False,False,False,Retained: earlier/global/mixed content; no additional final-sentence/token locality identified.,False,0.5936236601584726,0.5909560158496039,0.587730100487824,-0.0032259153617798,False
55,1,true,theme,topic,The passage defines a geographic term.,False,False,False,631,"The term is seldom used in eastern Massachusetts, where Worcester and points west are instead regarded as part of Western Mass.","[{""start"": 0, ""end"": 76, ""text"": ""Central Massachusetts is the geographically central region of Massachusetts.""}]",0.0097383644384515,0.0058935596706485,False,False,False,Retained: earlier/global/mixed content; no additional final-sentence/token locality identified.,False,0.5936236601584726,0.583885295720021,0.587730100487824,0.003844804767803,False
55,2,true,theme,style,"The passage uses factual, neutral prose.",False,False,False,631,"The term is seldom used in eastern Massachusetts, where Worcester and points west are instead regarded as part of Western Mass.","[{""start"": 0, ""end"": 76, ""text"": ""Central Massachusetts is the geographically central region of Massachusetts.""}]",0.005193740433378,0.0058935596706485,False,False,False,Retained: earlier/global/mixed content; no additional final-sentence/token locality identified.,False,0.5936236601584726,0.5884299197250945,0.587730100487824,-0.0006998192372704,False
55,3,true,theme,topic,The passage describes the region's definition.,False,False,False,631,"The term is seldom used in eastern Massachusetts, where Worcester and points west are instead regarded as part of Western Mass.","[{""start"": 77, ""end"": 184, ""text"": ""Though definitions vary, most include all of Worcester County and the northwest corner of Middlesex County.""}]",-0.0010546402227515,0.0054222870377853,False,False,False,Retained: earlier/global/mixed content; no additional final-sentence/token locality identified.,False,0.5936236601584726,0.5946783003812242,0.5882013731206872,-0.0064769272605369,False
55,4,true,theme,topic,The passage describes the region's boundaries.,False,False,False,631,"The term is seldom used in eastern Massachusetts, where Worcester and points west are instead regarded as part of Western Mass.","[{""start"": 449, ""end"": 555, ""text"": ""in contrast to the Atlantic coastal plain to the east and the Connecticut River valley lowland to the west""}]",-0.0012649955245839,0.0054222870377853,False,False,False,Retained: earlier/global/mixed content; no additional final-sentence/token locality identified.,False,0.5936236601584726,0.5948886556830565,0.5882013731206872,-0.0066872825623692,False
55,5,true,theme,topic,The passage describes the region's demographics.,False,False,False,631,"The term is seldom used in eastern Massachusetts, where Worcester and points west are instead regarded as part of Western Mass.","[{""start"": 185, ""end"": 224, ""text"": ""Worcester, the largest city in the area""}]",0.0003209441224518,0.0054222870377853,False,False,False,Retained: earlier/global/mixed content; no additional final-sentence/token locality identified.,False,0.5936236601584726,0.5933027160360207,0.5882013731206872,-0.0051013429153334,False
55,6,true,theme,topic,The passage describes the region's cultural identity.,False,False,False,631,"The term is seldom used in eastern Massachusetts, where Worcester and points west are instead regarded as part of Western Mass.","[{""start"": 259, ""end"": 313, ""text"": ""is often considered the cultural capital of the region""}]",-0.0027091104676946,0.0054222870377853,False,False,False,Retained: earlier/global/mixed content; no additional final-sentence/token locality identified.,False,0.5936236601584726,0.5963327706261672,0.5882013731206872,-0.0081313975054799,False
55,7,true,detail,local_text,The final sentence provides a concluding note about how the term is perceived differently by neighboring areas.,True,True,False,631,"The term is seldom used in eastern Massachusetts, where Worcester and points west are instead regarded as part of Western Mass.","[{""start"": 631, ""end"": 758, ""text"": ""The term is seldom used in eastern Massachusetts, where Worcester and points west are instead regarded as part of Western Mass.""}]",0.0076280604276505,0.0054222870377853,True,False,True,All nonempty cited evidence lies in the final source sentence; shared automatic exclusion.,False,0.5936236601584726,0.585995599730822,0.5882013731206872,0.0022057733898651,True
55,8,false,entity,identification,The contrasting perspective mentioned is 'southern New England'.,False,True,False,631,"The term is seldom used in eastern Massachusetts, where Worcester and points west are instead regarded as part of Western Mass.","[{""start"": 658, ""end"": 679, ""text"": ""eastern Massachusetts""}]",0.001660174764446,0.0054222870377853,True,True,True,All nonempty cited evidence lies in the final source sentence; shared automatic exclusion.,False,0.5936236601584726,0.5919634853940265,0.5882013731206872,-0.0037621122733393,True
55,9,false,detail,final_token,The final word of the prefix is “West.”,False,True,True,631,"The term is seldom used in eastern Massachusetts, where Worcester and points west are instead regarded as part of Western Mass.","[{""start"": 753, ""end"": 758, ""text"": ""Mass.""}]",-0.0005957259409921,0.0008954057569163,True,True,True,"Explicit final-word/token claim, excluded regardless of truth.",False,0.5936236601584726,0.5942193860994647,0.5927282544015562,-0.0014911316979084,True
55,10,false,entity,identification,Central Connecticut is rarely distinguished from Greater Hartford in the eyes of residents of western Connecticut.,False,False,False,631,"The term is seldom used in eastern Massachusetts, where Worcester and points west are instead regarded as part of Western Mass.",[],0.0239121931029083,0.0008954057569163,False,True,True,"Text review: assertion refers to the final source sentence's event, entity, attribute, or syntax; excluded despite missing/earlier evidence.",False,0.5936236601584726,0.5697114670555642,0.5927282544015562,0.0230167873459919,True
55,11,false,entity,identification,Central Connecticut is generally subsumed under Greater New England.,False,False,False,631,"The term is seldom used in eastern Massachusetts, where Worcester and points west are instead regarded as part of Western Mass.",[],0.0164720902452952,0.0008954057569163,False,True,True,"Text review: assertion refers to the final source sentence's event, entity, attribute, or syntax; excluded despite missing/earlier evidence.",False,0.5936236601584726,0.5771515699131773,0.5927282544015562,0.0155766844883789,True
55,12,true,detail,local_text,The period closes the article.,True,True,False,631,"The term is seldom used in eastern Massachusetts, where Worcester and points west are instead regarded as part of Western Mass.","[{""start"": 753, ""end"": 758, ""text"": ""Mass.""}]",0.0049645274019984,0.0008954057569163,True,False,True,All nonempty cited evidence lies in the final source sentence; shared automatic exclusion.,False,0.5936236601584726,0.5886591327564741,0.5927282544015562,0.0040691216450821,True
55,13,false,detail,exact_words,"The final clause is 'In southern Connecticut, it is rarely distinguished from western Connecticut.'",False,True,False,631,"The term is seldom used in eastern Massachusetts, where Worcester and points west are instead regarded as part of Western Mass.","[{""start"": 631, ""end"": 758, ""text"": ""The term is seldom used in eastern Massachusetts, where Worcester and points west are instead regarded as part of Western Mass.""}]",-0.0020374623138731,0.0008954057569163,True,True,True,All nonempty cited evidence lies in the final source sentence; shared automatic exclusion.,False,0.5936236601584726,0.5956611224723457,0.5927282544015562,-0.0029328680707895,True
55,15,false,entity,identification,"In the north, it is generally regarded as part of the South.",False,False,False,631,"The term is seldom used in eastern Massachusetts, where Worcester and points west are instead regarded as part of Western Mass.",[],0.008107914211741,0.0056597508027432,False,True,True,"Text review: assertion refers to the final source sentence's event, entity, attribute, or syntax; excluded despite missing/earlier evidence.",False,0.5936236601584726,0.5855157459467315,0.5879639093557293,0.0024481634089977,True
55,16,false,detail,attribute,The final clause implies the term is rejected by southern users.,False,False,False,631,"The term is seldom used in eastern Massachusetts, where Worcester and points west are instead regarded as part of Western Mass.",[],0.0183342978495364,0.0056597508027432,False,True,True,"Text review: assertion refers to the final source sentence's event, entity, attribute, or syntax; excluded despite missing/earlier evidence.",False,0.5936236601584726,0.5752893623089361,0.5879639093557293,0.0126745470467931,True
56,0,true,theme,format,The passage is an encyclopedic/Wikipedia-style article.,False,False,False,1011,"The General Agreement on Tariffs and Trade (GATT), the postwar independence of European colonies, and much more are derived from the Atlantic Charter","[{""start"": 0, ""end"": 96, ""text"": ""The Atlantic Charter was a pivotal policy statement issued during World War II on 14 August 1941""}]",-0.0115534699794089,0.0047585763761529,False,False,False,Retained: earlier/global/mixed content; no additional final-sentence/token locality identified.,False,0.7139941923527553,0.7255476623321643,0.7092356159766023,-0.0163120463555619,False
56,1,true,theme,style,"The passage has a factual, neutral tone.",False,False,False,1011,"The General Agreement on Tariffs and Trade (GATT), the postwar independence of European colonies, and much more are derived from the Atlantic Charter","[{""start"": 0, ""end"": 51, ""text"": ""The Atlantic Charter was a pivotal policy statement""}]",0.0017708169287729,0.0047585763761529,False,False,False,Retained: earlier/global/mixed content; no additional final-sentence/token locality identified.,False,0.7139941923527553,0.7122233754239824,0.7092356159766023,-0.00298775944738,False
56,2,true,theme,topic,The passage describes the Atlantic Charter's historical significance and provisions.,False,False,False,1011,"The General Agreement on Tariffs and Trade (GATT), the postwar independence of European colonies, and much more are derived from the Atlantic Charter","[{""start"": 280, ""end"": 325, ""text"": ""The Charter stated the ideal goals of the war""}]",0.0145335724277226,0.0047585763761529,False,False,False,Retained: earlier/global/mixed content; no additional final-sentence/token locality identified.,False,0.7139941923527553,0.6994606199250326,0.7092356159766023,0.0097749960515697,False
56,3,true,detail,local_text,The passage exhibits narrative momentum building toward a conclusion.,False,False,False,1011,"The General Agreement on Tariffs and Trade (GATT), the postwar independence of European colonies, and much more are derived from the Atlantic Charter","[{""start"": 885, ""end"": 1010, ""text"": ""The Atlantic Charter set goals for the postwar world and inspired many of the international agreements that followed the war.""}]",0.0078489216632884,0.0049552408692508,False,False,False,Retained: earlier/global/mixed content; no additional final-sentence/token locality identified.,False,0.7139941923527553,0.7061452706894669,0.7090389514835045,0.0028936807940376,False
56,4,true,theme,topic,The text has traced the Charter's creation.,False,False,False,1011,"The General Agreement on Tariffs and Trade (GATT), the postwar independence of European colonies, and much more are derived from the Atlantic Charter","[{""start"": 152, ""end"": 224, ""text"": ""The leaders of the United Kingdom and the United States drafted the work""}]",0.0055610512494068,0.0049552408692508,False,False,False,Retained: earlier/global/mixed content; no additional final-sentence/token locality identified.,False,0.7139941923527553,0.7084331411033484,0.7090389514835045,0.000605810380156,False
56,5,true,theme,topic,The text has traced the Charter's goals.,False,False,False,1011,"The General Agreement on Tariffs and Trade (GATT), the postwar independence of European colonies, and much more are derived from the Atlantic Charter","[{""start"": 280, ""end"": 325, ""text"": ""The Charter stated the ideal goals of the war""}]",0.0103626256290332,0.0049552408692508,False,False,False,Retained: earlier/global/mixed content; no additional final-sentence/token locality identified.,False,0.7139941923527553,0.7036315667237221,0.7090389514835045,0.0054073847597824,False
56,6,true,theme,topic,The text has traced the Charter's legacy.,False,False,False,1011,"The General Agreement on Tariffs and Trade (GATT), the postwar independence of European colonies, and much more are derived from the Atlantic Charter","[{""start"": 885, ""end"": 1010, ""text"": ""The Atlantic Charter set goals for the postwar world and inspired many of the international agreements that followed the war.""}]",0.0072590323778152,0.0049552408692508,False,False,False,Retained: earlier/global/mixed content; no additional final-sentence/token locality identified.,False,0.7139941923527553,0.7067351599749401,0.7090389514835045,0.0023037915085644,False
56,7,true,detail,local_text,The passage is now summarizing the Charter's lasting influence on post-war institutions.,True,True,False,1011,"The General Agreement on Tariffs and Trade (GATT), the postwar independence of European colonies, and much more are derived from the Atlantic Charter","[{""start"": 1011, ""end"": 1160, ""text"": ""The General Agreement on Tariffs and Trade (GATT), the postwar independence of European colonies, and much more are derived from the Atlantic Charter""}]",0.0132403424389753,0.0049552408692508,True,False,True,All nonempty cited evidence lies in the final source sentence; shared automatic exclusion.,False,0.7139941923527553,0.70075384991378,0.7090389514835045,0.0082851015697245,True
56,8,true,detail,final_token,The final word of the prefix is “Charter”.,True,True,True,1011,"The General Agreement on Tariffs and Trade (GATT), the postwar independence of European colonies, and much more are derived from the Atlantic Charter","[{""start"": 1153, ""end"": 1160, ""text"": ""Charter""}]",-0.0110620477401558,-0.0145166414623982,True,False,True,"Explicit final-word/token claim, excluded regardless of truth.",False,0.7139941923527553,0.7250562400929111,0.7285108338151536,0.0034545937222424,True
56,9,true,detail,local_text,This closes a sentence listing derivative agreements.,True,True,False,1011,"The General Agreement on Tariffs and Trade (GATT), the postwar independence of European colonies, and much more are derived from the Atlantic Charter","[{""start"": 1011, ""end"": 1160, ""text"": ""The General Agreement on Tariffs and Trade (GATT), the postwar independence of European colonies, and much more are derived from the Atlantic Charter""}]",0.0041895218513368,-0.0145166414623982,True,False,True,All nonempty cited evidence lies in the final source sentence; shared automatic exclusion.,False,0.7139941923527553,0.7098046705014185,0.7285108338151536,0.018706163313735,True
56,10,true,detail,attribute,Many important agreements and policies are derived from the Atlantic Charter.,True,True,False,1011,"The General Agreement on Tariffs and Trade (GATT), the postwar independence of European colonies, and much more are derived from the Atlantic Charter","[{""start"": 1011, ""end"": 1160, ""text"": ""The General Agreement on Tariffs and Trade (GATT), the postwar independence of European colonies, and much more are derived from the Atlantic Charter""}]",0.7681739448947957,-0.0100741993315396,True,False,True,All nonempty cited evidence lies in the final source sentence; shared automatic exclusion.,False,0.7139941923527553,-0.0541797525420404,0.7240683916842949,0.7782481442263354,True
56,11,false,entity,identification,The United Nations Charter is among the agreements derived from the Atlantic Charter.,False,True,False,1011,"The General Agreement on Tariffs and Trade (GATT), the postwar independence of European colonies, and much more are derived from the Atlantic Charter","[{""start"": 1011, ""end"": 1107, ""text"": ""The General Agreement on Tariffs and Trade (GATT), the postwar independence of European colonies""}]",-0.0045399949901601,-0.0100741993315396,True,True,True,All nonempty cited evidence lies in the final source sentence; shared automatic exclusion.,False,0.7139941923527553,0.7185341873429154,0.7240683916842949,0.0055342043413795,True
56,12,false,entity,identification,The Bretton Woods Agreement is among the agreements derived from the Atlantic Charter.,False,True,False,1011,"The General Agreement on Tariffs and Trade (GATT), the postwar independence of European colonies, and much more are derived from the Atlantic Charter","[{""start"": 1011, ""end"": 1107, ""text"": ""The General Agreement on Tariffs and Trade (GATT), the postwar independence of European colonies""}]",0.0157466468977324,-0.0100741993315396,True,True,True,All nonempty cited evidence lies in the final source sentence; shared automatic exclusion.,False,0.7139941923527553,0.6982475454550229,0.7240683916842949,0.025820846229272,True
56,14,true,detail,attribute,The Atlantic Charter is still very influential today.,False,False,False,1011,"The General Agreement on Tariffs and Trade (GATT), the postwar independence of European colonies, and much more are derived from the Atlantic Charter","[{""start"": 885, ""end"": 1010, ""text"": ""The Atlantic Charter set goals for the postwar world and inspired many of the international agreements that followed the war.""}]",0.0539078915739688,0.0065588662684893,False,False,False,Retained: earlier/global/mixed content; no additional final-sentence/token locality identified.,False,0.7139941923527553,0.6600863007787865,0.707435326084266,0.0473490253054794,False
56,15,true,detail,attribute,The Atlantic Charter inspired many agreements and policies.,False,False,False,1011,"The General Agreement on Tariffs and Trade (GATT), the postwar independence of European colonies, and much more are derived from the Atlantic Charter","[{""start"": 942, ""end"": 1009, ""text"": ""inspired many of the international agreements that followed the war""}]",0.0195071408434992,0.0065588662684893,False,False,False,Retained: earlier/global/mixed content; no additional final-sentence/token locality identified.,False,0.7139941923527553,0.694487051509256,0.707435326084266,0.0129482745750099,False
57,0,true,theme,format,The passage is a Wikipedia-style geographic article.,False,False,False,1049,A number of bridges have been constructed across the creek,"[{""start"": 0, ""end"": 122, ""text"": ""Little Mahantango Creek is a tributary of Mahantango Creek in Schuylkill County and Northumberland County, in Pennsylvania""}]",0.0256530582064176,0.0001163142152313,False,False,False,Retained: earlier/global/mixed content; no additional final-sentence/token locality identified.,False,0.7493214770284069,0.7236684188219893,0.7492051628131755,0.0255367439911862,False
57,1,true,theme,topic,The article is about a small creek.,False,False,False,1049,A number of bridges have been constructed across the creek,"[{""start"": 0, ""end"": 58, ""text"": ""Little Mahantango Creek is a tributary of Mahantango Creek""}]",0.0143759773111491,0.0001163142152313,False,False,False,Retained: earlier/global/mixed content; no additional final-sentence/token locality identified.,False,0.7493214770284069,0.7349454997172578,0.7492051628131755,0.0142596630959177,False
57,2,true,theme,style,The passage follows a consistent pattern of factual sentences.,False,False,False,1049,A number of bridges have been constructed across the creek,"[{""start"": 0, ""end"": 58, ""text"": ""Little Mahantango Creek is a tributary of Mahantango Creek""}]",0.0095096603792823,0.0001163142152313,False,False,False,Retained: earlier/global/mixed content; no additional final-sentence/token locality identified.,False,0.7493214770284069,0.7398118166491245,0.7492051628131755,0.0093933461640509,False
57,3,true,theme,topic,The article covers hydrology.,False,False,False,1049,A number of bridges have been constructed across the creek,"[{""start"": 309, ""end"": 351, ""text"": ""The watershed of the creek has an area of.""}]",0.002456315925158,0.0001163142152313,False,False,False,Retained: earlier/global/mixed content; no additional final-sentence/token locality identified.,False,0.7493214770284069,0.7468651611032489,0.7492051628131755,0.0023400017099266,False
57,4,true,theme,topic,The article covers geography.,False,False,False,1049,A number of bridges have been constructed across the creek,"[{""start"": 146, ""end"": 234, ""text"": ""It is approximately long and flows through Eldred Township and Upper Mahantongo Township""}]",-0.0002892896261481,0.0001163142152313,False,False,False,Retained: earlier/global/mixed content; no additional final-sentence/token locality identified.,False,0.7493214770284069,0.7496107666545551,0.7492051628131755,-0.0004056038413795,False
57,5,true,theme,topic,The article covers land use.,False,False,False,1049,A number of bridges have been constructed across the creek,"[{""start"": 946, ""end"": 1048, ""text"": ""The main land use near it is agricultural land, but forested land and developed land are also present.""}]",0.0055526837047061,0.0004878834378365,False,False,False,Retained: earlier/global/mixed content; no additional final-sentence/token locality identified.,False,0.7493214770284069,0.7437687933237007,0.7488335935905703,0.0050648002668696,False
57,6,true,theme,topic,The article covers infrastructure.,True,True,False,1049,A number of bridges have been constructed across the creek,"[{""start"": 1049, ""end"": 1107, ""text"": ""A number of bridges have been constructed across the creek""}]",-0.0027364756826063,0.0001163142152313,True,False,True,All nonempty cited evidence lies in the final source sentence; shared automatic exclusion.,False,0.7493214770284069,0.7520579527110133,0.7492051628131755,-0.0028527898978377,True
57,7,true,theme,topic,The article covers the watershed.,False,False,False,1049,A number of bridges have been constructed across the creek,"[{""start"": 309, ""end"": 351, ""text"": ""The watershed of the creek has an area of.""}]",0.0020040933210978,0.0023197599320096,False,False,False,Retained: earlier/global/mixed content; no additional final-sentence/token locality identified.,False,0.7493214770284069,0.747317383707309,0.7470017170963973,-0.0003156666109117,False
57,8,true,theme,topic,The article covers tributaries.,False,False,False,1049,A number of bridges have been constructed across the creek,"[{""start"": 352, ""end"": 410, ""text"": ""The creek has many unnamed tributaries and sub-tributaries""}]",0.000251007989552,0.0023197599320096,False,False,False,Retained: earlier/global/mixed content; no additional final-sentence/token locality identified.,False,0.7493214770284069,0.7490704690388549,0.7470017170963973,-0.0020687519424575,False
57,9,false,theme,topic,The article covers population.,False,False,False,1049,A number of bridges have been constructed across the creek,[],-0.0019915411220119,0.0023197599320096,False,False,False,Retained: earlier/global/mixed content; no additional final-sentence/token locality identified.,False,0.7493214770284069,0.7513130181504188,0.7470017170963973,-0.0043113010540215,False
57,10,false,theme,topic,The article covers elevation.,False,False,False,1049,A number of bridges have been constructed across the creek,[],0.0005806705331758,0.0023197599320096,False,False,False,Retained: earlier/global/mixed content; no additional final-sentence/token locality identified.,False,0.7493214770284069,0.748740806495231,0.7470017170963973,-0.0017390893988337,False
57,11,false,theme,topic,The article covers nearby roads.,False,False,False,1049,A number of bridges have been constructed across the creek,[],0.0022556020615968,0.0023197599320096,False,False,False,Retained: earlier/global/mixed content; no additional final-sentence/token locality identified.,False,0.7493214770284069,0.7470658749668101,0.7470017170963973,-6.415787041280652e-05,False
57,12,true,detail,local_text,Bridges are the final infrastructure category being introduced.,True,True,False,1049,A number of bridges have been constructed across the creek,"[{""start"": 1049, ""end"": 1107, ""text"": ""A number of bridges have been constructed across the creek""}]",-0.0003574447506421,0.0023197599320096,True,False,True,All nonempty cited evidence lies in the final source sentence; shared automatic exclusion.,False,0.7493214770284069,0.749678921779049,0.7470017170963973,-0.0026772046826517,True
57,13,true,detail,final_token,The final word of the prefix is “creek”.,True,True,True,1049,A number of bridges have been constructed across the creek,"[{""start"": 1102, ""end"": 1107, ""text"": ""creek""}]",-0.0025570407608959,-0.002965280724163,True,False,True,"Explicit final-word/token claim, excluded regardless of truth.",False,0.7493214770284069,0.7518785177893028,0.7522867577525699,0.0004082399632671,True
57,14,true,detail,local_text,This closes a sentence fragment lacking terminal punctuation.,True,True,False,1049,A number of bridges have been constructed across the creek,"[{""start"": 1049, ""end"": 1107, ""text"": ""A number of bridges have been constructed across the creek""}]",0.0017179273275397,-0.002965280724163,True,False,True,All nonempty cited evidence lies in the final source sentence; shared automatic exclusion.,False,0.7493214770284069,0.7476035497008672,0.7522867577525699,0.0046832080517027,True
57,15,true,detail,attribute,Bridges have been built/constructed over the creek.,True,True,False,1049,A number of bridges have been constructed across the creek,"[{""start"": 1049, ""end"": 1107, ""text"": ""A number of bridges have been constructed across the creek""}]",0.299443273046678,-0.0012504526415348,True,False,True,All nonempty cited evidence lies in the final source sentence; shared automatic exclusion.,False,0.7493214770284069,0.4498782039817289,0.7505719296699418,0.3006937256882128,True
57,17,true,detail,local_text,This mirrors the article's pattern of concluding with infrastructure details.,True,True,False,1049,A number of bridges have been constructed across the creek,"[{""start"": 1049, ""end"": 1107, ""text"": ""A number of bridges have been constructed across the creek""}]",0.0071844269249435,-0.0003234318873979,True,False,True,All nonempty cited evidence lies in the final source sentence; shared automatic exclusion.,False,0.7493214770284069,0.7421370501034633,0.7496449089158048,0.0075078588123415,True
58,0,true,theme,format,"The passage is a Wikipedia article with factual, encyclopedic prose.",False,False,False,655,Both Europafilm plating equipment and Alpha Toolex pressing equipment is still considered to be the finest engineered equipment in their respective categories,"[{""start"": 0, ""end"": 70, ""text"": ""Europafilm was an influential Swedish film company established in 1929""}]",-0.0151556563460781,-0.0025751485407388,False,False,False,Retained: earlier/global/mixed content; no additional final-sentence/token locality identified.,False,0.5235436608942576,0.5386993172403358,0.5261188094349964,-0.0125805078053393,False
58,1,true,theme,style,"The passage has factual, encyclopedic prose.",False,False,False,655,Both Europafilm plating equipment and Alpha Toolex pressing equipment is still considered to be the finest engineered equipment in their respective categories,"[{""start"": 0, ""end"": 70, ""text"": ""Europafilm was an influential Swedish film company established in 1929""}]",-0.0019041824298378,-0.0025751485407388,False,False,False,Retained: earlier/global/mixed content; no additional final-sentence/token locality identified.,False,0.5235436608942576,0.5254478433240954,0.5261188094349964,0.000670966110901,False
58,4,true,theme,topic,The passage covers the company's history.,False,False,False,655,Both Europafilm plating equipment and Alpha Toolex pressing equipment is still considered to be the finest engineered equipment in their respective categories,"[{""start"": 253, ""end"": 332, ""text"": ""It was acquired by Bonnier in 1984 and merged with Svensk Filmindustri in 1985.""}]",-0.0053694280093101,-0.0078763064320147,False,False,False,Retained: earlier/global/mixed content; no additional final-sentence/token locality identified.,False,0.5235436608942576,0.5289130889035678,0.5314199673262724,0.0025068784227045,False
58,5,true,detail,local_text,The passage exhibits narrative momentum completing a historical account.,True,True,False,655,Both Europafilm plating equipment and Alpha Toolex pressing equipment is still considered to be the finest engineered equipment in their respective categories,"[{""start"": 655, ""end"": 813, ""text"": ""Both Europafilm plating equipment and Alpha Toolex pressing equipment is still considered to be the finest engineered equipment in their respective categories""}]",-0.0132723909487459,-0.0078763064320147,True,False,True,All nonempty cited evidence lies in the final source sentence; shared automatic exclusion.,False,0.5235436608942576,0.5368160518430036,0.5314199673262724,-0.0053960845167312,True
58,6,false,detail,event,The final sentence describes the company's closure.,False,True,False,655,Both Europafilm plating equipment and Alpha Toolex pressing equipment is still considered to be the finest engineered equipment in their respective categories,"[{""start"": 655, ""end"": 813, ""text"": ""Both Europafilm plating equipment and Alpha Toolex pressing equipment is still considered to be the finest engineered equipment in their respective categories""}]",0.0164451790037047,-0.0078763064320147,True,True,True,All nonempty cited evidence lies in the final source sentence; shared automatic exclusion.,False,0.5235436608942576,0.5070984818905528,0.5314199673262724,0.0243214854357195,True
58,7,true,detail,attribute,The final sentence describes the legacy of its manufacturing divisions.,True,True,False,655,Both Europafilm plating equipment and Alpha Toolex pressing equipment is still considered to be the finest engineered equipment in their respective categories,"[{""start"": 655, ""end"": 813, ""text"": ""Both Europafilm plating equipment and Alpha Toolex pressing equipment is still considered to be the finest engineered equipment in their respective categories""}]",0.007567651596863,-0.0078763064320147,True,False,True,All nonempty cited evidence lies in the final source sentence; shared automatic exclusion.,False,0.5235436608942576,0.5159760092973946,0.5314199673262724,0.0154439580288777,True
58,8,true,detail,local_text,The passage builds toward a concluding evaluative statement about the equipment's lasting reputation.,True,True,False,655,Both Europafilm plating equipment and Alpha Toolex pressing equipment is still considered to be the finest engineered equipment in their respective categories,"[{""start"": 725, ""end"": 813, ""text"": ""is still considered to be the finest engineered equipment in their respective categories""}]",0.0044585137609216,-0.0078763064320147,True,False,True,All nonempty cited evidence lies in the final source sentence; shared automatic exclusion.,False,0.5235436608942576,0.519085147133336,0.5314199673262724,0.0123348201929364,True
58,9,true,detail,final_token,The final word of the prefix is “categories”.,True,True,True,655,Both Europafilm plating equipment and Alpha Toolex pressing equipment is still considered to be the finest engineered equipment in their respective categories,"[{""start"": 803, ""end"": 813, ""text"": ""categories""}]",-0.0315390768726711,-0.0343671650768858,True,False,True,"Explicit final-word/token claim, excluded regardless of truth.",False,0.5235436608942576,0.5550827377669287,0.5579108259711435,0.0028280882042147,True
58,10,true,detail,local_text,This ends a superlative claim about the equipment.,True,True,False,655,Both Europafilm plating equipment and Alpha Toolex pressing equipment is still considered to be the finest engineered equipment in their respective categories,"[{""start"": 725, ""end"": 813, ""text"": ""is still considered to be the finest engineered equipment in their respective categories""}]",-0.0093533460451429,-0.0343671650768858,True,False,True,All nonempty cited evidence lies in the final source sentence; shared automatic exclusion.,False,0.5235436608942576,0.5328970069394006,0.5579108259711435,0.0250138190317429,True
58,11,false,entity,identification,The hydraulic press developed by the company is still considered the best in its category.,False,True,False,655,Both Europafilm plating equipment and Alpha Toolex pressing equipment is still considered to be the finest engineered equipment in their respective categories,"[{""start"": 660, ""end"": 724, ""text"": ""Europafilm plating equipment and Alpha Toolex pressing equipment""}]",-0.0130561238159083,-0.0343209537421294,True,True,True,All nonempty cited evidence lies in the final source sentence; shared automatic exclusion.,False,0.5235436608942576,0.536599784710166,0.557864614636387,0.021264829926221,True
58,12,false,entity,identification,The textile cutting machine developed by the company is still considered the best in its category.,False,True,False,655,Both Europafilm plating equipment and Alpha Toolex pressing equipment is still considered to be the finest engineered equipment in their respective categories,"[{""start"": 660, ""end"": 724, ""text"": ""Europafilm plating equipment and Alpha Toolex pressing equipment""}]",-0.0094042357614713,-0.0343209537421294,True,True,True,All nonempty cited evidence lies in the final source sentence; shared automatic exclusion.,False,0.5235436608942576,0.532947896655729,0.557864614636387,0.024916717980658,True
58,14,false,detail,date,The company closed in 1990.,False,False,False,655,Both Europafilm plating equipment and Alpha Toolex pressing equipment is still considered to be the finest engineered equipment in their respective categories,"[{""start"": 253, ""end"": 332, ""text"": ""It was acquired by Bonnier in 1984 and merged with Svensk Filmindustri in 1985.""}]",0.0009997501012037,-0.0072814967426895,False,False,False,"Keep: invented company closure in the historical lead-in, distinct from the final equipment-reputation claim.",True,0.5235436608942576,0.5225439107930538,0.5308251576369472,0.0082812468438933,False
58,15,false,detail,event,The two manufacturing divisions were sold to other companies.,False,False,False,655,Both Europafilm plating equipment and Alpha Toolex pressing equipment is still considered to be the finest engineered equipment in their respective categories,"[{""start"": 520, ""end"": 583, ""text"": ""This division was later sold to the now defunct Alpha Toolex AB""}]",-0.0053071744942954,-0.0072814967426895,False,False,False,Retained: earlier/global/mixed content; no additional final-sentence/token locality identified.,False,0.5235436608942576,0.528850835388553,0.5308251576369472,0.0019743222483941,False
58,16,false,entity,identification,The hydraulic press developed by the company was sold to another company.,False,False,False,655,Both Europafilm plating equipment and Alpha Toolex pressing equipment is still considered to be the finest engineered equipment in their respective categories,"[{""start"": 520, ""end"": 583, ""text"": ""This division was later sold to the now defunct Alpha Toolex AB""}]",-0.0055009032680538,-0.0072814967426895,False,False,False,Retained: earlier/global/mixed content; no additional final-sentence/token locality identified.,False,0.5235436608942576,0.5290445641623115,0.5308251576369472,0.0017805934746356,False
58,17,false,entity,identification,The textile cutting machine developed by the company was sold to another company.,False,False,False,655,Both Europafilm plating equipment and Alpha Toolex pressing equipment is still considered to be the finest engineered equipment in their respective categories,"[{""start"": 520, ""end"": 583, ""text"": ""This division was later sold to the now defunct Alpha Toolex AB""}]",-0.0073221864148325,-0.0072814967426895,False,False,False,Retained: earlier/global/mixed content; no additional final-sentence/token locality identified.,False,0.5235436608942576,0.5308658473090901,0.5308251576369472,-4.0689672142990574e-05,False
58,18,true,detail,attribute,This implies an enduring legacy for the equipment.,True,True,False,655,Both Europafilm plating equipment and Alpha Toolex pressing equipment is still considered to be the finest engineered equipment in their respective categories,"[{""start"": 725, ""end"": 813, ""text"": ""is still considered to be the finest engineered equipment in their respective categories""}]",0.0402336114708458,-0.0072814967426895,True,False,True,All nonempty cited evidence lies in the final source sentence; shared automatic exclusion.,False,0.5235436608942576,0.4833100494234118,0.5308251576369472,0.0475151082135353,True
58,19,true,detail,local_text,The final sentence needs a closing period.,True,True,False,655,Both Europafilm plating equipment and Alpha Toolex pressing equipment is still considered to be the finest engineered equipment in their respective categories,"[{""start"": 783, ""end"": 813, ""text"": ""in their respective categories""}]",0.0175709237390468,-0.0072814967426895,True,False,True,All nonempty cited evidence lies in the final source sentence; shared automatic exclusion.,False,0.5235436608942576,0.5059727371552107,0.5308251576369472,0.0248524204817364,True
59,0,true,theme,format,The passage is in biographical encyclopedia / American Congressional directory format.,False,False,False,949,He was interred in a tomb on the State grounds in Augusta,"[{""start"": 0, ""end"": 111, ""text"": ""Joshua Cushman (April 11, 1761 – January 27, 1834) was a U.S. Representative from Massachusetts and from Maine.""}]",0.0080569764367955,-0.0067386258928027,False,False,False,Retained: earlier/global/mixed content; no additional final-sentence/token locality identified.,False,0.7341176267372292,0.7260606503004337,0.740856252630032,0.0147956023295983,False
59,1,true,theme,style,The passage presents consistent structured facts.,False,False,False,949,He was interred in a tomb on the State grounds in Augusta,"[{""start"": 0, ""end"": 111, ""text"": ""Joshua Cushman (April 11, 1761 – January 27, 1834) was a U.S. Representative from Massachusetts and from Maine.""}]",0.0125142824977921,-0.0067386258928027,False,False,False,Retained: earlier/global/mixed content; no additional final-sentence/token locality identified.,False,0.7341176267372292,0.7216033442394371,0.740856252630032,0.0192529083905949,False
59,2,true,entity,identity,The subject is a 19th-century Maine politician.,False,False,False,949,He was interred in a tomb on the State grounds in Augusta,"[{""start"": 51, ""end"": 110, ""text"": ""was a U.S. Representative from Massachusetts and from Maine""}]",0.0121851952009393,-0.0067386258928027,False,False,False,Retained: earlier/global/mixed content; no additional final-sentence/token locality identified.,False,0.7341176267372292,0.7219324315362899,0.740856252630032,0.018923821093742,False
59,3,true,detail,local_text,The entry follows a complete life narrative arc from birth to death.,False,False,False,949,He was interred in a tomb on the State grounds in Augusta,"[{""start"": 0, ""end"": 50, ""text"": ""Joshua Cushman (April 11, 1761 – January 27, 1834)""}]",0.016590317569756,-0.0007543722890442,False,False,False,Retained: earlier/global/mixed content; no additional final-sentence/token locality identified.,False,0.7341176267372292,0.7175273091674732,0.7348719990262735,0.0173446898588003,False
59,4,true,theme,topic,The entry covers his birth.,False,False,False,949,He was interred in a tomb on the State grounds in Augusta,"[{""start"": 112, ""end"": 142, ""text"": ""Born in Halifax, Massachusetts""}]",0.013762983569629,-0.0007543722890442,False,False,False,Retained: earlier/global/mixed content; no additional final-sentence/token locality identified.,False,0.7341176267372292,0.7203546431676002,0.7348719990262735,0.0145173558586733,False
59,5,true,theme,topic,The entry covers his career.,False,False,False,949,He was interred in a tomb on the State grounds in Augusta,"[{""start"": 221, ""end"": 287, ""text"": ""He was graduated from Harvard University in 1787, studied theology""}]",0.012808107070096,-0.0007543722890442,False,False,False,Retained: earlier/global/mixed content; no additional final-sentence/token locality identified.,False,0.7341176267372292,0.7213095196671332,0.7348719990262735,0.0135624793591403,False
59,6,true,theme,topic,The entry covers his election.,False,False,False,949,He was interred in a tomb on the State grounds in Augusta,"[{""start"": 541, ""end"": 630, ""text"": ""Cushman was elected as Democratic-Republican from Massachusetts to the Sixteenth Congress""}]",0.0125994970871811,-0.0007543722890442,False,False,False,Retained: earlier/global/mixed content; no additional final-sentence/token locality identified.,False,0.7341176267372292,0.7215181296500481,0.7348719990262735,0.0133538693762254,False
59,7,true,theme,topic,The entry covers his service.,False,False,False,949,He was interred in a tomb on the State grounds in Augusta,"[{""start"": 428, ""end"": 471, ""text"": ""He served in the Massachusetts State Senate""}]",0.0133627325637152,-0.0007543722890442,False,False,False,Retained: earlier/global/mixed content; no additional final-sentence/token locality identified.,False,0.7341176267372292,0.720754894173514,0.7348719990262735,0.0141171048527595,False
59,8,false,theme,topic,The entry covers his resignation.,False,False,False,949,He was interred in a tomb on the State grounds in Augusta,[],0.011719285367382,-0.0007543722890442,False,False,False,Retained: earlier/global/mixed content; no additional final-sentence/token locality identified.,False,0.7341176267372292,0.7223983413698472,0.7348719990262735,0.0124736576564263,False
59,9,true,theme,topic,The entry covers his death.,False,False,False,949,He was interred in a tomb on the State grounds in Augusta,"[{""start"": 902, ""end"": 948, ""text"": ""He died in Augusta, Maine on January 27, 1834.""}]",0.014337967977536,-0.0007543722890442,False,False,False,Retained: earlier/global/mixed content; no additional final-sentence/token locality identified.,False,0.7341176267372292,0.7197796587596932,0.7348719990262735,0.0150923402665803,False
59,10,true,detail,local_text,"The entry now concludes with burial details, the final expected element.",True,True,False,949,He was interred in a tomb on the State grounds in Augusta,"[{""start"": 949, ""end"": 1006, ""text"": ""He was interred in a tomb on the State grounds in Augusta""}]",0.0138039598007045,-0.0007543722890442,True,False,True,All nonempty cited evidence lies in the final source sentence; shared automatic exclusion.,False,0.7341176267372292,0.7203136669365247,0.7348719990262735,0.0145583320897488,True
59,11,true,detail,final_token,The final word of the prefix is “Augusta”.,True,True,True,949,He was interred in a tomb on the State grounds in Augusta,"[{""start"": 999, ""end"": 1006, ""text"": ""Augusta""}]",0.0110164011181317,-0.0056818553258189,True,False,True,"Explicit final-word/token claim, excluded regardless of truth.",False,0.7341176267372292,0.7231012256190975,0.7397994820630482,0.0166982564439507,True
59,12,true,detail,local_text,This closes the burial location phrase.,True,True,False,949,He was interred in a tomb on the State grounds in Augusta,"[{""start"": 949, ""end"": 1006, ""text"": ""He was interred in a tomb on the State grounds in Augusta""}]",0.0165269746412511,-0.0056818553258189,True,False,True,All nonempty cited evidence lies in the final source sentence; shared automatic exclusion.,False,0.7341176267372292,0.717590652095978,0.7397994820630482,0.0222088299670701,True
59,13,false,entity,identification,He is buried in the State House Cemetery in Augusta.,False,True,False,949,He was interred in a tomb on the State grounds in Augusta,"[{""start"": 949, ""end"": 1006, ""text"": ""He was interred in a tomb on the State grounds in Augusta""}]",0.033075385415214,-0.0028898476249091,True,True,True,All nonempty cited evidence lies in the final source sentence; shared automatic exclusion.,False,0.7341176267372292,0.7010422413220152,0.7370074743621384,0.0359652330401232,True
59,14,false,detail,attribute,"This mirrors an earlier mention of Augusta, Maine as his governorship location.",False,False,False,949,He was interred in a tomb on the State grounds in Augusta,[],-0.0035596223586488,-0.0056818553258189,False,True,True,"Exclude: explicit correspondence between closing Augusta location and supposed earlier mention, symmetric with true correspondence exclusions.",True,0.7341176267372292,0.7376772490958781,0.7397994820630482,0.0021222329671701,True
59,16,false,entity,identification,He served as governor of Maine from 1870 to 1872.,False,False,False,949,He was interred in a tomb on the State grounds in Augusta,"[{""start"": 51, ""end"": 110, ""text"": ""was a U.S. Representative from Massachusetts and from Maine""}]",5.0640890721598275e-05,-0.0013203231312436,False,False,False,Retained: earlier/global/mixed content; no additional final-sentence/token locality identified.,False,0.7341176267372292,0.7340669858465076,0.7354379498684729,0.0013709640219652,False
59,17,true,detail,event,"He died in Augusta, Maine.",False,False,False,949,He was interred in a tomb on the State grounds in Augusta,"[{""start"": 902, ""end"": 948, ""text"": ""He died in Augusta, Maine on January 27, 1834.""}]",0.0377092298608662,-0.0013203231312436,False,False,False,Retained: earlier/global/mixed content; no additional final-sentence/token locality identified.,False,0.7341176267372292,0.696408396876363,0.7354379498684729,0.0390295529921098,False
60,0,true,theme,format,"The passage is an encyclopedic/informational, factual Wikipedia-style article.",False,False,False,793,"Parts of the trail were made by the Civilian Conservation Corps, which operated a camp in the area from 1933 to 1941","[{""start"": 0, ""end"": 68, ""text"": ""The Old Loggers Path (OLP) is a loop hiking trail in Lycoming County""}]",0.0315118919987433,0.0012096671148136,False,False,False,Retained: earlier/global/mixed content; no additional final-sentence/token locality identified.,False,0.4762075261896004,0.444695634190857,0.4749978590747867,0.0303022248839297,False
60,1,false,entity,identity,The article is about a historic bridge.,False,False,False,793,"Parts of the trail were made by the Civilian Conservation Corps, which operated a camp in the area from 1933 to 1941","[{""start"": 0, ""end"": 49, ""text"": ""The Old Loggers Path (OLP) is a loop hiking trail""}]",0.0320766842916666,-0.0162388579720839,False,False,False,Retained: earlier/global/mixed content; no additional final-sentence/token locality identified.,False,0.4762075261896004,0.4441308418979337,0.4924463841616843,0.0483155422637505,False
60,4,true,detail,local_text,The passage exhibits narrative momentum completing a series of historical facts.,True,True,False,793,"Parts of the trail were made by the Civilian Conservation Corps, which operated a camp in the area from 1933 to 1941","[{""start"": 793, ""end"": 856, ""text"": ""Parts of the trail were made by the Civilian Conservation Corps""}]",0.0043807416676597,-0.0030524942333444,True,False,True,All nonempty cited evidence lies in the final source sentence; shared automatic exclusion.,False,0.4762075261896004,0.4718267845219406,0.4792600204229448,0.0074332359010041,True
60,5,true,theme,topic,The historical facts cover ownership.,False,False,False,793,"Parts of the trail were made by the Civilian Conservation Corps, which operated a camp in the area from 1933 to 1941","[{""start"": 547, ""end"": 658, ""text"": ""initially owned and clear-cut by the Union Tanning Company, followed by the Central Pennsylvania Lumber Company""}]",-7.578459027723916e-05,-0.0030524942333444,False,False,False,Retained: earlier/global/mixed content; no additional final-sentence/token locality identified.,False,0.4762075261896004,0.4762833107798776,0.4792600204229448,0.0029767096430671,False
60,6,true,theme,topic,The historical facts cover construction context.,False,False,False,793,"Parts of the trail were made by the Civilian Conservation Corps, which operated a camp in the area from 1933 to 1941","[{""start"": 660, ""end"": 737, ""text"": ""The trail chiefly follows the grades of abandoned logging roads and railroads""}]",-0.0108907675658369,-0.0030524942333444,False,False,False,Retained: earlier/global/mixed content; no additional final-sentence/token locality identified.,False,0.4762075261896004,0.4870982937554373,0.4792600204229448,-0.0078382733324925,False
60,7,true,detail,local_text,The final sentence introduces the Civilian Conservation Corps as a related historical detail.,True,True,False,793,"Parts of the trail were made by the Civilian Conservation Corps, which operated a camp in the area from 1933 to 1941","[{""start"": 793, ""end"": 909, ""text"": ""Parts of the trail were made by the Civilian Conservation Corps, which operated a camp in the area from 1933 to 1941""}]",-0.0171160030178512,-0.0030524942333444,True,False,True,All nonempty cited evidence lies in the final source sentence; shared automatic exclusion.,False,0.4762075261896004,0.4933235292074516,0.4792600204229448,-0.0140635087845067,True
60,8,true,detail,final_token,The final word of the prefix is “1941”.,True,True,True,793,"Parts of the trail were made by the Civilian Conservation Corps, which operated a camp in the area from 1933 to 1941","[{""start"": 905, ""end"": 909, ""text"": ""1941""}]",-0.0170486840173059,-0.0235812171001316,True,False,True,"Explicit final-word/token claim, excluded regardless of truth.",False,0.4762075261896004,0.4932562102069063,0.499788743289732,0.0065325330828256,True
60,9,true,detail,local_text,"This closes a date range, '1933 to 1941'.",True,True,False,793,"Parts of the trail were made by the Civilian Conservation Corps, which operated a camp in the area from 1933 to 1941","[{""start"": 892, ""end"": 909, ""text"": ""from 1933 to 1941""}]",0.7087095646102521,-0.0352854205424868,True,False,True,All nonempty cited evidence lies in the final source sentence; shared automatic exclusion.,False,0.4762075261896004,-0.2325020384206517,0.5114929467320872,0.743994985152739,True
60,10,true,detail,local_text,"The sentence is grammatically complete, ending a subordinate clause.",True,True,False,793,"Parts of the trail were made by the Civilian Conservation Corps, which operated a camp in the area from 1933 to 1941","[{""start"": 858, ""end"": 909, ""text"": ""which operated a camp in the area from 1933 to 1941""}]",0.0278011397838556,-0.0235812171001316,True,False,True,All nonempty cited evidence lies in the final source sentence; shared automatic exclusion.,False,0.4762075261896004,0.4484063864057447,0.499788743289732,0.0513823568839872,True
60,12,false,entity,relationship,The Civilian Conservation Corps may have inspired the bridge's design.,False,False,False,793,"Parts of the trail were made by the Civilian Conservation Corps, which operated a camp in the area from 1933 to 1941",[],-0.0174210809651612,-0.0150744468445123,False,True,True,"Text review: assertion refers to the final source sentence's event, entity, attribute, or syntax; excluded despite missing/earlier evidence.",False,0.4762075261896004,0.4936286071547616,0.4912819730341127,-0.0023466341206489,True
60,13,false,entity,identification,The CCC was a government program.,False,False,False,793,"Parts of the trail were made by the Civilian Conservation Corps, which operated a camp in the area from 1933 to 1941",[],-0.0555631194864956,-0.0150744468445123,False,True,True,"Text review: assertion refers to the final source sentence's event, entity, attribute, or syntax; excluded despite missing/earlier evidence.",False,0.4762075261896004,0.531770645676096,0.4912819730341127,-0.0404886726419833,True
61,0,true,theme,format,The passage is a Wikipedia article with encyclopedic prose.,False,False,False,972,"On July 29, 2007, a bomb exploded at the base of the monument, causing little damage","[{""start"": 0, ""end"": 107, ""text"": ""The Cambodia – Vietnam Friendship Monument in Phnom Penh, capital of Cambodia, is a large concrete monument""}]",0.0085075332938462,0.0003817437534047,False,False,False,Retained: earlier/global/mixed content; no additional final-sentence/token locality identified.,False,0.7992649487444893,0.790757415450643,0.7988832049910846,0.0081257895404415,False
61,2,true,theme,style,The passage follows a consistent pattern.,False,False,False,972,"On July 29, 2007, a bomb exploded at the base of the monument, causing little damage","[{""start"": 0, ""end"": 56, ""text"": ""The Cambodia – Vietnam Friendship Monument in Phnom Penh""}]",-0.0007075214313231,0.0003817437534047,False,False,False,Retained: earlier/global/mixed content; no additional final-sentence/token locality identified.,False,0.7992649487444893,0.7999724701758124,0.7988832049910846,-0.0010892651847278,False
61,3,true,theme,topic,The passage covers history.,False,False,False,972,"On July 29, 2007, a bomb exploded at the base of the monument, causing little damage","[{""start"": 172, ""end"": 226, ""text"": ""It was built in the late 1970s by the communist regime""}]",0.001025444457261,0.0003817437534047,False,False,False,Retained: earlier/global/mixed content; no additional final-sentence/token locality identified.,False,0.7992649487444893,0.7982395042872282,0.7988832049910846,0.0006437007038563,False
61,4,true,theme,topic,The passage covers description.,False,False,False,972,"On July 29, 2007, a bomb exploded at the base of the monument, causing little damage","[{""start"": 422, ""end"": 485, ""text"": ""It features heroic statues of Vietnamese and Cambodian soldiers""}]",-0.0005976903949377,0.0003817437534047,False,False,False,Retained: earlier/global/mixed content; no additional final-sentence/token locality identified.,False,0.7992649487444893,0.799862639139427,0.7988832049910846,-0.0009794341483424,False
61,5,true,theme,topic,The passage covers notable events.,False,False,False,972,"On July 29, 2007, a bomb exploded at the base of the monument, causing little damage","[{""start"": 813, ""end"": 908, ""text"": ""several people climbed onto the monument with hammers, poured gasoline on it and set it on fire""}]",0.0012741296339902,0.0003817437534047,False,False,False,Retained: earlier/global/mixed content; no additional final-sentence/token locality identified.,False,0.7992649487444893,0.7979908191104991,0.7988832049910846,0.0008923858805854,False
61,6,true,detail,local_text,The passage exhibits chronological narrative momentum.,False,False,False,972,"On July 29, 2007, a bomb exploded at the base of the monument, causing little damage","[{""start"": 172, ""end"": 202, ""text"": ""It was built in the late 1970s""}]",-0.0010534802579897,0.0012824092197286,False,False,False,Retained: earlier/global/mixed content; no additional final-sentence/token locality identified.,False,0.7992649487444893,0.8003184290024791,0.7979825395247606,-0.0023358894777184,False
61,7,true,theme,topic,The article has moved through construction.,False,False,False,972,"On July 29, 2007, a bomb exploded at the base of the monument, causing little damage","[{""start"": 172, ""end"": 226, ""text"": ""It was built in the late 1970s by the communist regime""}]",0.0002396930309583,0.0012824092197286,False,False,False,Retained: earlier/global/mixed content; no additional final-sentence/token locality identified.,False,0.7992649487444893,0.7990252557135309,0.7979825395247606,-0.0010427161887702,False
61,8,true,theme,topic,The article has moved through design.,False,False,False,972,"On July 29, 2007, a bomb exploded at the base of the monument, causing little damage","[{""start"": 486, ""end"": 548, ""text"": ""in the \""Socialist realist\"" style developed in the Soviet Union""}]",-0.0017180005147219,0.0012824092197286,False,False,False,Retained: earlier/global/mixed content; no additional final-sentence/token locality identified.,False,0.7992649487444893,0.8009829492592112,0.7979825395247606,-0.0030004097344505,False
61,9,true,theme,topic,The article has moved through historical significance.,False,False,False,972,"On July 29, 2007, a bomb exploded at the base of the monument, causing little damage","[{""start"": 108, ""end"": 170, ""text"": ""commemorating the former alliance between Vietnam and Cambodia""}]",-0.0001084766896775,0.0012824092197286,False,False,False,Retained: earlier/global/mixed content; no additional final-sentence/token locality identified.,False,0.7992649487444893,0.7993734254341668,0.7979825395247606,-0.0013908859094061,False
61,10,true,theme,topic,The article has moved through vandalism incidents.,False,False,False,972,"On July 29, 2007, a bomb exploded at the base of the monument, causing little damage","[{""start"": 813, ""end"": 908, ""text"": ""several people climbed onto the monument with hammers, poured gasoline on it and set it on fire""}]",0.002750201222606,0.0012824092197286,False,False,False,Retained: earlier/global/mixed content; no additional final-sentence/token locality identified.,False,0.7992649487444893,0.7965147475218832,0.7979825395247606,0.0014677920028773,False
61,11,true,detail,local_text,"The final sentence introduces a 2007 bombing attempt, implying a concluding note on damage/outcome.",True,True,False,972,"On July 29, 2007, a bomb exploded at the base of the monument, causing little damage","[{""start"": 972, ""end"": 1056, ""text"": ""On July 29, 2007, a bomb exploded at the base of the monument, causing little damage""}]",0.0094214585225035,0.0012824092197286,True,False,True,All nonempty cited evidence lies in the final source sentence; shared automatic exclusion.,False,0.7992649487444893,0.7898434902219857,0.7979825395247606,0.0081390493027748,True
61,12,true,detail,final_token,The final word of the prefix is “damage”.,True,True,True,972,"On July 29, 2007, a bomb exploded at the base of the monument, causing little damage","[{""start"": 1050, ""end"": 1056, ""text"": ""damage""}]",1.4993126949969238e-06,0.0104655904781765,True,False,True,"Explicit final-word/token claim, excluded regardless of truth.",False,0.7992649487444893,0.7992634494317943,0.7887993582663128,-0.0104640911654815,True
61,13,true,detail,local_text,This ends a clause describing the 2007 bombing.,True,True,False,972,"On July 29, 2007, a bomb exploded at the base of the monument, causing little damage","[{""start"": 972, ""end"": 1056, ""text"": ""On July 29, 2007, a bomb exploded at the base of the monument, causing little damage""}]",0.0066714435980009,0.0101835093615686,True,False,True,All nonempty cited evidence lies in the final source sentence; shared automatic exclusion.,False,0.7992649487444893,0.7925935051464883,0.7890814393829206,-0.0035120657635676,True
61,16,false,detail,event,A 1990s incident caused serious damage to the base.,False,False,False,972,"On July 29, 2007, a bomb exploded at the base of the monument, causing little damage",[],0.0196502285645782,6.568953693353308e-05,False,False,False,"Keep: 1990s fire incident (earlier sentence), even though it borrows the final bombing's base location.",True,0.7992649487444893,0.7796147201799111,0.7991992592075557,0.0195845390276446,False
61,17,false,entity,identification,In 2007 a car bomb was thrown at the monument.,False,True,False,972,"On July 29, 2007, a bomb exploded at the base of the monument, causing little damage","[{""start"": 972, ""end"": 1033, ""text"": ""On July 29, 2007, a bomb exploded at the base of the monument""}]",0.0510200057238839,6.568953693353308e-05,True,True,True,All nonempty cited evidence lies in the final source sentence; shared automatic exclusion.,False,0.7992649487444893,0.7482449430206053,0.7991992592075557,0.0509543161869504,True
61,18,true,detail,attribute,The 2007 incident caused little damage.,True,True,False,972,"On July 29, 2007, a bomb exploded at the base of the monument, causing little damage","[{""start"": 1035, ""end"": 1056, ""text"": ""causing little damage""}]",0.5466621886013445,0.0100659763926137,True,False,True,All nonempty cited evidence lies in the final source sentence; shared automatic exclusion.,False,0.7992649487444893,0.2526027601431448,0.7891989723518755,0.5365962122087307,True
62,0,false,theme,format,The passage has a bullet-point list structure.,False,False,False,2146,The driver of the other vehicle involved in collision with the motorcycle did not see the motorcycle before the collision or did not see the motorcycle until too late to avoid the collision,"[{""start"": 1732, ""end"": 1851, ""text"": ""and the results showed that: Approximately three fourths of motorcycle accidents involve collision with another vehicle""}]",0.0078042782979973,-0.0141314753346485,False,False,False,Retained: earlier/global/mixed content; no additional final-sentence/token locality identified.,False,0.0660519087142877,0.0582476304162904,0.0801833840489363,0.0219357536326458,False
62,1,false,entity,identification,The embedded findings are quoted from a study called the NHTSA study.,False,False,False,2146,The driver of the other vehicle involved in collision with the motorcycle did not see the motorcycle before the collision or did not see the motorcycle until too late to avoid the collision,"[{""start"": 1568, ""end"": 1653, ""text"": ""The Hurt Report, published in the United States in 1981, showed some alarming trends.""}]",0.0147547704916696,-0.0353433968095485,False,False,False,Retained: earlier/global/mixed content; no additional final-sentence/token locality identified.,False,0.0660519087142877,0.0512971382226181,0.1013953055238363,0.0500981673012181,False
62,2,false,detail,date,The study is from 1974.,False,False,False,2146,The driver of the other vehicle involved in collision with the motorcycle did not see the motorcycle before the collision or did not see the motorcycle until too late to avoid the collision,"[{""start"": 1585, ""end"": 1623, ""text"": ""published in the United States in 1981""}]",-0.0307334747655786,-0.0141314753346485,False,False,False,Retained: earlier/global/mixed content; no additional final-sentence/token locality identified.,False,0.0660519087142877,0.0967853834798664,0.0801833840489363,-0.0166019994309301,False
62,3,true,theme,topic,The passage cites specific statistics and findings.,False,False,False,2146,The driver of the other vehicle involved in collision with the motorcycle did not see the motorcycle before the collision or did not see the motorcycle until too late to avoid the collision,"[{""start"": 1761, ""end"": 1851, ""text"": ""Approximately three fourths of motorcycle accidents involve collision with another vehicle""}]",0.0486501979669294,-0.0141314753346485,False,False,False,Retained: earlier/global/mixed content; no additional final-sentence/token locality identified.,False,0.0660519087142877,0.0174017107473583,0.0801833840489363,0.062781673301578,False
62,4,false,theme,topic,The findings are about aggressive driving causes.,False,False,False,2146,The driver of the other vehicle involved in collision with the motorcycle did not see the motorcycle before the collision or did not see the motorcycle until too late to avoid the collision,"[{""start"": 2022, ""end"": 2145, ""text"": ""The failure of motorists to detect and recognise motorcycles in traffic is the predominating cause of motorcycle accidents.""}]",0.0119957965847992,-0.0141314753346485,False,False,False,Retained: earlier/global/mixed content; no additional final-sentence/token locality identified.,False,0.0660519087142877,0.0540561121294885,0.0801833840489363,0.0261272719194477,False
62,5,true,detail,local_text,"The block quote is mid-flow, detailing sequential findings about driver failure to see vehicles.",True,True,False,2146,The driver of the other vehicle involved in collision with the motorcycle did not see the motorcycle before the collision or did not see the motorcycle until too late to avoid the collision,"[{""start"": 2220, ""end"": 2335, ""text"": ""did not see the motorcycle before the collision or did not see the motorcycle until too late to avoid the collision""}]",0.0038469390722492,-0.0244897643983115,True,False,True,All nonempty cited evidence lies in the final source sentence; shared automatic exclusion.,False,0.0660519087142877,0.0622049696420385,0.0905416731125993,0.0283367034705607,True
62,6,true,detail,local_text,The final sentence elaborates on the 'failure to see' mechanism with two parallel clauses.,True,True,False,2146,The driver of the other vehicle involved in collision with the motorcycle did not see the motorcycle before the collision or did not see the motorcycle until too late to avoid the collision,"[{""start"": 2220, ""end"": 2335, ""text"": ""did not see the motorcycle before the collision or did not see the motorcycle until too late to avoid the collision""}]",0.0563111541378802,-0.0244897643983115,True,False,True,All nonempty cited evidence lies in the final source sentence; shared automatic exclusion.,False,0.0660519087142877,0.0097407545764075,0.0905416731125993,0.0808009185361917,True
62,7,true,detail,final_token,The final word of the prefix is “collision”.,True,True,True,2146,The driver of the other vehicle involved in collision with the motorcycle did not see the motorcycle before the collision or did not see the motorcycle until too late to avoid the collision,"[{""start"": 2326, ""end"": 2335, ""text"": ""collision""}]",-0.0011121694413031,0.0096399817700981,True,False,True,"Explicit final-word/token claim, excluded regardless of truth.",False,0.0660519087142877,0.0671640781555908,0.0564119269441896,-0.0107521512114012,True
62,8,true,detail,cause,The collision occurred because the driver did not see the other vehicle in time to avoid it.,True,True,False,2146,The driver of the other vehicle involved in collision with the motorcycle did not see the motorcycle before the collision or did not see the motorcycle until too late to avoid the collision,"[{""start"": 2220, ""end"": 2335, ""text"": ""did not see the motorcycle before the collision or did not see the motorcycle until too late to avoid the collision""}]",0.0765518472311726,0.0145975557825895,True,False,True,All nonempty cited evidence lies in the final source sentence; shared automatic exclusion.,False,0.0660519087142877,-0.0104999385168849,0.0514543529316982,0.0619542914485831,True
62,10,true,detail,cause,"Most collisions were caused by failure to see, the dominant factor.",False,False,False,2146,The driver of the other vehicle involved in collision with the motorcycle did not see the motorcycle before the collision or did not see the motorcycle until too late to avoid the collision,"[{""start"": 2022, ""end"": 2145, ""text"": ""The failure of motorists to detect and recognise motorcycles in traffic is the predominating cause of motorcycle accidents.""}]",-0.0095792274625017,0.0057297729276836,False,False,False,Retained: earlier/global/mixed content; no additional final-sentence/token locality identified.,False,0.0660519087142877,0.0756311361767895,0.0603221357866041,-0.0153090003901853,False
63,0,true,theme,format,The passage is a Wikipedia-style article with short declarative sentences.,False,False,False,1264,Paterson's biggest influences for the album were drum and bass and trip hop music,"[{""start"": 0, ""end"": 60, ""text"": ""Bicycles & Tricycles is the sixth studio album from the Orb.""}]",0.0039830208886477,-0.0005784068213883,False,False,False,Retained: earlier/global/mixed content; no additional final-sentence/token locality identified.,False,0.7033458149327376,0.6993627940440899,0.703924221754126,0.004561427710036,False
63,1,false,entity,identity,The article is about Eminem's 'The Marshall Mathers LP'.,False,False,False,1264,Paterson's biggest influences for the album were drum and bass and trip hop music,"[{""start"": 0, ""end"": 60, ""text"": ""Bicycles & Tricycles is the sixth studio album from the Orb.""}]",0.133818919853269,-0.0067953857841285,False,False,False,Retained: earlier/global/mixed content; no additional final-sentence/token locality identified.,False,0.7033458149327376,0.5695268950794686,0.7101412007168661,0.1406143056373975,False
63,2,true,theme,topic,The article covers production history.,False,False,False,1264,Paterson's biggest influences for the album were drum and bass and trip hop music,"[{""start"": 665, ""end"": 764, ""text"": ""After departing from Island Records, The Orb released Bicycles & Tricycles in 2004 on Cooking Vinyl""}]",0.0025237080938724,-0.0005784068213883,False,False,False,Retained: earlier/global/mixed content; no additional final-sentence/token locality identified.,False,0.7033458149327376,0.7008221068388651,0.703924221754126,0.0031021149152608,False
63,5,true,detail,local_text,"The article follows a pattern of listing production details, reception, and controversies, with each sentence adding a new facet.",False,False,False,1264,Paterson's biggest influences for the album were drum and bass and trip hop music,"[{""start"": 166, ""end"": 214, ""text"": ""The Daily Telegraph praised Bicycles & Tricycles""}]",0.0118387338032452,-0.002298824520128,False,False,False,Retained: earlier/global/mixed content; no additional final-sentence/token locality identified.,False,0.7033458149327376,0.6915070811294923,0.7056446394528657,0.0141375583233733,False
63,6,true,detail,local_text,"The final sentence shifts to the artist's stated musical influences, a concluding note about creative inspirations.",True,True,False,1264,Paterson's biggest influences for the album were drum and bass and trip hop music,"[{""start"": 1264, ""end"": 1345, ""text"": ""Paterson's biggest influences for the album were drum and bass and trip hop music""}]",0.0095916595180983,-0.002298824520128,True,False,True,All nonempty cited evidence lies in the final source sentence; shared automatic exclusion.,False,0.7033458149327376,0.6937541554146393,0.7056446394528657,0.0118904840382264,True
63,7,true,detail,final_token,The final word of the prefix is “music”.,True,True,True,1264,Paterson's biggest influences for the album were drum and bass and trip hop music,"[{""start"": 1340, ""end"": 1345, ""text"": ""music""}]",-0.0041504371450534,-0.0058143220016728,True,False,True,"Explicit final-word/token claim, excluded regardless of truth.",False,0.7033458149327376,0.7074962520777911,0.7091601369344105,0.0016638848566193,True
63,8,false,detail,attribute,The influences for the album included funk.,False,True,False,1264,Paterson's biggest influences for the album were drum and bass and trip hop music,"[{""start"": 1313, ""end"": 1345, ""text"": ""drum and bass and trip hop music""}]",0.0378508184281327,-0.0022474825813699,True,True,True,All nonempty cited evidence lies in the final source sentence; shared automatic exclusion.,False,0.7033458149327376,0.6654949965046049,0.7055932975141076,0.0400983010095027,True
63,9,true,detail,attribute,The influences for the album included trip hop.,True,True,False,1264,Paterson's biggest influences for the album were drum and bass and trip hop music,"[{""start"": 1313, ""end"": 1345, ""text"": ""drum and bass and trip hop music""}]",0.2258090435309199,-0.0022474825813699,True,False,True,All nonempty cited evidence lies in the final source sentence; shared automatic exclusion.,False,0.7033458149327376,0.4775367714018177,0.7055932975141076,0.2280565261122898,True
63,11,false,entity,identification,The executive producer criticized the album for being too dark and controversial.,False,False,False,1264,Paterson's biggest influences for the album were drum and bass and trip hop music,[],0.0137402974538533,0.0018960128432141,False,False,False,Retained: earlier/global/mixed content; no additional final-sentence/token locality identified.,False,0.7033458149327376,0.6896055174788843,0.7014498020895235,0.0118442846106391,False
63,12,false,entity,identification,The album was released without the executive producer's approval.,False,False,False,1264,Paterson's biggest influences for the album were drum and bass and trip hop music,[],0.0040480342716231,0.0018960128432141,False,False,False,Retained: earlier/global/mixed content; no additional final-sentence/token locality identified.,False,0.7033458149327376,0.6992977806611145,0.7014498020895235,0.0021520214284089,False
64,0,true,theme,format,"The passage is an Encyclopedia/Wikipedia article style, maintaining factual prose.",False,False,False,799,"The band has continued sporadically ever since, releasing two more albums on the independent 4AD, one in 1996 and one in 2003, before releasing 2013's Purgatory / Paradise on their own label","[{""start"": 0, ""end"": 81, ""text"": ""University is the 1995 album by the American alternative rock band Throwing Muses""}]",0.0006458780501924,-0.0013978795080017,False,False,False,Retained: earlier/global/mixed content; no additional final-sentence/token locality identified.,False,0.7329908230808918,0.7323449450306994,0.7343887025888935,0.0020437575581941,False
64,1,true,theme,topic,The passage gives structured biographical and discographical information about a music album.,True,True,False,799,"The band has continued sporadically ever since, releasing two more albums on the independent 4AD, one in 1996 and one in 2003, before releasing 2013's Purgatory / Paradise on their own label","[{""start"": 799, ""end"": 895, ""text"": ""The band has continued sporadically ever since, releasing two more albums on the independent 4AD""}]",0.00485208152971,-0.0013978795080017,True,False,True,All nonempty cited evidence lies in the final source sentence; shared automatic exclusion.,False,0.7329908230808918,0.7281387415511817,0.7343887025888935,0.0062499610377118,True
64,2,true,theme,style,The passage maintains factual prose throughout.,False,False,False,799,"The band has continued sporadically ever since, releasing two more albums on the independent 4AD, one in 1996 and one in 2003, before releasing 2013's Purgatory / Paradise on their own label","[{""start"": 0, ""end"": 81, ""text"": ""University is the 1995 album by the American alternative rock band Throwing Muses""}]",0.0033136344140001,-0.0013978795080017,False,False,False,Retained: earlier/global/mixed content; no additional final-sentence/token locality identified.,False,0.7329908230808918,0.7296771886668917,0.7343887025888935,0.0047115139220018,False
64,3,true,detail,local_text,The passage is cataloguing the band's discography and label history chronologically.,True,True,False,799,"The band has continued sporadically ever since, releasing two more albums on the independent 4AD, one in 1996 and one in 2003, before releasing 2013's Purgatory / Paradise on their own label","[{""start"": 847, ""end"": 924, ""text"": ""releasing two more albums on the independent 4AD, one in 1996 and one in 2003""}]",0.0071839800629965,0.0025242042819384,True,False,True,All nonempty cited evidence lies in the final source sentence; shared automatic exclusion.,False,0.7329908230808918,0.7258068430178952,0.7304666187989534,0.0046597757810581,True
64,4,false,entity,identification,One of the labels named is Elektra.,False,True,False,799,"The band has continued sporadically ever since, releasing two more albums on the independent 4AD, one in 1996 and one in 2003, before releasing 2013's Purgatory / Paradise on their own label","[{""start"": 847, ""end"": 895, ""text"": ""releasing two more albums on the independent 4AD""}]",0.0016798540202339,0.0025242042819384,True,False,True,Shared automatic exclusion: the contradicting label evidence is entirely in the final 4AD album-release clause.,True,0.7329908230808918,0.7313109690606578,0.7304666187989534,-0.0008443502617044,True
64,5,false,entity,identification,One of the labels named is Dreamland.,False,True,False,799,"The band has continued sporadically ever since, releasing two more albums on the independent 4AD, one in 1996 and one in 2003, before releasing 2013's Purgatory / Paradise on their own label","[{""start"": 847, ""end"": 895, ""text"": ""releasing two more albums on the independent 4AD""}]",0.003592460455759,0.0025242042819384,True,False,True,Shared automatic exclusion: the contradicting label evidence is entirely in the final 4AD album-release clause.,True,0.7329908230808918,0.7293983626251328,0.7304666187989534,0.0010682561738205,True
64,6,false,entity,identification,One of the labels named is Merge.,False,True,False,799,"The band has continued sporadically ever since, releasing two more albums on the independent 4AD, one in 1996 and one in 2003, before releasing 2013's Purgatory / Paradise on their own label","[{""start"": 847, ""end"": 924, ""text"": ""releasing two more albums on the independent 4AD, one in 1996 and one in 2003""}]",0.0074363972614922,0.004403626416124,True,True,True,All nonempty cited evidence lies in the final source sentence; shared automatic exclusion.,False,0.7329908230808918,0.7255544258193996,0.7285871966647678,0.0030327708453682,True
64,7,true,detail,local_text,The listing builds toward a concluding release.,True,True,False,799,"The band has continued sporadically ever since, releasing two more albums on the independent 4AD, one in 1996 and one in 2003, before releasing 2013's Purgatory / Paradise on their own label","[{""start"": 926, ""end"": 989, ""text"": ""before releasing 2013's Purgatory / Paradise on their own label""}]",0.0053989990697954,0.0025242042819384,True,False,True,All nonempty cited evidence lies in the final source sentence; shared automatic exclusion.,False,0.7329908230808918,0.7275918240110963,0.7304666187989534,0.002874794787857,True
64,8,true,detail,final_token,The final word of the prefix is “label”.,True,True,True,799,"The band has continued sporadically ever since, releasing two more albums on the independent 4AD, one in 1996 and one in 2003, before releasing 2013's Purgatory / Paradise on their own label","[{""start"": 984, ""end"": 989, ""text"": ""label""}]",-0.0016428019152231,-0.000611910472351,True,False,True,"Explicit final-word/token claim, excluded regardless of truth.",False,0.7329908230808918,0.734633624996115,0.7336027335532429,-0.001030891442872,True
64,9,true,detail,local_text,This ends a prepositional phrase.,True,True,False,799,"The band has continued sporadically ever since, releasing two more albums on the independent 4AD, one in 1996 and one in 2003, before releasing 2013's Purgatory / Paradise on their own label","[{""start"": 971, ""end"": 989, ""text"": ""on their own label""}]",0.000350706237113,-0.000611910472351,True,False,True,All nonempty cited evidence lies in the final source sentence; shared automatic exclusion.,False,0.7329908230808918,0.7326401168437787,0.7336027335532429,0.0009626167094641,True
64,10,false,entity,identification,Their final album is 2013's The River Why.,False,True,False,799,"The band has continued sporadically ever since, releasing two more albums on the independent 4AD, one in 1996 and one in 2003, before releasing 2013's Purgatory / Paradise on their own label","[{""start"": 943, ""end"": 970, ""text"": ""2013's Purgatory / Paradise""}]",-0.0035130665195417,0.0014313989882005,True,True,True,All nonempty cited evidence lies in the final source sentence; shared automatic exclusion.,False,0.7329908230808918,0.7365038896004336,0.7315594240926913,-0.0049444655077423,True
64,11,true,detail,attribute,Their final album was released on their own label.,True,True,False,799,"The band has continued sporadically ever since, releasing two more albums on the independent 4AD, one in 1996 and one in 2003, before releasing 2013's Purgatory / Paradise on their own label","[{""start"": 926, ""end"": 989, ""text"": ""before releasing 2013's Purgatory / Paradise on their own label""}]",0.718247734295581,0.0015550955109682,True,False,True,All nonempty cited evidence lies in the final source sentence; shared automatic exclusion.,False,0.7329908230808918,0.0147430887853108,0.7314357275699236,0.7166926387846128,True
65,0,true,theme,format,The passage is a factual/encyclopedic article.,False,False,False,950,"The Dean of the school is Albert Armstrong, DPM","[{""start"": 0, ""end"": 116, ""text"": ""The Barry University School of Podiatric Medicine is one of the nine podiatric medical schools in the United States.""}]",0.0189015688370374,0.0044731390519356,False,False,False,Retained: earlier/global/mixed content; no additional final-sentence/token locality identified.,False,0.7482011123501754,0.729299543513138,0.7437279732982397,0.0144284297851017,False
65,1,true,theme,topic,The article is about a podiatry school.,False,False,False,950,"The Dean of the school is Albert Armstrong, DPM","[{""start"": 53, ""end"": 115, ""text"": ""one of the nine podiatric medical schools in the United States""}]",-0.0011116082111861,0.0044731390519356,False,False,False,Retained: earlier/global/mixed content; no additional final-sentence/token locality identified.,False,0.7482011123501754,0.7493127205613616,0.7437279732982397,-0.0055847472631218,False
65,2,true,theme,style,The article consistently provides institutional details in structured prose paragraphs.,False,False,False,950,"The Dean of the school is Albert Armstrong, DPM","[{""start"": 157, ""end"": 254, ""text"": ""The school was founded in 1985 as the first podiatric medical college to be part of a university.""}]",0.0052751995043746,0.0044731390519356,False,False,False,Retained: earlier/global/mixed content; no additional final-sentence/token locality identified.,False,0.7482011123501754,0.7429259128458008,0.7437279732982397,0.0008020604524389,False
65,3,true,detail,local_text,"The text follows a pattern of listing credentials, programs, and affiliations, with each sentence adding a new institutional fact.",False,False,False,950,"The Dean of the school is Albert Armstrong, DPM","[{""start"": 755, ""end"": 839, ""text"": ""The school has affiliations with such Miami hospitals as: Mount Sinai Medical Center""}]",0.0053986561217295,0.0007239425416961,False,False,False,Retained: earlier/global/mixed content; no additional final-sentence/token locality identified.,False,0.7482011123501754,0.7428024562284459,0.7474771698084792,0.0046747135800333,False
65,4,false,entity,identity,The school described is California College of Podiatric Medicine.,False,False,False,950,"The Dean of the school is Albert Armstrong, DPM","[{""start"": 0, ""end"": 49, ""text"": ""The Barry University School of Podiatric Medicine""}]",-0.0003464811415864,0.0007239425416961,False,False,False,Retained: earlier/global/mixed content; no additional final-sentence/token locality identified.,False,0.7482011123501754,0.7485475934917618,0.7474771698084792,-0.0010704236832825,False
65,5,true,detail,final_token,The final word of the prefix is “DPM”.,True,True,True,950,"The Dean of the school is Albert Armstrong, DPM","[{""start"": 994, ""end"": 997, ""text"": ""DPM""}]",0.0038235720463301,0.0047407977751228,True,False,True,"Explicit final-word/token claim, excluded regardless of truth.",False,0.7482011123501754,0.7443775403038453,0.7434603145750526,-0.0009172257287927,True
65,6,true,detail,attribute,DPM is a professional/podiatric medical degree abbreviation.,True,True,False,950,"The Dean of the school is Albert Armstrong, DPM","[{""start"": 950, ""end"": 997, ""text"": ""The Dean of the school is Albert Armstrong, DPM""}]",0.0066935967195999,0.004425074722255,True,False,True,All nonempty cited evidence lies in the final source sentence; shared automatic exclusion.,False,0.7482011123501754,0.7415075156305755,0.7437760376279203,0.0022685219973448,True
65,7,false,entity,identification,"The named president is Dr. Robert L. Miller, DPM.",False,True,False,950,"The Dean of the school is Albert Armstrong, DPM","[{""start"": 950, ""end"": 997, ""text"": ""The Dean of the school is Albert Armstrong, DPM""}]",0.1350541849484069,0.004425074722255,True,True,True,All nonempty cited evidence lies in the final source sentence; shared automatic exclusion.,False,0.7482011123501754,0.6131469274017685,0.7437760376279203,0.1306291102261518,True
65,9,false,entity,identification,The school is accredited by the Council on Podiatric Medical Education.,False,False,False,950,"The Dean of the school is Albert Armstrong, DPM",[],-0.0030474929937429,-0.0017985361884492,False,False,False,Retained: earlier/global/mixed content; no additional final-sentence/token locality identified.,False,0.7482011123501754,0.7512486053439184,0.7499996485386247,-0.0012489568052936,False
65,10,false,entity,identification,"The school is located in Los Angeles, California.",False,False,False,950,"The Dean of the school is Albert Armstrong, DPM","[{""start"": 117, ""end"": 156, ""text"": ""It is located in Miami Shores, Florida.""}]",0.0057181807869108,-0.0017985361884492,False,False,False,Retained: earlier/global/mixed content; no additional final-sentence/token locality identified.,False,0.7482011123501754,0.7424829315632645,0.7499996485386247,0.0075167169753601,False
65,11,false,detail,quantity,The school has a student to faculty ratio of 10:1.,False,False,False,950,"The Dean of the school is Albert Armstrong, DPM",[],-0.0014568807371715,-0.0017985361884492,False,False,False,Retained: earlier/global/mixed content; no additional final-sentence/token locality identified.,False,0.7482011123501754,0.7496579930873469,0.7499996485386247,0.0003416554512777,False
66,0,true,theme,format,The passage is a factual/encyclopedic company profile.,False,False,False,631,Dollar General has grown to become one of the most profitable stores in the rural United States with revenue reaching around $21 billion in 2017,"[{""start"": 0, ""end"": 109, ""text"": ""Dollar General Corporation is an American chain of variety stores headquartered in Goodlettsville, Tennessee.""}]",0.002900148142871,0.0009143875746017,False,False,False,Retained: earlier/global/mixed content; no additional final-sentence/token locality identified.,False,0.736613927701319,0.7337137795584479,0.7356995401267172,0.0019857605682693,False
66,1,false,entity,identity,The company profiled is Uber Technologies.,False,False,False,631,Dollar General has grown to become one of the most profitable stores in the rural United States with revenue reaching around $21 billion in 2017,"[{""start"": 0, ""end"": 65, ""text"": ""Dollar General Corporation is an American chain of variety stores""}]",-0.0157449268278261,-0.0040978981437821,False,False,False,Retained: earlier/global/mixed content; no additional final-sentence/token locality identified.,False,0.736613927701319,0.7523588545291451,0.7407118258451011,-0.0116470286840439,False
66,3,true,detail,local_text,The passage is a sequential enumeration of company facts building a comprehensive profile.,False,False,False,631,Dollar General has grown to become one of the most profitable stores in the rural United States with revenue reaching around $21 billion in 2017,"[{""start"": 292, ""end"": 323, ""text"": ""The company first began in 1939""}]",0.0065343716840636,0.0068371563532293,False,False,False,Retained: earlier/global/mixed content; no additional final-sentence/token locality identified.,False,0.736613927701319,0.7300795560172553,0.7297767713480896,-0.0003027846691656,False
66,5,true,theme,topic,The enumerated facts include headquarters.,False,False,False,631,Dollar General has grown to become one of the most profitable stores in the rural United States with revenue reaching around $21 billion in 2017,"[{""start"": 66, ""end"": 108, ""text"": ""headquartered in Goodlettsville, Tennessee""}]",-0.0002907789517379,0.0068371563532293,False,False,False,Retained: earlier/global/mixed content; no additional final-sentence/token locality identified.,False,0.736613927701319,0.7369047066530569,0.7297767713480896,-0.0071279353049672,False
66,6,false,theme,topic,The enumerated facts include employees.,False,False,False,631,Dollar General has grown to become one of the most profitable stores in the rural United States with revenue reaching around $21 billion in 2017,[],-0.000193883686039,0.0068371563532293,False,False,False,Retained: earlier/global/mixed content; no additional final-sentence/token locality identified.,False,0.736613927701319,0.736807811387358,0.7297767713480896,-0.0070310400392683,False
66,7,true,theme,topic,The enumerated facts include revenue.,True,True,False,631,Dollar General has grown to become one of the most profitable stores in the rural United States with revenue reaching around $21 billion in 2017,"[{""start"": 732, ""end"": 775, ""text"": ""revenue reaching around $21 billion in 2017""}]",0.0035574163805545,0.0068371563532293,True,False,True,All nonempty cited evidence lies in the final source sentence; shared automatic exclusion.,False,0.736613927701319,0.7330565113207644,0.7297767713480896,-0.0032797399726748,True
66,9,true,detail,final_token,The final word of the prefix is “2017”.,True,True,True,631,Dollar General has grown to become one of the most profitable stores in the rural United States with revenue reaching around $21 billion in 2017,"[{""start"": 771, ""end"": 775, ""text"": ""2017""}]",0.0008711691973888,-0.009422650444045,True,False,True,"Explicit final-word/token claim, excluded regardless of truth.",False,0.736613927701319,0.7357427585039301,0.746036578145364,0.0102938196414338,True
66,10,true,detail,local_text,This ends a revenue statistic mid-thought.,True,True,False,631,Dollar General has grown to become one of the most profitable stores in the rural United States with revenue reaching around $21 billion in 2017,"[{""start"": 732, ""end"": 775, ""text"": ""revenue reaching around $21 billion in 2017""}]",-0.0016148126979876,-0.009422650444045,True,False,True,All nonempty cited evidence lies in the final source sentence; shared automatic exclusion.,False,0.736613927701319,0.7382287403993066,0.746036578145364,0.0078078377460573,True
66,11,false,detail,quantity,The revenue was over 15 billion dollars in 2017.,False,True,False,631,Dollar General has grown to become one of the most profitable stores in the rural United States with revenue reaching around $21 billion in 2017,"[{""start"": 732, ""end"": 775, ""text"": ""revenue reaching around $21 billion in 2017""}]",0.0093388585648263,-0.009422650444045,True,True,True,All nonempty cited evidence lies in the final source sentence; shared automatic exclusion.,False,0.736613927701319,0.7272750691364926,0.746036578145364,0.0187615090088713,True
66,13,false,detail,attribute,The company is ranked as the 10th largest technology company in the world.,False,False,False,631,Dollar General has grown to become one of the most profitable stores in the rural United States with revenue reaching around $21 billion in 2017,[],0.0051358465648917,-0.0034143955665316,False,False,False,Retained: earlier/global/mixed content; no additional final-sentence/token locality identified.,False,0.736613927701319,0.7314780811364272,0.7400283232678506,0.0085502421314234,False
66,14,false,detail,attribute,The company is ranked as the 1st largest transportation company in the world.,False,False,False,631,Dollar General has grown to become one of the most profitable stores in the rural United States with revenue reaching around $21 billion in 2017,[],0.0056824854506846,-0.0034143955665316,False,False,False,Retained: earlier/global/mixed content; no additional final-sentence/token locality identified.,False,0.736613927701319,0.7309314422506343,0.7400283232678506,0.0090968810172162,False
66,15,false,detail,quantity,"The company has a workforce of over 10,000 employees.",False,False,False,631,Dollar General has grown to become one of the most profitable stores in the rural United States with revenue reaching around $21 billion in 2017,[],0.0156832478169582,-0.0034143955665316,False,False,False,Retained: earlier/global/mixed content; no additional final-sentence/token locality identified.,False,0.736613927701319,0.7209306798843607,0.7400283232678506,0.0190976433834899,False
66,16,false,detail,quantity,The revenue was around 14 billion in 2017.,False,True,False,631,Dollar General has grown to become one of the most profitable stores in the rural United States with revenue reaching around $21 billion in 2017,"[{""start"": 732, ""end"": 775, ""text"": ""revenue reaching around $21 billion in 2017""}]",0.0426906752173327,-0.0034143955665316,True,True,True,All nonempty cited evidence lies in the final source sentence; shared automatic exclusion.,False,0.736613927701319,0.6939232524839862,0.7400283232678506,0.0461050707838643,True
67,0,true,theme,format,The passage is Wikipedia-style encyclopedic prose.,False,False,False,827,"In 2014, Bloomberg L.P. launched Bloomberg Politics, a multiplatform media property that merged the company's political news teams, and has recruited two veteran political journalists, Mark Halperin and John Heilemann, to run it","[{""start"": 0, ""end"": 79, ""text"": ""Bloomberg L.P. is a privately held financial, software, data, and media company""}]",-0.0025694548000464,0.0071959286916506,False,False,False,Retained: earlier/global/mixed content; no additional final-sentence/token locality identified.,False,0.699573717695752,0.7021431724957985,0.6923777890041014,-0.009765383491697,False
67,1,true,theme,topic,The passage describes Bloomberg L.P.'s business divisions and history.,False,False,False,827,"In 2014, Bloomberg L.P. launched Bloomberg Politics, a multiplatform media property that merged the company's political news teams, and has recruited two veteran political journalists, Mark Halperin and John Heilemann, to run it","[{""start"": 565, ""end"": 625, ""text"": ""Bloomberg L.P. also includes a wire service (Bloomberg News)""}]",0.0020712949237567,0.0071959286916506,False,False,False,Retained: earlier/global/mixed content; no additional final-sentence/token locality identified.,False,0.699573717695752,0.6975024227719953,0.6923777890041014,-0.0051246337678938,False
67,2,true,theme,style,The passage establishes a pattern of listing capabilities and achievements.,False,False,False,827,"In 2014, Bloomberg L.P. launched Bloomberg Politics, a multiplatform media property that merged the company's political news teams, and has recruited two veteran political journalists, Mark Halperin and John Heilemann, to run it","[{""start"": 291, ""end"": 388, ""text"": ""Bloomberg L.P. provides financial software tools such as an analytics and equity trading platform""}]",0.0048589874071024,0.0071959286916506,False,False,False,Retained: earlier/global/mixed content; no additional final-sentence/token locality identified.,False,0.699573717695752,0.6947147302886496,0.6923777890041014,-0.0023369412845481,False
67,3,true,detail,local_text,The sentence structure has been cataloguing Bloomberg's media division activities.,False,False,False,827,"In 2014, Bloomberg L.P. launched Bloomberg Politics, a multiplatform media property that merged the company's political news teams, and has recruited two veteran political journalists, Mark Halperin and John Heilemann, to run it","[{""start"": 594, ""end"": 677, ""text"": ""a wire service (Bloomberg News), a global television network (Bloomberg Television)""}]",0.0003837149604227,-0.0051142010767036,False,False,False,Retained: earlier/global/mixed content; no additional final-sentence/token locality identified.,False,0.699573717695752,0.6991900027353293,0.7046879187724557,0.0054979160371264,False
67,4,false,detail,date,Bloomberg Politics launched in 2011.,False,True,False,827,"In 2014, Bloomberg L.P. launched Bloomberg Politics, a multiplatform media property that merged the company's political news teams, and has recruited two veteran political journalists, Mark Halperin and John Heilemann, to run it","[{""start"": 827, ""end"": 878, ""text"": ""In 2014, Bloomberg L.P. launched Bloomberg Politics""}]",0.0084218976201854,-0.0057502280796229,True,True,True,All nonempty cited evidence lies in the final source sentence; shared automatic exclusion.,False,0.699573717695752,0.6911518200755666,0.705323945775375,0.0141721256998084,True
67,5,true,detail,local_text,"The final clause introduces the leadership team, implying a concluding statement about the initiative.",True,True,False,827,"In 2014, Bloomberg L.P. launched Bloomberg Politics, a multiplatform media property that merged the company's political news teams, and has recruited two veteran political journalists, Mark Halperin and John Heilemann, to run it","[{""start"": 963, ""end"": 1055, ""text"": ""has recruited two veteran political journalists, Mark Halperin and John Heilemann, to run it""}]",0.0113098867789668,-0.0051142010767036,True,False,True,All nonempty cited evidence lies in the final source sentence; shared automatic exclusion.,False,0.699573717695752,0.6882638309167852,0.7046879187724557,0.0164240878556705,True
67,6,true,detail,final_token,The final word of the prefix is “it”.,True,True,True,827,"In 2014, Bloomberg L.P. launched Bloomberg Politics, a multiplatform media property that merged the company's political news teams, and has recruited two veteran political journalists, Mark Halperin and John Heilemann, to run it","[{""start"": 1053, ""end"": 1055, ""text"": ""it""}]",0.0018626210778467,0.0027517566291398,True,False,True,"Explicit final-word/token claim, excluded regardless of truth.",False,0.699573717695752,0.6977110966179053,0.6968219610666122,-0.0008891355512931,True
67,7,true,detail,local_text,"This ends a relative clause, completing the sentence.",True,True,False,827,"In 2014, Bloomberg L.P. launched Bloomberg Politics, a multiplatform media property that merged the company's political news teams, and has recruited two veteran political journalists, Mark Halperin and John Heilemann, to run it","[{""start"": 963, ""end"": 1055, ""text"": ""has recruited two veteran political journalists, Mark Halperin and John Heilemann, to run it""}]",-0.0019218596766028,0.0027517566291398,True,False,True,All nonempty cited evidence lies in the final source sentence; shared automatic exclusion.,False,0.699573717695752,0.7014955773723549,0.6968219610666122,-0.0046736163057427,True
67,8,false,entity,identification,Bloomberg hired former Washington Post editor Josh Marshall to run the initiative.,False,True,False,827,"In 2014, Bloomberg L.P. launched Bloomberg Politics, a multiplatform media property that merged the company's political news teams, and has recruited two veteran political journalists, Mark Halperin and John Heilemann, to run it","[{""start"": 967, ""end"": 1044, ""text"": ""recruited two veteran political journalists, Mark Halperin and John Heilemann""}]",0.0110514233951365,0.0046260751821596,True,True,True,All nonempty cited evidence lies in the final source sentence; shared automatic exclusion.,False,0.699573717695752,0.6885222943006155,0.6949476425135924,0.0064253482129769,True
67,10,true,detail,attribute,Bloomberg Politics is a political news and media initiative.,True,True,False,827,"In 2014, Bloomberg L.P. launched Bloomberg Politics, a multiplatform media property that merged the company's political news teams, and has recruited two veteran political journalists, Mark Halperin and John Heilemann, to run it","[{""start"": 860, ""end"": 957, ""text"": ""Bloomberg Politics, a multiplatform media property that merged the company's political news teams""}]",0.0145436394776313,-0.0029400827478829,True,False,True,All nonempty cited evidence lies in the final source sentence; shared automatic exclusion.,False,0.699573717695752,0.6850300782181207,0.702513800443635,0.0174837222255143,True
67,11,false,entity,identification,Bloomberg also hired former MTV News president Jon Landman to run the initiative.,False,True,False,827,"In 2014, Bloomberg L.P. launched Bloomberg Politics, a multiplatform media property that merged the company's political news teams, and has recruited two veteran political journalists, Mark Halperin and John Heilemann, to run it","[{""start"": 967, ""end"": 1044, ""text"": ""recruited two veteran political journalists, Mark Halperin and John Heilemann""}]",0.013419738350837,-0.0029400827478829,True,True,True,All nonempty cited evidence lies in the final source sentence; shared automatic exclusion.,False,0.699573717695752,0.686153979344915,0.702513800443635,0.01635982109872,True
67,12,true,detail,local_text,The final clause describes the political initiative.,True,True,False,827,"In 2014, Bloomberg L.P. launched Bloomberg Politics, a multiplatform media property that merged the company's political news teams, and has recruited two veteran political journalists, Mark Halperin and John Heilemann, to run it","[{""start"": 880, ""end"": 957, ""text"": ""a multiplatform media property that merged the company's political news teams""}]",0.0207021980640534,-0.0029400827478829,True,False,True,All nonempty cited evidence lies in the final source sentence; shared automatic exclusion.,False,0.699573717695752,0.6788715196316986,0.702513800443635,0.0236422808119364,True
68,0,true,theme,format,The passage is a Wikipedia article with structured factual prose.,False,False,False,1067,Fall Out Boy bassist Pete Wentz explained,"[{""start"": 0, ""end"": 71, ""text"": ""The Young Wild Things Tour was a four-band fall 2007 arena concert tour""}]",0.0039592001971,-0.0052786277393211,False,False,False,Retained: earlier/global/mixed content; no additional final-sentence/token locality identified.,False,0.8106592636919281,0.806700063494828,0.8159378914312493,0.0092378279364212,False
68,1,false,entity,identity,The passage is about a music video.,False,False,False,1067,Fall Out Boy bassist Pete Wentz explained,"[{""start"": 0, ""end"": 71, ""text"": ""The Young Wild Things Tour was a four-band fall 2007 arena concert tour""}]",-0.0009858700578054,-0.0054799807177488,False,False,False,Retained: earlier/global/mixed content; no additional final-sentence/token locality identified.,False,0.8106592636919281,0.8116451337497336,0.8161392444096769,0.0044941106599433,False
68,2,true,theme,style,The passage establishes an encyclopedic register with structured factual prose throughout.,False,False,False,1067,Fall Out Boy bassist Pete Wentz explained,"[{""start"": 0, ""end"": 71, ""text"": ""The Young Wild Things Tour was a four-band fall 2007 arena concert tour""}]",-0.0003140946226765,-0.0052786277393211,False,False,False,Retained: earlier/global/mixed content; no additional final-sentence/token locality identified.,False,0.8106592636919281,0.8109733583146046,0.8159378914312493,0.0049645331166446,False
68,3,true,detail,local_text,The passage exhibits narrative momentum toward a concluding detail.,True,True,False,1067,Fall Out Boy bassist Pete Wentz explained,"[{""start"": 1067, ""end"": 1108, ""text"": ""Fall Out Boy bassist Pete Wentz explained""}]",0.0008858943658949,-0.002442824580609,True,False,True,All nonempty cited evidence lies in the final source sentence; shared automatic exclusion.,False,0.8106592636919281,0.8097733693260332,0.8131020882725372,0.0033287189465039,True
68,4,true,theme,topic,The passage covers release.,False,False,False,1067,Fall Out Boy bassist Pete Wentz explained,"[{""start"": 341, ""end"": 397, ""text"": ""The tour was first announced on the Fall Out Boy website""}]",0.0003243528251126,-0.002442824580609,False,False,False,Retained: earlier/global/mixed content; no additional final-sentence/token locality identified.,False,0.8106592636919281,0.8103349108668154,0.8131020882725372,0.0027671774057217,False
68,5,true,theme,topic,The passage covers promotional elements.,False,False,False,1067,Fall Out Boy bassist Pete Wentz explained,"[{""start"": 557, ""end"": 639, ""text"": ""Fans would text a certain number and would be given a code for their state / area.""}]",-0.0008200680965543,-0.002442824580609,False,False,False,Retained: earlier/global/mixed content; no additional final-sentence/token locality identified.,False,0.8106592636919281,0.8114793317884824,0.8131020882725372,0.0016227564840547,False
68,6,false,detail,attribute,The passage now shifts to a concluding detail about the band's branding/logo theme.,False,False,False,1067,Fall Out Boy bassist Pete Wentz explained,[],-0.0039013459836977,-0.002442824580609,False,False,False,Keep: branding/set-design subject preceding the final speaker-attribution fragment.,True,0.8106592636919281,0.8145606096756258,0.8131020882725372,-0.0014585214030886,False
68,7,true,detail,final_token,The final word of the prefix is “explained”.,True,True,True,1067,Fall Out Boy bassist Pete Wentz explained,"[{""start"": 1099, ""end"": 1108, ""text"": ""explained""}]",-0.0045154450031643,-0.0016447404297569,True,False,True,"Explicit final-word/token claim, excluded regardless of truth.",False,0.8106592636919281,0.8151747086950925,0.812304004121685,-0.0028707045734074,True
68,8,false,entity,identification,The band incorporated the phrase 'We Are The Fall' into the video's set design and merchandise.,False,False,False,1067,Fall Out Boy bassist Pete Wentz explained,[],-0.0122279457187206,-0.0029594642318787,False,False,False,Keep: fabricated set-design/merchandise premise before the closing 'explained' attribution.,True,0.8106592636919281,0.8228872094106487,0.8136187279238069,-0.0092684814868418,False
68,9,false,entity,identity,Lead singer David Cook explained the branding decision.,False,True,False,1067,Fall Out Boy bassist Pete Wentz explained,"[{""start"": 1067, ""end"": 1108, ""text"": ""Fall Out Boy bassist Pete Wentz explained""}]",0.00888856167171,-0.0002650307234911,True,True,True,All nonempty cited evidence lies in the final source sentence; shared automatic exclusion.,False,0.8106592636919281,0.801770702020218,0.8109242944154192,0.0091535923952011,True
68,10,true,detail,local_text,'Explained' is a verb introducing a direct or indirect quote.,True,True,False,1067,Fall Out Boy bassist Pete Wentz explained,"[{""start"": 1067, ""end"": 1108, ""text"": ""Fall Out Boy bassist Pete Wentz explained""}]",0.0006133496777137,-0.0016447404297569,True,False,True,All nonempty cited evidence lies in the final source sentence; shared automatic exclusion.,False,0.8106592636919281,0.8100459140142143,0.812304004121685,0.0022580901074706,True
68,12,false,entity,identification,The phrase was used to represent the band's logo.,False,False,False,1067,Fall Out Boy bassist Pete Wentz explained,[],-0.0003537656421437,-0.0012328683800471,False,False,False,Keep: fabricated logo premise before the closing speaker attribution.,True,0.8106592636919281,0.8110130293340718,0.8118921320719752,0.0008791027379033,False
68,13,false,entity,identity,Lead guitarist David Cook explained the reasoning.,False,True,False,1067,Fall Out Boy bassist Pete Wentz explained,"[{""start"": 1067, ""end"": 1108, ""text"": ""Fall Out Boy bassist Pete Wentz explained""}]",0.0502077938568978,-0.0012328683800471,True,True,True,All nonempty cited evidence lies in the final source sentence; shared automatic exclusion.,False,0.8106592636919281,0.7604514698350302,0.8118921320719752,0.0514406622369449,True
69,0,true,theme,format,The passage is a Wikipedia article with factual encyclopedic prose.,False,False,False,792,"The buildings in the village core, the parish church, the 1563 town hall, the Salesis house, the ruins of Castle Clanx and the state archives with the administration building are listed as heritage sites of national significance","[{""start"": 0, ""end"": 64, ""text"": ""Appenzell is a village, a statistic town, but not a municipality""}]",-0.0070464038895605,0.0011490753672831,False,False,False,Retained: earlier/global/mixed content; no additional final-sentence/token locality identified.,False,0.5592366468459369,0.5662830507354975,0.5580875714786537,-0.0081954792568437,False
69,1,false,entity,identity,The passage is about a Swiss municipality.,False,False,False,792,"The buildings in the village core, the parish church, the 1563 town hall, the Salesis house, the ruins of Castle Clanx and the state archives with the administration building are listed as heritage sites of national significance","[{""start"": 0, ""end"": 64, ""text"": ""Appenzell is a village, a statistic town, but not a municipality""}]",-0.0194421892878183,0.0011490753672831,False,False,False,Retained: earlier/global/mixed content; no additional final-sentence/token locality identified.,False,0.5592366468459369,0.5786788361337553,0.5580875714786537,-0.0205912646551015,False
69,2,true,theme,style,The passage follows a standard geographic/demographic template.,False,False,False,792,"The buildings in the village core, the parish church, the 1563 town hall, the Salesis house, the ruins of Castle Clanx and the state archives with the administration building are listed as heritage sites of national significance","[{""start"": 70, ""end"": 135, ""text"": ""the capital of the canton of Appenzell Innerrhoden in Switzerland""}]",0.015491948900645,0.0011490753672831,False,False,False,Retained: earlier/global/mixed content; no additional final-sentence/token locality identified.,False,0.5592366468459369,0.5437446979452918,0.5580875714786537,0.0143428735333619,False
69,3,true,detail,local_text,"This continues a heritage/cultural landmarks list, building toward a concluding heritage designation statement.",True,True,False,792,"The buildings in the village core, the parish church, the 1563 town hall, the Salesis house, the ruins of Castle Clanx and the state archives with the administration building are listed as heritage sites of national significance","[{""start"": 967, ""end"": 1020, ""text"": ""are listed as heritage sites of national significance""}]",-0.0040176769974138,0.007057764695068,True,False,True,All nonempty cited evidence lies in the final source sentence; shared automatic exclusion.,False,0.5592366468459369,0.5632543238433507,0.5521788821508689,-0.0110754416924818,True
69,5,true,detail,attribute,The enumerated notable features include a castle.,True,True,False,792,"The buildings in the village core, the parish church, the 1563 town hall, the Salesis house, the ruins of Castle Clanx and the state archives with the administration building are listed as heritage sites of national significance","[{""start"": 885, ""end"": 910, ""text"": ""the ruins of Castle Clanx""}]",-0.012295064987507,0.0033741818445258,True,False,True,All nonempty cited evidence lies in the final source sentence; shared automatic exclusion.,False,0.5592366468459369,0.571531711833444,0.555862465001411,-0.0156692468320329,True
69,6,false,detail,attribute,The enumerated notable features include a museum.,False,False,False,792,"The buildings in the village core, the parish church, the 1563 town hall, the Salesis house, the ruins of Castle Clanx and the state archives with the administration building are listed as heritage sites of national significance",[],-0.0041615751912822,0.007057764695068,False,True,True,"Text review: assertion refers to the final source sentence's event, entity, attribute, or syntax; excluded despite missing/earlier evidence.",False,0.5592366468459369,0.5633982220372191,0.5521788821508689,-0.0112193398863502,True
69,8,true,detail,final_token,The final word of the prefix is “significance”.,True,True,True,792,"The buildings in the village core, the parish church, the 1563 town hall, the Salesis house, the ruins of Castle Clanx and the state archives with the administration building are listed as heritage sites of national significance","[{""start"": 1008, ""end"": 1020, ""text"": ""significance""}]",0.0231553658145539,0.0329023785036446,True,False,True,"Explicit final-word/token claim, excluded regardless of truth.",False,0.5592366468459369,0.536081281031383,0.5263342683422922,-0.0097470126890907,True
69,9,true,detail,attribute,The buildings are listed as heritage sites of national significance.,True,True,False,792,"The buildings in the village core, the parish church, the 1563 town hall, the Salesis house, the ruins of Castle Clanx and the state archives with the administration building are listed as heritage sites of national significance","[{""start"": 967, ""end"": 1020, ""text"": ""are listed as heritage sites of national significance""}]",1.295371657541633,0.023496195724348,True,False,True,All nonempty cited evidence lies in the final source sentence; shared automatic exclusion.,False,0.5592366468459369,-0.7361350106956961,0.5357404511215889,1.271875461817285,True
69,11,true,detail,attribute,The population is mostly German-speaking.,False,False,False,792,"The buildings in the village core, the parish church, the 1563 town hall, the Salesis house, the ruins of Castle Clanx and the state archives with the administration building are listed as heritage sites of national significance","[{""start"": 707, ""end"": 790, ""text"": ""the main spoken language is the local variant of the Alemannic Swiss German dialect""}]",-0.0148311960111582,-0.0094931369566175,False,False,False,Retained: earlier/global/mixed content; no additional final-sentence/token locality identified.,False,0.5592366468459369,0.5740678428570951,0.5687297838025545,-0.0053380590545406,False
69,12,false,entity,identification,The municipality is part of the Basel metropolitan area.,False,False,False,792,"The buildings in the village core, the parish church, the 1563 town hall, the Salesis house, the ruins of Castle Clanx and the state archives with the administration building are listed as heritage sites of national significance","[{""start"": 70, ""end"": 135, ""text"": ""the capital of the canton of Appenzell Innerrhoden in Switzerland""}]",-0.0115863808892755,-0.0094931369566175,False,False,False,Retained: earlier/global/mixed content; no additional final-sentence/token locality identified.,False,0.5592366468459369,0.5708230277352124,0.5687297838025545,-0.0020932439326579,False
69,14,false,detail,attribute,The enumerated notable features include the former mill.,False,False,False,792,"The buildings in the village core, the parish church, the 1563 town hall, the Salesis house, the ruins of Castle Clanx and the state archives with the administration building are listed as heritage sites of national significance",[],-0.0316634805541622,-0.0094931369566175,False,True,True,"Text review: assertion refers to the final source sentence's event, entity, attribute, or syntax; excluded despite missing/earlier evidence.",False,0.5592366468459369,0.5909001274000991,0.5687297838025545,-0.0221703435975446,True
70,0,true,theme,format,The passage is a Wikipedia biographical article with a consistent chronological career narrative.,False,False,False,966,"He later joined the June List, became its vice chairman in 2008, and was on second place on the June List ballot in the 2009 European Parliament election in which the party lost its representation in the European Parliament","[{""start"": 0, ""end"": 117, ""text"": ""Carl Gösta Björn Joachim von der Esch (11 January 1930 – 10 March 2010) was a Swedish Christian democratic politician""}]",-0.0136270377238645,-0.0079842411136211,False,False,False,Retained: earlier/global/mixed content; no additional final-sentence/token locality identified.,False,0.4888578674324235,0.5024849051562881,0.4968421085460446,-0.0056427966102434,False
70,1,true,entity,identity,The subject is a Swedish politician.,False,False,False,966,"He later joined the June List, became its vice chairman in 2008, and was on second place on the June List ballot in the 2009 European Parliament election in which the party lost its representation in the European Parliament","[{""start"": 72, ""end"": 117, ""text"": ""was a Swedish Christian democratic politician""}]",-0.0037250043899879,-0.0079842411136211,False,False,False,Retained: earlier/global/mixed content; no additional final-sentence/token locality identified.,False,0.4888578674324235,0.4925828718224114,0.4968421085460446,0.0042592367236331,False
70,2,false,entity,identity,The subject is named Karl-Erik Andersson.,False,False,False,966,"He later joined the June List, became its vice chairman in 2008, and was on second place on the June List ballot in the 2009 European Parliament election in which the party lost its representation in the European Parliament","[{""start"": 0, ""end"": 37, ""text"": ""Carl Gösta Björn Joachim von der Esch""}]",0.0015071714145407,-0.0079842411136211,False,False,False,Retained: earlier/global/mixed content; no additional final-sentence/token locality identified.,False,0.4888578674324235,0.4873506960178827,0.4968421085460446,0.0094914125281618,False
70,3,true,detail,local_text,The sentence structure traces the subject's political decline and final electoral attempts.,False,False,False,966,"He later joined the June List, became its vice chairman in 2008, and was on second place on the June List ballot in the 2009 European Parliament election in which the party lost its representation in the European Parliament","[{""start"": 687, ""end"": 717, ""text"": ""he was expelled from the party""}]",0.0359059440630148,0.0064565154502722,False,False,False,Retained: earlier/global/mixed content; no additional final-sentence/token locality identified.,False,0.4888578674324235,0.4529519233694086,0.4824013519821513,0.0294494286127426,False
70,4,false,entity,identification,The last clause details his role on the Christian Democratic Party's 2006 European Parliament list.,False,True,False,966,"He later joined the June List, became its vice chairman in 2008, and was on second place on the June List ballot in the 2009 European Parliament election in which the party lost its representation in the European Parliament","[{""start"": 1035, ""end"": 1119, ""text"": ""was on second place on the June List ballot in the 2009 European Parliament election""}]",0.0070011265857304,0.0064565154502722,True,True,True,All nonempty cited evidence lies in the final source sentence; shared automatic exclusion.,False,0.4888578674324235,0.481856740846693,0.4824013519821513,0.0005446111354582,True
70,5,true,detail,final_token,The final word of the prefix is “Parliament”.,True,True,True,966,"He later joined the June List, became its vice chairman in 2008, and was on second place on the June List ballot in the 2009 European Parliament election in which the party lost its representation in the European Parliament","[{""start"": 1179, ""end"": 1189, ""text"": ""Parliament""}]",-0.0231366628968972,-0.012025586733853,True,False,True,"Explicit final-word/token claim, excluded regardless of truth.",False,0.4888578674324235,0.5119945303293207,0.5008834541662766,-0.0111110761630441,True
70,6,true,detail,attribute,This closes a relative clause: the list was defeated and failed to win a seat in the European Parliament.,True,True,False,966,"He later joined the June List, became its vice chairman in 2008, and was on second place on the June List ballot in the 2009 European Parliament election in which the party lost its representation in the European Parliament","[{""start"": 1120, ""end"": 1189, ""text"": ""in which the party lost its representation in the European Parliament""}]",0.2729086566271772,-0.0112366771111441,True,False,True,All nonempty cited evidence lies in the final source sentence; shared automatic exclusion.,False,0.4888578674324235,0.2159492108052463,0.5000945445435676,0.2841453337383213,True
70,7,true,detail,local_text,This mirrors the earlier parallel phrase about the European Parliament.,False,False,False,966,"He later joined the June List, became its vice chairman in 2008, and was on second place on the June List ballot in the 2009 European Parliament election in which the party lost its representation in the European Parliament","[{""start"": 631, ""end"": 685, ""text"": ""ran in the 1995 European Parliament election in Sweden""}]",0.0231751524164504,-0.012025586733853,False,True,True,Describes the final clause's wording as mirroring an earlier European Parliament phrase.,False,0.4888578674324235,0.465682715015973,0.5008834541662766,0.0352007391503035,True
70,9,false,entity,identification,He served as secretary of the Christian Democratic Party until 2006.,False,False,False,966,"He later joined the June List, became its vice chairman in 2008, and was on second place on the June List ballot in the 2009 European Parliament election in which the party lost its representation in the European Parliament","[{""start"": 119, ""end"": 152, ""text"": ""member of the Riksdag 1998 – 2006""}]",0.0125009213942748,-0.0008202434579143,False,False,False,Retained: earlier/global/mixed content; no additional final-sentence/token locality identified.,False,0.4888578674324235,0.4763569460381486,0.4896781108903378,0.0133211648521892,False
70,10,false,entity,identification,He was on the Christian Democratic Party's list for the European Parliament.,False,True,False,966,"He later joined the June List, became its vice chairman in 2008, and was on second place on the June List ballot in the 2009 European Parliament election in which the party lost its representation in the European Parliament","[{""start"": 1035, ""end"": 1119, ""text"": ""was on second place on the June List ballot in the 2009 European Parliament election""}]",0.0440319949081339,-0.0008202434579143,True,True,True,All nonempty cited evidence lies in the final source sentence; shared automatic exclusion.,False,0.4888578674324235,0.4448258725242895,0.4896781108903378,0.0448522383660483,True
70,11,true,detail,local_text,"The final clause ends on the list's defeat, implying a concluding note about his career.",True,True,False,966,"He later joined the June List, became its vice chairman in 2008, and was on second place on the June List ballot in the 2009 European Parliament election in which the party lost its representation in the European Parliament","[{""start"": 1120, ""end"": 1189, ""text"": ""in which the party lost its representation in the European Parliament""}]",0.1380563216507888,-0.0008202434579143,True,False,True,All nonempty cited evidence lies in the final source sentence; shared automatic exclusion.,False,0.4888578674324235,0.3508015457816347,0.4896781108903378,0.1388765651087031,True
71,0,true,theme,format,The passage is a biographical Wikipedia-style article.,False,False,False,916,He is known for economic and empirical studies in these fields,"[{""start"": 0, ""end"": 87, ""text"": ""Horst Eidenmüller (born 23 October 1963) is the Freshfields Professor of Commercial Law""}]",0.0014193872637903,-0.002629093926762,False,False,False,Retained: earlier/global/mixed content; no additional final-sentence/token locality identified.,False,0.6461333159198633,0.644713928656073,0.6487624098466254,0.0040484811905523,False
71,1,true,entity,identity,The subject is a German legal scholar.,False,False,False,916,He is known for economic and empirical studies in these fields,"[{""start"": 166, ""end"": 206, ""text"": ""Eidenmüller was born in Munich, Germany.""}]",0.0009088787041319,-0.002629093926762,False,False,False,Retained: earlier/global/mixed content; no additional final-sentence/token locality identified.,False,0.6461333159198633,0.6452244372157314,0.6487624098466254,0.0035379726308939,False
71,2,false,entity,identity,The subject is named Florian Lenz.,False,False,False,916,He is known for economic and empirical studies in these fields,"[{""start"": 0, ""end"": 17, ""text"": ""Horst Eidenmüller""}]",-0.0047176046809168,-0.0066324442616835,False,False,False,Retained: earlier/global/mixed content; no additional final-sentence/token locality identified.,False,0.6461333159198633,0.6508509206007802,0.6527657601815469,0.0019148395807666,False
71,3,true,theme,style,"The passage follows a consistent pattern of listing credentials, roles, and achievements.",False,False,False,916,He is known for economic and empirical studies in these fields,"[{""start"": 207, ""end"": 294, ""text"": ""He is a graduate of Ludwig Maximilian University of Munich and of Cambridge (LLM 1989).""}]",0.0009376105473632,-0.002629093926762,False,False,False,Retained: earlier/global/mixed content; no additional final-sentence/token locality identified.,False,0.6461333159198633,0.6451957053725,0.6487624098466254,0.0035667044741253,False
71,4,true,theme,topic,The article systematically covers career history.,False,False,False,916,He is known for economic and empirical studies in these fields,"[{""start"": 295, ""end"": 382, ""text"": ""Prior to joining Oxford, Eidenmüller held professorships at the universities of Münster""}]",-0.0012422325816715,0.0036096303979112,False,False,False,Retained: earlier/global/mixed content; no additional final-sentence/token locality identified.,False,0.6461333159198633,0.6473755485015349,0.642523685521952,-0.0048518629795828,False
71,5,true,theme,topic,The article systematically covers academic positions.,False,False,False,916,He is known for economic and empirical studies in these fields,"[{""start"": 419, ""end"": 500, ""text"": ""He was visiting professor at Cambridge (2007), Oxford (2009-2014), Harvard (2011)""}]",-0.0032468569034481,0.0036096303979112,False,False,False,Retained: earlier/global/mixed content; no additional final-sentence/token locality identified.,False,0.6461333159198633,0.6493801728233115,0.642523685521952,-0.0068564873013594,False
71,6,true,theme,topic,The article systematically covers current roles.,False,False,False,916,He is known for economic and empirical studies in these fields,"[{""start"": 41, ""end"": 137, ""text"": ""is the Freshfields Professor of Commercial Law in the Faculty of Law at the University of Oxford""}]",-0.0022898542038022,0.0036096303979112,False,False,False,Retained: earlier/global/mixed content; no additional final-sentence/token locality identified.,False,0.6461333159198633,0.6484231701236656,0.642523685521952,-0.0058994846017135,False
71,7,true,detail,local_text,"The final sentence introduces his research areas, signaling a concluding summary of his scholarly focus.",False,False,False,916,He is known for economic and empirical studies in these fields,"[{""start"": 809, ""end"": 914, ""text"": ""research focuses on commercial contracts, company law, insolvency law, and alternative dispute resolution""}]",0.0024193557886939,0.0036096303979112,False,True,True,"Explicitly describes what the final sentence introduces, despite citing the earlier research list.",False,0.6461333159198633,0.6437139601311694,0.642523685521952,-0.0011902746092173,True
71,8,true,detail,final_token,The final word of the prefix is “fields”.,True,True,True,916,He is known for economic and empirical studies in these fields,"[{""start"": 972, ""end"": 978, ""text"": ""fields""}]",-0.0125299631466891,-0.0063616660386459,True,False,True,"Explicit final-word/token claim, excluded regardless of truth.",False,0.6461333159198633,0.6586632790665525,0.6524949819585093,-0.0061682971080432,True
71,9,true,detail,local_text,This ends a list of research areas.,False,False,False,916,He is known for economic and empirical studies in these fields,"[{""start"": 829, ""end"": 914, ""text"": ""commercial contracts, company law, insolvency law, and alternative dispute resolution""}]",-0.0016124550564103,-0.0063616660386459,False,True,True,Describes the ending around the final token 'fields' as ending a research-area list.,False,0.6461333159198633,0.6477457709762737,0.6524949819585093,0.0047492109822355,True
71,10,false,detail,attribute,One of his research areas is competition law.,False,False,False,916,He is known for economic and empirical studies in these fields,"[{""start"": 829, ""end"": 914, ""text"": ""commercial contracts, company law, insolvency law, and alternative dispute resolution""}]",-0.0006796182460239,-0.0095290878385146,False,False,False,Retained: earlier/global/mixed content; no additional final-sentence/token locality identified.,False,0.6461333159198633,0.6468129341658873,0.655662403758378,0.0088494695924907,False
71,11,true,detail,attribute,One of his research areas is corporate law.,False,False,False,916,He is known for economic and empirical studies in these fields,"[{""start"": 851, ""end"": 862, ""text"": ""company law""}]",0.0028414176796912,-0.0095290878385146,False,False,False,Retained: earlier/global/mixed content; no additional final-sentence/token locality identified.,False,0.6461333159198633,0.6432918982401721,0.655662403758378,0.0123705055182059,False
71,12,true,detail,attribute,One of his research areas is insolvency law.,False,False,False,916,He is known for economic and empirical studies in these fields,"[{""start"": 864, ""end"": 878, ""text"": ""insolvency law""}]",0.0183188417014225,-0.0095290878385146,False,False,False,Retained: earlier/global/mixed content; no additional final-sentence/token locality identified.,False,0.6461333159198633,0.6278144742184408,0.655662403758378,0.0278479295399372,False
71,13,true,detail,attribute,He is an empirical researcher in these fields.,True,True,False,916,He is known for economic and empirical studies in these fields,"[{""start"": 916, ""end"": 978, ""text"": ""He is known for economic and empirical studies in these fields""}]",0.7831957698460803,-0.0095290878385146,True,False,True,All nonempty cited evidence lies in the final source sentence; shared automatic exclusion.,False,0.6461333159198633,-0.137062453926217,0.655662403758378,0.7927248576845951,True
71,15,false,entity,identification,He is a professor at the University of Mannheim.,False,False,False,916,He is known for economic and empirical studies in these fields,"[{""start"": 41, ""end"": 137, ""text"": ""is the Freshfields Professor of Commercial Law in the Faculty of Law at the University of Oxford""}]",-0.0023040343988819,-0.0041746768839229,False,False,False,Retained: earlier/global/mixed content; no additional final-sentence/token locality identified.,False,0.6461333159198633,0.6484373503187453,0.6503079928037863,0.0018706424850409,False
71,16,false,detail,attribute,He is known for his practical expertise and international reputation.,False,False,False,916,He is known for economic and empirical studies in these fields,[],-0.0012317128363,-0.0041746768839229,False,True,True,Exclude: replacement of the final 'known for economic and empirical studies' characterization.,True,0.6461333159198633,0.6473650287561634,0.6503079928037863,0.0029429640476228,True
71,17,false,detail,attribute,His empirical studies focus on market efficiency.,False,False,False,916,He is known for economic and empirical studies in these fields,[],-0.0027099108637514,-0.0041746768839229,False,True,True,"Text review: assertion refers to the final source sentence's event, entity, attribute, or syntax; excluded despite missing/earlier evidence.",False,0.6461333159198633,0.6488432267836148,0.6503079928037863,0.0014647660201714,True
72,0,true,theme,format,The passage is biographical/promotional web copy for a filmmaker.,False,False,False,881,Leone Marucci is repped by Stuart Manashil at William Morris Endeavor,"[{""start"": 0, ""end"": 78, ""text"": ""Leone Marucci (born March 28, 1973, Youngstown, Ohio) is an American filmmaker""}]",8.404863865685286e-05,-0.002410340839887,False,False,False,Retained: earlier/global/mixed content; no additional final-sentence/token locality identified.,False,0.7487141552249337,0.7486301065862768,0.7511244960648207,0.0024943894785438,False
72,1,true,theme,style,"The passage consistently lists credentials, collaborators, and achievements in short declarative sentences.",False,False,False,881,Leone Marucci is repped by Stuart Manashil at William Morris Endeavor,"[{""start"": 227, ""end"": 299, ""text"": ""which featured the ensemble cast of Christopher Walken, Christian Slater""}]",0.0060801069592226,-0.002410340839887,False,False,False,Retained: earlier/global/mixed content; no additional final-sentence/token locality identified.,False,0.7487141552249337,0.742634048265711,0.7511244960648207,0.0084904477991096,False
72,2,true,detail,local_text,"The text follows a structured profile format, detailing projects, collaborators, and accolades.",False,False,False,881,Leone Marucci is repped by Stuart Manashil at William Morris Endeavor,"[{""start"": 772, ""end"": 851, ""text"": ""Marucci's interactive approach was featured in The Hollywood Reporter's article""}]",0.0044661792732996,-0.0006431608083905,False,False,False,Retained: earlier/global/mixed content; no additional final-sentence/token locality identified.,False,0.7487141552249337,0.744247975951634,0.7493573160333242,0.0051093400816901,False
72,3,false,entity,identity,The profile is for director Michael J. Lacey.,False,False,False,881,Leone Marucci is repped by Stuart Manashil at William Morris Endeavor,"[{""start"": 0, ""end"": 13, ""text"": ""Leone Marucci""}]",0.0027086457349287,-0.0006431608083905,False,False,False,Retained: earlier/global/mixed content; no additional final-sentence/token locality identified.,False,0.7487141552249337,0.7460055094900049,0.7493573160333242,0.0033518065433193,False
72,4,true,detail,local_text,The text builds toward professional representation details.,True,True,False,881,Leone Marucci is repped by Stuart Manashil at William Morris Endeavor,"[{""start"": 881, ""end"": 950, ""text"": ""Leone Marucci is repped by Stuart Manashil at William Morris Endeavor""}]",-0.0005432038557209,-0.0006431608083905,True,False,True,All nonempty cited evidence lies in the final source sentence; shared automatic exclusion.,False,0.7487141552249337,0.7492573590806546,0.7493573160333242,9.9956952669622e-05,True
72,5,true,detail,final_token,The final word of the prefix is “Endeavor”.,True,True,True,881,Leone Marucci is repped by Stuart Manashil at William Morris Endeavor,"[{""start"": 942, ""end"": 950, ""text"": ""Endeavor""}]",0.0118939388155925,0.0113177707251201,True,False,True,"Explicit final-word/token claim, excluded regardless of truth.",False,0.7487141552249337,0.7368202164093411,0.7373963844998135,0.0005761680904723,True
72,6,false,entity,identification,He is represented by Patrick O'Connell.,False,True,False,881,Leone Marucci is repped by Stuart Manashil at William Morris Endeavor,"[{""start"": 881, ""end"": 923, ""text"": ""Leone Marucci is repped by Stuart Manashil""}]",0.0637432549026619,0.0287703597039827,True,True,True,All nonempty cited evidence lies in the final source sentence; shared automatic exclusion.,False,0.7487141552249337,0.6849709003222717,0.7199437955209509,0.0349728951986791,True
72,7,true,entity,identification,He is represented at William Morris Endeavor.,True,True,False,881,Leone Marucci is repped by Stuart Manashil at William Morris Endeavor,"[{""start"": 924, ""end"": 950, ""text"": ""at William Morris Endeavor""}]",0.9264501491567928,0.0287703597039827,True,False,True,All nonempty cited evidence lies in the final source sentence; shared automatic exclusion.,False,0.7487141552249337,-0.177735993931859,0.7199437955209509,0.8976797894528099,True
72,9,false,detail,event,He is currently working on a feature film and a documentary.,False,False,False,881,Leone Marucci is repped by Stuart Manashil at William Morris Endeavor,[],0.0066808396893671,0.0108628568765549,False,False,False,Retained: earlier/global/mixed content; no additional final-sentence/token locality identified.,False,0.7487141552249337,0.7420333155355665,0.7378512983483787,-0.0041820171871878,False
72,10,false,entity,identification,"He is the founder of the non-profit organization, The Film Project.",False,False,False,881,Leone Marucci is repped by Stuart Manashil at William Morris Endeavor,"[{""start"": 84, ""end"": 148, ""text"": ""founder of Independent Film and Media company Steelyard Pictures""}]",0.0021572884243887,0.0108628568765549,False,False,False,Retained: earlier/global/mixed content; no additional final-sentence/token locality identified.,False,0.7487141552249337,0.7465568668005449,0.7378512983483787,-0.0087055684521661,False
72,11,true,detail,local_text,"The final clause names his agency, signaling a closing sentence about professional representation.",True,True,False,881,Leone Marucci is repped by Stuart Manashil at William Morris Endeavor,"[{""start"": 881, ""end"": 950, ""text"": ""Leone Marucci is repped by Stuart Manashil at William Morris Endeavor""}]",0.0015138086697488,0.0108628568765549,True,False,True,All nonempty cited evidence lies in the final source sentence; shared automatic exclusion.,False,0.7487141552249337,0.7472003465551849,0.7378512983483787,-0.0093490482068061,True
72,12,true,theme,topic,The passage concerns Hollywood industry affiliation.,True,True,False,881,Leone Marucci is repped by Stuart Manashil at William Morris Endeavor,"[{""start"": 881, ""end"": 950, ""text"": ""Leone Marucci is repped by Stuart Manashil at William Morris Endeavor""}]",-0.0039724137341068,0.0108628568765549,True,False,True,All nonempty cited evidence lies in the final source sentence; shared automatic exclusion.,False,0.7487141552249337,0.7526865689590405,0.7378512983483787,-0.0148352706106618,True
73,0,true,theme,format,"The passage is a detailed Wikipedia song entry covering release, chart performance, and reception.",False,False,False,1076,"It attained Silver certification in France and the United Kingdom, and a remix of the track became a dance hit in the United States","[{""start"": 0, ""end"": 78, ""text"": ""\""Each Time You Break My Heart\"" is a song recorded by British singer Nick Kamen""}]",-0.0167598164303968,0.0024503623971604,False,False,False,Retained: earlier/global/mixed content; no additional final-sentence/token locality identified.,False,0.6342620820591388,0.6510218984895356,0.6318117196619784,-0.0192101788275572,False
73,1,true,detail,local_text,The entry is now concluding with legacy/impact details.,True,True,False,1076,"It attained Silver certification in France and the United Kingdom, and a remix of the track became a dance hit in the United States","[{""start"": 1147, ""end"": 1207, ""text"": ""a remix of the track became a dance hit in the United States""}]",-0.0014364989833278,0.0024503623971604,True,False,True,All nonempty cited evidence lies in the final source sentence; shared automatic exclusion.,False,0.6342620820591388,0.6356985810424667,0.6318117196619784,-0.0038868613804883,True
73,2,true,detail,local_text,"The sentence lists commercial and critical outcomes across multiple markets, a pattern of regional achievements and accolades.",False,False,False,1076,"It attained Silver certification in France and the United Kingdom, and a remix of the track became a dance hit in the United States","[{""start"": 941, ""end"": 1074, ""text"": ""reaching the top ten of the record charts in France, Germany, Ireland, Italy, Netherlands, Sweden, Switzerland and the United Kingdom""}]",0.0284032719793959,0.0043080170237171,False,False,False,Retained: earlier/global/mixed content; no additional final-sentence/token locality identified.,False,0.6342620820591388,0.6058588100797428,0.6299540650354216,0.0240952549556787,False
73,3,true,entity,identification,The UK is one of the markets named.,False,False,False,1076,"It attained Silver certification in France and the United Kingdom, and a remix of the track became a dance hit in the United States","[{""start"": 1056, ""end"": 1074, ""text"": ""the United Kingdom""}]",0.0253377036639909,0.0043080170237171,False,False,False,Retained: earlier/global/mixed content; no additional final-sentence/token locality identified.,False,0.6342620820591388,0.6089243783951479,0.6299540650354216,0.0210296866402737,False
73,4,false,entity,identification,Canada is one of the markets named.,False,False,False,1076,"It attained Silver certification in France and the United Kingdom, and a remix of the track became a dance hit in the United States",[],-0.0080201160791727,0.0043080170237171,False,False,False,Retained: earlier/global/mixed content; no additional final-sentence/token locality identified.,False,0.6342620820591388,0.6422821981383116,0.6299540650354216,-0.0123281331028899,False
73,5,false,entity,identification,Australia is one of the markets named.,False,False,False,1076,"It attained Silver certification in France and the United Kingdom, and a remix of the track became a dance hit in the United States",[],0.0026705848476532,0.0043080170237171,False,False,False,Retained: earlier/global/mixed content; no additional final-sentence/token locality identified.,False,0.6342620820591388,0.6315914972114856,0.6299540650354216,-0.0016374321760639,False
73,6,true,detail,final_token,The final word of the prefix is “United States”.,True,True,True,1076,"It attained Silver certification in France and the United Kingdom, and a remix of the track became a dance hit in the United States","[{""start"": 1194, ""end"": 1207, ""text"": ""United States""}]",0.0218983317544483,0.0276713254462463,True,False,True,"Explicit final-word/token claim, excluded regardless of truth.",False,0.6342620820591388,0.6123637503046905,0.6065907566128924,-0.005772993691798,True
73,7,true,detail,local_text,This ends a clause about a remix's success.,True,True,False,1076,"It attained Silver certification in France and the United Kingdom, and a remix of the track became a dance hit in the United States","[{""start"": 1147, ""end"": 1207, ""text"": ""a remix of the track became a dance hit in the United States""}]",0.0303192250651892,0.0276713254462463,True,False,True,All nonempty cited evidence lies in the final source sentence; shared automatic exclusion.,False,0.6342620820591388,0.6039428569939496,0.6065907566128924,0.0026478996189428,True
73,8,true,detail,attribute,A remix of the track became a dance/club hit in the United States.,True,True,False,1076,"It attained Silver certification in France and the United Kingdom, and a remix of the track became a dance hit in the United States","[{""start"": 1147, ""end"": 1207, ""text"": ""a remix of the track became a dance hit in the United States""}]",0.3193385387511254,0.0396245283706869,True,False,True,All nonempty cited evidence lies in the final source sentence; shared automatic exclusion.,False,0.6342620820591388,0.3149235433080134,0.5946375536884518,0.2797140103804384,True
73,10,false,detail,attribute,The song received mixed reviews.,False,False,False,1076,"It attained Silver certification in France and the United Kingdom, and a remix of the track became a dance hit in the United States",[],0.0082414348782018,0.0138394157374129,False,False,False,Retained: earlier/global/mixed content; no additional final-sentence/token locality identified.,False,0.6342620820591388,0.626020647180937,0.6204226663217258,-0.0055979808592111,False
73,11,false,entity,identification,The song won a Golden Globe nomination.,False,False,False,1076,"It attained Silver certification in France and the United Kingdom, and a remix of the track became a dance hit in the United States",[],-0.0057650551603153,0.0138394157374129,False,False,False,Retained: earlier/global/mixed content; no additional final-sentence/token locality identified.,False,0.6342620820591388,0.6400271372194541,0.6204226663217258,-0.0196044708977283,False
73,12,false,entity,identification,The song earned a Grammy nomination for Best Rock Song.,False,False,False,1076,"It attained Silver certification in France and the United Kingdom, and a remix of the track became a dance hit in the United States",[],-0.0193012214374226,0.0138394157374129,False,False,False,Retained: earlier/global/mixed content; no additional final-sentence/token locality identified.,False,0.6342620820591388,0.6535633034965614,0.6204226663217258,-0.0331406371748356,False
73,13,false,detail,event,A remix of the track was included on the album.,False,False,False,1076,"It attained Silver certification in France and the United Kingdom, and a remix of the track became a dance hit in the United States",[],0.0100007260425029,0.0138394157374129,False,True,True,"Text review: assertion refers to the final source sentence's event, entity, attribute, or syntax; excluded despite missing/earlier evidence.",False,0.6342620820591388,0.6242613560166359,0.6204226663217258,-0.00383868969491,True
73,14,true,detail,local_text,This implies a US chart success.,True,True,False,1076,"It attained Silver certification in France and the United Kingdom, and a remix of the track became a dance hit in the United States","[{""start"": 1147, ""end"": 1207, ""text"": ""a remix of the track became a dance hit in the United States""}]",0.0008918600684709,0.0138394157374129,True,False,True,All nonempty cited evidence lies in the final source sentence; shared automatic exclusion.,False,0.6342620820591388,0.6333702219906678,0.6204226663217258,-0.012947555668942,True
74,0,true,theme,format,"The passage is a Wikipedia article with factual encyclopedic prose about Albemarle County, Virginia.",False,False,False,640,"However, its most famous inhabitant was Thomas Jefferson, who built his estate home, Monticello, in the county","[{""start"": 0, ""end"": 92, ""text"": ""Albemarle County is a county located in the Piedmont region of the Commonwealth of Virginia.""}]",0.0400542393671342,-0.0031064156617042,False,False,False,Retained: earlier/global/mixed content; no additional final-sentence/token locality identified.,False,0.7704110912221868,0.7303568518550525,0.773517506883891,0.0431606550288384,False
74,1,true,theme,style,The passage follows standard county article conventions.,False,False,False,640,"However, its most famous inhabitant was Thomas Jefferson, who built his estate home, Monticello, in the county","[{""start"": 93, ""end"": 127, ""text"": ""Its county seat is Charlottesville""}]",-0.0026404181806132,-0.0031064156617042,False,False,False,Retained: earlier/global/mixed content; no additional final-sentence/token locality identified.,False,0.7704110912221868,0.7730515094028,0.773517506883891,0.0004659974810909,False
74,2,true,detail,local_text,"The sentence completes a list of notable historical facts about the county, with Thomas Jefferson's connection being the final highlighted point.",True,True,False,640,"However, its most famous inhabitant was Thomas Jefferson, who built his estate home, Monticello, in the county","[{""start"": 649, ""end"": 696, ""text"": ""its most famous inhabitant was Thomas Jefferson""}]",0.0210143246347852,-0.0040816981571992,True,False,True,All nonempty cited evidence lies in the final source sentence; shared automatic exclusion.,False,0.7704110912221868,0.7493967665874015,0.774492789379386,0.0250960227919845,True
74,3,true,detail,final_token,The final word of the prefix is “county”.,True,True,True,640,"However, its most famous inhabitant was Thomas Jefferson, who built his estate home, Monticello, in the county","[{""start"": 744, ""end"": 750, ""text"": ""county""}]",0.0035216181159059,0.0034520004319625,True,False,True,"Explicit final-word/token claim, excluded regardless of truth.",False,0.7704110912221868,0.7668894731062809,0.7669590907902242,6.961768394331269e-05,True
74,4,true,detail,attribute,This closes a relative clause: Thomas Jefferson built his famous Monticello estate in the county.,True,True,False,640,"However, its most famous inhabitant was Thomas Jefferson, who built his estate home, Monticello, in the county","[{""start"": 698, ""end"": 750, ""text"": ""who built his estate home, Monticello, in the county""}]",1.1151073830172695,0.0007665730656136,True,False,True,All nonempty cited evidence lies in the final source sentence; shared automatic exclusion.,False,0.7704110912221868,-0.3446962917950829,0.7696445181565731,1.114340809951656,True
74,6,true,detail,attribute,The county is known for its historic significance.,True,True,False,640,"However, its most famous inhabitant was Thomas Jefferson, who built his estate home, Monticello, in the county","[{""start"": 649, ""end"": 750, ""text"": ""its most famous inhabitant was Thomas Jefferson, who built his estate home, Monticello, in the county""}]",0.0052043607591595,-0.0017092194715415,True,False,True,All nonempty cited evidence lies in the final source sentence; shared automatic exclusion.,False,0.7704110912221868,0.7652067304630272,0.7721203106937283,0.0069135802307011,True
74,7,false,detail,attribute,The county is known for its agricultural wealth.,False,False,False,640,"However, its most famous inhabitant was Thomas Jefferson, who built his estate home, Monticello, in the county",[],0.0003337734735686,-0.0017092194715415,False,False,False,Retained: earlier/global/mixed content; no additional final-sentence/token locality identified.,False,0.7704110912221868,0.7700773177486181,0.7721203106937283,0.0020429929451102,False
74,8,false,entity,identification,The county is the most populous county in the Charlottesville metropolitan area.,False,False,False,640,"However, its most famous inhabitant was Thomas Jefferson, who built his estate home, Monticello, in the county",[],0.0036048539158995,-0.0017092194715415,False,False,False,Retained: earlier/global/mixed content; no additional final-sentence/token locality identified.,False,0.7704110912221868,0.7668062373062872,0.7721203106937283,0.0053140733874411,False
74,9,false,detail,event,Thomas Jefferson was born in the area.,False,False,False,640,"However, its most famous inhabitant was Thomas Jefferson, who built his estate home, Monticello, in the county",[],-0.0006604070797627,-0.0017092194715415,False,True,True,"Text review: assertion refers to the final source sentence's event, entity, attribute, or syntax; excluded despite missing/earlier evidence.",False,0.7704110912221868,0.7710714983019495,0.7721203106937283,0.0010488123917787,True
74,10,false,entity,identification,Thomas Jefferson was a prominent Virginia planter.,False,False,False,640,"However, its most famous inhabitant was Thomas Jefferson, who built his estate home, Monticello, in the county",[],5.745127405798467e-05,-0.0017092194715415,False,True,True,"Text review: assertion refers to the final source sentence's event, entity, attribute, or syntax; excluded despite missing/earlier evidence.",False,0.7704110912221868,0.7703536399481288,0.7721203106937283,0.0017666707455995,True
74,11,true,detail,local_text,The sentence ends here.,True,True,False,640,"However, its most famous inhabitant was Thomas Jefferson, who built his estate home, Monticello, in the county","[{""start"": 698, ""end"": 750, ""text"": ""who built his estate home, Monticello, in the county""}]",-0.001972980107875,-0.0017092194715415,True,False,True,All nonempty cited evidence lies in the final source sentence; shared automatic exclusion.,False,0.7704110912221868,0.7723840713300618,0.7721203106937283,-0.0002637606363334,True
75,0,true,theme,format,The passage follows a Wikipedia article structure of encyclopedic prose.,False,False,False,807,The commercials were filmed by Grey Advertising,"[{""start"": 0, ""end"": 136, ""text"": ""Downy (Lenor in Europe, Russia and Japan) is a brand name of fabric softener produced by Procter & Gamble and sold in the United States.""}]",-0.0015403249364371,-0.0080227867997086,False,False,False,Retained: earlier/global/mixed content; no additional final-sentence/token locality identified.,False,0.6603998106353879,0.6619401355718251,0.6684225974350966,0.0064824618632715,False
75,1,true,theme,topic,The passage is about a product (a brand).,False,False,False,807,The commercials were filmed by Grey Advertising,"[{""start"": 0, ""end"": 136, ""text"": ""Downy (Lenor in Europe, Russia and Japan) is a brand name of fabric softener produced by Procter & Gamble and sold in the United States.""}]",-0.003244087077403,-0.0080227867997086,False,False,False,Retained: earlier/global/mixed content; no additional final-sentence/token locality identified.,False,0.6603998106353879,0.663643897712791,0.6684225974350966,0.0047786997223056,False
75,2,true,theme,style,The passage follows a standard factual paragraph progression.,False,False,False,807,The commercials were filmed by Grey Advertising,"[{""start"": 137, ""end"": 221, ""text"": ""It entered the U.S. test market in August 1960 and went nationwide in December 1961.""}]",-0.0038009128309326,-0.0080227867997086,False,False,False,Retained: earlier/global/mixed content; no additional final-sentence/token locality identified.,False,0.6603998106353879,0.6642007234663205,0.6684225974350966,0.004221873968776,False
75,3,true,theme,topic,The passage covers brand history.,False,False,False,807,The commercials were filmed by Grey Advertising,"[{""start"": 137, ""end"": 221, ""text"": ""It entered the U.S. test market in August 1960 and went nationwide in December 1961.""}]",0.0010219919504378,-0.0080227867997086,False,False,False,Retained: earlier/global/mixed content; no additional final-sentence/token locality identified.,False,0.6603998106353879,0.65937781868495,0.6684225974350966,0.0090447787501465,False
75,4,true,theme,topic,The passage covers marketing.,False,False,False,807,The commercials were filmed by Grey Advertising,"[{""start"": 688, ""end"": 806, ""text"": ""Amy Sedaris and Tituss Burgess have been used to promote Downy / Lenor Unstoppables range in both the U.S. and the UK.""}]",-0.0015793248434872,-0.0080227867997086,False,False,False,Retained: earlier/global/mixed content; no additional final-sentence/token locality identified.,False,0.6603998106353879,0.6619791354788751,0.6684225974350966,0.0064434619562214,False
75,5,true,theme,topic,The final part of the passage describes promotional campaigns and celebrity endorsements.,False,False,False,807,The commercials were filmed by Grey Advertising,"[{""start"": 688, ""end"": 806, ""text"": ""Amy Sedaris and Tituss Burgess have been used to promote Downy / Lenor Unstoppables range in both the U.S. and the UK.""}]",0.0100089840433444,-0.0075433679127246,False,False,False,Retained: earlier/global/mixed content; no additional final-sentence/token locality identified.,False,0.6603998106353879,0.6503908265920434,0.6679431785481126,0.0175523519560691,False
75,6,false,entity,identity,The commercials for Downy/Lenor were made by DDB Advertising.,False,True,False,807,The commercials were filmed by Grey Advertising,"[{""start"": 838, ""end"": 854, ""text"": ""Grey Advertising""}]",1.1708315065310313,0.6995308870802048,True,True,True,All nonempty cited evidence lies in the final source sentence; shared automatic exclusion.,False,0.6603998106353879,-0.5104316958956434,-0.0391310764448169,0.4713006194508264,True
75,7,true,detail,local_text,The final visible sentence is presented as the last item in a list of campaign facts.,False,False,False,807,The commercials were filmed by Grey Advertising,"[{""start"": 688, ""end"": 806, ""text"": ""Amy Sedaris and Tituss Burgess have been used to promote Downy / Lenor Unstoppables range in both the U.S. and the UK.""}]",0.003785254768396,-0.0075433679127246,False,True,True,Explicitly characterizes the final visible sentence as the last campaign-list detail.,False,0.6603998106353879,0.6566145558669918,0.6679431785481126,0.0113286226811207,True
75,9,true,detail,final_token,"The final token/word is ""Advertising"".",True,True,True,807,The commercials were filmed by Grey Advertising,"[{""start"": 843, ""end"": 854, ""text"": ""Advertising""}]",-0.0078178261110593,0.0060524245985433,True,False,True,"Explicit final-word/token claim, excluded regardless of truth.",False,0.6603998106353879,0.6682176367464472,0.6543473860368445,-0.0138702507096026,True
75,10,true,detail,local_text,"The sentence ends mid-thought, as a fragment without terminal punctuation.",True,True,False,807,The commercials were filmed by Grey Advertising,"[{""start"": 807, ""end"": 854, ""text"": ""The commercials were filmed by Grey Advertising""}]",0.0002870568915953,0.0060524245985433,True,False,True,All nonempty cited evidence lies in the final source sentence; shared automatic exclusion.,False,0.6603998106353879,0.6601127537437925,0.6543473860368445,-0.005765367706948,True
76,0,true,theme,genre,The passage is a book description.,False,False,False,773,The book is published with the nihil obstat and imprimatur,"[{""start"": 0, ""end"": 126, ""text"": ""The Catholic Catechism is a major volume on the teachings of the Catholic Church written by John Hardon and published in 1975.""}]",-0.0059949564232583,-0.0012623280471885,False,False,False,Retained: earlier/global/mixed content; no additional final-sentence/token locality identified.,False,0.6432857564276299,0.6492807128508882,0.6445480844748184,-0.0047326283760698,False
76,1,true,theme,genre,The passage follows Catholic theological publishing conventions.,True,True,False,773,The book is published with the nihil obstat and imprimatur,"[{""start"": 773, ""end"": 831, ""text"": ""The book is published with the nihil obstat and imprimatur""}]",-0.0069207280787956,-0.0012623280471885,True,False,True,All nonempty cited evidence lies in the final source sentence; shared automatic exclusion.,False,0.6432857564276299,0.6502064845064255,0.6445480844748184,-0.0056584000316071,True
76,2,false,theme,genre,The book is described as a classic devotional work.,False,False,False,773,The book is published with the nihil obstat and imprimatur,"[{""start"": 0, ""end"": 80, ""text"": ""The Catholic Catechism is a major volume on the teachings of the Catholic Church""}]",-0.0012570981063223,-0.0012623280471885,False,False,False,Retained: earlier/global/mixed content; no additional final-sentence/token locality identified.,False,0.6432857564276299,0.6445428545339522,0.6445480844748184,5.229940866158245e-06,False
76,3,true,theme,topic,The passage details the book's content and significance.,False,False,False,773,The book is published with the nihil obstat and imprimatur,"[{""start"": 276, ""end"": 447, ""text"": ""The Catholic Catechism was a significant work in the sense that it essentially brought modern Vatican II Catholic teaching and faith into one book, unlike any other before""}]",-0.0015881493512339,-0.0012623280471885,False,False,False,Retained: earlier/global/mixed content; no additional final-sentence/token locality identified.,False,0.6432857564276299,0.6448739057788638,0.6445480844748184,-0.0003258213040454,False
76,4,true,theme,topic,"The passage systematically lists the book's credentials, historical context, and theological importance.",False,False,False,773,The book is published with the nihil obstat and imprimatur,"[{""start"": 81, ""end"": 125, ""text"": ""written by John Hardon and published in 1975""}]",-0.0011750999697162,0.0013603984363954,False,False,False,Retained: earlier/global/mixed content; no additional final-sentence/token locality identified.,False,0.6432857564276299,0.6444608563973461,0.6419253579912344,-0.0025354984061116,False
76,5,true,detail,attribute,The final sentence completes the description by noting the book's ecclesiastical approval.,True,True,False,773,The book is published with the nihil obstat and imprimatur,"[{""start"": 773, ""end"": 831, ""text"": ""The book is published with the nihil obstat and imprimatur""}]",0.0024170868730144,0.0013603984363954,True,False,True,All nonempty cited evidence lies in the final source sentence; shared automatic exclusion.,False,0.6432857564276299,0.6408686695546154,0.6419253579912344,0.0010566884366189,True
76,6,true,detail,final_token,"The final token/word is ""imprimatur"".",True,True,True,773,The book is published with the nihil obstat and imprimatur,"[{""start"": 821, ""end"": 831, ""text"": ""imprimatur""}]",0.0072212608414726,-0.0087015594417014,True,False,True,"Explicit final-word/token claim, excluded regardless of truth.",False,0.6432857564276299,0.6360644955861572,0.6519873158693313,0.0159228202831741,True
76,7,false,detail,exact_words,"The passage's closing phrase reads ""It carries the imprimatur and nihil obstat.""",False,True,False,773,The book is published with the nihil obstat and imprimatur,"[{""start"": 773, ""end"": 831, ""text"": ""The book is published with the nihil obstat and imprimatur""}]",0.0031961596667166,-0.0087015594417014,True,True,True,All nonempty cited evidence lies in the final source sentence; shared automatic exclusion.,False,0.6432857564276299,0.6400895967609133,0.6519873158693313,0.011897719108418,True
76,8,true,theme,genre,The ecclesiastical-approval phrasing (nihil obstat and imprimatur) is a formulaic Catholic publishing phrase.,True,True,False,773,The book is published with the nihil obstat and imprimatur,"[{""start"": 773, ""end"": 831, ""text"": ""The book is published with the nihil obstat and imprimatur""}]",0.0176165508028082,-0.0087015594417014,True,False,True,All nonempty cited evidence lies in the final source sentence; shared automatic exclusion.,False,0.6432857564276299,0.6256692056248216,0.6519873158693313,0.0263181102445096,True
76,9,false,detail,exact_words,"The passage's closing phrase reads ""It carries the nolle and imprimatur.""",False,True,False,773,The book is published with the nihil obstat and imprimatur,"[{""start"": 773, ""end"": 831, ""text"": ""The book is published with the nihil obstat and imprimatur""}]",0.0097833304416289,-0.0087015594417014,True,True,True,All nonempty cited evidence lies in the final source sentence; shared automatic exclusion.,False,0.6432857564276299,0.6335024259860009,0.6519873158693313,0.0184848898833304,True
77,0,true,theme,format,"The passage is in Wikipedia article style: factual, encyclopedic prose.",False,False,False,751,"A music video was filmed in and around the Roxbury Housing Projects in Boston, where five of the six (excluding Johnny Gill) New Edition members grew up","[{""start"": 0, ""end"": 107, ""text"": ""\""Word to the Mutha!\"" is a song co-written and performed by American contemporary R&B; group Bell Biv DeVoe.""}]",-0.0097894791135282,-0.0023539278256962,False,False,False,Retained: earlier/global/mixed content; no additional final-sentence/token locality identified.,False,0.6230017989766591,0.6327912780901873,0.6253557268023553,-0.007435551287832,False
77,1,true,theme,topic,The passage describes a music video and a single.,True,True,False,751,"A music video was filmed in and around the Roxbury Housing Projects in Boston, where five of the six (excluding Johnny Gill) New Edition members grew up","[{""start"": 751, ""end"": 828, ""text"": ""A music video was filmed in and around the Roxbury Housing Projects in Boston""}]",0.0021006526528827,-0.0023539278256962,True,False,True,All nonempty cited evidence lies in the final source sentence; shared automatic exclusion.,False,0.6230017989766591,0.6209011463237764,0.6253557268023553,0.0044545804785789,True
77,2,true,theme,style,The passage follows standard [encyclopedic] structure.,False,False,False,751,"A music video was filmed in and around the Roxbury Housing Projects in Boston, where five of the six (excluding Johnny Gill) New Edition members grew up","[{""start"": 0, ""end"": 107, ""text"": ""\""Word to the Mutha!\"" is a song co-written and performed by American contemporary R&B; group Bell Biv DeVoe.""}]",-0.0050402291376289,-0.0023539278256962,False,False,False,Retained: earlier/global/mixed content; no additional final-sentence/token locality identified.,False,0.6230017989766591,0.628042028114288,0.6253557268023553,-0.0026863013119327,False
77,3,true,detail,local_text,The final sentence details filming locations and context.,True,True,False,751,"A music video was filmed in and around the Roxbury Housing Projects in Boston, where five of the six (excluding Johnny Gill) New Edition members grew up","[{""start"": 751, ""end"": 903, ""text"": ""A music video was filmed in and around the Roxbury Housing Projects in Boston, where five of the six (excluding Johnny Gill) New Edition members grew up""}]",0.0010795957644443,0.0048697075574509,True,False,True,All nonempty cited evidence lies in the final source sentence; shared automatic exclusion.,False,0.6230017989766591,0.6219222032122147,0.6181320914192081,-0.0037901117930065,True
77,4,false,entity,identity,The music video was filmed in/at the South Bronx housing project.,False,True,False,751,"A music video was filmed in and around the Roxbury Housing Projects in Boston, where five of the six (excluding Johnny Gill) New Edition members grew up","[{""start"": 794, ""end"": 828, ""text"": ""Roxbury Housing Projects in Boston""}]",0.0586354546753312,0.0169704359180665,True,True,True,All nonempty cited evidence lies in the final source sentence; shared automatic exclusion.,False,0.6230017989766591,0.5643663443013278,0.6060313630585925,0.0416650187572646,True
77,5,true,detail,attribute,The filming location ties back to the song's subject matter and the members' origins.,True,True,False,751,"A music video was filmed in and around the Roxbury Housing Projects in Boston, where five of the six (excluding Johnny Gill) New Edition members grew up","[{""start"": 830, ""end"": 903, ""text"": ""where five of the six (excluding Johnny Gill) New Edition members grew up""}]",0.0096429059303603,0.0048697075574509,True,False,True,All nonempty cited evidence lies in the final source sentence; shared automatic exclusion.,False,0.6230017989766591,0.6133588930462988,0.6181320914192081,0.0047731983729093,True
77,6,true,detail,final_word,"The final word is ""up"" (closing the phrase ""grew up"").",True,True,True,751,"A music video was filmed in and around the Roxbury Housing Projects in Boston, where five of the six (excluding Johnny Gill) New Edition members grew up","[{""start"": 896, ""end"": 903, ""text"": ""grew up""}]",0.0205443639937304,0.008747821773071,True,False,True,"Explicit final-word/token claim, excluded regardless of truth.",False,0.6230017989766591,0.6024574349829286,0.614253977203588,0.0117965422206594,True
77,7,false,detail,quantity,Both members of the group grew up [at the housing project].,False,True,False,751,"A music video was filmed in and around the Roxbury Housing Projects in Boston, where five of the six (excluding Johnny Gill) New Edition members grew up","[{""start"": 830, ""end"": 903, ""text"": ""where five of the six (excluding Johnny Gill) New Edition members grew up""}]",0.3923647537417642,0.0169083209297998,True,True,True,All nonempty cited evidence lies in the final source sentence; shared automatic exclusion.,False,0.6230017989766591,0.2306370452348948,0.6060934780468592,0.3754564328119644,True
77,9,false,entity,identity,The music video was shot in New York City.,False,True,False,751,"A music video was filmed in and around the Roxbury Housing Projects in Boston, where five of the six (excluding Johnny Gill) New Edition members grew up","[{""start"": 794, ""end"": 828, ""text"": ""Roxbury Housing Projects in Boston""}]",0.0026341827266779,-0.0037986549589063,True,True,True,All nonempty cited evidence lies in the final source sentence; shared automatic exclusion.,False,0.6230017989766591,0.6203676162499812,0.6268004539355654,0.0064328376855842,True
77,10,false,detail,attribute,The video features scenes of the group performing in the project.,False,False,False,751,"A music video was filmed in and around the Roxbury Housing Projects in Boston, where five of the six (excluding Johnny Gill) New Edition members grew up",[],0.0054142614426807,-0.0037986549589063,False,True,True,"Text review: assertion refers to the final source sentence's event, entity, attribute, or syntax; excluded despite missing/earlier evidence.",False,0.6230017989766591,0.6175875375339783,0.6268004539355654,0.009212916401587,True
77,11,false,detail,attribute,Both members of the group's characters' parents lived [at the housing project].,False,False,False,751,"A music video was filmed in and around the Roxbury Housing Projects in Boston, where five of the six (excluding Johnny Gill) New Edition members grew up",[],-0.015038921912242,0.0057946752363221,False,True,True,"Text review: assertion refers to the final source sentence's event, entity, attribute, or syntax; excluded despite missing/earlier evidence.",False,0.6230017989766591,0.6380407208889012,0.6172071237403369,-0.0208335971485642,True
77,12,true,detail,attribute,The filming location holds symbolic significance connected to the members' origins.,True,True,False,751,"A music video was filmed in and around the Roxbury Housing Projects in Boston, where five of the six (excluding Johnny Gill) New Edition members grew up","[{""start"": 830, ""end"": 903, ""text"": ""where five of the six (excluding Johnny Gill) New Edition members grew up""}]",0.026236833663822,0.0013803116297911,True,False,True,All nonempty cited evidence lies in the final source sentence; shared automatic exclusion.,False,0.6230017989766591,0.5967649653128371,0.621621487346868,0.0248565220340308,True
78,0,true,theme,format,The passage follows a Wikipedia article structure.,False,False,False,1052,"He finished the manuscript in the summer of 1923, and it was published by Fischer Verlag the following year","[{""start"": 0, ""end"": 116, ""text"": ""Berge Meere und Giganten (Mountains Seas and Giants) is a 1924 science fiction novel by German author Alfred Döblin.""}]",0.0203596723430805,-0.0032964895553189,False,False,False,Retained: earlier/global/mixed content; no additional final-sentence/token locality identified.,False,0.633588171276922,0.6132284989338415,0.6368846608322409,0.0236561618983994,False
78,1,true,theme,topic,The passage gives biographical/bibliographical details about a German novel.,False,False,False,1052,"He finished the manuscript in the summer of 1923, and it was published by Fischer Verlag the following year","[{""start"": 53, ""end"": 115, ""text"": ""is a 1924 science fiction novel by German author Alfred Döblin""}]",0.0345956002831644,-0.0032964895553189,False,False,False,Retained: earlier/global/mixed content; no additional final-sentence/token locality identified.,False,0.633588171276922,0.5989925709937576,0.6368846608322409,0.0378920898384833,False
78,2,true,theme,style,The passage follows a consistent encyclopedic pattern throughout.,False,False,False,1052,"He finished the manuscript in the summer of 1923, and it was published by Fischer Verlag the following year","[{""start"": 0, ""end"": 116, ""text"": ""Berge Meere und Giganten (Mountains Seas and Giants) is a 1924 science fiction novel by German author Alfred Döblin.""}]",0.017409092045423,-0.0032964895553189,False,False,False,Retained: earlier/global/mixed content; no additional final-sentence/token locality identified.,False,0.633588171276922,0.616179079231499,0.6368846608322409,0.0207055816007419,False
78,3,true,theme,topic,The passage covers the novel's themes.,False,False,False,1052,"He finished the manuscript in the summer of 1923, and it was published by Fischer Verlag the following year","[{""start"": 162, ""end"": 327, ""text"": ""the novel follows the development of human society into the 27th century and depicts global-scale conflicts between future polities, technologies, and natural forces""}]",0.0226580088346024,0.0036827211303935,False,False,False,Retained: earlier/global/mixed content; no additional final-sentence/token locality identified.,False,0.633588171276922,0.6109301624423196,0.6299054501465284,0.0189752877042088,False
78,4,true,theme,topic,The passage covers the novel's reception.,False,False,False,1052,"He finished the manuscript in the summer of 1923, and it was published by Fischer Verlag the following year","[{""start"": 439, ""end"": 539, ""text"": ""Among critics, Berge Meere und Giganten has the reputation of being a difficult and polarizing novel""}]",0.0166355274429202,0.0036827211303935,False,False,False,Retained: earlier/global/mixed content; no additional final-sentence/token locality identified.,False,0.633588171276922,0.6169526438340017,0.6299054501465284,0.0129528063125267,False
78,5,true,theme,topic,The passage covers the novel's writing history.,False,False,False,1052,"He finished the manuscript in the summer of 1923, and it was published by Fischer Verlag the following year","[{""start"": 741, ""end"": 883, ""text"": ""Döblin began writing Berge Meere und Giganten that fall, conducting extensive research into various natural and human sciences in the process.""}]",0.0183258688598073,0.0036827211303935,False,False,False,Retained: earlier/global/mixed content; no additional final-sentence/token locality identified.,False,0.633588171276922,0.6152623024171147,0.6299054501465284,0.0146431477294137,False
78,6,true,detail,local_text,"The final sentence traces the publication timeline, completing the chronological narrative of how the book came to be published.",True,True,False,1052,"He finished the manuscript in the summer of 1923, and it was published by Fischer Verlag the following year","[{""start"": 1052, ""end"": 1159, ""text"": ""He finished the manuscript in the summer of 1923, and it was published by Fischer Verlag the following year""}]",0.0235326771826678,0.0036827211303935,True,False,True,All nonempty cited evidence lies in the final source sentence; shared automatic exclusion.,False,0.633588171276922,0.6100554940942542,0.6299054501465284,0.0198499560522742,True
78,7,true,detail,final_word,"The final token/word is ""year"".",True,True,True,1052,"He finished the manuscript in the summer of 1923, and it was published by Fischer Verlag the following year","[{""start"": 1155, ""end"": 1159, ""text"": ""year""}]",0.0309661149985002,0.0012099290924102,True,False,True,"Explicit final-word/token claim, excluded regardless of truth.",False,0.633588171276922,0.6026220562784218,0.6323782421845118,0.0297561859060899,True
78,8,false,entity,identity,The manuscript was submitted to Rowohlt [Verlag].,False,True,False,1052,"He finished the manuscript in the summer of 1923, and it was published by Fischer Verlag the following year","[{""start"": 1126, ""end"": 1140, ""text"": ""Fischer Verlag""}]",0.0416019030843806,0.0129905508432117,True,True,True,All nonempty cited evidence lies in the final source sentence; shared automatic exclusion.,False,0.633588171276922,0.5919862681925414,0.6205976204337103,0.0286113522411688,True
78,9,false,detail,exact_words,"The opening line is worded ""published in 1924.""",False,False,False,1052,"He finished the manuscript in the summer of 1923, and it was published by Fischer Verlag the following year","[{""start"": 53, ""end"": 115, ""text"": ""is a 1924 science fiction novel by German author Alfred Döblin""}]",0.0345572071406898,0.0012099290924102,False,False,False,"Keep: exact wording claim about the OPENING line itself, not an explicit closing/opening comparison.",True,0.633588171276922,0.5990309641362321,0.6323782421845118,0.0333472780482796,False
78,10,true,detail,date,The publication timeline directly echoes the opening line's 1924 publication date.,False,False,False,1052,"He finished the manuscript in the summer of 1923, and it was published by Fischer Verlag the following year","[{""start"": 53, ""end"": 84, ""text"": ""is a 1924 science fiction novel""}, {""start"": 1052, ""end"": 1159, ""text"": ""He finished the manuscript in the summer of 1923, and it was published by Fischer Verlag the following year""}]",0.0191545337331462,0.0012099290924102,False,True,True,Describes the closing publication timeline as echoing the opening line's date.,False,0.633588171276922,0.6144336375437758,0.6323782421845118,0.0179446046407359,True
78,12,true,detail,date,The book was published the following year (after the manuscript was finished).,True,True,False,1052,"He finished the manuscript in the summer of 1923, and it was published by Fischer Verlag the following year","[{""start"": 1052, ""end"": 1159, ""text"": ""He finished the manuscript in the summer of 1923, and it was published by Fischer Verlag the following year""}]",0.5557540070334197,0.0129905508432117,True,False,True,All nonempty cited evidence lies in the final source sentence; shared automatic exclusion.,False,0.633588171276922,0.0778341642435023,0.6205976204337103,0.5427634561902079,True
79,0,true,theme,format,The passage is a biographical Wikipedia-style article.,False,False,False,588,"He served as an internal revenue agent during the 1870s before moving to Kansas, where he spent the final decades of his life","[{""start"": 0, ""end"": 110, ""text"": ""Joseph Alexander Cooper (November 25, 1823 – May 20, 1910) was an American farmer, soldier, and civil servant.""}]",0.0001264784253183,-0.001061015789188,False,False,False,Retained: earlier/global/mixed content; no additional final-sentence/token locality identified.,False,0.7753617442664646,0.7752352658411463,0.7764227600556527,0.0011874942145063,False
79,1,true,theme,topic,The passage establishes a historical figure's life.,False,False,False,588,"He served as an internal revenue agent during the 1870s before moving to Kansas, where he spent the final decades of his life","[{""start"": 0, ""end"": 110, ""text"": ""Joseph Alexander Cooper (November 25, 1823 – May 20, 1910) was an American farmer, soldier, and civil servant.""}]",-0.0058044346894498,-0.001061015789188,False,False,False,Retained: earlier/global/mixed content; no additional final-sentence/token locality identified.,False,0.7753617442664646,0.7811661789559144,0.7764227600556527,-0.0047434189002617,False
79,2,true,theme,topic,The passage establishes the figure's legal legacy.,True,True,False,588,"He served as an internal revenue agent during the 1870s before moving to Kansas, where he spent the final decades of his life","[{""start"": 588, ""end"": 643, ""text"": ""He served as an internal revenue agent during the 1870s""}]",0.0025944514611988,-0.001061015789188,True,False,True,All nonempty cited evidence lies in the final source sentence; shared automatic exclusion.,False,0.7753617442664646,0.7727672928052658,0.7764227600556527,0.0036554672503869,True
79,3,true,theme,style,The passage follows a chronological narrative arc.,False,False,False,588,"He served as an internal revenue agent during the 1870s before moving to Kansas, where he spent the final decades of his life","[{""start"": 0, ""end"": 110, ""text"": ""Joseph Alexander Cooper (November 25, 1823 – May 20, 1910) was an American farmer, soldier, and civil servant.""}]",0.006695524526523,-0.001061015789188,False,False,False,Retained: earlier/global/mixed content; no additional final-sentence/token locality identified.,False,0.7753617442664646,0.7686662197399416,0.7764227600556527,0.007756540315711,False
79,4,true,theme,topic,The passage traces the subject's career and life stages.,False,False,False,588,"He served as an internal revenue agent during the 1870s before moving to Kansas, where he spent the final decades of his life","[{""start"": 111, ""end"": 190, ""text"": ""A Southern Unionist, he fought for the Union Army during the American Civil War""}]",-0.0010904831656727,-0.0006557182836846,False,False,False,Retained: earlier/global/mixed content; no additional final-sentence/token locality identified.,False,0.7753617442664646,0.7764522274321374,0.7760174625501493,-0.0004347648819881,False
79,5,false,entity,identity,The subject's career included Florida service.,False,False,False,588,"He served as an internal revenue agent during the 1870s before moving to Kansas, where he spent the final decades of his life",[],0.0008360518217972,-0.0006557182836846,False,False,False,Retained: earlier/global/mixed content; no additional final-sentence/token locality identified.,False,0.7753617442664646,0.7745256924446674,0.7760174625501493,0.0014917701054818,False
79,6,false,entity,identity,The subject's career included Confederate service.,False,False,False,588,"He served as an internal revenue agent during the 1870s before moving to Kansas, where he spent the final decades of his life","[{""start"": 111, ""end"": 190, ""text"": ""A Southern Unionist, he fought for the Union Army during the American Civil War""}]",0.0018952297388354,-0.0006557182836846,False,False,False,Retained: earlier/global/mixed content; no additional final-sentence/token locality identified.,False,0.7753617442664646,0.7734665145276292,0.7760174625501493,0.00255094802252,False
79,7,false,detail,attribute,The subject had a post-war legal career.,False,False,False,588,"He served as an internal revenue agent during the 1870s before moving to Kansas, where he spent the final decades of his life",[],0.0058110467618966,-0.0006557182836846,False,False,False,Retained: earlier/global/mixed content; no additional final-sentence/token locality identified.,False,0.7753617442664646,0.769550697504568,0.7760174625501493,0.0064667650455813,False
79,8,true,detail,local_text,The final clause begins a concluding life chapter.,True,True,False,588,"He served as an internal revenue agent during the 1870s before moving to Kansas, where he spent the final decades of his life","[{""start"": 644, ""end"": 713, ""text"": ""before moving to Kansas, where he spent the final decades of his life""}]",0.008088899131038,-0.0006557182836846,True,False,True,All nonempty cited evidence lies in the final source sentence; shared automatic exclusion.,False,0.7753617442664646,0.7672728451354266,0.7760174625501493,0.0087446174147226,True
79,9,true,detail,final_word,"The final word is ""life"".",True,True,True,588,"He served as an internal revenue agent during the 1870s before moving to Kansas, where he spent the final decades of his life","[{""start"": 709, ""end"": 713, ""text"": ""life""}]",0.0145791013564887,0.0296407168393727,True,False,True,"Explicit final-word/token claim, excluded regardless of truth.",False,0.7753617442664646,0.7607826429099759,0.7457210274270919,-0.0150616154828839,True
79,15,false,detail,final_word,"The final clause / word is ""Kansas"".",False,True,True,588,"He served as an internal revenue agent during the 1870s before moving to Kansas, where he spent the final decades of his life","[{""start"": 669, ""end"": 713, ""text"": ""where he spent the final decades of his life""}]",-0.0001215784811208,-4.738686506244871e-05,True,True,True,"Explicit final-word/token claim, excluded regardless of truth.",False,0.7753617442664646,0.7754833227475855,0.7754091311315271,-7.419161605837221e-05,True
80,0,true,theme,format,"The passage is in Wikipedia article structure, factual encyclopedic prose.",False,False,False,789,"A sequel, titled, was released direct-to-video on January 17, 2017","[{""start"": 0, ""end"": 111, ""text"": ""Surf's Up is a 2007 American computer-animated mockumentary comedy film directed by Ash Brannon and Chris Buck.""}]",0.0087057440817714,0.0020005346826088,False,False,False,Retained: earlier/global/mixed content; no additional final-sentence/token locality identified.,False,0.7350444687830151,0.7263387247012436,0.7330439341004062,0.0067052093991626,False
80,1,true,theme,topic,The passage is about an animated film.,False,False,False,789,"A sequel, titled, was released direct-to-video on January 17, 2017","[{""start"": 0, ""end"": 71, ""text"": ""Surf's Up is a 2007 American computer-animated mockumentary comedy film""}]",-0.0015623847560333,0.0020005346826088,False,False,False,Retained: earlier/global/mixed content; no additional final-sentence/token locality identified.,False,0.7350444687830151,0.7366068535390484,0.7330439341004062,-0.0035629194386421,False
80,2,false,detail,date,The film is from 2000.,False,False,False,789,"A sequel, titled, was released direct-to-video on January 17, 2017","[{""start"": 15, ""end"": 19, ""text"": ""2007""}]",0.0034880738200311,0.0020005346826088,False,False,False,Retained: earlier/global/mixed content; no additional final-sentence/token locality identified.,False,0.7350444687830151,0.731556394962984,0.7330439341004062,0.0014875391374222,False
80,3,true,theme,style,The passage follows standard film article conventions.,False,False,False,789,"A sequel, titled, was released direct-to-video on January 17, 2017","[{""start"": 0, ""end"": 111, ""text"": ""Surf's Up is a 2007 American computer-animated mockumentary comedy film directed by Ash Brannon and Chris Buck.""}]",-0.0022057323938031,0.0020005346826088,False,False,False,Retained: earlier/global/mixed content; no additional final-sentence/token locality identified.,False,0.7350444687830151,0.7372502011768183,0.7330439341004062,-0.004206267076412,False
80,4,true,theme,topic,The article covers the film's plot.,False,False,False,789,"A sequel, titled, was released direct-to-video on January 17, 2017","[{""start"": 428, ""end"": 560, ""text"": ""It is a parody of surfing documentaries, such as The Endless Summer and Riding Giants, with parts of the plot parodying North Shore.""}]",-0.0002714626142288,-0.0011205879294043,False,False,False,Retained: earlier/global/mixed content; no additional final-sentence/token locality identified.,False,0.7350444687830151,0.7353159313972439,0.7361650567124195,0.0008491253151755,False
80,5,true,theme,topic,The article covers the film's production.,False,False,False,789,"A sequel, titled, was released direct-to-video on January 17, 2017","[{""start"": 224, ""end"": 328, ""text"": ""In production since 2002 at Sony Pictures Animation, it was the studio's second theatrical feature film.""}]",0.0022194193845337,-0.0011205879294043,False,False,False,Retained: earlier/global/mixed content; no additional final-sentence/token locality identified.,False,0.7350444687830151,0.7328250493984814,0.7361650567124195,0.0033400073139381,False
80,6,false,theme,topic,The article covers the film's reception.,False,False,False,789,"A sequel, titled, was released direct-to-video on January 17, 2017",[],0.0013788821799984,-0.0011205879294043,False,False,False,Retained: earlier/global/mixed content; no additional final-sentence/token locality identified.,False,0.7350444687830151,0.7336655866030166,0.7361650567124195,0.0024994701094028,False
80,7,false,theme,topic,The article covers the film's awards.,False,False,False,789,"A sequel, titled, was released direct-to-video on January 17, 2017",[],-0.0004977790712052,-0.0011205879294043,False,False,False,Retained: earlier/global/mixed content; no additional final-sentence/token locality identified.,False,0.7350444687830151,0.7355422478542204,0.7361650567124195,0.000622808858199,False
80,8,true,detail,local_text,"The final sentence introduces a sequel, completing the film's legacy section.",True,True,False,789,"A sequel, titled, was released direct-to-video on January 17, 2017","[{""start"": 789, ""end"": 855, ""text"": ""A sequel, titled, was released direct-to-video on January 17, 2017""}]",0.0002386450894424,-0.0011205879294043,True,False,True,All nonempty cited evidence lies in the final source sentence; shared automatic exclusion.,False,0.7350444687830151,0.7348058236935726,0.7361650567124195,0.0013592330188468,True
80,9,true,detail,final_word,"The final word/token is ""2017"".",True,True,True,789,"A sequel, titled, was released direct-to-video on January 17, 2017","[{""start"": 851, ""end"": 855, ""text"": ""2017""}]",0.0108119297632962,0.0064428363044364,True,False,True,"Explicit final-word/token claim, excluded regardless of truth.",False,0.7350444687830151,0.7242325390197188,0.7286016324785787,0.0043690934588598,True
80,10,false,detail,date,"The sequel was released on June 20, 2017.",False,True,False,789,"A sequel, titled, was released direct-to-video on January 17, 2017","[{""start"": 839, ""end"": 855, ""text"": ""January 17, 2017""}]",0.8684617228466284,0.0088802940301628,True,True,True,All nonempty cited evidence lies in the final source sentence; shared automatic exclusion.,False,0.7350444687830151,-0.1334172540636133,0.7261641747528522,0.8595814288164656,True
80,11,true,detail,attribute,The sequel was released direct-to-video.,True,True,False,789,"A sequel, titled, was released direct-to-video on January 17, 2017","[{""start"": 807, ""end"": 855, ""text"": ""was released direct-to-video on January 17, 2017""}]",0.0616195686634781,0.0088802940301628,True,False,True,All nonempty cited evidence lies in the final source sentence; shared automatic exclusion.,False,0.7350444687830151,0.6734249001195369,0.7261641747528522,0.0527392746333152,True
80,13,false,detail,attribute,The series ran for one season and ended in 2001.,False,False,False,789,"A sequel, titled, was released direct-to-video on January 17, 2017",[],0.01613453183007,0.0011254670947039,False,False,False,Retained: earlier/global/mixed content; no additional final-sentence/token locality identified.,False,0.7350444687830151,0.718909936952945,0.7339190016883111,0.0150090647353661,False
80,15,false,detail,quantity,There is a 17-year gap since the original film.,False,False,False,789,"A sequel, titled, was released direct-to-video on January 17, 2017","[{""start"": 15, ""end"": 19, ""text"": ""2007""}, {""start"": 839, ""end"": 855, ""text"": ""January 17, 2017""}]",0.0023712901655392,-0.0030252496913305,False,False,False,"Keep: duration comparison requires both original-film and sequel dates, not final-sentence-only content or explicit final-token syntax.",True,0.7350444687830151,0.7326731786174758,0.7380697184743457,0.0053965398568698,False
81,0,true,theme,format,The passage is a Wikipedia article about souvlaki.,False,False,False,701,"'Souvlaki' is the common term in Hellenic Macedonia and other regions of northern Greece, while in southern Greece around Athens it is commonly known as","[{""start"": 0, ""end"": 65, ""text"": ""Souvlaki (Greek:), plural souvlakia, is a popular Greek fast food""}]",0.026964327587572,-0.0024136279443022,False,False,False,Retained: earlier/global/mixed content; no additional final-sentence/token locality identified.,False,0.856537961439196,0.829573633851624,0.8589515893834982,0.0293779555318742,False
81,1,true,theme,topic,The passage establishes regional naming conventions.,True,True,False,701,"'Souvlaki' is the common term in Hellenic Macedonia and other regions of northern Greece, while in southern Greece around Athens it is commonly known as","[{""start"": 701, ""end"": 789, ""text"": ""'Souvlaki' is the common term in Hellenic Macedonia and other regions of northern Greece""}]",-0.0002810691087805,-0.0024136279443022,True,False,True,All nonempty cited evidence lies in the final source sentence; shared automatic exclusion.,False,0.856537961439196,0.8568190305479766,0.8589515893834982,0.0021325588355216,True
81,2,true,theme,topic,The passage establishes cultural context.,False,False,False,701,"'Souvlaki' is the common term in Hellenic Macedonia and other regions of northern Greece, while in southern Greece around Athens it is commonly known as","[{""start"": 586, ""end"": 641, ""text"": ""The word souvlaki is a diminutive of the Medieval Greek""}]",0.0001843064594638,-0.0024136279443022,False,False,False,Retained: earlier/global/mixed content; no additional final-sentence/token locality identified.,False,0.856537961439196,0.8563536549797321,0.8589515893834982,0.0025979344037661,False
81,3,false,entity,identity,"The article describes the Greek street food ""kalamaki"" (souvlaki).",False,False,False,701,"'Souvlaki' is the common term in Hellenic Macedonia and other regions of northern Greece, while in southern Greece around Athens it is commonly known as",[],-0.0052485995834717,-0.0017353233545763,False,False,False,Keep: overall dish identity; the main-subject name is not itself a claim about the final-token syntax.,True,0.856537961439196,0.8617865610226678,0.8582732847937724,-0.0035132762288954,False
81,4,true,theme,topic,The article covers the dish's definition.,False,False,False,701,"'Souvlaki' is the common term in Hellenic Macedonia and other regions of northern Greece, while in southern Greece around Athens it is commonly known as","[{""start"": 37, ""end"": 145, ""text"": ""is a popular Greek fast food consisting of small pieces of meat and sometimes vegetables grilled on a skewer""}]",0.0009634833358608,-0.0017353233545763,False,False,False,Retained: earlier/global/mixed content; no additional final-sentence/token locality identified.,False,0.856537961439196,0.8555744781033352,0.8582732847937724,0.0026988066904372,False
81,5,true,theme,topic,The article covers the dish's preparation.,False,False,False,701,"'Souvlaki' is the common term in Hellenic Macedonia and other regions of northern Greece, while in southern Greece around Athens it is commonly known as","[{""start"": 208, ""end"": 275, ""text"": ""It can be served with pita bread, fried potatoes, lemon, and sauces""}]",-0.0016096789692192,-0.0017353233545763,False,False,False,Retained: earlier/global/mixed content; no additional final-sentence/token locality identified.,False,0.856537961439196,0.8581476404084153,0.8582732847937724,0.0001256443853571,False
81,6,true,theme,topic,The article covers the dish's regional names.,True,True,False,701,"'Souvlaki' is the common term in Hellenic Macedonia and other regions of northern Greece, while in southern Greece around Athens it is commonly known as","[{""start"": 701, ""end"": 853, ""text"": ""'Souvlaki' is the common term in Hellenic Macedonia and other regions of northern Greece, while in southern Greece around Athens it is commonly known as""}]",-0.0014443367485815,-0.0017353233545763,True,False,True,All nonempty cited evidence lies in the final source sentence; shared automatic exclusion.,False,0.856537961439196,0.8579822981877776,0.8582732847937724,0.0002909866059948,True
81,7,true,detail,local_text,"The final sentence introduces a regional naming variation, requiring the alternative Greek term.",True,True,False,701,"'Souvlaki' is the common term in Hellenic Macedonia and other regions of northern Greece, while in southern Greece around Athens it is commonly known as","[{""start"": 791, ""end"": 853, ""text"": ""while in southern Greece around Athens it is commonly known as""}]",0.0025094403368143,-0.0017353233545763,True,False,True,All nonempty cited evidence lies in the final source sentence; shared automatic exclusion.,False,0.856537961439196,0.8540285211023817,0.8582732847937724,0.0042447636913907,True
81,8,true,detail,final_word,"The final word is ""as"" (closing ""known as"").",True,True,True,701,"'Souvlaki' is the common term in Hellenic Macedonia and other regions of northern Greece, while in southern Greece around Athens it is commonly known as","[{""start"": 845, ""end"": 853, ""text"": ""known as""}]",0.0006919002532634,0.0027387335030387,True,False,True,"Explicit final-word/token claim, excluded regardless of truth.",False,0.856537961439196,0.8558460611859325,0.8537992279361573,-0.0020468332497752,True
81,9,false,detail,exact_words,"The clause reads ""In Athens and the rest of Greece, it is known as"" / ""the same dish is locally known as.""",False,True,False,701,"'Souvlaki' is the common term in Hellenic Macedonia and other regions of northern Greece, while in southern Greece around Athens it is commonly known as","[{""start"": 797, ""end"": 853, ""text"": ""in southern Greece around Athens it is commonly known as""}]",0.0406072999214449,0.0027387335030387,True,True,True,All nonempty cited evidence lies in the final source sentence; shared automatic exclusion.,False,0.856537961439196,0.8159306615177511,0.8537992279361573,0.0378685664184061,True
81,11,false,entity,relationship,"""Kalamaki"" is the regional name for the dish in Thessaloniki.",False,True,False,701,"'Souvlaki' is the common term in Hellenic Macedonia and other regions of northern Greece, while in southern Greece around Athens it is commonly known as","[{""start"": 701, ""end"": 789, ""text"": ""'Souvlaki' is the common term in Hellenic Macedonia and other regions of northern Greece""}]",0.0005923215246672,0.0026254041311321,True,True,True,All nonempty cited evidence lies in the final source sentence; shared automatic exclusion.,False,0.856537961439196,0.8559456399145288,0.8539125573080639,-0.0020330826064648,True
82,0,true,theme,format,The passage is in Wikipedia article structure: encyclopedic prose with citations.,False,False,False,1614,"""It seems,"" she said","[{""start"": 1423, ""end"": 1613, ""text"": ""Biologist and author Ruth Patrick, describing a table of high-discharge rivers, wrote that data on discharge, drainage area, and length varied widely among authors whose works she consulted.""}]",0.004812758973536,-0.000368111513649,False,False,False,Retained: earlier/global/mixed content; no additional final-sentence/token locality identified.,False,0.3292241657339191,0.3244114067603831,0.3295922772475682,0.005180870487185,False
82,1,true,theme,topic,The passage covers geographic details.,False,False,False,1614,"""It seems,"" she said","[{""start"": 0, ""end"": 62, ""text"": ""Among the longest rivers of Canada are 47 streams of at least.""}]",-0.0076140549908935,-0.000368111513649,False,False,False,Retained: earlier/global/mixed content; no additional final-sentence/token locality identified.,False,0.3292241657339191,0.3368382207248126,0.3295922772475682,-0.0072459434772443,False
82,2,false,theme,topic,The passage covers historical details.,False,False,False,1614,"""It seems,"" she said",[],-0.0117732840914731,-0.000368111513649,False,False,False,Retained: earlier/global/mixed content; no additional final-sentence/token locality identified.,False,0.3292241657339191,0.3409974498253922,0.3295922772475682,-0.011405172577824,False
82,3,false,theme,topic,The passage covers administrative details.,False,False,False,1614,"""It seems,"" she said",[],-0.0079722583269422,-0.000368111513649,False,False,False,Retained: earlier/global/mixed content; no additional final-sentence/token locality identified.,False,0.3292241657339191,0.3371964240608613,0.3295922772475682,-0.0076041468132931,False
82,4,false,entity,identity,The passage gives details of a California road (the road's documentation).,False,False,False,1614,"""It seems,"" she said",[],-0.0056266746266342,-0.0043988591034033,False,False,False,Retained: earlier/global/mixed content; no additional final-sentence/token locality identified.,False,0.3292241657339191,0.3348508403605534,0.3336230248373225,-0.0012278155232309,False
82,5,true,theme,topic,There is narrative momentum toward completing a quoted reference.,True,True,False,1614,"""It seems,"" she said","[{""start"": 1614, ""end"": 1634, ""text"": ""\""It seems,\"" she said""}]",-0.0108805488848204,-0.0023315891578066,True,False,True,All nonempty cited evidence lies in the final source sentence; shared automatic exclusion.,False,0.3292241657339191,0.3401047146187396,0.3315557548917258,-0.0085489597270137,True
82,6,false,entity,identity,A historian named Mary R. Dawson is being quoted.,False,False,False,1614,"""It seems,"" she said","[{""start"": 1423, ""end"": 1456, ""text"": ""Biologist and author Ruth Patrick""}]",-0.0066813056164137,0.0084442224697487,False,False,False,Keep: speaker name and role are established in the sentence before the final attribution fragment.,True,0.3292241657339191,0.3359054713503329,0.3207799432641703,-0.0151255280861625,False
82,7,false,detail,date,This is a 1976 assessment (she wrote in 1976).,False,False,False,1614,"""It seems,"" she said",[],0.0031826910748218,0.0084442224697487,False,False,False,"Keep: year of the earlier attributed assessment, not the final 'It seems, she said' fragment.",True,0.3292241657339191,0.3260414746590973,0.3207799432641703,-0.0052615313949269,False
82,9,true,detail,final_word,"The final word is ""said"".",True,True,True,1614,"""It seems,"" she said","[{""start"": 1630, ""end"": 1634, ""text"": ""said""}]",-0.0137541944296208,-0.0091763405648943,True,False,True,"Explicit final-word/token claim, excluded regardless of truth.",False,0.3292241657339191,0.34297836016354,0.3384005062988134,-0.0045778538647265,True
82,10,false,detail,exact_words,"She wrote that the records ""provide a useful basis for understanding the region's history.""",False,False,False,1614,"""It seems,"" she said","[{""start"": 1514, ""end"": 1612, ""text"": ""data on discharge, drainage area, and length varied widely among authors whose works she consulted""}]",0.0156669619295591,0.0059043519844341,False,False,False,Keep: fabricated assessment quotation preceding the closing speech fragment; not the closing words themselves.,True,0.3292241657339191,0.31355720380436,0.323319813749485,0.009762609945125,False
83,0,true,theme,format,The passage is in Wikipedia biographical article structure.,False,False,False,803,An important avenue in Altamira (Caracas) bears the name Luis Roche in his honor,"[{""start"": 0, ""end"": 95, ""text"": ""Luis Roche was an important Venezuelan urbanist and was the Venezuelan ambassador to Argentina.""}]",0.0072352196850976,-0.0025118485918044,False,False,False,Retained: earlier/global/mixed content; no additional final-sentence/token locality identified.,False,0.3213868461226354,0.3141516264375378,0.3238986947144399,0.009747068276902,False
83,1,true,theme,style,Each sentence adds a new factual detail.,False,False,False,803,An important avenue in Altamira (Caracas) bears the name Luis Roche in his honor,"[{""start"": 96, ""end"": 133, ""text"": ""He was also an amateur film director.""}]",0.026479158461253,-0.0025118485918044,False,False,False,Retained: earlier/global/mixed content; no additional final-sentence/token locality identified.,False,0.3213868461226354,0.2949076876613823,0.3238986947144399,0.0289910070530575,False
83,2,false,entity,identity,The article is about Mexican politician José Guadalupe Posadas.,False,False,False,803,An important avenue in Altamira (Caracas) bears the name Luis Roche in his honor,"[{""start"": 0, ""end"": 95, ""text"": ""Luis Roche was an important Venezuelan urbanist and was the Venezuelan ambassador to Argentina.""}]",-0.0241372385903427,-0.048883904560067,False,False,False,Retained: earlier/global/mixed content; no additional final-sentence/token locality identified.,False,0.3213868461226354,0.3455240847129782,0.3702707506827025,0.0247466659697243,False
83,3,true,theme,style,The passage follows a consistent encyclopedic pattern.,False,False,False,803,An important avenue in Altamira (Caracas) bears the name Luis Roche in his honor,"[{""start"": 0, ""end"": 95, ""text"": ""Luis Roche was an important Venezuelan urbanist and was the Venezuelan ambassador to Argentina.""}]",-0.0008085291078929,-0.0025118485918044,False,False,False,Retained: earlier/global/mixed content; no additional final-sentence/token locality identified.,False,0.3213868461226354,0.3221953752305284,0.3238986947144399,0.0017033194839114,False
83,4,true,theme,topic,The article covers the subject's life.,False,False,False,803,An important avenue in Altamira (Caracas) bears the name Luis Roche in his honor,"[{""start"": 633, ""end"": 732, ""text"": ""He married a Colombian / French lady by the name of Beatrice Dugand, with whom he had four children""}]",-0.0103622039134707,-0.0516657964401718,False,False,False,Retained: earlier/global/mixed content; no additional final-sentence/token locality identified.,False,0.3213868461226354,0.3317490500361061,0.3730526425628073,0.0413035925267012,False
83,5,true,theme,topic,The article covers the subject's career.,False,False,False,803,An important avenue in Altamira (Caracas) bears the name Luis Roche in his honor,"[{""start"": 134, ""end"": 250, ""text"": ""In the 1930s, Roche advocated for the redesign of Caracas, to include developed corridors to a multi-purpose center.""}]",-0.0007960447337183,-0.0516657964401718,False,False,False,Retained: earlier/global/mixed content; no additional final-sentence/token locality identified.,False,0.3213868461226354,0.3221828908563537,0.3730526425628073,0.0508697517064535,False
83,6,true,theme,topic,The article covers the subject's legacy.,True,True,False,803,An important avenue in Altamira (Caracas) bears the name Luis Roche in his honor,"[{""start"": 803, ""end"": 883, ""text"": ""An important avenue in Altamira (Caracas) bears the name Luis Roche in his honor""}]",-0.0140674174827001,-0.0516657964401718,True,False,True,All nonempty cited evidence lies in the final source sentence; shared automatic exclusion.,False,0.3213868461226354,0.3354542636053356,0.3730526425628073,0.0375983789574717,True
83,7,false,detail,attribute,The article covers the subject's death.,False,False,False,803,An important avenue in Altamira (Caracas) bears the name Luis Roche in his honor,[],-0.0047770029049141,-0.0516657964401718,False,False,False,Retained: earlier/global/mixed content; no additional final-sentence/token locality identified.,False,0.3213868461226354,0.3261638490275496,0.3730526425628073,0.0468887935352577,False
83,8,true,detail,local_text,The final sentence introduces a commemorative detail (a street named after him).,True,True,False,803,An important avenue in Altamira (Caracas) bears the name Luis Roche in his honor,"[{""start"": 803, ""end"": 883, ""text"": ""An important avenue in Altamira (Caracas) bears the name Luis Roche in his honor""}]",0.0158899750380172,-0.0516657964401718,True,False,True,All nonempty cited evidence lies in the final source sentence; shared automatic exclusion.,False,0.3213868461226354,0.3054968710846182,0.3730526425628073,0.0675557714781891,True
83,9,true,detail,attribute,This signals the article is near its conclusion.,True,True,False,803,An important avenue in Altamira (Caracas) bears the name Luis Roche in his honor,"[{""start"": 803, ""end"": 883, ""text"": ""An important avenue in Altamira (Caracas) bears the name Luis Roche in his honor""}]",0.0173922926859912,-0.0516657964401718,True,False,True,All nonempty cited evidence lies in the final source sentence; shared automatic exclusion.,False,0.3213868461226354,0.3039945534366441,0.3730526425628073,0.0690580891261631,True
83,10,true,detail,final_word,"The final word is ""honor"".",True,True,True,803,An important avenue in Altamira (Caracas) bears the name Luis Roche in his honor,"[{""start"": 878, ""end"": 883, ""text"": ""honor""}]",-0.0591370361351645,-0.0830031510830719,True,False,True,"Explicit final-word/token claim, excluded regardless of truth.",False,0.3213868461226354,0.3805238822578,0.4043899972057074,0.0238661149479074,True
83,11,false,entity,identity,"A street in Guadalajara is named ""Calle Posadas""/""Posadas"" after him.",False,True,False,803,An important avenue in Altamira (Caracas) bears the name Luis Roche in his honor,"[{""start"": 803, ""end"": 883, ""text"": ""An important avenue in Altamira (Caracas) bears the name Luis Roche in his honor""}]",-0.1210955281931784,-0.1984582148728231,True,True,True,All nonempty cited evidence lies in the final source sentence; shared automatic exclusion.,False,0.3213868461226354,0.4424823743158139,0.5198450609954586,0.0773626866796446,True
83,13,false,entity,identity,He is also remembered for his contributions to the city of Guadalajara.,False,False,False,803,An important avenue in Altamira (Caracas) bears the name Luis Roche in his honor,[],-0.0058642315304748,0.016681282104385,False,False,False,Retained: earlier/global/mixed content; no additional final-sentence/token locality identified.,False,0.3213868461226354,0.3272510776531103,0.3047055640182504,-0.0225455136348599,False
83,14,false,detail,attribute,He is considered one of the most important figures in the city's history.,False,False,False,803,An important avenue in Altamira (Caracas) bears the name Luis Roche in his honor,[],-0.0072355394848996,-0.0102669410093053,False,False,False,Retained: earlier/global/mixed content; no additional final-sentence/token locality identified.,False,0.3213868461226354,0.3286223856075351,0.3316537871319407,0.0030314015244056,False
83,15,true,detail,exact_words,"The final sentence ends with the phrase ""in his honor.""",True,True,False,803,An important avenue in Altamira (Caracas) bears the name Luis Roche in his honor,"[{""start"": 871, ""end"": 883, ""text"": ""in his honor""}]",0.0778756964988907,-0.0031993638617296,True,False,True,All nonempty cited evidence lies in the final source sentence; shared automatic exclusion.,False,0.3213868461226354,0.2435111496237447,0.3245862099843651,0.0810750603606204,True
84,0,true,theme,format,The passage is in Wikipedia biographical article structure.,False,False,False,624,"A five-time Pro Bowl and four-time All-Pro selection, Allen tallied 136 quarterback sacks during his 12-year career","[{""start"": 0, ""end"": 95, ""text"": ""Jared Scot Allen (born April 3, 1982) is a former professional American football defensive end.""}]",-0.0201752603527343,0.0029955558864254,False,False,False,Retained: earlier/global/mixed content; no additional final-sentence/token locality identified.,False,0.6683660877482098,0.6885413481009441,0.6653705318617844,-0.0231708162391597,False
84,1,true,theme,style,The passage is a career summary following a standard NFL player template.,False,False,False,624,"A five-time Pro Bowl and four-time All-Pro selection, Allen tallied 136 quarterback sacks during his 12-year career","[{""start"": 96, ""end"": 195, ""text"": ""After playing college football for Idaho State University, he was drafted by the Kansas City Chiefs""}]",-0.0135302770147414,0.0029955558864254,False,False,False,Retained: earlier/global/mixed content; no additional final-sentence/token locality identified.,False,0.6683660877482098,0.6818963647629512,0.6653705318617844,-0.0165258329011668,False
84,2,true,theme,topic,The passage covers college.,False,False,False,624,"A five-time Pro Bowl and four-time All-Pro selection, Allen tallied 136 quarterback sacks during his 12-year career","[{""start"": 96, ""end"": 153, ""text"": ""After playing college football for Idaho State University""}]",-0.0057199253082043,0.0029955558864254,False,False,False,Retained: earlier/global/mixed content; no additional final-sentence/token locality identified.,False,0.6683660877482098,0.6740860130564141,0.6653705318617844,-0.0087154811946297,False
84,3,true,theme,topic,The passage covers the draft.,False,False,False,624,"A five-time Pro Bowl and four-time All-Pro selection, Allen tallied 136 quarterback sacks during his 12-year career","[{""start"": 155, ""end"": 275, ""text"": ""he was drafted by the Kansas City Chiefs of the National Football League (NFL) in the fourth round of the 2004 NFL Draft""}]",-0.0034594643420702,0.0029955558864254,False,False,False,Retained: earlier/global/mixed content; no additional final-sentence/token locality identified.,False,0.6683660877482098,0.67182555209028,0.6653705318617844,-0.0064550202284956,False
84,4,true,theme,topic,The passage covers teams.,False,False,False,624,"A five-time Pro Bowl and four-time All-Pro selection, Allen tallied 136 quarterback sacks during his 12-year career","[{""start"": 311, ""end"": 352, ""text"": ""Allen was traded to the Minnesota Vikings""}]",0.0032375828387025,0.0029955558864254,False,False,False,Retained: earlier/global/mixed content; no additional final-sentence/token locality identified.,False,0.6683660877482098,0.6651285049095073,0.6653705318617844,0.0002420269522771,False
84,5,true,theme,topic,The passage covers achievements.,True,True,False,624,"A five-time Pro Bowl and four-time All-Pro selection, Allen tallied 136 quarterback sacks during his 12-year career","[{""start"": 624, ""end"": 739, ""text"": ""A five-time Pro Bowl and four-time All-Pro selection, Allen tallied 136 quarterback sacks during his 12-year career""}]",-0.0087855024992156,0.0029955558864254,True,False,True,All nonempty cited evidence lies in the final source sentence; shared automatic exclusion.,False,0.6683660877482098,0.6771515902474254,0.6653705318617844,-0.011781058385641,True
84,6,true,detail,local_text,"The sentence lists career accomplishments in sequence — Pro Bowls, All-Pro selections, Super Bowl appearances.",False,False,False,624,"A five-time Pro Bowl and four-time All-Pro selection, Allen tallied 136 quarterback sacks during his 12-year career","[{""start"": 573, ""end"": 676, ""text"": ""with whom he played in his only career Super Bowl. A five-time Pro Bowl and four-time All-Pro selection""}]",0.0008865871473082,-0.0044891722315181,False,False,False,Retained: earlier/global/mixed content; no additional final-sentence/token locality identified.,False,0.6683660877482098,0.6674795006009016,0.672855259979728,0.0053757593788263,False
84,7,true,detail,local_text,This builds toward a concluding career statistic or summary statement.,True,True,False,624,"A five-time Pro Bowl and four-time All-Pro selection, Allen tallied 136 quarterback sacks during his 12-year career","[{""start"": 678, ""end"": 739, ""text"": ""Allen tallied 136 quarterback sacks during his 12-year career""}]",0.0023455620881234,-0.0044891722315181,True,False,True,All nonempty cited evidence lies in the final source sentence; shared automatic exclusion.,False,0.6683660877482098,0.6660205256600864,0.672855259979728,0.0068347343196415,True
84,8,true,detail,final_word,"The final word is ""career"".",True,False,True,624,"A five-time Pro Bowl and four-time All-Pro selection, Allen tallied 136 quarterback sacks during his 12-year career","[{""start"": 605, ""end"": 611, ""text"": ""career""}]",-0.011983149213162,-0.0015772029348071,True,False,True,"Explicit final-word/token claim, excluded regardless of truth.",False,0.6683660877482098,0.6803492369613718,0.669943290683017,-0.0104059462783548,True
84,9,false,detail,quantity,He recorded 111 interceptions and 11 fumble recoveries over his 14-year career.,False,True,False,624,"A five-time Pro Bowl and four-time All-Pro selection, Allen tallied 136 quarterback sacks during his 12-year career","[{""start"": 678, ""end"": 739, ""text"": ""Allen tallied 136 quarterback sacks during his 12-year career""}]",0.1303827501556747,-0.0015772029348071,True,True,True,All nonempty cited evidence lies in the final source sentence; shared automatic exclusion.,False,0.6683660877482098,0.5379833375925351,0.669943290683017,0.1319599530904818,True
85,0,true,theme,format,The passage is in Wikipedia article structure: encyclopedic prose.,False,False,False,896,Over the years the Irish experiment has attracted media and public interest in both Ireland and Australia,"[{""start"": 0, ""end"": 195, ""text"": ""The Irish Experiment is the popular name for the interest, primarily from VFL / AFL clubs, in bringing Irish Gaelic footballers over to Australia to play Australian rules football professionally.""}]",0.0281692165736628,-0.0083255972204467,False,False,False,Retained: earlier/global/mixed content; no additional final-sentence/token locality identified.,False,0.6477456634972312,0.6195764469235683,0.656071260717678,0.0364948137941096,False
85,1,true,theme,topic,The passage covers Australian rules football players.,False,False,False,896,Over the years the Irish experiment has attracted media and public interest in both Ireland and Australia,"[{""start"": 103, ""end"": 194, ""text"": ""Irish Gaelic footballers over to Australia to play Australian rules football professionally""}]",0.0397956741701372,-0.0083255972204467,False,False,False,Retained: earlier/global/mixed content; no additional final-sentence/token locality identified.,False,0.6477456634972312,0.6079499893270939,0.656071260717678,0.048121271390584,False
85,2,false,entity,identity,This concerns the NFL.,False,False,False,896,Over the years the Irish experiment has attracted media and public interest in both Ireland and Australia,"[{""start"": 59, ""end"": 89, ""text"": ""primarily from VFL / AFL clubs""}]",0.0077338288804719,-0.0083255972204467,False,False,False,Retained: earlier/global/mixed content; no additional final-sentence/token locality identified.,False,0.6477456634972312,0.6400118346167593,0.656071260717678,0.0160594261009187,False
85,3,true,theme,style,"The passage has a consistent factual, neutral tone throughout.",False,False,False,896,Over the years the Irish experiment has attracted media and public interest in both Ireland and Australia,"[{""start"": 0, ""end"": 89, ""text"": ""The Irish Experiment is the popular name for the interest, primarily from VFL / AFL clubs""}]",-0.0037194228302849,-0.0083255972204467,False,False,False,Retained: earlier/global/mixed content; no additional final-sentence/token locality identified.,False,0.6477456634972312,0.6514650863275161,0.656071260717678,0.0046061743901618,False
85,4,true,theme,topic,The article covers history.,False,False,False,896,Over the years the Irish experiment has attracted media and public interest in both Ireland and Australia,"[{""start"": 281, ""end"": 379, ""text"": ""The Irish Experiment began in the mid-1980s as an informal project of the Melbourne Football Club.""}]",0.0026802846505336,0.0006217943268369,False,False,False,Retained: earlier/global/mixed content; no additional final-sentence/token locality identified.,False,0.6477456634972312,0.6450653788466976,0.6471238691703942,0.0020584903236966,False
85,5,true,theme,topic,The article covers key figures.,False,False,False,896,Over the years the Irish experiment has attracted media and public interest in both Ireland and Australia,"[{""start"": 689, ""end"": 725, ""text"": ""Jim Stynes, who was an early recruit""}]",-0.0020884203392786,0.0006217943268369,False,False,False,Retained: earlier/global/mixed content; no additional final-sentence/token locality identified.,False,0.6477456634972312,0.6498340838365099,0.6471238691703942,-0.0027102146661156,False
85,6,true,theme,topic,The article covers media coverage.,True,True,False,896,Over the years the Irish experiment has attracted media and public interest in both Ireland and Australia,"[{""start"": 896, ""end"": 971, ""text"": ""Over the years the Irish experiment has attracted media and public interest""}]",0.0052788708788285,0.0006217943268369,True,False,True,All nonempty cited evidence lies in the final source sentence; shared automatic exclusion.,False,0.6477456634972312,0.6424667926184027,0.6471238691703942,0.0046570765519915,True
85,7,true,theme,topic,The article covers cultural impact.,False,False,False,896,Over the years the Irish experiment has attracted media and public interest in both Ireland and Australia,"[{""start"": 493, ""end"": 563, ""text"": ""currently increasing due to globalisation and professionalism in sport""}]",-0.008708612640579,0.0006217943268369,False,False,False,Retained: earlier/global/mixed content; no additional final-sentence/token locality identified.,False,0.6477456634972312,0.6564542761378103,0.6471238691703942,-0.009330406967416,False
85,8,true,detail,local_text,The final sentence is wrapping up with broader significance and public interest.,True,True,False,896,Over the years the Irish experiment has attracted media and public interest in both Ireland and Australia,"[{""start"": 896, ""end"": 1001, ""text"": ""Over the years the Irish experiment has attracted media and public interest in both Ireland and Australia""}]",-0.0083123133605962,0.0006217943268369,True,False,True,All nonempty cited evidence lies in the final source sentence; shared automatic exclusion.,False,0.6477456634972312,0.6560579768578274,0.6471238691703942,-0.0089341076874331,True
85,9,true,detail,final_word,"The final word is ""Australia"".",True,False,True,896,Over the years the Irish experiment has attracted media and public interest in both Ireland and Australia,"[{""start"": 136, ""end"": 145, ""text"": ""Australia""}]",0.0242612778400095,0.0111030878294603,True,False,True,"Explicit final-word/token claim, excluded regardless of truth.",False,0.6477456634972312,0.6234843856572216,0.6366425756677708,0.0131581900105491,True
85,10,false,entity,identity,The exchange of players has generated interest in both the United States and Australia.,False,True,False,896,Over the years the Irish experiment has attracted media and public interest in both Ireland and Australia,"[{""start"": 936, ""end"": 1001, ""text"": ""attracted media and public interest in both Ireland and Australia""}]",0.0108414741318093,0.0111030878294603,True,True,True,All nonempty cited evidence lies in the final source sentence; shared automatic exclusion.,False,0.6477456634972312,0.6369041893654218,0.6366425756677708,-0.0002616136976509,True
85,12,false,detail,attribute,"The exchange has generated interest in both countries, with several books and documentaries produced.",False,False,False,896,Over the years the Irish experiment has attracted media and public interest in both Ireland and Australia,[],-0.006265548995705,-0.01785139969276,False,True,True,"Text review: assertion refers to the final source sentence's event, entity, attribute, or syntax; excluded despite missing/earlier evidence.",False,0.6477456634972312,0.6540112124929363,0.6655970631899912,0.0115858506970549,True
85,13,false,detail,attribute,"The project has faced challenges, including visa issues.",False,False,False,896,Over the years the Irish experiment has attracted media and public interest in both Ireland and Australia,[],-0.0212511032459599,-0.0237927449364363,False,False,False,Retained: earlier/global/mixed content; no additional final-sentence/token locality identified.,False,0.6477456634972312,0.6689967667431911,0.6715384084336675,0.0025416416904764,False
85,14,false,detail,attribute,There is difficulty adapting Australian rules football to American football.,False,False,False,896,Over the years the Irish experiment has attracted media and public interest in both Ireland and Australia,[],-0.0317658433726082,-0.0237927449364363,False,False,False,Retained: earlier/global/mixed content; no additional final-sentence/token locality identified.,False,0.6477456634972312,0.6795115068698394,0.6715384084336675,-0.0079730984361718,False
85,15,false,entity,identity,The exchange of players has generated public interest in both New Zealand and Australia.,False,True,False,896,Over the years the Irish experiment has attracted media and public interest in both Ireland and Australia,"[{""start"": 936, ""end"": 1001, ""text"": ""attracted media and public interest in both Ireland and Australia""}]",0.1262378777207184,-0.0007791898833371,True,True,True,All nonempty cited evidence lies in the final source sentence; shared automatic exclusion.,False,0.6477456634972312,0.5215077857765127,0.6485248533805683,0.1270170676040556,True
86,0,true,theme,format,The passage is a Wikipedia article.,False,False,False,894,"In the same reshuffle, finance minister Pravin Gordhan and his deputy, Mcebisi Jonas, were also replaced","[{""start"": 0, ""end"": 155, ""text"": ""Ngoako Ramatlhodi (born 21 August 1955), a senior member of the African National Congress, was South Africa's Minister of Public Service and Administration""}]",0.013801166357772,0.0031457798780456,False,False,False,Retained: earlier/global/mixed content; no additional final-sentence/token locality identified.,False,0.7435892066127139,0.7297880402549418,0.7404434267346682,0.0106553864797264,False
86,1,false,entity,identity,The article is about Patrick Gorn's dismissal.,False,False,False,894,"In the same reshuffle, finance minister Pravin Gordhan and his deputy, Mcebisi Jonas, were also replaced","[{""start"": 0, ""end"": 39, ""text"": ""Ngoako Ramatlhodi (born 21 August 1955)""}]",0.0175591699186935,0.0035257549896658,False,False,False,Retained: earlier/global/mixed content; no additional final-sentence/token locality identified.,False,0.7435892066127139,0.7260300366940203,0.740063451623048,0.0140334149290276,False
86,2,true,theme,topic,This concerns the South African government.,False,False,False,894,"In the same reshuffle, finance minister Pravin Gordhan and his deputy, Mcebisi Jonas, were also replaced","[{""start"": 91, ""end"": 155, ""text"": ""was South Africa's Minister of Public Service and Administration""}]",0.0036636708333788,0.0031457798780456,False,False,False,Retained: earlier/global/mixed content; no additional final-sentence/token locality identified.,False,0.7435892066127139,0.7399255357793351,0.7404434267346682,0.0005178909553331,False
86,3,true,theme,topic,The article establishes a pattern of political removals under President Zuma.,False,False,False,894,"In the same reshuffle, finance minister Pravin Gordhan and his deputy, Mcebisi Jonas, were also replaced","[{""start"": 696, ""end"": 746, ""text"": ""He was axed in the cabinet reshuffle of March 2017""}]",0.0056443115136921,0.0031457798780456,False,False,False,Retained: earlier/global/mixed content; no additional final-sentence/token locality identified.,False,0.7435892066127139,0.7379448950990217,0.7404434267346682,0.0024985316356465,False
86,4,true,theme,topic,The article builds a list of related dismissals/replacements.,True,True,False,894,"In the same reshuffle, finance minister Pravin Gordhan and his deputy, Mcebisi Jonas, were also replaced","[{""start"": 917, ""end"": 998, ""text"": ""finance minister Pravin Gordhan and his deputy, Mcebisi Jonas, were also replaced""}]",0.0024211382442074,4.430029932933621e-05,True,False,True,All nonempty cited evidence lies in the final source sentence; shared automatic exclusion.,False,0.7435892066127139,0.7411680683685065,0.7435449063133845,0.002376837944878,True
86,5,false,entity,identity,An anti-corruption official named Mthembu was dismissed/replaced with a loyalist.,False,False,False,894,"In the same reshuffle, finance minister Pravin Gordhan and his deputy, Mcebisi Jonas, were also replaced","[{""start"": 787, ""end"": 893, ""text"": ""His position was taken by a known Zuma ally, the then Free State economic development MEC Mosebenzi Zwane.""}]",0.0060130069298915,0.0007304035945664,False,False,False,Retained: earlier/global/mixed content; no additional final-sentence/token locality identified.,False,0.7435892066127139,0.7375761996828223,0.7428588030181474,0.0052826033353251,False
86,6,false,entity,identity,Finance Minister van der Merwe was also replaced.,False,True,False,894,"In the same reshuffle, finance minister Pravin Gordhan and his deputy, Mcebisi Jonas, were also replaced","[{""start"": 917, ""end"": 998, ""text"": ""finance minister Pravin Gordhan and his deputy, Mcebisi Jonas, were also replaced""}]",0.0243230440814516,0.0973054829154849,True,True,True,All nonempty cited evidence lies in the final source sentence; shared automatic exclusion.,False,0.7435892066127139,0.7192661625312622,0.646283723697229,-0.0729824388340332,True
86,7,true,theme,topic,Each removal reinforces the political purge theme.,False,False,False,894,"In the same reshuffle, finance minister Pravin Gordhan and his deputy, Mcebisi Jonas, were also replaced","[{""start"": 696, ""end"": 786, ""text"": ""He was axed in the cabinet reshuffle of March 2017, allegedly without being given reasons.""}]",0.002078349929764,4.430029932933621e-05,False,False,False,Retained: earlier/global/mixed content; no additional final-sentence/token locality identified.,False,0.7435892066127139,0.7415108566829498,0.7435449063133845,0.0020340496304347,False
86,8,true,detail,final_word,"The final word is ""replaced"".",True,True,True,894,"In the same reshuffle, finance minister Pravin Gordhan and his deputy, Mcebisi Jonas, were also replaced","[{""start"": 990, ""end"": 998, ""text"": ""replaced""}]",-0.0021514350363136,-0.0101358969842825,True,False,True,"Explicit final-word/token claim, excluded regardless of truth.",False,0.7435892066127139,0.7457406416490275,0.7537251035969964,0.0079844619479688,True
86,9,false,detail,date,This happened in October 2017.,False,False,False,894,"In the same reshuffle, finance minister Pravin Gordhan and his deputy, Mcebisi Jonas, were also replaced","[{""start"": 169, ""end"": 179, ""text"": ""March 2017""}]",0.0054511670824124,-0.0101358969842825,False,True,True,"Text review: assertion refers to the final source sentence's event, entity, attribute, or syntax; excluded despite missing/earlier evidence.",False,0.7435892066127139,0.7381380395303014,0.7537251035969964,0.0155870640666949,True
86,10,true,detail,attribute,The finance minister was also replaced.,True,True,False,894,"In the same reshuffle, finance minister Pravin Gordhan and his deputy, Mcebisi Jonas, were also replaced","[{""start"": 917, ""end"": 998, ""text"": ""finance minister Pravin Gordhan and his deputy, Mcebisi Jonas, were also replaced""}]",0.0031570917036016,-0.0101358969842825,True,False,True,All nonempty cited evidence lies in the final source sentence; shared automatic exclusion.,False,0.7435892066127139,0.7404321149091122,0.7537251035969964,0.0132929886878842,True
86,12,false,entity,identity,There is an anti-corruption minister.,False,False,False,894,"In the same reshuffle, finance minister Pravin Gordhan and his deputy, Mcebisi Jonas, were also replaced",[],0.0044958123475539,0.0786308428360311,False,True,True,"Text review: assertion refers to the final source sentence's event, entity, attribute, or syntax; excluded despite missing/earlier evidence.",False,0.7435892066127139,0.73909339426516,0.6649583637766827,-0.0741350304884772,True
87,0,true,theme,format,The passage is a Wikipedia-style encyclopedia article.,False,False,False,2150,"The Independence Pass Foundation, based in Aspen, works to repair damage to the pass's environment caused by both roads since 1984","[{""start"": 0, ""end"": 140, ""text"": ""Independence Pass, originally known as Hunter Pass, is a high mountain pass in the Rocky Mountains of central Colorado in the United States.""}]",0.045083645521799,-0.0051975003357179,False,False,False,Retained: earlier/global/mixed content; no additional final-sentence/token locality identified.,False,0.36786488996613,0.322781244444331,0.3730623903018479,0.0502811458575169,False
87,1,false,entity,identity,The article is about Horseshoe Bend / the Friends of Horseshoe Bend organization.,False,True,False,2150,"The Independence Pass Foundation, based in Aspen, works to repair damage to the pass's environment caused by both roads since 1984","[{""start"": 2150, ""end"": 2248, ""text"": ""The Independence Pass Foundation, based in Aspen, works to repair damage to the pass's environment""}]",-0.1164257318253969,0.06493512163368,True,False,True,Shared automatic exclusion: all cited evidence is the final foundation sentence. Semantic caveat: merged global site/organization identity spans the explanation.,True,0.36786488996613,0.4842906217915269,0.3029297683324499,-0.181360853459077,False
87,2,true,theme,style,"The passage follows a consistent factual, declarative sentence structure throughout.",False,False,False,2150,"The Independence Pass Foundation, based in Aspen, works to repair damage to the pass's environment caused by both roads since 1984","[{""start"": 0, ""end"": 140, ""text"": ""Independence Pass, originally known as Hunter Pass, is a high mountain pass in the Rocky Mountains of central Colorado in the United States.""}]",0.0151409772488241,-0.0051975003357179,False,False,False,Retained: earlier/global/mixed content; no additional final-sentence/token locality identified.,False,0.36786488996613,0.3527239127173058,0.3730623903018479,0.0203384775845421,False
87,3,true,theme,topic,The article covers geography.,False,False,False,2150,"The Independence Pass Foundation, based in Aspen, works to repair damage to the pass's environment caused by both roads since 1984","[{""start"": 141, ""end"": 207, ""text"": ""It is at elevation on the Continental Divide in the Sawatch Range.""}]",0.0008153288952352,0.0004636307147968,False,False,False,Retained: earlier/global/mixed content; no additional final-sentence/token locality identified.,False,0.36786488996613,0.3670495610708947,0.3674012592513331,0.0003516981804384,False
87,4,true,theme,topic,The article covers history.,False,False,False,2150,"The Independence Pass Foundation, based in Aspen, works to repair damage to the pass's environment caused by both roads since 1984","[{""start"": 1482, ""end"": 1537, ""text"": ""its first recorded sighting was by Zebulon Pike in 1806""}]",0.0007347616786703,0.0004636307147968,False,False,False,Retained: earlier/global/mixed content; no additional final-sentence/token locality identified.,False,0.36786488996613,0.3671301282874596,0.3674012592513331,0.0002711309638735,False
87,5,true,theme,topic,The article covers ecology.,False,False,False,2150,"The Independence Pass Foundation, based in Aspen, works to repair damage to the pass's environment caused by both roads since 1984","[{""start"": 899, ""end"": 970, ""text"": ""allows visitors to take in the alpine tundra environment above treeline""}]",-0.0027727098322974,0.0004636307147968,False,False,False,Retained: earlier/global/mixed content; no additional final-sentence/token locality identified.,False,0.36786488996613,0.3706375997984275,0.3674012592513331,-0.0032363405470943,False
87,6,true,theme,topic,The article covers cultural significance.,False,False,False,2150,"The Independence Pass Foundation, based in Aspen, works to repair damage to the pass's environment caused by both roads since 1984","[{""start"": 1337, ""end"": 1412, ""text"": ""Since 2011 the pass has been on the route of the USA Pro Cycling Challenge.""}]",-4.270758032121069e-05,0.0004636307147968,False,False,False,Retained: earlier/global/mixed content; no additional final-sentence/token locality identified.,False,0.36786488996613,0.3679075975464512,0.3674012592513331,-0.000506338295118,False
87,7,true,theme,topic,The article concludes with conservation/management details.,True,True,False,2150,"The Independence Pass Foundation, based in Aspen, works to repair damage to the pass's environment caused by both roads since 1984","[{""start"": 2200, ""end"": 2280, ""text"": ""works to repair damage to the pass's environment caused by both roads since 1984""}]",-0.0117778020887076,0.0004636307147968,True,False,True,All nonempty cited evidence lies in the final source sentence; shared automatic exclusion.,False,0.36786488996613,0.3796426920548376,0.3674012592513331,-0.0122414328035044,True
87,8,true,detail,final_word,"The final word is ""1984"".",True,True,True,2150,"The Independence Pass Foundation, based in Aspen, works to repair damage to the pass's environment caused by both roads since 1984","[{""start"": 2276, ""end"": 2280, ""text"": ""1984""}]",0.0722261442107269,0.0611070807433041,True,False,True,"Explicit final-word/token claim, excluded regardless of truth.",False,0.36786488996613,0.295638745755403,0.3067578092228258,0.0111190634674227,True
87,9,true,detail,date,The restoration/repair work has been ongoing since 1984.,True,True,False,2150,"The Independence Pass Foundation, based in Aspen, works to repair damage to the pass's environment caused by both roads since 1984","[{""start"": 2200, ""end"": 2280, ""text"": ""works to repair damage to the pass's environment caused by both roads since 1984""}]",0.873176563780587,0.2147626188047215,True,False,True,All nonempty cited evidence lies in the final source sentence; shared automatic exclusion.,False,0.36786488996613,-0.505311673814457,0.1531022711614084,0.6584139449758654,True
87,11,false,detail,attribute,The site is protected by a national park and state park.,False,False,False,2150,"The Independence Pass Foundation, based in Aspen, works to repair damage to the pass's environment caused by both roads since 1984",[],-0.0075671371069891,-0.0120749867201542,False,False,False,Retained: earlier/global/mixed content; no additional final-sentence/token locality identified.,False,0.36786488996613,0.3754320270731192,0.3799398766862842,0.004507849613165,False
87,12,false,detail,attribute,The site is endangered by oil and gas drilling.,False,False,False,2150,"The Independence Pass Foundation, based in Aspen, works to repair damage to the pass's environment caused by both roads since 1984",[],-0.003321671736862,-0.0120749867201542,False,False,False,Retained: earlier/global/mixed content; no additional final-sentence/token locality identified.,False,0.36786488996613,0.3711865617029921,0.3799398766862842,0.0087533149832921,False
87,13,false,detail,attribute,The organization has worked to restore and protect the site from commercial exploitation.,False,False,False,2150,"The Independence Pass Foundation, based in Aspen, works to repair damage to the pass's environment caused by both roads since 1984",[],-0.0232372768462424,0.0621800145589239,False,True,True,"Text review: assertion refers to the final source sentence's event, entity, attribute, or syntax; excluded despite missing/earlier evidence.",False,0.36786488996613,0.3911021668123725,0.305684875407206,-0.0854172914051665,True
88,0,true,theme,format,The passage is in a factual/encyclopedic register.,False,False,False,1334,"The Marine Band also travels across the country each October and November during its fall concert tour, a tradition that began in 1891 under its most famous director, composer John Philip Sousa","[{""start"": 0, ""end"": 84, ""text"": ""The United States Marine Band is the premier band of the United States Marine Corps.""}]",0.0047289439389679,-0.0015314530022447,False,False,False,Retained: earlier/global/mixed content; no additional final-sentence/token locality identified.,False,0.6175712683612526,0.6128423244222847,0.6191027213634974,0.0062603969412127,False
88,1,true,theme,topic,The passage describes the Marine Band's history.,False,False,False,1334,"The Marine Band also travels across the country each October and November during its fall concert tour, a tradition that began in 1891 under its most famous director, composer John Philip Sousa","[{""start"": 85, ""end"": 186, ""text"": ""Established by act of Congress on July 11, 1798, it is the oldest of the United States military bands""}]",0.0088240470992324,-0.0015314530022447,False,False,False,Retained: earlier/global/mixed content; no additional final-sentence/token locality identified.,False,0.6175712683612526,0.6087472212620202,0.6191027213634974,0.0103555001014772,False
88,2,true,theme,topic,The passage describes the Marine Band's duties.,False,False,False,1334,"The Marine Band also travels across the country each October and November during its fall concert tour, a tradition that began in 1891 under its most famous director, composer John Philip Sousa","[{""start"": 1159, ""end"": 1307, ""text"": ""the Marine Band performs in approximately 500 events every year including state funerals, state arrival ceremonies, state dinners, parades, concerts""}]",0.0051634597784125,-0.0015314530022447,False,False,False,Retained: earlier/global/mixed content; no additional final-sentence/token locality identified.,False,0.6175712683612526,0.61240780858284,0.6191027213634974,0.0066949127806573,False
88,3,true,theme,style,The passage has a consistent informational tone throughout.,False,False,False,1334,"The Marine Band also travels across the country each October and November during its fall concert tour, a tradition that began in 1891 under its most famous director, composer John Philip Sousa","[{""start"": 0, ""end"": 84, ""text"": ""The United States Marine Band is the premier band of the United States Marine Corps.""}]",0.0071435100408396,-0.0015314530022447,False,False,False,Retained: earlier/global/mixed content; no additional final-sentence/token locality identified.,False,0.6175712683612526,0.610427758320413,0.6191027213634974,0.0086749630430844,False
88,4,false,entity,identity,The sentence is mid-description of the Eisenhower Hall.,False,False,False,1334,"The Marine Band also travels across the country each October and November during its fall concert tour, a tradition that began in 1891 under its most famous director, composer John Philip Sousa",[],-0.0400235859033105,-0.0047978019688542,False,True,True,"Text review: assertion refers to the final source sentence's event, entity, attribute, or syntax; excluded despite missing/earlier evidence.",False,0.6175712683612526,0.6575948542645632,0.6223690703301069,-0.0352257839344563,True
88,5,false,entity,relationship,The Eisenhower Hall is named after the 34th President.,False,False,False,1334,"The Marine Band also travels across the country each October and November during its fall concert tour, a tradition that began in 1891 under its most famous director, composer John Philip Sousa",[],-0.0187484009950843,0.0022443621309691,False,True,True,Exclude: hallucinated hall-name explanation belongs to the explicitly final-sentence hall-description frame.,True,0.6175712683612526,0.636319669356337,0.6153269062302835,-0.0209927631260534,True
88,6,true,detail,final_word,"The final word is ""Sousa"".",True,True,True,1334,"The Marine Band also travels across the country each October and November during its fall concert tour, a tradition that began in 1891 under its most famous director, composer John Philip Sousa","[{""start"": 1522, ""end"": 1527, ""text"": ""Sousa""}]",0.0036052808504009,0.0052430235077061,True,False,True,"Explicit final-word/token claim, excluded regardless of truth.",False,0.6175712683612526,0.6139659875108517,0.6123282448535465,-0.0016377426573052,True
88,7,true,entity,identity,"The final clause names composer and conductor John Philip Sousa, associated with this tradition by tenure.",True,True,False,1334,"The Marine Band also travels across the country each October and November during its fall concert tour, a tradition that began in 1891 under its most famous director, composer John Philip Sousa","[{""start"": 1438, ""end"": 1527, ""text"": ""a tradition that began in 1891 under its most famous director, composer John Philip Sousa""}]",0.0167689222641547,0.0052430235077061,True,False,True,All nonempty cited evidence lies in the final source sentence; shared automatic exclusion.,False,0.6175712683612526,0.6008023460970979,0.6123282448535465,0.0115258987564486,True
88,9,false,detail,attribute,"The hall is also known as the ""Home of the President's Own.""",False,False,False,1334,"The Marine Band also travels across the country each October and November during its fall concert tour, a tradition that began in 1891 under its most famous director, composer John Philip Sousa","[{""start"": 542, ""end"": 617, ""text"": ""The Marine Band has been uniquely known as \""The President's Own\"" since 1801""}]",-0.0028712282605554,-0.0167595591754965,False,True,True,Exclude: hallucinated hall epithet belongs to that same final-sentence frame.,True,0.6175712683612526,0.6204424966218081,0.6343308275367492,0.0138883309149411,True
88,10,false,detail,attribute,The hall was built during the tenure of John Philip Sousa.,False,True,False,1334,"The Marine Band also travels across the country each October and November during its fall concert tour, a tradition that began in 1891 under its most famous director, composer John Philip Sousa","[{""start"": 1438, ""end"": 1527, ""text"": ""a tradition that began in 1891 under its most famous director, composer John Philip Sousa""}]",0.0220276437451447,-0.0167595591754965,True,True,True,All nonempty cited evidence lies in the final source sentence; shared automatic exclusion.,False,0.6175712683612526,0.5955436246161079,0.6343308275367492,0.0387872029206413,True
89,0,true,theme,format,The passage is in historical encyclopedia/database entry style.,False,False,False,802,This remained a classic astrology textbook for two centuries,"[{""start"": 0, ""end"": 98, ""text"": ""Guido Bonatti (died between 1296 and 1300) was an Italian mathematician, astronomer and astrologer""}]",0.0098693175448204,-0.000888087750873,False,False,False,Retained: earlier/global/mixed content; no additional final-sentence/token locality identified.,False,0.7970409895924784,0.7871716720476579,0.7979290773433514,0.0107574052956934,False
89,1,true,theme,topic,The passage presents biographical and contextual facts about medieval figures.,False,False,False,802,This remained a classic astrology textbook for two centuries,"[{""start"": 160, ""end"": 293, ""text"": ""Bonatti was advisor of Frederick II, Holy Roman Emperor, Ezzelino da Romano III, Guido Novello da Polenta and Guido I da Montefeltro.""}]",0.0137585582215358,-0.000888087750873,False,False,False,Retained: earlier/global/mixed content; no additional final-sentence/token locality identified.,False,0.7970409895924784,0.7832824313709426,0.7979290773433514,0.0146466459724088,False
89,2,true,theme,style,The passage is in structured paragraphs.,False,False,False,802,This remained a classic astrology textbook for two centuries,"[{""start"": 0, ""end"": 98, ""text"": ""Guido Bonatti (died between 1296 and 1300) was an Italian mathematician, astronomer and astrologer""}]",0.0102488114007592,-0.000888087750873,False,False,False,Retained: earlier/global/mixed content; no additional final-sentence/token locality identified.,False,0.7970409895924784,0.7867921781917191,0.7979290773433514,0.0111368991516322,False
89,3,true,theme,topic,The entry describes the manuscript's contents and significance.,False,False,False,802,This remained a classic astrology textbook for two centuries,"[{""start"": 710, ""end"": 801, ""text"": ""His most famous work was his Liber Astronomiae or 'Book of Astronomy', written around 1277.""}]",0.0026152134397103,-0.0012389959628653,False,False,False,Retained: earlier/global/mixed content; no additional final-sentence/token locality identified.,False,0.7970409895924784,0.794425776152768,0.7982799855553437,0.0038542094025757,False
89,4,true,theme,topic,The entry builds toward the treatise's lasting legacy.,True,True,False,802,This remained a classic astrology textbook for two centuries,"[{""start"": 802, ""end"": 862, ""text"": ""This remained a classic astrology textbook for two centuries""}]",0.01800076380094,-0.0012389959628653,True,False,True,All nonempty cited evidence lies in the final source sentence; shared automatic exclusion.,False,0.7970409895924784,0.7790402257915383,0.7982799855553437,0.0192397597638054,True
89,5,false,detail,attribute,"The treatise is described as ""the most important medieval treatise on music theory.""",False,False,False,802,This remained a classic astrology textbook for two centuries,"[{""start"": 710, ""end"": 779, ""text"": ""His most famous work was his Liber Astronomiae or 'Book of Astronomy'""}]",-0.0033671777787001,-0.0036503462692218,False,True,True,"Exclude: concluding evaluative textbook-legacy claim, distinct from the earlier author/work identity.",True,0.7970409895924784,0.8004081673711785,0.8006913358617003,0.0002831684905217,True
89,6,true,detail,final_word,"The final word is ""centuries"".",True,True,True,802,This remained a classic astrology textbook for two centuries,"[{""start"": 853, ""end"": 862, ""text"": ""centuries""}]",0.0057459590871634,-0.0059918977022714,True,False,True,"Explicit final-word/token claim, excluded regardless of truth.",False,0.7970409895924784,0.7912950305053149,0.8030328872947499,0.0117378567894349,True
89,7,true,detail,attribute,It remained a standard textbook/reference for two centuries.,True,True,False,802,This remained a classic astrology textbook for two centuries,"[{""start"": 802, ""end"": 862, ""text"": ""This remained a classic astrology textbook for two centuries""}]",0.625979911551836,-0.0083746694654573,True,False,True,All nonempty cited evidence lies in the final source sentence; shared automatic exclusion.,False,0.7970409895924784,0.1710610780406424,0.8054156590579358,0.6343545810172934,True
89,8,true,detail,local_text,The sentence is grammatically complete.,True,True,False,802,This remained a classic astrology textbook for two centuries,"[{""start"": 802, ""end"": 862, ""text"": ""This remained a classic astrology textbook for two centuries""}]",0.0102132000421123,-0.0059918977022714,True,False,True,All nonempty cited evidence lies in the final source sentence; shared automatic exclusion.,False,0.7970409895924784,0.786827789550366,0.8030328872947499,0.0162050977443838,True
89,10,false,entity,identity,"John of Garland, a 14th-century English cleric, wrote this influential treatise on music theory, the Ars Musica, in 1376.",False,False,False,802,This remained a classic astrology textbook for two centuries,"[{""start"": 710, ""end"": 801, ""text"": ""His most famous work was his Liber Astronomiae or 'Book of Astronomy', written around 1277.""}]",0.0324010220946715,0.0040101543150761,False,False,False,Retained: earlier/global/mixed content; no additional final-sentence/token locality identified.,False,0.7970409895924784,0.7646399674978068,0.7930308352774023,0.0283908677795954,False
90,0,true,theme,format,The passage is in biographical Wikipedia article structure.,False,False,False,1310,Henri's son Louis later became Lieutenant General of the colony of New France in North America,"[{""start"": 0, ""end"": 104, ""text"": ""Henri de Buade de Frontenac (1596 – 1622) was a French aristocrat during the age of Louis XIII of France""}]",-0.0066232773093598,0.0014241911137501,False,False,False,Retained: earlier/global/mixed content; no additional final-sentence/token locality identified.,False,0.5899077524858819,0.5965310297952418,0.5884835613721318,-0.0080474684231099,False
90,1,false,entity,identity,This is a detailed life narrative of Don Diego de Irázabal.,False,False,False,1310,Henri's son Louis later became Lieutenant General of the colony of New France in North America,"[{""start"": 0, ""end"": 65, ""text"": ""Henri de Buade de Frontenac (1596 – 1622) was a French aristocrat""}]",0.0048197084766793,0.0014241911137501,False,False,False,Retained: earlier/global/mixed content; no additional final-sentence/token locality identified.,False,0.5899077524858819,0.5850880440092026,0.5884835613721318,0.0033955173629292,False
90,2,false,entity,relationship,The article consistently references his son Alexander as the more famous descendant.,False,False,False,1310,Henri's son Louis later became Lieutenant General of the colony of New France in North America,"[{""start"": 106, ""end"": 220, ""text"": ""best known as the father of Louis de Buade de Frontenac, the future Lieutenant General of the colony of New France""}]",0.0270547860175537,0.0018275794787612,False,False,False,Keep: son identity is a recurring article-wide father/son premise also given in the opening.,True,0.5899077524858819,0.5628529664683282,0.5880801730071207,0.0252272065387925,False
90,3,false,detail,attribute,The article covers Irish origins.,False,False,False,1310,Henri's son Louis later became Lieutenant General of the colony of New France in North America,"[{""start"": 331, ""end"": 383, ""text"": ""His father, from a family that originated in Guyenne""}]",0.0042447214316457,0.0010913921467525,False,False,False,Retained: earlier/global/mixed content; no additional final-sentence/token locality identified.,False,0.5899077524858819,0.5856630310542361,0.5888163603391293,0.0031533292848932,False
90,4,false,detail,attribute,The article covers a New Spain governorship.,False,False,False,1310,Henri's son Louis later became Lieutenant General of the colony of New France in North America,"[{""start"": 163, ""end"": 237, ""text"": ""the future Lieutenant General of the colony of New France in North America""}]",-0.003022969850406,0.0010913921467525,False,True,True,"Text review: assertion refers to the final source sentence's event, entity, attribute, or syntax; excluded despite missing/earlier evidence.",False,0.5899077524858819,0.592930722336288,0.5888163603391293,-0.0041143619971586,True
90,5,true,detail,local_text,"The passage reaches a concluding summary paragraph that mirrors the opening sentence's framing, directly echoing the opening about his son.",False,False,False,1310,Henri's son Louis later became Lieutenant General of the colony of New France in North America,"[{""start"": 106, ""end"": 237, ""text"": ""best known as the father of Louis de Buade de Frontenac, the future Lieutenant General of the colony of New France in North America""}, {""start"": 1310, ""end"": 1404, ""text"": ""Henri's son Louis later became Lieutenant General of the colony of New France in North America""}]",0.0307546281715659,0.0091241848901301,False,True,True,Explicitly describes the concluding sentence as echoing the opening father/son framing.,False,0.5899077524858819,0.559153124314316,0.5807835675957518,0.0216304432814358,True
90,6,true,detail,final_word,"The final word is ""America"".",True,False,True,1310,Henri's son Louis later became Lieutenant General of the colony of New France in North America,"[{""start"": 230, ""end"": 237, ""text"": ""America""}]",0.0160678678683757,0.0099003153587217,True,False,True,"Explicit final-word/token claim, excluded regardless of truth.",False,0.5899077524858819,0.5738398846175061,0.5800074371271602,0.006167552509654,True
90,7,true,detail,local_text,The final sentence closes by restating the son's legacy.,True,True,False,1310,Henri's son Louis later became Lieutenant General of the colony of New France in North America,"[{""start"": 1310, ""end"": 1404, ""text"": ""Henri's son Louis later became Lieutenant General of the colony of New France in North America""}]",0.0012930682926578,0.0099003153587217,True,False,True,All nonempty cited evidence lies in the final source sentence; shared automatic exclusion.,False,0.5899077524858819,0.588614684193224,0.5800074371271602,-0.0086072470660638,True
90,8,false,entity,identity,His son Alexander de Irázabal later became a prominent governor of New Spain in North America.,False,True,False,1310,Henri's son Louis later became Lieutenant General of the colony of New France in North America,"[{""start"": 1310, ""end"": 1404, ""text"": ""Henri's son Louis later became Lieutenant General of the colony of New France in North America""}]",0.4140157192744209,0.0085559198354933,True,True,True,All nonempty cited evidence lies in the final source sentence; shared automatic exclusion.,False,0.5899077524858819,0.175892033211461,0.5813518326503886,0.4054597994389275,True
90,10,false,detail,date,He died in 1660 in Spain.,False,False,False,1310,Henri's son Louis later became Lieutenant General of the colony of New France in North America,"[{""start"": 1178, ""end"": 1227, ""text"": ""He was killed in 1622 during a military campaign.""}]",0.0029231346388621,0.0006244283672215,False,False,False,Retained: earlier/global/mixed content; no additional final-sentence/token locality identified.,False,0.5899077524858819,0.5869846178470197,0.5892833241186604,0.0022987062716406,False
91,0,true,theme,format,The passage is a historical encyclopedia/Wikipedia-style article.,False,False,False,1341,The four remaining buildings are being restored in a project to return the camp to its 1940s appearance,"[{""start"": 0, ""end"": 98, ""text"": ""The Tule Lake camp was a federal work facility and WRA isolation center located in Siskiyou County""}]",-0.0048357011834694,-0.005745774893713,False,False,False,Retained: earlier/global/mixed content; no additional final-sentence/token locality identified.,False,0.7762888401162482,0.7811245412997176,0.7820346150099613,0.0009100737102436,False
91,1,false,entity,identity,The article is about the 1965 Watts Riots and related events.,False,False,False,1341,The four remaining buildings are being restored in a project to return the camp to its 1940s appearance,"[{""start"": 0, ""end"": 98, ""text"": ""The Tule Lake camp was a federal work facility and WRA isolation center located in Siskiyou County""}]",0.0120283630051424,-0.0065474718995413,False,False,False,Retained: earlier/global/mixed content; no additional final-sentence/token locality identified.,False,0.7762888401162482,0.7642604771111058,0.7828363120157895,0.0185758349046837,False
91,2,true,theme,style,"The passage establishes a factual, neutral tone throughout.",False,False,False,1341,The four remaining buildings are being restored in a project to return the camp to its 1940s appearance,"[{""start"": 0, ""end"": 98, ""text"": ""The Tule Lake camp was a federal work facility and WRA isolation center located in Siskiyou County""}]",0.0042796702252476,-0.005745774893713,False,False,False,Retained: earlier/global/mixed content; no additional final-sentence/token locality identified.,False,0.7762888401162482,0.7720091698910005,0.7820346150099613,0.0100254451189607,False
91,3,true,theme,topic,The passage describes a specific facility's current status and preservation efforts.,True,True,False,1341,The four remaining buildings are being restored in a project to return the camp to its 1940s appearance,"[{""start"": 1341, ""end"": 1444, ""text"": ""The four remaining buildings are being restored in a project to return the camp to its 1940s appearance""}]",0.003625475554966,-0.0015995378758683,True,False,True,All nonempty cited evidence lies in the final source sentence; shared automatic exclusion.,False,0.7762888401162482,0.7726633645612822,0.7778883779921165,0.0052250134308343,True
91,4,true,theme,topic,This builds toward a concluding detail about restoration or historical significance.,True,True,False,1341,The four remaining buildings are being restored in a project to return the camp to its 1940s appearance,"[{""start"": 1341, ""end"": 1444, ""text"": ""The four remaining buildings are being restored in a project to return the camp to its 1940s appearance""}]",0.0007780397171479,-0.0015995378758683,True,False,True,All nonempty cited evidence lies in the final source sentence; shared automatic exclusion.,False,0.7762888401162482,0.7755108003991003,0.7778883779921165,0.0023775775930162,True
91,7,false,detail,local_text,The final phrase ends mid-thought.,False,True,False,1341,The four remaining buildings are being restored in a project to return the camp to its 1940s appearance,"[{""start"": 1341, ""end"": 1444, ""text"": ""The four remaining buildings are being restored in a project to return the camp to its 1940s appearance""}]",0.0043682275018609,0.0123263039262092,True,True,True,All nonempty cited evidence lies in the final source sentence; shared automatic exclusion.,False,0.7762888401162482,0.7719206126143873,0.763962536190039,-0.0079580764243483,True
91,9,false,detail,attribute,The site is now a museum and research facility.,False,False,False,1341,The four remaining buildings are being restored in a project to return the camp to its 1940s appearance,[],-0.0012564763067315,-0.0011031594704667,False,True,True,Exclude: invented current site status within the concluding restoration account.,True,0.7762888401162482,0.7775453164229797,0.777391999586715,-0.0001533168362647,True
91,10,true,detail,attribute,The building is being preserved as part of a project to restore the site.,True,True,False,1341,The four remaining buildings are being restored in a project to return the camp to its 1940s appearance,"[{""start"": 1341, ""end"": 1444, ""text"": ""The four remaining buildings are being restored in a project to return the camp to its 1940s appearance""}]",0.0033079015793169,-0.00036979830181,True,False,True,All nonempty cited evidence lies in the final source sentence; shared automatic exclusion.,False,0.7762888401162482,0.7729809385369313,0.7766586384180583,0.0036776998811269,True
91,11,false,detail,attribute,The old plant is being preserved and restored.,False,False,False,1341,The four remaining buildings are being restored in a project to return the camp to its 1940s appearance,[],-0.0047118904708329,-0.0106794027755255,False,True,True,"Text review: assertion refers to the final source sentence's event, entity, attribute, or syntax; excluded despite missing/earlier evidence.",False,0.7762888401162482,0.7810007305870812,0.7869682428917738,0.0059675123046926,True
92,0,true,theme,format,The passage is in Wikipedia article structure: encyclopedic prose.,False,False,False,676,The city administers the Păltiniș ski resort,"[{""start"": 0, ""end"": 98, ""text"": ""Sibiu (, antiquated Sibiiu;, Transylvanian Saxon: Härmeschtat,) is a city in Transylvania, Romania""}]",0.0236900334661186,0.0049863842907212,False,False,False,Retained: earlier/global/mixed content; no additional final-sentence/token locality identified.,False,0.7431590777407092,0.7194690442745906,0.7381726934499879,0.0187036491753973,False
92,1,false,entity,identity,"The article is about Timișoara, Romania.",False,False,False,676,The city administers the Păltiniș ski resort,"[{""start"": 0, ""end"": 98, ""text"": ""Sibiu (, antiquated Sibiiu;, Transylvanian Saxon: Härmeschtat,) is a city in Transylvania, Romania""}]",0.0078353700195309,0.0088228266469335,False,False,False,Retained: earlier/global/mixed content; no additional final-sentence/token locality identified.,False,0.7431590777407092,0.7353237077211783,0.7343362510937756,-0.0009874566274026,False
92,2,true,theme,style,The passage follows standard city-article conventions.,False,False,False,676,The city administers the Păltiniș ski resort,"[{""start"": 0, ""end"": 129, ""text"": ""Sibiu (, antiquated Sibiiu;, Transylvanian Saxon: Härmeschtat,) is a city in Transylvania, Romania, with a population of 147,245.""}]",0.0190118345285118,0.0049863842907212,False,False,False,Retained: earlier/global/mixed content; no additional final-sentence/token locality identified.,False,0.7431590777407092,0.7241472432121974,0.7381726934499879,0.0140254502377905,False
92,3,true,theme,topic,The passage covers geography.,False,False,False,676,The city administers the Păltiniș ski resort,"[{""start"": 130, ""end"": 233, ""text"": ""Located some north-west of Bucharest, the city straddles the Cibin River, a tributary of the river Olt.""}]",0.0016531501742219,0.0049863842907212,False,False,False,Retained: earlier/global/mixed content; no additional final-sentence/token locality identified.,False,0.7431590777407092,0.7415059275664873,0.7381726934499879,-0.0033332341164993,False
92,4,true,theme,topic,The passage covers history.,False,False,False,676,The city administers the Păltiniș ski resort,"[{""start"": 267, ""end"": 360, ""text"": ""between 1692 and 1791 and 1849 – 65 Sibiu was the capital of the Principality of Transylvania""}]",0.0017240079837919,0.0049863842907212,False,False,False,Retained: earlier/global/mixed content; no additional final-sentence/token locality identified.,False,0.7431590777407092,0.7414350697569173,0.7381726934499879,-0.0032623763069293,False
92,5,true,theme,topic,The passage covers administrative details.,False,False,False,676,The city administers the Păltiniș ski resort,"[{""start"": 234, ""end"": 265, ""text"": ""Now the capital of Sibiu County""}]",-0.0023904184689743,0.0077721147641488,False,False,False,Retained: earlier/global/mixed content; no additional final-sentence/token locality identified.,False,0.7431590777407092,0.7455494962096836,0.7353869629765604,-0.0101625332331232,False
92,6,true,theme,topic,The text lists the city's roles.,False,False,False,676,The city administers the Păltiniș ski resort,"[{""start"": 429, ""end"": 493, ""text"": ""was designated the European Capital of Culture for the year 2007""}]",0.0007879231594669,0.0041435021326826,False,False,False,Retained: earlier/global/mixed content; no additional final-sentence/token locality identified.,False,0.7431590777407092,0.7423711545812423,0.7390155756080266,-0.0033555789732157,False
92,7,true,theme,topic,The text lists the city's landmarks.,True,True,False,676,The city administers the Păltiniș ski resort,"[{""start"": 676, ""end"": 720, ""text"": ""The city administers the Păltiniș ski resort""}]",-0.006922840091357,0.0041435021326826,True,False,True,All nonempty cited evidence lies in the final source sentence; shared automatic exclusion.,False,0.7431590777407092,0.7500819178320662,0.7390155756080266,-0.0110663422240396,True
92,9,true,detail,final_word,"The final word is ""resort"".",True,True,True,676,The city administers the Păltiniș ski resort,"[{""start"": 714, ""end"": 720, ""text"": ""resort""}]",-0.0104219023763197,-0.0061685742589786,True,False,True,"Explicit final-word/token claim, excluded regardless of truth.",False,0.7431590777407092,0.753580980117029,0.7493276519996879,-0.0042533281173411,True
92,10,false,entity,identity,The city administers the Cheile Turzii ski resort.,False,True,False,676,The city administers the Păltiniș ski resort,"[{""start"": 676, ""end"": 720, ""text"": ""The city administers the Păltiniș ski resort""}]",-1.5596403193929298e-05,-0.0061685742589786,True,True,True,All nonempty cited evidence lies in the final source sentence; shared automatic exclusion.,False,0.7431590777407092,0.7431746741439031,0.7493276519996879,0.0061529778557847,True
92,11,false,detail,local_text,The final sentence ends as a fragment.,False,True,False,676,The city administers the Păltiniș ski resort,"[{""start"": 676, ""end"": 720, ""text"": ""The city administers the Păltiniș ski resort""}]",-0.0096901054398077,-0.0061685742589786,True,True,True,All nonempty cited evidence lies in the final source sentence; shared automatic exclusion.,False,0.7431590777407092,0.752849183180517,0.7493276519996879,-0.003521531180829,True
92,13,false,detail,attribute,The city is the sixth-largest city in Romania.,False,False,False,676,The city administers the Păltiniș ski resort,[],0.0207038246435066,0.0012166188607879,False,False,False,Retained: earlier/global/mixed content; no additional final-sentence/token locality identified.,False,0.7431590777407092,0.7224552530972026,0.7419424588799213,0.0194872057827186,False
92,14,false,entity,relationship,The city is the capital of Timiș County.,False,False,False,676,The city administers the Păltiniș ski resort,"[{""start"": 234, ""end"": 265, ""text"": ""Now the capital of Sibiu County""}]",0.0107894857717395,0.0012166188607879,False,False,False,Retained: earlier/global/mixed content; no additional final-sentence/token locality identified.,False,0.7431590777407092,0.7323695919689697,0.7419424588799213,0.0095728669109516,False
92,15,false,detail,attribute,"It is a major industrial, cultural, academic, and commercial centre.",False,False,False,676,The city administers the Păltiniș ski resort,"[{""start"": 362, ""end"": 424, ""text"": ""Sibiu is one of the most important cultural centres of Romania""}]",0.010945443249095,0.0088798111436664,False,False,False,Retained: earlier/global/mixed content; no additional final-sentence/token locality identified.,False,0.7431590777407092,0.7322136344916141,0.7342792665970428,0.0020656321054286,False
92,16,false,entity,identity,The city administers the Vârșeț ski resort.,False,True,False,676,The city administers the Păltiniș ski resort,"[{""start"": 676, ""end"": 720, ""text"": ""The city administers the Păltiniș ski resort""}]",0.1528597138443111,0.0488447294248947,True,True,True,All nonempty cited evidence lies in the final source sentence; shared automatic exclusion.,False,0.7431590777407092,0.590299363896398,0.6943143483158145,0.1040149844194164,True
93,0,true,theme,format,The passage is in biographical profile format.,False,False,False,816,He serves on the supervisory board of Naftogaz as well as the Board's of the Atlantic Council and U.S.-India Business Council,"[{""start"": 0, ""end"": 120, ""text"": ""Amos J. Hochstein (born January 4, 1973) is a U.S. businessman, former diplomat and national security and energy expert.""}]",-0.0111530731034513,-0.0057991925589211,False,False,False,Retained: earlier/global/mixed content; no additional final-sentence/token locality identified.,False,0.7403457194948724,0.7514987925983238,0.7461449120537935,-0.0053538805445302,False
93,1,false,theme,format,The passage is structured as bullet-point facts.,False,False,False,816,He serves on the supervisory board of Naftogaz as well as the Board's of the Atlantic Council and U.S.-India Business Council,"[{""start"": 0, ""end"": 120, ""text"": ""Amos J. Hochstein (born January 4, 1973) is a U.S. businessman, former diplomat and national security and energy expert.""}]",0.0075789191804307,-0.0057991925589211,False,False,False,Retained: earlier/global/mixed content; no additional final-sentence/token locality identified.,False,0.7403457194948724,0.7327668003144416,0.7461449120537935,0.0133781117393518,False
93,2,false,theme,topic,The passage is about a political figure.,False,False,False,816,He serves on the supervisory board of Naftogaz as well as the Board's of the Atlantic Council and U.S.-India Business Council,"[{""start"": 41, ""end"": 119, ""text"": ""is a U.S. businessman, former diplomat and national security and energy expert""}]",0.00829615560869,-0.0057991925589211,False,False,False,Retained: earlier/global/mixed content; no additional final-sentence/token locality identified.,False,0.7403457194948724,0.7320495638861824,0.7461449120537935,0.0140953481676111,False
93,3,true,theme,style,Each sentence adds a new credential or role.,False,False,False,816,He serves on the supervisory board of Naftogaz as well as the Board's of the Atlantic Council and U.S.-India Business Council,"[{""start"": 298, ""end"": 358, ""text"": ""He was appointed Deputy Assistant Secretary of State in 2011""}]",0.00712887791203,-0.0057991925589211,False,False,False,Retained: earlier/global/mixed content; no additional final-sentence/token locality identified.,False,0.7403457194948724,0.7332168415828423,0.7461449120537935,0.0129280704709512,False
93,4,true,theme,topic,This is a continuation of a list of board memberships/roles.,True,True,False,816,He serves on the supervisory board of Naftogaz as well as the Board's of the Atlantic Council and U.S.-India Business Council,"[{""start"": 816, ""end"": 941, ""text"": ""He serves on the supervisory board of Naftogaz as well as the Board's of the Atlantic Council and U.S.-India Business Council""}]",-0.0001512980627857,-0.0036010478433594,True,False,True,All nonempty cited evidence lies in the final source sentence; shared automatic exclusion.,False,0.7403457194948724,0.7404970175576582,0.7439467673382318,0.0034497497805736,True
93,5,false,detail,attribute,He is also on the board of the World Economic Forum.,False,False,False,816,He serves on the supervisory board of Naftogaz as well as the Board's of the Atlantic Council and U.S.-India Business Council,[],0.0142413369881795,-0.005687828857751,False,True,True,"Text review: assertion refers to the final source sentence's event, entity, attribute, or syntax; excluded despite missing/earlier evidence.",False,0.7403457194948724,0.7261043825066928,0.7460335483526235,0.0199291658459306,True
93,6,false,detail,attribute,He serves on the board of American Red Cross.,False,False,False,816,He serves on the supervisory board of Naftogaz as well as the Board's of the Atlantic Council and U.S.-India Business Council,[],0.0095274908026918,-0.0036010478433594,False,True,True,"Text review: assertion refers to the final source sentence's event, entity, attribute, or syntax; excluded despite missing/earlier evidence.",False,0.7403457194948724,0.7308182286921805,0.7439467673382318,0.0131285386460513,True
93,7,false,detail,attribute,He is a board member of Asia Society.,False,False,False,816,He serves on the supervisory board of Naftogaz as well as the Board's of the Atlantic Council and U.S.-India Business Council,[],0.051219588606304,-0.0035252213268925,False,True,True,"Text review: assertion refers to the final source sentence's event, entity, attribute, or syntax; excluded despite missing/earlier evidence.",False,0.7403457194948724,0.6891261308885683,0.743870940821765,0.0547448099331966,True
93,8,true,entity,identity,He serves on the board of the US-India Business Council.,True,True,False,816,He serves on the supervisory board of Naftogaz as well as the Board's of the Atlantic Council and U.S.-India Business Council,"[{""start"": 914, ""end"": 941, ""text"": ""U.S.-India Business Council""}]",0.9039643036145808,-0.0035252213268925,True,False,True,All nonempty cited evidence lies in the final source sentence; shared automatic exclusion.,False,0.7403457194948724,-0.1636185841197084,0.743870940821765,0.9074895249414734,True
93,10,true,detail,final_word,"The final word is ""Council"".",True,True,True,816,He serves on the supervisory board of Naftogaz as well as the Board's of the Atlantic Council and U.S.-India Business Council,"[{""start"": 902, ""end"": 909, ""text"": ""Council""}]",-0.0082255531112394,-0.0085148890413373,True,False,True,"Explicit final-word/token claim, excluded regardless of truth.",False,0.7403457194948724,0.7485712726061118,0.7488606085362097,0.0002893359300979,True
93,11,false,detail,attribute,He is chair of the board of the Asia Society.,False,False,False,816,He serves on the supervisory board of Naftogaz as well as the Board's of the Atlantic Council and U.S.-India Business Council,[],0.0006983865691581,-0.0085148890413373,False,True,True,"Text review: assertion refers to the final source sentence's event, entity, attribute, or syntax; excluded despite missing/earlier evidence.",False,0.7403457194948724,0.7396473329257143,0.7488606085362097,0.0092132756104954,True
93,12,false,entity,identity,He serves on the board of the US-China Business Council.,False,True,False,816,He serves on the supervisory board of Naftogaz as well as the Board's of the Atlantic Council and U.S.-India Business Council,"[{""start"": 914, ""end"": 941, ""text"": ""U.S.-India Business Council""}]",0.0022544501562202,-0.0085148890413373,True,True,True,All nonempty cited evidence lies in the final source sentence; shared automatic exclusion.,False,0.7403457194948724,0.7380912693386521,0.7488606085362097,0.0107693391975576,True
93,14,false,detail,attribute,He also founded the Climate Change Commission.,False,False,False,816,He serves on the supervisory board of Naftogaz as well as the Board's of the Atlantic Council and U.S.-India Business Council,[],0.0056738262111001,-0.0014556802872776,False,False,False,Retained: earlier/global/mixed content; no additional final-sentence/token locality identified.,False,0.7403457194948724,0.7346718932837722,0.74180139978215,0.0071295064983777,False
93,15,false,detail,attribute,He also serves on advisory boards for the International Finance Corporation.,False,False,False,816,He serves on the supervisory board of Naftogaz as well as the Board's of the Atlantic Council and U.S.-India Business Council,[],0.0003564900304556,-0.0010001229463476,False,True,True,Exclude: fabricated advisory-board role in the final list of board memberships.,True,0.7403457194948724,0.7399892294644167,0.74134584244122,0.0013566129768033,True
94,0,false,theme,format,The passage is a biographical article: a structured entertainment news piece.,False,False,False,1034,"The album was dedicated to Vogue Empower, a social awareness initiative that draws attention to women's empowerment","[{""start"": 0, ""end"": 123, ""text"": ""Raunaq: Conversation of Music and Poetry is a 2014 studio album composed by A. R. Rahman with lyrics penned by Kapil Sibal.""}]",-0.0184738290352962,0.0046197326149516,False,False,False,Retained: earlier/global/mixed content; no additional final-sentence/token locality identified.,False,0.6789075268571744,0.6973813558924706,0.6742877942422227,-0.0230935616502478,False
94,1,false,entity,identity,This is for Bollywood actor Vishnu Vishal.,False,False,False,1034,"The album was dedicated to Vogue Empower, a social awareness initiative that draws attention to women's empowerment","[{""start"": 0, ""end"": 88, ""text"": ""Raunaq: Conversation of Music and Poetry is a 2014 studio album composed by A. R. Rahman""}]",0.0052727916140947,0.0046197326149516,False,False,False,Retained: earlier/global/mixed content; no additional final-sentence/token locality identified.,False,0.6789075268571744,0.6736347352430796,0.6742877942422227,0.0006530589991431,False
94,2,false,theme,topic,The passage details career milestones.,False,False,False,1034,"The album was dedicated to Vogue Empower, a social awareness initiative that draws attention to women's empowerment","[{""start"": 0, ""end"": 88, ""text"": ""Raunaq: Conversation of Music and Poetry is a 2014 studio album composed by A. R. Rahman""}]",0.0017890833237054,0.0046197326149516,False,False,False,Retained: earlier/global/mixed content; no additional final-sentence/token locality identified.,False,0.6789075268571744,0.677118443533469,0.6742877942422227,-0.0028306492912462,False
94,3,true,theme,topic,The passage details collaborations.,False,False,False,1034,"The album was dedicated to Vogue Empower, a social awareness initiative that draws attention to women's empowerment","[{""start"": 318, ""end"": 433, ""text"": ""The album was a result of Sibal's anthology of poems to which Rahman added visuals from Raja Ravi Varma's paintings""}]",-0.0001175531972684,0.0046197326149516,False,False,False,Retained: earlier/global/mixed content; no additional final-sentence/token locality identified.,False,0.6789075268571744,0.6790250800544428,0.6742877942422227,-0.0047372858122201,False
94,4,false,theme,topic,The passage details film details.,False,False,False,1034,"The album was dedicated to Vogue Empower, a social awareness initiative that draws attention to women's empowerment",[],-0.0010799018760935,0.0046197326149516,False,False,False,Retained: earlier/global/mixed content; no additional final-sentence/token locality identified.,False,0.6789075268571744,0.6799874287332679,0.6742877942422227,-0.0056996344910451,False
94,5,false,detail,attribute,The final sentence is about the film's social context.,False,True,False,1034,"The album was dedicated to Vogue Empower, a social awareness initiative that draws attention to women's empowerment","[{""start"": 1034, ""end"": 1149, ""text"": ""The album was dedicated to Vogue Empower, a social awareness initiative that draws attention to women's empowerment""}]",0.004854070575838,-0.0033539625517756,True,True,True,All nonempty cited evidence lies in the final source sentence; shared automatic exclusion.,False,0.6789075268571744,0.6740534562813363,0.68226148940895,0.0082080331276137,True
94,6,false,entity,identity,"The ""Women's Voice"" initiative has been introduced.",False,True,False,1034,"The album was dedicated to Vogue Empower, a social awareness initiative that draws attention to women's empowerment","[{""start"": 1034, ""end"": 1074, ""text"": ""The album was dedicated to Vogue Empower""}]",0.0132458730781762,0.0033154966591772,True,True,True,All nonempty cited evidence lies in the final source sentence; shared automatic exclusion.,False,0.6789075268571744,0.6656616537789981,0.6755920301979971,0.0099303764189989,True
94,8,true,detail,final_word,"The final word is ""empowerment"".",True,True,True,1034,"The album was dedicated to Vogue Empower, a social awareness initiative that draws attention to women's empowerment","[{""start"": 1138, ""end"": 1149, ""text"": ""empowerment""}]",0.0016967665125797,-0.0020908815250418,True,False,True,"Explicit final-word/token claim, excluded regardless of truth.",False,0.6789075268571744,0.6772107603445946,0.6809984083822163,0.0037876480376216,True
94,9,true,detail,attribute,The initiative focuses on women's empowerment.,True,True,False,1034,"The album was dedicated to Vogue Empower, a social awareness initiative that draws attention to women's empowerment","[{""start"": 1076, ""end"": 1149, ""text"": ""a social awareness initiative that draws attention to women's empowerment""}]",1.0742600330884038,0.0009719308865941,True,False,True,All nonempty cited evidence lies in the final source sentence; shared automatic exclusion.,False,0.6789075268571744,-0.3953525062312293,0.6779355959705802,1.0732881022018097,True
94,11,false,detail,attribute,The film is sponsored by UNICEF.,False,False,False,1034,"The album was dedicated to Vogue Empower, a social awareness initiative that draws attention to women's empowerment",[],0.0020870390464905,-0.0011261468780573,False,True,True,Exclude: fabricated sponsor replaces/adds to the final album-dedication relationship.,True,0.6789075268571744,0.6768204878106838,0.6800336737352317,0.0032131859245478,True
94,12,false,detail,local_text,The sentence ends mid-thought.,False,True,False,1034,"The album was dedicated to Vogue Empower, a social awareness initiative that draws attention to women's empowerment","[{""start"": 1034, ""end"": 1149, ""text"": ""The album was dedicated to Vogue Empower, a social awareness initiative that draws attention to women's empowerment""}]",-0.0009683192075092,-0.0011438134876343,True,True,True,All nonempty cited evidence lies in the final source sentence; shared automatic exclusion.,False,0.6789075268571744,0.6798758460646837,0.6800513403448087,0.000175494280125,True
95,0,true,theme,format,The passage is a Wikipedia biographical article.,False,False,False,384,"He is also known as the ""Baal HaTanya"" (Master of the Tanya), and by a variety of other names including ""Shneur Zalman Baruchovitch,"" Baruchovitch being the Russian patronymic from his father Baruch, by the acronym ""RaShaZ"" (), by the title ""Baal HaTanya ve-haShulchan Aruch'"" (Master of the Tanya and the Shulchan Aruch), as the ""Alter Rebbe"" (""Old Rebbe"" in Yiddish), ""Admor HaZaken"" (""Old Rebbe"" in Hebrew), ""Rabbenu HaZaken"", ""Rabbenu HaGadol"", ""our great rabbi"", the ""GRaZ"", and the","[{""start"": 0, ""end"": 63, ""text"": ""Shneur Zalman of Liady (, September 4, 1745 – December 15, 1812""}]",-0.0309621445399412,-0.0083264859083245,False,False,False,Retained: earlier/global/mixed content; no additional final-sentence/token locality identified.,False,0.5349838018403599,0.5659459463803012,0.5433102877486844,-0.0226356586316167,False
95,1,false,entity,identity,The article is about the Baal Shem Tov.,False,False,False,384,"He is also known as the ""Baal HaTanya"" (Master of the Tanya), and by a variety of other names including ""Shneur Zalman Baruchovitch,"" Baruchovitch being the Russian patronymic from his father Baruch, by the acronym ""RaShaZ"" (), by the title ""Baal HaTanya ve-haShulchan Aruch'"" (Master of the Tanya and the Shulchan Aruch), as the ""Alter Rebbe"" (""Old Rebbe"" in Yiddish), ""Admor HaZaken"" (""Old Rebbe"" in Hebrew), ""Rabbenu HaZaken"", ""Rabbenu HaGadol"", ""our great rabbi"", the ""GRaZ"", and the","[{""start"": 0, ""end"": 22, ""text"": ""Shneur Zalman of Liady""}]",0.0490467714257267,-0.0331145580424107,False,False,False,Retained: earlier/global/mixed content; no additional final-sentence/token locality identified.,False,0.5349838018403599,0.4859370304146331,0.5680983598827706,0.0821613294681374,False
95,2,true,theme,style,The passage follows encyclopedic structure with consistent formal register throughout.,False,False,False,384,"He is also known as the ""Baal HaTanya"" (Master of the Tanya), and by a variety of other names including ""Shneur Zalman Baruchovitch,"" Baruchovitch being the Russian patronymic from his father Baruch, by the acronym ""RaShaZ"" (), by the title ""Baal HaTanya ve-haShulchan Aruch'"" (Master of the Tanya and the Shulchan Aruch), as the ""Alter Rebbe"" (""Old Rebbe"" in Yiddish), ""Admor HaZaken"" (""Old Rebbe"" in Hebrew), ""Rabbenu HaZaken"", ""Rabbenu HaGadol"", ""our great rabbi"", the ""GRaZ"", and the","[{""start"": 0, ""end"": 63, ""text"": ""Shneur Zalman of Liady (, September 4, 1745 – December 15, 1812""}]",0.0137236691555882,-0.0083264859083245,False,False,False,Retained: earlier/global/mixed content; no additional final-sentence/token locality identified.,False,0.5349838018403599,0.5212601326847717,0.5433102877486844,0.0220501550639127,False
95,3,true,theme,topic,The passage lists multiple honorific titles used to refer to the subject.,True,True,False,384,"He is also known as the ""Baal HaTanya"" (Master of the Tanya), and by a variety of other names including ""Shneur Zalman Baruchovitch,"" Baruchovitch being the Russian patronymic from his father Baruch, by the acronym ""RaShaZ"" (), by the title ""Baal HaTanya ve-haShulchan Aruch'"" (Master of the Tanya and the Shulchan Aruch), as the ""Alter Rebbe"" (""Old Rebbe"" in Yiddish), ""Admor HaZaken"" (""Old Rebbe"" in Hebrew), ""Rabbenu HaZaken"", ""Rabbenu HaGadol"", ""our great rabbi"", the ""GRaZ"", and the","[{""start"": 384, ""end"": 477, ""text"": ""He is also known as the \""Baal HaTanya\"" (Master of the Tanya), and by a variety of other names""}]",0.02642196738595,-0.0153581243649068,True,False,True,All nonempty cited evidence lies in the final source sentence; shared automatic exclusion.,False,0.5349838018403599,0.5085618344544098,0.5503419262052667,0.0417800917508568,True
95,4,true,theme,topic,This establishes a clear enumeration pattern.,True,True,False,384,"He is also known as the ""Baal HaTanya"" (Master of the Tanya), and by a variety of other names including ""Shneur Zalman Baruchovitch,"" Baruchovitch being the Russian patronymic from his father Baruch, by the acronym ""RaShaZ"" (), by the title ""Baal HaTanya ve-haShulchan Aruch'"" (Master of the Tanya and the Shulchan Aruch), as the ""Alter Rebbe"" (""Old Rebbe"" in Yiddish), ""Admor HaZaken"" (""Old Rebbe"" in Hebrew), ""Rabbenu HaZaken"", ""Rabbenu HaGadol"", ""our great rabbi"", the ""GRaZ"", and the","[{""start"": 707, ""end"": 831, ""text"": ""as the \""Alter Rebbe\"" (\""Old Rebbe\"" in Yiddish), \""Admor HaZaken\"" (\""Old Rebbe\"" in Hebrew), \""Rabbenu HaZaken\"", \""Rabbenu HaGadol\""""}]",0.0001919404616435,-0.0153581243649068,True,False,True,All nonempty cited evidence lies in the final source sentence; shared automatic exclusion.,False,0.5349838018403599,0.5347918613787164,0.5503419262052667,0.0155500648265503,True
95,5,false,entity,identity,"The honorific list includes ""the Rebbe of Lubavitch, the Rebbe of the World, the Rebbe HaKadosh, the Maggid HaMelech, the Maggid HaKadosh, and the.""",False,True,False,384,"He is also known as the ""Baal HaTanya"" (Master of the Tanya), and by a variety of other names including ""Shneur Zalman Baruchovitch,"" Baruchovitch being the Russian patronymic from his father Baruch, by the acronym ""RaShaZ"" (), by the title ""Baal HaTanya ve-haShulchan Aruch'"" (Master of the Tanya and the Shulchan Aruch), as the ""Alter Rebbe"" (""Old Rebbe"" in Yiddish), ""Admor HaZaken"" (""Old Rebbe"" in Hebrew), ""Rabbenu HaZaken"", ""Rabbenu HaGadol"", ""our great rabbi"", the ""GRaZ"", and the","[{""start"": 707, ""end"": 871, ""text"": ""as the \""Alter Rebbe\"" (\""Old Rebbe\"" in Yiddish), \""Admor HaZaken\"" (\""Old Rebbe\"" in Hebrew), \""Rabbenu HaZaken\"", \""Rabbenu HaGadol\"", \""our great rabbi\"", the \""GRaZ\"", and the""}]",0.1750705000644909,-0.0153581243649068,True,True,True,All nonempty cited evidence lies in the final source sentence; shared automatic exclusion.,False,0.5349838018403599,0.3599133017758689,0.5503419262052667,0.1904286244293977,True
95,6,true,detail,final_word,"The final word is ""the"".",True,True,True,384,"He is also known as the ""Baal HaTanya"" (Master of the Tanya), and by a variety of other names including ""Shneur Zalman Baruchovitch,"" Baruchovitch being the Russian patronymic from his father Baruch, by the acronym ""RaShaZ"" (), by the title ""Baal HaTanya ve-haShulchan Aruch'"" (Master of the Tanya and the Shulchan Aruch), as the ""Alter Rebbe"" (""Old Rebbe"" in Yiddish), ""Admor HaZaken"" (""Old Rebbe"" in Hebrew), ""Rabbenu HaZaken"", ""Rabbenu HaGadol"", ""our great rabbi"", the ""GRaZ"", and the","[{""start"": 852, ""end"": 871, ""text"": ""the \""GRaZ\"", and the""}]",0.0045437485433872,-0.0318526592895733,True,False,True,"Explicit final-word/token claim, excluded regardless of truth.",False,0.5349838018403599,0.5304400532969726,0.5668364611299332,0.0363964078329606,True
95,7,true,detail,local_text,The final word opens the last item in the honorific list.,True,True,False,384,"He is also known as the ""Baal HaTanya"" (Master of the Tanya), and by a variety of other names including ""Shneur Zalman Baruchovitch,"" Baruchovitch being the Russian patronymic from his father Baruch, by the acronym ""RaShaZ"" (), by the title ""Baal HaTanya ve-haShulchan Aruch'"" (Master of the Tanya and the Shulchan Aruch), as the ""Alter Rebbe"" (""Old Rebbe"" in Yiddish), ""Admor HaZaken"" (""Old Rebbe"" in Hebrew), ""Rabbenu HaZaken"", ""Rabbenu HaGadol"", ""our great rabbi"", the ""GRaZ"", and the","[{""start"": 852, ""end"": 871, ""text"": ""the \""GRaZ\"", and the""}]",0.0296611965462454,-0.0318526592895733,True,False,True,All nonempty cited evidence lies in the final source sentence; shared automatic exclusion.,False,0.5349838018403599,0.5053226052941144,0.5668364611299332,0.0615138558358188,True
96,0,true,theme,format,The passage is in Wikipedia biographical article structure.,False,False,False,654,Pfeifer and his wife Julia have three children and four grandchildren,"[{""start"": 0, ""end"": 62, ""text"": ""Paul E. Pfeifer (born October 15, 1942) is an American jurist.""}]",-0.0146392221163289,-0.0012713406180991,False,False,False,Retained: earlier/global/mixed content; no additional final-sentence/token locality identified.,False,0.7959176536408131,0.8105568757571421,0.7971889942589123,-0.0133678814982297,False
96,1,true,theme,style,Each sentence adds a new factual detail about the subject's life and career.,False,False,False,654,Pfeifer and his wife Julia have three children and four grandchildren,"[{""start"": 63, ""end"": 116, ""text"": ""He served in both houses of the Ohio General Assembly""}]",0.0133813674490531,-0.0012713406180991,False,False,False,Retained: earlier/global/mixed content; no additional final-sentence/token locality identified.,False,0.7959176536408131,0.78253628619176,0.7971889942589123,0.0146527080671523,False
96,2,true,theme,style,The passage follows a consistent encyclopedic pattern.,False,False,False,654,Pfeifer and his wife Julia have three children and four grandchildren,"[{""start"": 0, ""end"": 62, ""text"": ""Paul E. Pfeifer (born October 15, 1942) is an American jurist.""}]",-0.0032728383791704,-0.0012713406180991,False,False,False,Retained: earlier/global/mixed content; no additional final-sentence/token locality identified.,False,0.7959176536408131,0.7991904920199836,0.7971889942589123,-0.0020014977610712,False
96,3,true,theme,topic,The article covers career highlights.,False,False,False,654,Pfeifer and his wife Julia have three children and four grandchildren,"[{""start"": 162, ""end"": 229, ""text"": ""was most recently an Associate Justice of the Supreme Court of Ohio""}]",0.0015919562229783,0.0002506823474861,False,False,False,Retained: earlier/global/mixed content; no additional final-sentence/token locality identified.,False,0.7959176536408131,0.7943256974178348,0.795666971293327,0.0013412738754922,False
96,4,true,theme,topic,The article covers legal work.,False,False,False,654,Pfeifer and his wife Julia have three children and four grandchildren,"[{""start"": 529, ""end"": 580, ""text"": ""he also earned a law degree from the College of Law""}]",0.0013166179254497,0.0002506823474861,False,False,False,Retained: earlier/global/mixed content; no additional final-sentence/token locality identified.,False,0.7959176536408131,0.7946010357153633,0.795666971293327,0.0010659355779636,False
96,5,true,theme,topic,The article covers personal life.,False,False,False,654,Pfeifer and his wife Julia have three children and four grandchildren,"[{""start"": 268, ""end"": 319, ""text"": ""He grew up on his family's dairy farm near Bucyrus.""}]",-0.0024748788608824,0.0002506823474861,False,False,False,Retained: earlier/global/mixed content; no additional final-sentence/token locality identified.,False,0.7959176536408131,0.7983925325016956,0.795666971293327,-0.0027255612083686,False
96,6,true,theme,style,The article proceeds chronologically.,False,False,False,654,Pfeifer and his wife Julia have three children and four grandchildren,"[{""start"": 231, ""end"": 267, ""text"": ""Pfeifer was born in Bucyrus in 1942.""}]",-0.0018467943801731,0.0002506823474861,False,False,False,Retained: earlier/global/mixed content; no additional final-sentence/token locality identified.,False,0.7959176536408131,0.7977644480209862,0.795666971293327,-0.0020974767276592,False
96,7,true,detail,local_text,"The final sentence shifts to family, suggesting the biography is near its end.",True,True,False,654,Pfeifer and his wife Julia have three children and four grandchildren,"[{""start"": 654, ""end"": 723, ""text"": ""Pfeifer and his wife Julia have three children and four grandchildren""}]",-0.0029746204394064,0.0002506823474861,True,False,True,All nonempty cited evidence lies in the final source sentence; shared automatic exclusion.,False,0.7959176536408131,0.7988922740802196,0.795666971293327,-0.0032253027868925,True
96,8,true,detail,final_word,"The final word is ""grandchildren"".",True,True,True,654,Pfeifer and his wife Julia have three children and four grandchildren,"[{""start"": 710, ""end"": 723, ""text"": ""grandchildren""}]",-0.0007200045955731,-0.0015554429587597,True,False,True,"Explicit final-word/token claim, excluded regardless of truth.",False,0.7959176536408131,0.7966376582363863,0.7974730965995729,0.0008354383631865,True
96,9,false,entity,identity,"The family described is ""she and her husband"" / ""she"".",False,True,False,654,Pfeifer and his wife Julia have three children and four grandchildren,"[{""start"": 654, ""end"": 723, ""text"": ""Pfeifer and his wife Julia have three children and four grandchildren""}]",0.0076510861170887,0.0097703087587248,True,False,True,Shared automatic exclusion: all cited evidence is the final family sentence. Semantic caveat: subject gender is also an article-wide fact; doc 16's gender claim has earlier evidence and is retained by this proxy.,True,0.7959176536408131,0.7882665675237244,0.7861473448820883,-0.0021192226416361,False
96,10,true,detail,quantity,There are three children and four grandchildren.,True,True,False,654,Pfeifer and his wife Julia have three children and four grandchildren,"[{""start"": 686, ""end"": 723, ""text"": ""three children and four grandchildren""}]",1.0301082502572871,0.0097703087587248,True,False,True,All nonempty cited evidence lies in the final source sentence; shared automatic exclusion.,False,0.7959176536408131,-0.2341905966164739,0.7861473448820883,1.0203379414985625,True
96,12,false,detail,attribute,She has lived and worked in Texas her entire life.,False,False,False,654,Pfeifer and his wife Julia have three children and four grandchildren,"[{""start"": 268, ""end"": 319, ""text"": ""He grew up on his family's dairy farm near Bucyrus.""}]",-0.0002861881719159,-0.0023808528386918,False,False,False,Retained: earlier/global/mixed content; no additional final-sentence/token locality identified.,False,0.7959176536408131,0.7962038418127291,0.798298506479505,0.0020946646667758,False
96,13,false,detail,local_text,"The sentence is grammatically incomplete, requiring a period or continuation.",False,True,False,654,Pfeifer and his wife Julia have three children and four grandchildren,"[{""start"": 654, ""end"": 723, ""text"": ""Pfeifer and his wife Julia have three children and four grandchildren""}]",0.0027681110011067,-0.0030876769089934,True,True,True,All nonempty cited evidence lies in the final source sentence; shared automatic exclusion.,False,0.7959176536408131,0.7931495426397064,0.7990053305498066,0.0058557879101002,True
96,14,false,detail,attribute,She currently lives on her ranch.,False,False,False,654,Pfeifer and his wife Julia have three children and four grandchildren,"[{""start"": 582, ""end"": 653, ""text"": ""Pfeifer owns a cattle farm in Crawford County, near his childhood home.""}]",0.0002026694344846,0.0004874550681572,False,False,False,Retained: earlier/global/mixed content; no additional final-sentence/token locality identified.,False,0.7959176536408131,0.7957149842063285,0.7954301985726558,-0.0002847856336726,False
97,0,true,theme,format,The passage is in Wikipedia biographical article structure.,False,False,False,727,"His son, Ib Lanzky-Otto, is also a horn player","[{""start"": 0, ""end"": 86, ""text"": ""Wilhelm Lanzky-Otto (January 30, 1909 – April 13, 1991) was a Danish-born horn player.""}]",0.0015855672852167,0.0012938818077111,False,False,False,Retained: earlier/global/mixed content; no additional final-sentence/token locality identified.,False,0.788473002943683,0.7868874356584663,0.7871791211359719,0.0002916854775055,False
97,1,false,entity,identity,The article is about Norwegian violinist Øyvind Østerud.,False,False,False,727,"His son, Ib Lanzky-Otto, is also a horn player","[{""start"": 0, ""end"": 86, ""text"": ""Wilhelm Lanzky-Otto (January 30, 1909 – April 13, 1991) was a Danish-born horn player.""}]",0.0192722287639701,0.0015783334629112,False,False,False,Keep: merged global musician identity and son claim spans earlier and final content; cannot isolate the local component without resplitting.,True,0.788473002943683,0.7692007741797129,0.7868946694807718,0.0176938953010589,False
97,2,true,theme,style,Each sentence adds a new factual detail.,False,False,False,727,"His son, Ib Lanzky-Otto, is also a horn player","[{""start"": 160, ""end"": 229, ""text"": ""He was educated in Copenhagen as a pianist, organist and horn player.""}]",0.0064201668326593,0.0012938818077111,False,False,False,Retained: earlier/global/mixed content; no additional final-sentence/token locality identified.,False,0.788473002943683,0.7820528361110237,0.7871791211359719,0.0051262850249481,False
97,3,true,theme,style,The passage follows encyclopedic conventions.,False,False,False,727,"His son, Ib Lanzky-Otto, is also a horn player","[{""start"": 0, ""end"": 86, ""text"": ""Wilhelm Lanzky-Otto (January 30, 1909 – April 13, 1991) was a Danish-born horn player.""}]",0.0015948314105302,0.0012938818077111,False,False,False,Retained: earlier/global/mixed content; no additional final-sentence/token locality identified.,False,0.788473002943683,0.7868781715331528,0.7871791211359719,0.0003009496028191,False
97,4,true,theme,topic,The article covers career highlights.,False,False,False,727,"His son, Ib Lanzky-Otto, is also a horn player","[{""start"": 246, ""end"": 309, ""text"": ""he was principal horn in the Danish National Symphony Orchestra""}]",-0.0029283396062029,-0.0006024638802116,False,False,False,Retained: earlier/global/mixed content; no additional final-sentence/token locality identified.,False,0.788473002943683,0.791401342549886,0.7890754668238947,-0.0023258757259913,False
97,5,true,theme,topic,The article covers teaching roles.,False,False,False,727,"His son, Ib Lanzky-Otto, is also a horn player","[{""start"": 575, ""end"": 658, ""text"": ""He and Philip Farkas are compared often because of their great talent for teaching.""}]",0.0036788929184345,-0.0006024638802116,False,False,False,Retained: earlier/global/mixed content; no additional final-sentence/token locality identified.,False,0.788473002943683,0.7847941100252485,0.7890754668238947,0.0042813567986462,False
97,6,true,theme,topic,The article covers collaborations.,False,False,False,727,"His son, Ib Lanzky-Otto, is also a horn player","[{""start"": 454, ""end"": 518, ""text"": ""From 1932 till 1945 he was a member of Blæserkvintetten af 1932.""}]",-0.0040264802883632,-0.0006024638802116,False,False,False,Retained: earlier/global/mixed content; no additional final-sentence/token locality identified.,False,0.788473002943683,0.7924994832320463,0.7890754668238947,-0.0034240164081515,False
97,7,true,detail,local_text,"The final sentence introduces a personal/family detail, suggesting a concluding biographical note.",True,True,False,727,"His son, Ib Lanzky-Otto, is also a horn player","[{""start"": 727, ""end"": 773, ""text"": ""His son, Ib Lanzky-Otto, is also a horn player""}]",0.0005040462512904,-0.0006024638802116,True,False,True,All nonempty cited evidence lies in the final source sentence; shared automatic exclusion.,False,0.788473002943683,0.7879689566923926,0.7890754668238947,0.001106510131502,True
97,8,true,detail,final_word,"The final word is ""player"".",True,False,True,727,"His son, Ib Lanzky-Otto, is also a horn player","[{""start"": 79, ""end"": 85, ""text"": ""player""}]",0.0006770588022025,-0.0022168850063826,True,False,True,"Explicit final-word/token claim, excluded regardless of truth.",False,0.788473002943683,0.7877959441414805,0.7906898879500657,0.0028939438085852,True
97,9,false,detail,local_text,The sentence ends as an incomplete sentence.,False,True,False,727,"His son, Ib Lanzky-Otto, is also a horn player","[{""start"": 727, ""end"": 773, ""text"": ""His son, Ib Lanzky-Otto, is also a horn player""}]",0.0002467618181153,-0.0022168850063826,True,True,True,All nonempty cited evidence lies in the final source sentence; shared automatic exclusion.,False,0.788473002943683,0.7882262411255677,0.7906898879500657,0.0024636468244979,True
97,11,false,detail,attribute,He was a founding member of the Oslo Philharmonic Orchestra.,False,False,False,727,"His son, Ib Lanzky-Otto, is also a horn player",[],0.0009317587229998,-0.0016890134885654,False,False,False,Retained: earlier/global/mixed content; no additional final-sentence/token locality identified.,False,0.788473002943683,0.7875412442206832,0.7901620164322485,0.0026207722115653,False
97,12,false,detail,attribute,He taught many students.,False,False,False,727,"His son, Ib Lanzky-Otto, is also a horn player",[],0.0054090445934856,-0.0014356469849333,False,False,False,Retained: earlier/global/mixed content; no additional final-sentence/token locality identified.,False,0.788473002943683,0.7830639583501974,0.7899086499286164,0.006844691578419,False
97,13,true,detail,attribute,The final clause establishes the son shares the profession.,True,True,False,727,"His son, Ib Lanzky-Otto, is also a horn player","[{""start"": 727, ""end"": 773, ""text"": ""His son, Ib Lanzky-Otto, is also a horn player""}]",0.0060132570239612,-0.001316993490662,True,False,True,All nonempty cited evidence lies in the final source sentence; shared automatic exclusion.,False,0.788473002943683,0.7824597459197218,0.7897899964343451,0.0073302505146233,True
98,0,false,entity,identity,The passage is a biographical Wikipedia-style article about Mexican actor Jorge Negrete.,False,False,False,720,"He has been a faculty member of Tehran University's College of Architecture, where he also served as Dean of the College of Fine Arts (Beaux arts) of Tehran University for six years","[{""start"": 0, ""end"": 121, ""text"": ""Houshang Seyhoun, () (August 22, 1920 – May 26, 2014) was an Iranian architect, sculptor, painter, scholar and professor.""}]",-0.0147694323453317,0.0076355212701904,False,False,False,Retained: earlier/global/mixed content; no additional final-sentence/token locality identified.,False,0.6643840773481198,0.6791535096934516,0.6567485560779294,-0.0224049536155221,False
98,1,true,theme,topic,The passage establishes a pattern of listing career achievements and roles.,False,False,False,720,"He has been a faculty member of Tehran University's College of Architecture, where he also served as Dean of the College of Fine Arts (Beaux arts) of Tehran University for six years","[{""start"": 524, ""end"": 586, ""text"": ""Seyhoon became famous for his design work in the 1950s in Iran""}]",-0.0060941011676556,0.0050570411073067,False,False,False,Retained: earlier/global/mixed content; no additional final-sentence/token locality identified.,False,0.6643840773481198,0.6704781785157754,0.659327036240813,-0.0111511422749623,False
98,2,true,theme,style,"The text follows a repetitive structure of accomplishments, each sentence adding another credential or fact.",False,False,False,720,"He has been a faculty member of Tehran University's College of Architecture, where he also served as Dean of the College of Fine Arts (Beaux arts) of Tehran University for six years","[{""start"": 122, ""end"": 200, ""text"": ""He studied fine arts at the École nationale supérieure des Beaux-Arts in Paris""}]",0.027934452828382,0.0024141131112431,False,False,False,Retained: earlier/global/mixed content; no additional final-sentence/token locality identified.,False,0.6643840773481198,0.6364496245197377,0.6619699642368766,0.0255203397171388,False
98,3,true,detail,final_word,"The final word is ""years"".",True,True,True,720,"He has been a faculty member of Tehran University's College of Architecture, where he also served as Dean of the College of Fine Arts (Beaux arts) of Tehran University for six years","[{""start"": 896, ""end"": 901, ""text"": ""years""}]",-0.0062653769637204,-0.008199830593728,True,False,True,"Explicit final-word/token claim, excluded regardless of truth.",False,0.6643840773481198,0.6706494543118402,0.6725839079418479,0.0019344536300076,True
98,4,true,detail,attribute,He was dean of the School of Fine Arts for six years.,True,True,False,720,"He has been a faculty member of Tehran University's College of Architecture, where he also served as Dean of the College of Fine Arts (Beaux arts) of Tehran University for six years","[{""start"": 797, ""end"": 901, ""text"": ""where he also served as Dean of the College of Fine Arts (Beaux arts) of Tehran University for six years""}]",-0.0016618906000678,-0.008199830593728,True,False,True,All nonempty cited evidence lies in the final source sentence; shared automatic exclusion.,False,0.6643840773481198,0.6660459679481876,0.6725839079418479,0.0065379399936602,True
98,6,false,detail,attribute,He also served as a professor at the National School of Fine Arts.,False,True,False,720,"He has been a faculty member of Tehran University's College of Architecture, where he also served as Dean of the College of Fine Arts (Beaux arts) of Tehran University for six years","[{""start"": 720, ""end"": 795, ""text"": ""He has been a faculty member of Tehran University's College of Architecture""}]",0.0317748308460722,0.0019855083546453,True,True,True,All nonempty cited evidence lies in the final source sentence; shared automatic exclusion.,False,0.6643840773481198,0.6326092465020475,0.6623985689934744,0.0297893224914268,True
98,7,false,detail,attribute,He was dean of the School of Cinematography.,False,False,False,720,"He has been a faculty member of Tehran University's College of Architecture, where he also served as Dean of the College of Fine Arts (Beaux arts) of Tehran University for six years",[],0.0123961970617708,0.0019855083546453,False,True,True,"Text review: assertion refers to the final source sentence's event, entity, attribute, or syntax; excluded despite missing/earlier evidence.",False,0.6643840773481198,0.6519878802863489,0.6623985689934744,0.0104106887071254,True
98,8,false,detail,attribute,He served as dean of the School of Cinematography at UCLA.,False,False,False,720,"He has been a faculty member of Tehran University's College of Architecture, where he also served as Dean of the College of Fine Arts (Beaux arts) of Tehran University for six years",[],0.0114617361169238,0.0019855083546453,False,True,True,"Text review: assertion refers to the final source sentence's event, entity, attribute, or syntax; excluded despite missing/earlier evidence.",False,0.6643840773481198,0.652922341231196,0.6623985689934744,0.0094762277622784,True
98,9,false,detail,local_text,This sentence ends mid-thought.,False,True,False,720,"He has been a faculty member of Tehran University's College of Architecture, where he also served as Dean of the College of Fine Arts (Beaux arts) of Tehran University for six years","[{""start"": 797, ""end"": 901, ""text"": ""where he also served as Dean of the College of Fine Arts (Beaux arts) of Tehran University for six years""}]",0.0060417596351567,-0.0001009295182814,True,True,True,All nonempty cited evidence lies in the final source sentence; shared automatic exclusion.,False,0.6643840773481198,0.658342317712963,0.6644850068664012,0.0061426891534381,True
98,11,false,detail,local_text,The final clause is incomplete.,False,True,False,720,"He has been a faculty member of Tehran University's College of Architecture, where he also served as Dean of the College of Fine Arts (Beaux arts) of Tehran University for six years","[{""start"": 797, ""end"": 901, ""text"": ""where he also served as Dean of the College of Fine Arts (Beaux arts) of Tehran University for six years""}]",0.0082562975639128,-0.0014347815807917,True,True,True,All nonempty cited evidence lies in the final source sentence; shared automatic exclusion.,False,0.6643840773481198,0.6561277797842069,0.6658188589289116,0.0096910791447046,True
99,0,true,theme,format,The passage is a biographical Wikipedia-style article about a soap opera character.,False,False,False,871,The characters romance with Dom and struggle with anorexia has seen the character's storylines become iconic since her departure,"[{""start"": 0, ""end"": 98, ""text"": ""Delphine \""Delphi\"" Greenlaw is a fictional character on the New Zealand soap opera Shortland Street""}]",0.0163151543205155,0.0011013665407795,False,False,False,Retained: earlier/global/mixed content; no additional final-sentence/token locality identified.,False,0.6706757159250978,0.6543605616045822,0.6695743493843183,0.015213787779736,False
99,1,true,theme,style,"The passage follows a consistent pattern of character history, casting, and legacy details.",False,False,False,871,The characters romance with Dom and struggle with anorexia has seen the character's storylines become iconic since her departure,"[{""start"": 100, ""end"": 157, ""text"": ""who was portrayed by Anna Hutchison between 2002 and 2004""}]",-0.0006221304891742,0.0011013665407795,False,False,False,Retained: earlier/global/mixed content; no additional final-sentence/token locality identified.,False,0.6706757159250978,0.671297846414272,0.6695743493843183,-0.0017234970299537,False
99,3,true,theme,topic,The article covers casting.,False,False,False,871,The characters romance with Dom and struggle with anorexia has seen the character's storylines become iconic since her departure,"[{""start"": 100, ""end"": 157, ""text"": ""who was portrayed by Anna Hutchison between 2002 and 2004""}]",0.0031263111050233,0.0067587860596909,False,False,False,Retained: earlier/global/mixed content; no additional final-sentence/token locality identified.,False,0.6706757159250978,0.6675494048200744,0.6639169298654068,-0.0036324749546675,False
99,4,true,theme,topic,The article covers character introduction.,False,False,False,871,The characters romance with Dom and struggle with anorexia has seen the character's storylines become iconic since her departure,"[{""start"": 159, ""end"": 225, ""text"": ""The character arrived in early 2002 as the teenage sister of Geoff""}]",-0.0017281935225478,0.0067587860596909,False,False,False,Retained: earlier/global/mixed content; no additional final-sentence/token locality identified.,False,0.6706757159250978,0.6724039094476456,0.6639169298654068,-0.0084869795822387,False
99,5,true,theme,topic,The article covers storylines.,False,False,False,871,The characters romance with Dom and struggle with anorexia has seen the character's storylines become iconic since her departure,"[{""start"": 413, ""end"": 521, ""text"": ""The character participated in a hugely high profile storyline in 2003 where she fell for much older man, Dom""}]",-0.0023962972463729,0.0067587860596909,False,False,False,Retained: earlier/global/mixed content; no additional final-sentence/token locality identified.,False,0.6706757159250978,0.6730720131714707,0.6639169298654068,-0.0091550833060638,False
99,6,true,theme,topic,The article covers critical reception.,False,False,False,871,The characters romance with Dom and struggle with anorexia has seen the character's storylines become iconic since her departure,"[{""start"": 667, ""end"": 809, ""text"": ""Delphi was highly praised throughout her two-year run, with Hutchison receiving numerous award nominations and winning the \""Rising Star\"" prize""}]",0.001941608332032,0.0067587860596909,False,False,False,Retained: earlier/global/mixed content; no additional final-sentence/token locality identified.,False,0.6706757159250978,0.6687341075930657,0.6639169298654068,-0.0048171777276588,False
99,7,true,detail,local_text,"The final sentence is completing a legacy/impact statement, suggesting a concluding remark about lasting influence.",True,True,False,871,The characters romance with Dom and struggle with anorexia has seen the character's storylines become iconic since her departure,"[{""start"": 930, ""end"": 999, ""text"": ""has seen the character's storylines become iconic since her departure""}]",0.0043941842448991,0.0067587860596909,True,False,True,All nonempty cited evidence lies in the final source sentence; shared automatic exclusion.,False,0.6706757159250978,0.6662815316801987,0.6639169298654068,-0.0023646018147918,True
99,8,true,detail,final_word,"The final word is ""departure"".",True,True,True,871,The characters romance with Dom and struggle with anorexia has seen the character's storylines become iconic since her departure,"[{""start"": 990, ""end"": 999, ""text"": ""departure""}]",0.0491652691681709,0.0584202363182577,True,False,True,"Explicit final-word/token claim, excluded regardless of truth.",False,0.6706757159250978,0.6215104467569268,0.61225547960684,-0.0092549671500867,True
99,11,false,detail,date,She departed the show in 2005.,False,False,False,871,The characters romance with Dom and struggle with anorexia has seen the character's storylines become iconic since her departure,"[{""start"": 568, ""end"": 598, ""text"": ""The character departed in 2004""}]",0.0167846847431125,-0.0253311657446912,False,False,False,Retained: earlier/global/mixed content; no additional final-sentence/token locality identified.,False,0.6706757159250978,0.6538910311819852,0.6960068816697891,0.0421158504878038,False
99,12,false,detail,attribute,She departed after a short run.,False,False,False,871,The characters romance with Dom and struggle with anorexia has seen the character's storylines become iconic since her departure,"[{""start"": 667, ""end"": 720, ""text"": ""Delphi was highly praised throughout her two-year run""}]",0.0010528051092877,-0.0253311657446912,False,False,False,Retained: earlier/global/mixed content; no additional final-sentence/token locality identified.,False,0.6706757159250978,0.66962291081581,0.6960068816697891,0.026383970853979,False
99,13,true,detail,attribute,She was praised for her portrayal of the character and the storylines she was involved in.,False,False,False,871,The characters romance with Dom and struggle with anorexia has seen the character's storylines become iconic since her departure,"[{""start"": 667, ""end"": 809, ""text"": ""Delphi was highly praised throughout her two-year run, with Hutchison receiving numerous award nominations and winning the \""Rising Star\"" prize""}]",-0.008824438187842,-0.0253311657446912,False,False,False,Retained: earlier/global/mixed content; no additional final-sentence/token locality identified.,False,0.6706757159250978,0.6795001541129398,0.6960068816697891,0.0165067275568492,False
99,14,false,detail,local_text,The sentence ends mid-thought.,False,True,False,871,The characters romance with Dom and struggle with anorexia has seen the character's storylines become iconic since her departure,"[{""start"": 930, ""end"": 999, ""text"": ""has seen the character's storylines become iconic since her departure""}]",0.0155038227855455,-0.0037622876079579,True,True,True,All nonempty cited evidence lies in the final source sentence; shared automatic exclusion.,False,0.6706757159250978,0.6551718931395523,0.6744380035330557,0.0192661103935034,True
