pair_id,template_id,block,d_entity_w1,d_entity_w2,d_phrasing_a,d_phrasing_b,norm_a,error
0,0,0,0.0003857404040145118,0.00034745843214245564,0.0003056220294471723,0.00032673165582153274,13.159282684326172,
0,0,1,0.00030134629754619,0.00025946743959848195,0.00027378911974984543,0.00029529598512523236,20.716102600097656,
0,0,2,0.0007734124784963825,0.0009596661636622761,0.0006455597500250043,0.0007184804371546116,23.36787986755371,
0,0,3,0.0010072618001160105,0.0012278893925725676,0.0008421126205950813,0.0009319767080309127,23.74066734313965,
0,0,4,0.0015186567126783679,0.0017847625173588177,0.0009083301223976603,0.0009710929346244956,25.378223419189453,
0,0,5,0.001121161681600813,0.0013043235091378946,0.0008024346360030465,0.000939229684957188,30.064884185791016,
0,0,6,0.0016522227635943354,0.0016073737900847984,0.0015381357656115702,0.001870453426766061,33.10769271850586,
0,0,7,0.007180358639714224,0.007444405404250065,0.0023422730292104177,0.002356333515072473,40.33247375488281,
0,0,8,0.00871102678175495,0.009543197034960538,0.004364027614572885,0.0035432574823003327,41.63270568847656,
0,0,9,0.06300292957975662,0.07097809575659764,0.008625871843010224,0.005851724948944148,50.6195182800293,
0,0,10,0.049981494519020564,0.05754129955936138,0.009277283350297538,0.005831096633935884,51.90416717529297,
0,0,11,0.05169818623451572,0.05900045905365903,0.011355196516202759,0.007145915155408522,54.23482131958008,
0,0,12,0.0539348046733088,0.06403602044069767,0.014319855936346215,0.009691176956321712,54.235023498535156,
0,0,13,0.04732456346396474,0.05751684377081889,0.01567520772966402,0.011874230956687715,58.06813049316406,
0,0,14,0.04185227804085745,0.05064055447805238,0.014191439314468535,0.011420121144963602,63.21794128417969,
0,0,15,0.036029686606178446,0.043892592409864206,0.013064645284586063,0.011231460390714543,69.46720886230469,
0,0,16,0.03921268917033183,0.047105536902518175,0.015637916750972924,0.013706639087527672,68.14874267578125,
0,0,17,0.0391925267047758,0.046599345739518516,0.017692424790954786,0.015420429948124648,70.69607543945312,
0,0,18,0.03679792825640604,0.04157660804572483,0.01739646446102161,0.013712907751066816,76.83113861083984,
0,0,19,0.03547431997731265,0.03582537652533069,0.020805477964887298,0.016273323445679,86.89986419677734,
0,0,20,0.035738528879567966,0.03096328106238,0.02542780950014578,0.019139297863780436,99.62255096435547,
0,0,21,0.030199388643934677,0.02275520678546261,0.024065186172524733,0.018255924457818873,126.61743927001953,
0,0,22,0.03274617474052999,0.02437822745684548,0.02491099819860776,0.01946937083810185,161.73617553710938,
0,0,23,0.04206309671374342,0.03928751893930238,0.023709445632477455,0.018544122295341747,211.19564819335938,
0,0,24,0.041873613525077014,0.04101021339905675,0.023534848155904675,0.021640547691542222,274.3622741699219,
0,0,25,0.0514310582289198,0.05031081666252679,0.020770626526226854,0.020265576161000665,347.7610168457031,
0,0,26,0.04679796544473469,0.048397601975607496,0.01858811623538892,0.01860564551093924,427.3751220703125,
0,0,27,0.047987907352458725,0.03678573412512387,0.02075167107014808,0.01582618714040729,308.91680908203125,
1,0,0,0.00034012455340715064,0.0003094702525174853,0.00028785079710014205,0.0003194338778195194,13.181124687194824,
1,0,1,0.00027334992269323344,0.00027993318088059826,0.0002614245767295076,0.00028122880900594005,20.778560638427734,
1,0,2,0.001123814245559962,0.001245258535380156,0.0005958449148891765,0.000607931963472419,23.433277130126953,
1,0,3,0.0014107187728726878,0.001529229429906298,0.0007926277842438267,0.0008276042426892394,23.914342880249023,
1,0,4,0.0016529653488683849,0.0017608016431394091,0.0008679379080973604,0.0008412260241618119,25.55311393737793,
1,0,5,0.0011925812939103109,0.0013123789023146148,0.0008506884627451639,0.0007975618381762528,30.123092651367188,
1,0,6,0.0019350965509065121,0.002253640259570755,0.0017825604776997572,0.0015102776371962445,33.14201736450195,
1,0,7,0.009677566901866497,0.012873630831888416,0.002993389457829454,0.0024432066360237092,40.29230499267578,
1,0,8,0.011103588093771766,0.015489865365447941,0.004936595175418779,0.0035988116915450785,41.60090637207031,
1,0,9,0.038379367978311874,0.046718022667760706,0.008123620651110608,0.006210172149265447,48.098079681396484,
1,0,10,0.03329528798862014,0.03936546032627819,0.008469021290881451,0.0060325313147749915,50.160743713378906,
1,0,11,0.03572477724062606,0.04014183804233529,0.01035567287864192,0.007230816374583782,52.18946838378906,
1,0,12,0.03770097276100359,0.04277268185782823,0.013120584573031668,0.009885610760741015,51.76127624511719,
1,0,13,0.03282089804637689,0.041422887276203135,0.01517013256131794,0.012785357108842987,58.691619873046875,
1,0,14,0.029069978498603266,0.03783515803984783,0.015387793310029818,0.013699998135560332,61.54792404174805,
1,0,15,0.02739415441071924,0.034989750802550734,0.014831712354374194,0.013538239106072991,68.32344818115234,
1,0,16,0.03146578804684652,0.038139213039883324,0.018092807065327454,0.017126122664731902,67.08395385742188,
1,0,17,0.03517054303787126,0.04332961565706284,0.019713819371917962,0.019442675083144345,68.62181854248047,
1,0,18,0.030505947706479186,0.03714744932985459,0.01698591078355438,0.017551645512209224,77.60216522216797,
1,0,19,0.03328108699162802,0.034562974295848536,0.018527953673407427,0.018562998976968892,87.1422348022461,
1,0,20,0.03254463000696939,0.031191808549082767,0.019626314753594665,0.019975713343256207,102.3775405883789,
1,0,21,0.02427739307338528,0.022354159526016826,0.017145627998221058,0.01644453154313219,132.63243103027344,
1,0,22,0.024145353176455164,0.022529503520797967,0.017190473311390897,0.016682170828113185,169.28775024414062,
1,0,23,0.0320513130577883,0.037509221049079056,0.014908513813107205,0.015288528922569267,220.7570037841797,
1,0,24,0.03664316040301763,0.046458641480237484,0.01568204713265553,0.016834471450620225,290.96258544921875,
1,0,25,0.037063936813193976,0.04809357840388828,0.014805866080656593,0.01607281374586067,360.1563720703125,
1,0,26,0.034647091994622126,0.04517465787169073,0.015161348833966026,0.015141455636155321,429.23443603515625,
1,0,27,0.02984853590249026,0.02926135538023944,0.01936553736692126,0.018347841709565382,318.6918029785156,
2,0,0,0.0004554342355708174,0.0004302762894100587,0.0002970452989351502,0.0003132897004197721,13.178391456604004,
2,0,1,0.00035199487612336267,0.00035969832830973214,0.00025571176034977494,0.0003420897574695214,20.65597915649414,
2,0,2,0.000831813889889732,0.0009965606907265112,0.0004025143473151971,0.0007081860498288073,23.34591293334961,
2,0,3,0.001027670260255853,0.0011746564079747612,0.000507640242527807,0.0009377761707319854,23.786998748779297,
2,0,4,0.0010171047569377256,0.0011501872411313618,0.0005599924754179364,0.001000849320001218,25.446613311767578,
2,0,5,0.0007748178067482625,0.0008537095527241245,0.0006445167729633994,0.0009879079610092267,30.226085662841797,
2,0,6,0.001471142019021987,0.001607385190968924,0.0014483976745178762,0.0017524768679910707,33.1569709777832,
2,0,7,0.02337027622388188,0.027221479598721232,0.0025854926101666065,0.0024328965993012375,40.063758850097656,
2,0,8,0.0227435192197587,0.026795603242011135,0.004985302674619274,0.004193665339370711,41.78126907348633,
2,0,9,0.07806177361417288,0.0928285884124902,0.00938279403201736,0.007808554415318247,49.40861892700195,
2,0,10,0.06933847175724783,0.08030352725345968,0.010104552754273355,0.008013913274015239,52.19565200805664,
2,0,11,0.07389907456171141,0.08208567114736087,0.012187396539894646,0.009820532154001138,53.86241912841797,
2,0,12,0.07049024417150973,0.07597765737898154,0.01629815017376801,0.012062939451837007,53.0728759765625,
2,0,13,0.06006330481751021,0.06483155303182453,0.017554050436777602,0.013707165677620536,57.871665954589844,
2,0,14,0.05551779038297666,0.05536796475882533,0.018486599129843073,0.016449764600259265,62.80873489379883,
2,0,15,0.050775986613510904,0.04809144229165807,0.01796751991474199,0.01724511056189726,71.01988983154297,
2,0,16,0.06104003388642265,0.05505833392683779,0.022550246479389857,0.023285808796915664,68.42411041259766,
2,0,17,0.0667330962978806,0.057048873770375375,0.025123150869250988,0.025472825614978767,69.74824523925781,
2,0,18,0.05105332746851743,0.043614877667897844,0.023958186385692026,0.023037229380773683,77.60851287841797,
2,0,19,0.04786457958100443,0.03872191736433628,0.02540343775081666,0.022626177743823694,87.6585693359375,
2,0,20,0.04207454969677804,0.03151681451838373,0.026060227212450493,0.020678303740332415,102.59571838378906,
2,0,21,0.031574507254352624,0.022177709096721898,0.021710242881864517,0.01681122361108689,134.16488647460938,
2,0,22,0.031608591866994384,0.022989022549305238,0.020860684593181356,0.01619662540448974,171.5369110107422,
2,0,23,0.04002927786139088,0.03615963139496681,0.018877596402022023,0.014698933539123993,226.0159454345703,
2,0,24,0.0483035831184202,0.05335727349016073,0.020503317747891492,0.016444704332585935,292.37847900390625,
2,0,25,0.051320029885637775,0.05916829965402104,0.0195241395589536,0.015777928922476536,362.1915283203125,
2,0,26,0.04527920520594053,0.054837842047014584,0.01759220403295303,0.01634937942767123,448.2832336425781,
2,0,27,0.037034235700275864,0.03496106229748108,0.019928386304138956,0.01776693896995951,328.36737060546875,
3,0,0,0.00023072256676559544,0.0002147219609811568,0.00031526012462423925,0.0003242698907323094,13.217752456665039,
3,0,1,0.0001817482052356434,0.00017690734649300488,0.00026129113050654684,0.0002753133715965861,20.77101707458496,
3,0,2,0.0007555449113942903,0.0007003093986881481,0.0005168527464965988,0.0005863780460654278,23.385005950927734,
3,0,3,0.001027032889054702,0.0010237734624327643,0.0006500550093446744,0.0007505689142401906,23.6498966217041,
3,0,4,0.0012522849640242972,0.0012798410118630699,0.0006968928879624858,0.0008111199398671554,25.31546974182129,
3,0,5,0.0009844286018523274,0.0010196503480636165,0.0006758687142325304,0.0007551359361626098,30.105321884155273,
3,0,6,0.0016173887266645037,0.0016188340002024626,0.0014134884050199803,0.001472648255268716,33.24002456665039,
3,0,7,0.008987825827722173,0.00975908613672416,0.0021707398726591443,0.0024468135263913116,41.20097732543945,
3,0,8,0.00957333865990051,0.0102977910571187,0.003291029170308102,0.003905089145021745,42.02851104736328,
3,0,9,0.03446423776658203,0.04406441561138774,0.006142406362664055,0.007515482358646297,49.13434982299805,
3,0,10,0.026038112096888777,0.0319835780305604,0.006619470029697649,0.007269290777321524,51.81354522705078,
3,0,11,0.024773535204257624,0.03090592755170052,0.008589010542726205,0.007893104254737437,53.57851028442383,
3,0,12,0.023970874729650538,0.03136332770246464,0.011622418012334101,0.010480514277807829,53.13459396362305,
3,0,13,0.022479301247993133,0.028500026803472744,0.013294108481783251,0.012096338514513194,57.411930084228516,
3,0,14,0.019401958229111727,0.024778419963349396,0.01417991591889689,0.012159551674885583,61.38268280029297,
3,0,15,0.016358188150549235,0.020173223262691997,0.013931287963776406,0.011592687498285015,68.131103515625,
3,0,16,0.01816484443885147,0.02153046831811023,0.016999961127757035,0.013900181516969812,68.96794128417969,
3,0,17,0.01944655267647266,0.021756409183522174,0.018346234868999223,0.015908118682536276,70.70128631591797,
3,0,18,0.016897874872734198,0.017127975770256154,0.0168294872936805,0.013938031912840376,78.00495910644531,
3,0,19,0.017333264843275686,0.015675676587645238,0.02026405630100836,0.01700883898960981,88.4704818725586,
3,0,20,0.016753438606796123,0.013353329278568582,0.023031981351771535,0.02059084393636823,102.645263671875,
3,0,21,0.013442455117185337,0.01017646011607276,0.0189341786056324,0.01831278427776495,133.15576171875,
3,0,22,0.01553685225243795,0.01299690162622047,0.019293560738642412,0.01819752920688933,170.5791778564453,
3,0,23,0.04540849798482627,0.05403979838841977,0.018226992218639992,0.01590957480195776,228.65565490722656,
3,0,24,0.05508966066936305,0.07375637031965698,0.02122944661244397,0.018106611789701077,295.3579406738281,
3,0,25,0.060985228572761785,0.08404395765246142,0.02250679440060832,0.017270646593634864,361.1246032714844,
3,0,26,0.05646359597040984,0.08211758589686746,0.024624663189812934,0.017867490073094072,434.0881652832031,
3,0,27,0.04108047397179915,0.044483105030526215,0.02231371954672401,0.020815368563941394,319.1166687011719,
4,1,0,0.00020118806416646873,0.00018568023621712282,0.0020024627772590176,0.0020257062417192717,15.209495544433594,
4,1,1,0.00023839153617088993,0.00023539113807580225,0.002242603990426306,0.0022307597511754818,18.204334259033203,
4,1,2,0.0005840197069507669,0.0006540044293364966,0.0015028888676126284,0.0014937770906278125,26.48413848876953,
4,1,3,0.0006548682615167278,0.0008904725479106368,0.002069351060764113,0.0018860193492571398,28.444246292114258,
4,1,4,0.0006108720094608611,0.0008147816168621036,0.002110746318573442,0.0019006001119371563,30.274778366088867,
4,1,5,0.0005008224249736237,0.0006823688969287423,0.0019605074477334616,0.0018408413038695226,33.772850036621094,
4,1,6,0.0004295502580836663,0.0005712822919244909,0.0022785099235095307,0.0020539420980988377,40.14560317993164,
4,1,7,0.004496613130244631,0.0066253140441808744,0.005235666163189379,0.004301974972166112,43.56269454956055,
4,1,8,0.0045463239556557955,0.00782677429533496,0.0076095545024708056,0.005590377826121817,49.34346008300781,
4,1,9,0.016383260938651723,0.017271739819527787,0.011168470321615387,0.006932567109087517,52.881866455078125,
4,1,10,0.01711845487253494,0.01695636821542479,0.010362554288143255,0.00728009816052777,54.71135330200195,
4,1,11,0.018690834386373423,0.017209529682349567,0.013755593305658342,0.011270370520051975,55.344017028808594,
4,1,12,0.01687569001406053,0.015058546344236645,0.014231487493897577,0.013357752874959883,55.450077056884766,
4,1,13,0.01903642524371585,0.015080546383410387,0.014781272531478984,0.015495832708642743,60.107303619384766,
4,1,14,0.01902309944115177,0.014593507917458837,0.015480944309889222,0.01841817365706433,63.61580276489258,
4,1,15,0.018326136448280184,0.013821379429996061,0.01513073855103153,0.017930502884891952,67.7480697631836,
4,1,16,0.02181608417819647,0.017025311332385273,0.019590243261506712,0.022808474985388516,68.58348846435547,
4,1,17,0.023074542420646216,0.02060507990085525,0.023756117647862562,0.02644937086663135,69.57231903076172,
4,1,18,0.023787301581740805,0.024722930468623727,0.02297341239412276,0.02383230987832008,77.43457794189453,
4,1,19,0.02555271552070848,0.024447802042521283,0.019710018440127874,0.022517760779927287,93.90232849121094,
4,1,20,0.023949285788854913,0.020490871672323552,0.017695777378116784,0.021103026727681717,110.63279724121094,
4,1,21,0.03431405543382893,0.026100842367277832,0.0174644263617858,0.023607205280540167,138.7009735107422,
4,1,22,0.041415603611055785,0.028943256745560975,0.016225785843501206,0.02514432801085742,171.5321044921875,
4,1,23,0.04631692989262637,0.03374059873312418,0.014290568903034484,0.023840479542547865,212.05294799804688,
4,1,24,0.04342268605571342,0.030617780334972422,0.011959202682802594,0.021004761303513475,279.20245361328125,
4,1,25,0.04588964911005444,0.03134126346590471,0.012848570035308815,0.022580914672346686,334.39208984375,
4,1,26,0.03997214346431155,0.02833957316108837,0.011681883421058581,0.019861759484128383,431.9918518066406,
4,1,27,0.024607361076505962,0.01692962858120728,0.009937496949046554,0.017227937605068133,312.85491943359375,
5,1,0,0.0001856007779486024,0.00016836088441707364,0.0020032867346403416,0.001961670218514011,15.244751930236816,
5,1,1,0.00024160881276824586,0.0002425593555275274,0.002228389409500098,0.0022610624386345535,18.2078857421875,
5,1,2,0.0004109344511251667,0.00042396277817635664,0.00153256047560546,0.0015406387852622272,26.252490997314453,
5,1,3,0.0005201866586258541,0.0005780274611177916,0.001964379227695323,0.002091875379866659,28.18960952758789,
5,1,4,0.000537950555900335,0.0006513682207260896,0.0019223883211648696,0.0021599109817866946,29.977985382080078,
5,1,5,0.0004671242380004381,0.0006225349945542247,0.0018062601843354953,0.0020282848845580848,33.6528205871582,
5,1,6,0.00045322988021212485,0.0006322589011341639,0.002226286462613025,0.002295568546248572,39.90827941894531,
5,1,7,0.0011789401253640142,0.0016963638411384707,0.005063021406034984,0.00482599790315863,42.9757194519043,
5,1,8,0.0018750255783841485,0.0023760018687419837,0.006958550732846014,0.006212935482635573,48.69322204589844,
5,1,9,0.017668902809989118,0.014780425989662005,0.008464434916257146,0.0073651475190601445,51.263484954833984,
5,1,10,0.018443290791400724,0.014678575672504524,0.00934565929074882,0.008034464038529476,52.939327239990234,
5,1,11,0.02139866830392312,0.01683250358175148,0.015615446674379418,0.012446400791025547,53.889007568359375,
5,1,12,0.021367623609939046,0.01574981658847574,0.01759590389076049,0.014229818212739942,53.416969299316406,
5,1,13,0.0389911497624702,0.02122110567557145,0.022311699575284227,0.01637426827833599,59.3362922668457,
5,1,14,0.04065219803584286,0.021770525487493586,0.024141525087563287,0.01781917321037585,62.0516242980957,
5,1,15,0.04006735379974824,0.023253523122054753,0.023223620251239807,0.017967821293681685,69.27967834472656,
5,1,16,0.049522003359864786,0.029173313281470103,0.027729924758719826,0.02232677931871241,69.51982116699219,
5,1,17,0.0613329900991848,0.03941598854553019,0.031719880537063316,0.028594328551990622,71.61141967773438,
5,1,18,0.05976187043765124,0.04581131253030146,0.028038971110142863,0.026621044207627897,77.72074127197266,
5,1,19,0.055325200857885504,0.04151621567603936,0.025285852620007265,0.025729354106804214,93.79034423828125,
5,1,20,0.051337988369842824,0.03722134505841457,0.023310980100287426,0.024945741270406496,108.91371154785156,
5,1,21,0.06316459272681951,0.04931330568968828,0.023402061168808053,0.026492279755961468,131.22840881347656,
5,1,22,0.06958772715299022,0.05388882746669432,0.02165954509887813,0.027610031267046087,159.505126953125,
5,1,23,0.07439711723512343,0.057304177869769934,0.019055185857831725,0.024883015128008945,198.42330932617188,
5,1,24,0.06391776973053653,0.048596938018809044,0.015517325483564548,0.021482198738032143,267.1308288574219,
5,1,25,0.07053514959107776,0.053300063589656776,0.015084189758140965,0.02157787508055453,321.4253234863281,
5,1,26,0.0617950097907477,0.05010811644607005,0.01292850258605227,0.01927376150572291,419.9184875488281,
5,1,27,0.03501946888632701,0.0310764216688737,0.008483772304476944,0.017692807282741474,308.7537841796875,
6,1,0,0.0002726816499691864,0.000237689367844518,0.0019826192511827045,0.001947834579325236,15.264288902282715,
6,1,1,0.00033520725583091604,0.0003314242362992825,0.0022528754516923932,0.0022142186149174403,18.263935089111328,
6,1,2,0.0005262528243551445,0.0005984226769365497,0.0015425962976858276,0.0015062749940060183,26.538368225097656,
6,1,3,0.000594872968497806,0.0007308358956898964,0.0019879345202028498,0.0018831981677663867,28.517749786376953,
6,1,4,0.0006611511662070191,0.000873589940399877,0.0020440640898020668,0.0018368223068464529,30.308902740478516,
6,1,5,0.0006949160442245583,0.0008729346421291195,0.0019319557051036274,0.001717844895400833,33.84164810180664,
6,1,6,0.0006930906472381038,0.0008352768849660963,0.0022694824891124066,0.002021307763660829,40.12785720825195,
6,1,7,0.0020645760097075527,0.0027563850910926613,0.004861643735521337,0.004473559953253603,43.482276916503906,
6,1,8,0.0024661208573730775,0.0034149652674762,0.006521510743968895,0.006215677648166662,49.06937789916992,
6,1,9,0.011215966017794954,0.00982019453629801,0.007970114894775393,0.007663650201685246,51.45696258544922,
6,1,10,0.0106411757697914,0.009015554415740534,0.008025147476791394,0.008637926321505396,53.56608963012695,
6,1,11,0.012735259302029345,0.011001652578135568,0.012130413648097416,0.013136059793546262,53.916263580322266,
6,1,12,0.012924866154427006,0.011538238843289528,0.013844684379761496,0.015305190469205976,54.1728401184082,
6,1,13,0.020601770964563393,0.01650741310500281,0.015937332517284575,0.017955789015235202,58.504398345947266,
6,1,14,0.02139984069966916,0.01705631936630525,0.017657472844487154,0.022195756708739967,62.197914123535156,
6,1,15,0.01981791898258034,0.01596449886348661,0.017594788873963707,0.022336856257068494,68.01278686523438,
6,1,16,0.022354584245518838,0.019688553231325234,0.023573475617492012,0.026394163542959426,67.15531921386719,
6,1,17,0.025253180056550528,0.02266205113155606,0.028989786652765193,0.030801848399759635,68.19662475585938,
6,1,18,0.028218775803372953,0.0326925559226815,0.03047482506847987,0.03711186861208504,75.56237030029297,
6,1,19,0.03019792752511896,0.030188771922667335,0.02915314066072139,0.03631123851181528,91.49635314941406,
6,1,20,0.0302303486274077,0.026715969505924697,0.03024263557683382,0.031728433674748646,106.54549407958984,
6,1,21,0.03758266837717705,0.030475119553356023,0.03494983808779706,0.029102756524165496,129.53953552246094,
6,1,22,0.046515088157258355,0.03287359707210924,0.038616409021816844,0.029645385138576508,159.1990203857422,
6,1,23,0.05605388635844777,0.03924454528070742,0.0351257486620723,0.02627339608864321,196.5970001220703,
6,1,24,0.052194496853528505,0.034359037310171314,0.031755628345330744,0.022238423100849225,257.7463684082031,
6,1,25,0.05435041237344029,0.03748125514223932,0.030567231613462642,0.022684991052817405,316.47265625,
6,1,26,0.04897809095520411,0.03713103033997467,0.026539182576000964,0.02165032189720051,414.05194091796875,
6,1,27,0.025673293372839967,0.018852306976401723,0.019246279165949454,0.014171507179842502,302.5716552734375,
7,1,0,0.00033281739491253237,0.0003174121143961761,0.00199131231992411,0.0019500694711956923,15.160131454467773,
7,1,1,0.0003965281411434374,0.00037697794996016665,0.0022489906638568646,0.002214651863666317,18.15328025817871,
7,1,2,0.000493033059225767,0.00047233582118588746,0.0014481844959799428,0.0015219517853136688,26.318326950073242,
7,1,3,0.0006117366010968128,0.0006004711220266579,0.0018700816554715338,0.002029737086355232,28.272052764892578,
7,1,4,0.0006452035784909604,0.0006487394833963878,0.001859029376244714,0.002036259669912721,30.058422088623047,
7,1,5,0.0005747625062493267,0.0005756537151528907,0.0017619492894439537,0.0018882336081711415,33.61446762084961,
7,1,6,0.000678958064566082,0.0006974461608898475,0.0021379817267012102,0.002184029396426812,40.02572250366211,
7,1,7,0.001459853916224052,0.0015790992912849688,0.004589965620822922,0.004513017291145949,43.056583404541016,
7,1,8,0.0022526164966772955,0.0022141830893305237,0.006078059460836394,0.005822874930704547,48.74042510986328,
7,1,9,0.009825618026602756,0.007484103575377543,0.00792691495999831,0.007202325127265041,51.16722869873047,
7,1,10,0.010807828628728644,0.008092838546801873,0.008606512893281737,0.00781477853529966,53.883766174316406,
7,1,11,0.013685244002384689,0.010539927372528735,0.013062995347264406,0.012010201926484054,54.083526611328125,
7,1,12,0.01455848582906416,0.01111622201208673,0.015240854870342546,0.014255436017650891,53.410362243652344,
7,1,13,0.02424797517472721,0.016001241686553702,0.0163993364640852,0.016991709826296608,59.54075622558594,
7,1,14,0.0230756387490898,0.017051512431347282,0.01772233502469589,0.020106662036271095,62.34248733520508,
7,1,15,0.022364724726390284,0.017280638715043484,0.01808458735331253,0.02017506830061211,67.09091186523438,
7,1,16,0.02712872519002385,0.021870363221073275,0.0221946331270364,0.025429132169610957,68.56507873535156,
7,1,17,0.0336818601051565,0.02768910356748855,0.027183097314993132,0.03247859751980797,69.4647445678711,
7,1,18,0.03943684213366816,0.03200032121998719,0.023775345854275876,0.028576217551778416,78.28641510009766,
7,1,19,0.04386445167700015,0.03363735533181944,0.02072066064110656,0.02376495988475391,95.61200714111328,
7,1,20,0.04234342376914124,0.02995441955913003,0.01800155902671363,0.021956413495960225,110.46350860595703,
7,1,21,0.052493472211059156,0.03463233134709032,0.01978720442438675,0.022274094644363918,136.7809295654297,
7,1,22,0.05904844977782486,0.04358586802679132,0.01858319970631872,0.022496538191292714,168.20938110351562,
7,1,23,0.05674558566471244,0.04444504786675241,0.01634228970588636,0.02107620182962766,210.35574340820312,
7,1,24,0.05216523534611528,0.04132128881666741,0.01374666556363402,0.01865716794292427,279.2043762207031,
7,1,25,0.054225983568923275,0.04455219852997616,0.01429966938505245,0.019891581525835367,338.2055358886719,
7,1,26,0.048129812175913056,0.04395928229589563,0.013199432456317162,0.019456715826113302,429.38519287109375,
7,1,27,0.026152666771131927,0.023545631780341414,0.007378215620803652,0.013150979182139144,318.5738830566406,
8,2,0,8.236531272964864e-05,8.505824346616286e-05,0.00021209586261228264,0.00022167456659127893,13.46068000793457,
8,2,1,6.528311402786979e-05,7.09981762491152e-05,0.00020785806102185944,0.00019538463506107995,23.664859771728516,
8,2,2,0.00014279875003719855,0.00011549695340562494,0.0005737906356487743,0.0004698478377941351,24.726173400878906,
8,2,3,0.0002882127119336886,0.00024275763318482024,0.0010331488560441082,0.0006870279285073888,22.74639320373535,
8,2,4,0.0005136125126771196,0.000604252809684791,0.0016605092182173653,0.0014575100039583289,24.887561798095703,
8,2,5,0.0004904395800279238,0.0005469361422942853,0.0021829178306128627,0.0019740859789726395,29.272193908691406,
8,2,6,0.0005141102663686059,0.0005697751821757135,0.003847679014643335,0.003220003194247756,32.111534118652344,
8,2,7,0.0007823171430785258,0.0008014155265897438,0.007128432247726413,0.005852919360330167,39.23735809326172,
8,2,8,0.0010833834982759694,0.001603814532483705,0.010013093561373254,0.007824015226641445,45.21664047241211,
8,2,9,0.005275569583463091,0.006218757891748861,0.012844812910630776,0.009478958928524794,51.33417892456055,
8,2,10,0.00474277591542227,0.005089099809252873,0.012971802650287967,0.009273867777608635,60.16298294067383,
8,2,11,0.005608435750641516,0.005538046530586982,0.016683807994134936,0.012703330128364665,60.07625198364258,
8,2,12,0.0052272296723878675,0.005135819637682837,0.018687843120058,0.014777997481773109,59.1542854309082,
8,2,13,0.004987752914077714,0.004802157069691226,0.015357289088565929,0.011950479501813938,65.76212310791016,
8,2,14,0.004495078284284415,0.004491411193961459,0.014662279420355473,0.011535914669521863,67.9425048828125,
8,2,15,0.003899588209865801,0.004043835449232924,0.012231459054038996,0.009729809058045435,73.60930633544922,
8,2,16,0.004147159149133772,0.004615156192516068,0.01337051435605785,0.010563657773149937,74.42459869384766,
8,2,17,0.004195611101158847,0.004812366157150749,0.014277436468103533,0.011395319818378158,75.71004486083984,
8,2,18,0.003708862924720502,0.00409396430309672,0.011166940823829297,0.009003932501756573,84.42539978027344,
8,2,19,0.004333753013193387,0.004532644853948886,0.010953823848016908,0.00892640813127732,91.59761047363281,
8,2,20,0.004492746321175578,0.004806483672429862,0.00929665617627895,0.007448823146758654,110.84515380859375,
8,2,21,0.0043929690483398565,0.004456184302189525,0.00852388359312406,0.0067893286318868595,138.2273712158203,
8,2,22,0.0054860195730837,0.0053922594411758284,0.009015334244907192,0.006999095432788094,169.55413818359375,
8,2,23,0.004760103556094464,0.004700066116619994,0.00757986924637899,0.0058618457043750904,231.09768676757812,
8,2,24,0.004645607685287323,0.004524409063687451,0.007785541275878938,0.006034076530409327,284.8489685058594,
8,2,25,0.004765413222250436,0.00458111441251996,0.008368829441300685,0.00647490958246566,344.1579895019531,
8,2,26,0.004758054974410064,0.004610738018187233,0.009493474463663554,0.006732958080002405,420.9580383300781,
8,2,27,0.004150320967268861,0.004401422514427766,0.009935387909169924,0.007056204300161628,330.84222412109375,
9,2,0,6.716132980888467e-05,6.633825886781519e-05,0.00021359717252167343,0.00021431875304678272,13.511701583862305,
9,2,1,7.383217874890047e-05,6.138609210637469e-05,0.00022487388451430945,0.00019741226875447104,23.649219512939453,
9,2,2,0.00014136640725848082,8.520611796991595e-05,0.0005159786926743903,0.00043035289238357866,24.71393394470215,
9,2,3,0.0002318946302659608,0.00015692443948001067,0.0008515765194478941,0.0006834129006486611,22.712797164916992,
9,2,4,0.0003368085704295032,0.0002962131022611336,0.0014404743563840583,0.0012908195955079194,24.842548370361328,
9,2,5,0.0003083982079490344,0.00025452884290100286,0.0019606293925651386,0.001852741502346933,29.35658836364746,
9,2,6,0.000405937177158755,0.00034078344942334304,0.00367401829850178,0.0035181899189726806,32.18791961669922,
9,2,7,0.0005422566228189263,0.0004730240341459524,0.006581252001466309,0.006358957659544862,39.35663604736328,
9,2,8,0.0007104151796910596,0.0005739270939137953,0.00903668017718351,0.008749835597747002,45.270484924316406,
9,2,9,0.0020473939065188684,0.0017986819562806344,0.011399756308490105,0.01085494167829748,51.96463394165039,
9,2,10,0.0024236444547506286,0.0018887964998405282,0.011796270877931558,0.010870670571221042,60.48118591308594,
9,2,11,0.002941765475649172,0.0021254250502192873,0.016003962393877913,0.014852723763758013,60.064109802246094,
9,2,12,0.002950752719198757,0.0021653118869847665,0.018877507909084268,0.017122466140244375,59.183204650878906,
9,2,13,0.0029283634218587595,0.001955759407918034,0.016854357014728927,0.014099404200484722,66.50360870361328,
9,2,14,0.00325009273238297,0.001932904071091368,0.01815303784253053,0.014078247914732112,68.07820129394531,
9,2,15,0.0030670586164426306,0.0017211946872192074,0.016151687532011683,0.01181005209417163,73.40044403076172,
9,2,16,0.003918911255961888,0.0018591018631928247,0.01934541247274202,0.013378320797177379,73.93931579589844,
9,2,17,0.004004561750831526,0.0017967132301890398,0.019866193751117756,0.014049276932096122,75.5201644897461,
9,2,18,0.0033310734179236023,0.0014905253771815286,0.0162284481564694,0.01151949613602643,84.2817611694336,
9,2,19,0.003310307767306231,0.0014270659210232628,0.015849410985842693,0.011249216641625925,91.09671783447266,
9,2,20,0.0028860717082744847,0.0012286524931668374,0.014202325324666254,0.009766128168470556,112.54436492919922,
9,2,21,0.0027839295408276232,0.0011113209211476294,0.013617683486323529,0.009026595245034907,139.89468383789062,
9,2,22,0.003161876115508444,0.001468517557937643,0.014322680302361057,0.009424043286422767,172.17930603027344,
9,2,23,0.0031730016728881427,0.0015296395644464056,0.011954202821881976,0.007617428545286575,236.43292236328125,
9,2,24,0.0029719956034034434,0.0014178740736054962,0.011935036314474567,0.0077892719731027515,291.1914367675781,
9,2,25,0.0030080999195118974,0.001428036953826206,0.01269038197572403,0.008376471706769029,352.2066650390625,
9,2,26,0.0028033910041707077,0.0015422402792739653,0.013021122468598545,0.008693033263387107,426.3736267089844,
9,2,27,0.003928301425226821,0.0013192477779035983,0.019288628190329837,0.011064290679840383,343.6462707519531,
10,2,0,3.675470227992861e-05,3.64836391337775e-05,0.00021533729841416438,0.00022514737069712076,13.483325004577637,
10,2,1,3.535540436316875e-05,4.356962783791385e-05,0.0001989311057607468,0.00021337824782008408,23.667978286743164,
10,2,2,0.00011447978443202,0.0001453255712081658,0.0005170552889181002,0.0005128544469704677,24.758325576782227,
10,2,3,0.000208777619334799,0.00026713860782301424,0.0009378946793636711,0.0008090171084635944,22.6005802154541,
10,2,4,0.00032736187427007124,0.0004387249742459076,0.0015896416958424142,0.0012851753102836039,24.820947647094727,
10,2,5,0.0003367009891170891,0.0004102588235059823,0.0020862239205803323,0.001754413225722895,29.37285614013672,
10,2,6,0.0003531568348013048,0.0004505182305037936,0.003487337588348849,0.003294186215828221,32.27359390258789,
10,2,7,0.0007036433787865892,0.0009072860373927627,0.00720745473709683,0.007264760306447071,39.1765022277832,
10,2,8,0.0008979779238410535,0.0010394713800158106,0.008643796242466695,0.0088741002438949,45.2651252746582,
10,2,9,0.0011094845071789594,0.001006789896251692,0.00902341447872379,0.009258759347914425,52.83427810668945,
10,2,10,0.0009442424491805657,0.000893077610035653,0.010281635943577672,0.010643103245093877,61.33656311035156,
10,2,11,0.0010921414057787349,0.0010620632003253139,0.01554469068886688,0.015443433628350434,60.068660736083984,
10,2,12,0.0011113989620787912,0.0010021198835962197,0.01692994092014699,0.016744854079882132,60.25122833251953,
10,2,13,0.00103053784910756,0.0008876862021335308,0.016308448828747157,0.016463573230553363,66.56761169433594,
10,2,14,0.0011223428279194536,0.0008889516864297731,0.01839113110354873,0.0190763828517998,67.16393280029297,
10,2,15,0.0011090201295942403,0.0008433521188465631,0.017693447799876694,0.0184332208635406,72.79660034179688,
10,2,16,0.0013490634727438833,0.0009890259523046563,0.022096145206758733,0.023859416086151608,73.07461547851562,
10,2,17,0.0015305721586449383,0.0009853099649371755,0.023233812084170746,0.025765115734613264,73.71357727050781,
10,2,18,0.0013291688030027116,0.0008278498724505479,0.01815498711822161,0.020645708436655696,83.3132095336914,
10,2,19,0.0012700700950292187,0.0007982340946993682,0.016470509940419986,0.019441643912273432,90.73091125488281,
10,2,20,0.0012074986329069226,0.0006870234953704202,0.013549079330267944,0.016936374816878486,111.47107696533203,
10,2,21,0.001185356501668955,0.000599493333303891,0.011535866190665933,0.014764778796763744,139.80067443847656,
10,2,22,0.0013627880737399067,0.0006940067302335651,0.01173414650571003,0.015341373915917056,172.75125122070312,
10,2,23,0.0014145369686527909,0.0007050780081786501,0.009410618496412892,0.01296551345918584,236.86793518066406,
10,2,24,0.0013798975595502583,0.0005923769601542395,0.009058731144968801,0.012733493519383576,293.65936279296875,
10,2,25,0.0013992724167800619,0.0005849756700735398,0.009206968235100144,0.012635281899563533,358.47283935546875,
10,2,26,0.0012982299858799173,0.0005764365312171948,0.00905558903039827,0.012177092427282155,435.7591552734375,
10,2,27,0.0008536817513787875,0.0006433879781724272,0.009412681187751404,0.013406571707250348,346.7559509277344,
11,2,0,0.0005391693462766245,0.0005336979357318805,0.0002155071560921984,0.00021646272136122136,13.494771003723145,
11,2,1,0.001031465378570795,0.0005927968379909609,0.0005363510363129986,0.0001988616734385218,24.1192569732666,
11,2,2,0.0023153501319389536,0.0012032979200626848,0.0015029452280725941,0.0004320069380687741,25.0838623046875,
11,2,3,0.004182299653403332,0.0022658227168419476,0.002314288500173234,0.0006642134989811588,23.141517639160156,
11,2,4,0.006144908694209472,0.003926676438307353,0.002934572011962122,0.0009408472771377241,25.302703857421875,
11,2,5,0.007022591113550969,0.004223380571687474,0.0034421173899428226,0.0013968347569147666,29.635377883911133,
11,2,6,0.011381725356520045,0.00781686103408219,0.004813550671462163,0.002306244481251274,32.361473083496094,
11,2,7,0.019305447168510237,0.014874078426641901,0.00843955584343481,0.00513578396262615,39.191619873046875,
11,2,8,0.02686547165854747,0.022713779594019545,0.010189328927419639,0.007314284726323894,45.076148986816406,
11,2,9,0.038726575887654935,0.03139623230280897,0.011134869968595473,0.007546659307836379,50.82727813720703,
11,2,10,0.03449659430684515,0.02756919214052389,0.01113119913758065,0.007222119819422335,59.27412033081055,
11,2,11,0.04102842416255015,0.03155589415168569,0.014617066071337725,0.008278261599479642,58.405975341796875,
11,2,12,0.04323459900103088,0.031802401338347,0.017798770793201246,0.010011698486320775,58.088104248046875,
11,2,13,0.03886208840564975,0.027160023688494905,0.01781805897971711,0.00983618811706155,67.23649597167969,
11,2,14,0.038279552480432244,0.027271088148322686,0.019896404029696835,0.010161599732034898,68.00236511230469,
11,2,15,0.0326706324159205,0.023361228774111953,0.01936382456043717,0.009769711452003005,73.599365234375,
11,2,16,0.036538125166304614,0.026054108906783613,0.0235581585528567,0.011267861265287338,74.5980224609375,
11,2,17,0.03625583507338115,0.02626348612094509,0.026403948635787655,0.012422763736512854,75.3814468383789,
11,2,18,0.02938770444981209,0.022219933053308605,0.020719267630735616,0.010904068432057601,85.05513000488281,
11,2,19,0.03481117612580853,0.024236112740316007,0.019225511582682486,0.012623435450612841,93.63255310058594,
11,2,20,0.0356695545646154,0.026005960809618256,0.01845623630895621,0.01324161934421808,112.40951538085938,
11,2,21,0.038520133500949405,0.027890748750789895,0.01810275852186949,0.014104129733304771,138.9084014892578,
11,2,22,0.05587054933790725,0.036001040262313544,0.020522189516819056,0.015687675429829517,174.92889404296875,
11,2,23,0.05242953562363828,0.032960284024323716,0.017718753136628074,0.014502285810217952,245.21734619140625,
11,2,24,0.053246365083403746,0.031209978896486357,0.01830222273696347,0.014494847826711399,305.7746887207031,
11,2,25,0.057406152910248864,0.03195959802111947,0.020177056726426223,0.01569243993067515,368.8971862792969,
11,2,26,0.05906013458249393,0.032943107604074706,0.018839105771144116,0.014566043107229532,449.323486328125,
11,2,27,0.055509635172724225,0.04016442848907842,0.019798699387347796,0.019931629886422497,350.44866943359375,
12,3,0,0.0003242875481089813,0.00032574710095834014,0.0006361055877556199,0.000628651617568865,11.604402542114258,
12,3,1,0.00042842947950916255,0.0005086166829294525,0.0008108044204911957,0.0007092051063869453,15.242088317871094,
12,3,2,0.0003841252321642452,0.0005667730810360316,0.0008506170800737234,0.0007751636644431903,20.13895606994629,
12,3,3,0.000505764045680368,0.0007210678601446974,0.0009977046531230993,0.0009685333440152544,20.12078285217285,
12,3,4,0.000573267533978683,0.0008430661672053086,0.0009007414493664712,0.0009246563546138065,25.37387466430664,
12,3,5,0.0005661448562606086,0.0007960640384084838,0.0009505590602271186,0.0010087261246496393,30.69154930114746,
12,3,6,0.0006321965907954974,0.0008175189215574585,0.0014418500301539572,0.0013545107972579018,33.77008819580078,
12,3,7,0.0006918458793787607,0.000849782340708094,0.001833340712770748,0.0018019352241301911,40.579345703125,
12,3,8,0.001005099813881416,0.001190241780505752,0.003236968840265364,0.003130125475816592,45.60858917236328,
12,3,9,0.0013328297101500297,0.0015672432524479474,0.006925294591002107,0.006988160620247208,48.20736312866211,
12,3,10,0.0015886301183947182,0.001972015674006511,0.011769968970482103,0.011103460016813282,49.111331939697266,
12,3,11,0.001947840723024008,0.0025960428685374293,0.015419881095713794,0.014201865615502407,53.328643798828125,
12,3,12,0.002759065160929941,0.0033726876203709066,0.018459293175399516,0.01725289501005467,57.15504455566406,
12,3,13,0.0037985978531474007,0.004070363599818272,0.02144027098798884,0.019813712824109486,59.50554275512695,
12,3,14,0.004603643868692053,0.004497717547790492,0.025461095641385434,0.02311375165479357,59.38758087158203,
12,3,15,0.005094699954145687,0.004799807430001857,0.02620990121447675,0.024689736311034993,68.69921112060547,
12,3,16,0.006624899947331397,0.006729487310885518,0.032608734877079715,0.03217903158594171,66.18388366699219,
12,3,17,0.008073392226856435,0.007987382090539619,0.03840696862679105,0.03844753567267423,70.06640625,
12,3,18,0.007889920156721963,0.008818756711092446,0.0371102748921297,0.03915668125971028,75.47167205810547,
12,3,19,0.009544700779075987,0.012612532799678333,0.0497468696381822,0.05175593673539991,86.24531555175781,
12,3,20,0.010247754680057009,0.01767195405649713,0.06398074012173649,0.06383368878804385,102.37525939941406,
12,3,21,0.010777814218224324,0.022256924900750596,0.09229934365611858,0.0890965259097769,121.71428680419922,
12,3,22,0.010863479707956758,0.027870556225503496,0.10301193761688898,0.10062225463609553,154.36380004882812,
12,3,23,0.009893452271321879,0.02926363005133792,0.09352386443262872,0.09803340638369273,188.28208923339844,
12,3,24,0.007727846050859299,0.026156242206648805,0.07482099981737012,0.08069039532716482,247.94488525390625,
12,3,25,0.007331860647680211,0.02599764379691416,0.07351421798234015,0.08430046679565961,302.02276611328125,
12,3,26,0.008055339404019368,0.02331028281427161,0.07452837534530798,0.0832068559870911,395.94110107421875,
12,3,27,0.0068716723738132535,0.03210146787227752,0.09637937994101242,0.11992109007036078,313.309814453125,
13,3,0,0.00024008319696955382,0.00024252896610466035,0.0006583452874411311,0.0006762277955802976,11.62725830078125,
13,3,1,0.0004160803627605292,0.00046649013701660635,0.0007351681170011393,0.0008101349338915931,15.267731666564941,
13,3,2,0.00047774806573441797,0.0005788760807422522,0.0008036856752990928,0.0008774764014730652,20.161571502685547,
13,3,3,0.0006180756697640177,0.0007725568703857988,0.0010205313560299745,0.0010980973760601476,20.140413284301758,
13,3,4,0.0005916247953351439,0.0007361009529435192,0.0009867236808903668,0.001103475020878153,25.325315475463867,
13,3,5,0.0006220178688854938,0.0009282371706132997,0.0011120520636522802,0.001396994057077272,30.745452880859375,
13,3,6,0.0007437307826664297,0.0011960137587909703,0.001610307585910964,0.0022481167244972067,33.8261604309082,
13,3,7,0.0008570443699674746,0.0014233980037362537,0.002167081958785899,0.002863102609978019,40.82424545288086,
13,3,8,0.0011005842419481437,0.001827584782940983,0.0038670196997898643,0.004184417712828292,46.00895690917969,
13,3,9,0.0013891730653652345,0.002666874124491847,0.007263029839919555,0.006000782296639695,48.61468505859375,
13,3,10,0.001629015868703787,0.0031691121036276915,0.011067030411293866,0.008976469646268082,49.195404052734375,
13,3,11,0.0020824277750701725,0.0041148801982180405,0.013920844560939227,0.011378355284271113,53.52193069458008,
13,3,12,0.0024354507524132485,0.004534704903116471,0.016054961018163838,0.013075958154719514,58.132328033447266,
13,3,13,0.003241774016339072,0.0053829375758159825,0.018262478079837274,0.014937266143687178,59.90890121459961,
13,3,14,0.003608253495475444,0.006181799330469695,0.020687036650771318,0.01707802431448613,59.19805908203125,
13,3,15,0.00393939674309407,0.006633208822950931,0.02142105464114985,0.017891845518035576,68.27086639404297,
13,3,16,0.005026928438812361,0.008155001344158253,0.02630854722959608,0.023804787705953068,65.95624542236328,
13,3,17,0.006057904957109672,0.010291130437293572,0.03181006840476375,0.027750963361768965,70.12799835205078,
13,3,18,0.006235119719978366,0.010765123682492161,0.03318016846398952,0.02803481076599401,75.26563262939453,
13,3,19,0.007068212888515002,0.013674295623526178,0.042414895059578184,0.03574196832829735,84.58660125732422,
13,3,20,0.008298563712980545,0.017443738888684113,0.05291650106554857,0.04511196182587196,97.65214538574219,
13,3,21,0.010728819635595355,0.022926159450727956,0.0732436950056532,0.06672487367472701,114.67638397216797,
13,3,22,0.012956239640920075,0.030050196188454392,0.0812710017731012,0.07553007457472749,144.3822479248047,
13,3,23,0.013965349263547089,0.034994033134219116,0.08064690145815001,0.07606167073818948,173.99234008789062,
13,3,24,0.011857676089598201,0.031759627662068524,0.07129778531611353,0.06730321031914333,229.5082550048828,
13,3,25,0.01185644986281309,0.030782724439673448,0.07300439406753145,0.06755786032013444,283.5975036621094,
13,3,26,0.012237423025695526,0.028488605547117518,0.07022018264816998,0.06685445699341208,370.7261657714844,
13,3,27,0.014917606463325517,0.04640823399003846,0.09570111636845013,0.09692826678561517,293.101806640625,
14,3,0,0.0002792424302806573,0.0002900538634085237,0.0006593427067076441,0.0006418885246812778,11.609353065490723,
14,3,1,0.000391859767089775,0.0004152844363543018,0.0007284108879216378,0.0007562471370627932,15.229578018188477,
14,3,2,0.0004713250937596891,0.0005082580823797533,0.0008090371870007607,0.000839967329684943,20.18596839904785,
14,3,3,0.0006999638757975157,0.0007367138664385875,0.0009935568116558047,0.001003536033640673,20.184568405151367,
14,3,4,0.000802503007166333,0.0008481094986561022,0.0010201986181227474,0.0009621209090695526,25.383745193481445,
14,3,5,0.0014070017891719688,0.001366567925123796,0.0011703938819770388,0.0011501525248401867,30.839025497436523,
14,3,6,0.0013034436134546912,0.0013575697766224915,0.0015183768067129622,0.0017159469779033376,33.79176712036133,
14,3,7,0.001458820116710946,0.001489106061850043,0.0021342243373706493,0.0021647212968189944,40.57780456542969,
14,3,8,0.0021875808668913033,0.0022014430043275635,0.0037835418364785545,0.0035037324630604605,45.49130630493164,
14,3,9,0.0030944356410546048,0.0032476826972934747,0.00841190961538385,0.006056731249029612,48.07001876831055,
14,3,10,0.004196628051881701,0.0038301165181067187,0.013916441999180185,0.008791453555595297,49.05724334716797,
14,3,11,0.005529069504623174,0.005160801131590342,0.01815671332124391,0.011399202280818144,53.07502365112305,
14,3,12,0.0069821607766072935,0.005741592912596349,0.022040016356753345,0.013618617341325967,56.895835876464844,
14,3,13,0.008316393040543213,0.006651693386171886,0.025354686019187556,0.01497051337007771,59.266700744628906,
14,3,14,0.010281624365382824,0.008053269221607096,0.02983051271439796,0.01746304773910179,59.30129623413086,
14,3,15,0.01143675279319889,0.009398901600631837,0.030353260269489257,0.018794255920371206,68.25556945800781,
14,3,16,0.015981168527117173,0.013446395032982172,0.03924925102423449,0.025046527105709093,65.73225402832031,
14,3,17,0.01913850554790919,0.015768310189619328,0.045427453642347015,0.029331159896490266,69.3993911743164,
14,3,18,0.01733769178602118,0.016232367394682923,0.043860483433171726,0.031090838924280217,76.1631851196289,
14,3,19,0.020537656552787498,0.021375414382857394,0.06007746766204669,0.043611022794974086,87.98928833007812,
14,3,20,0.02658656477181509,0.02867434757252041,0.0737783830423202,0.055620163515202936,106.87325286865234,
14,3,21,0.036082832435448964,0.040407717022243106,0.09958458475906407,0.0799260865296515,129.82383728027344,
14,3,22,0.04462051270861367,0.04776494977364376,0.11098059816766903,0.08951594517981487,166.1266632080078,
14,3,23,0.041095316332763754,0.05246977731789637,0.10238269954612034,0.08914992529913823,201.3469696044922,
14,3,24,0.030577308635856726,0.04406044825363398,0.08415717042729054,0.07760259101009404,263.6599426269531,
14,3,25,0.02946940193235925,0.04303824093694053,0.08836511729603247,0.07853841599564193,317.5526123046875,
14,3,26,0.02600781380324957,0.03722357911202134,0.08475878159893724,0.0738711053402672,413.1287536621094,
14,3,27,0.024512967478589887,0.07227284457815408,0.08610093107747319,0.11838186440145504,321.86590576171875,
15,3,0,0.00034712637953715486,0.00035429446611479065,0.0006483695304926318,0.000671364859622825,11.656185150146484,
15,3,1,0.0004492683845020995,0.0004548033471939439,0.000746804436915327,0.0008074411917224911,15.299202919006348,
15,3,2,0.000512038373688406,0.0005261986828272169,0.0008659344937550495,0.001017361914454673,20.145341873168945,
15,3,3,0.0006834609202008846,0.0007148096493067024,0.0010708992295309638,0.0012841836522458072,20.12090492248535,
15,3,4,0.0007802919129794583,0.0007947692094976144,0.0010796198580812488,0.0012748938600094517,25.29033851623535,
15,3,5,0.0009343029807596936,0.0009768158987759623,0.001338404451543762,0.0014538286397378641,30.77357292175293,
15,3,6,0.0010951749341844286,0.001224793845215566,0.00202607723471937,0.0025623434796918643,33.69404220581055,
15,3,7,0.0015898837163528245,0.001875616921210077,0.002372631827549765,0.0033060535422825277,40.659854888916016,
15,3,8,0.002137120474786758,0.002809538291927649,0.0033337204722068137,0.005113363492402545,45.62540817260742,
15,3,9,0.0024361012600565557,0.0035737084856450885,0.005192044036910537,0.008579679951635222,48.521549224853516,
15,3,10,0.003138385139136779,0.004481328152841191,0.007654917670209427,0.012354020974569613,49.096744537353516,
15,3,11,0.0043861882732557644,0.005755359357525469,0.009790381573492213,0.015597731123595637,53.12224197387695,
15,3,12,0.006304475725065206,0.007890578481069666,0.011913700623183865,0.01844019083507642,57.881805419921875,
15,3,13,0.008886033624413425,0.010056709164965039,0.014151045964215458,0.02114882750803293,59.630374908447266,
15,3,14,0.011743522922607053,0.01248470378366029,0.01608813623731986,0.02404940757811669,58.898780822753906,
15,3,15,0.014499309911254032,0.014808745604545925,0.016991810364534676,0.02383721794017879,67.47992706298828,
15,3,16,0.02118655511944867,0.021003137351901735,0.021452595911532923,0.030755996516574458,65.65736389160156,
15,3,17,0.027386048963500054,0.02646458414445685,0.025684547667384816,0.03661341405862917,69.9632797241211,
15,3,18,0.029412775289784143,0.02919007711661392,0.026689815203617018,0.03723722381940786,74.94456481933594,
15,3,19,0.03785082006949103,0.04221915713257118,0.03283519388845524,0.055608078769810776,84.46367645263672,
15,3,20,0.04696657748943267,0.057268315143971016,0.04106251509103509,0.07234390594311502,98.10774230957031,
15,3,21,0.0710869883917078,0.0723774917167983,0.055701236705358315,0.10387635964562103,114.4982681274414,
15,3,22,0.08579962893474835,0.0874968985940413,0.06172458424624372,0.12068689413714895,144.8157501220703,
15,3,23,0.08502396116093269,0.09258230785718646,0.06033724395969409,0.1199712243380271,173.98275756835938,
15,3,24,0.06776884728119248,0.07956089262112209,0.05298214663379963,0.09869853227418712,229.06625366210938,
15,3,25,0.06421580665141224,0.07762800763191757,0.05189151215081855,0.10373685214101092,281.8647155761719,
15,3,26,0.05567988434784121,0.06573334163644695,0.048151619081942876,0.098421311566523,370.2841491699219,
15,3,27,0.05141998297339201,0.07928864003425184,0.05105702120686373,0.12053600276598841,294.87322998046875,
16,4,0,0.00021813580655194453,0.00022628901181698247,0.0001990902955054663,0.00019607150746570046,13.27545166015625,
16,4,1,0.0002168181590653795,0.0001670475226136503,0.00013733811496119408,0.00012560247367632282,23.708290100097656,
16,4,2,0.0018006532413388232,0.0015325557814407365,0.0004171926908411727,0.00026168486948086045,25.17575454711914,
16,4,3,0.0037684099761597922,0.002938435156151553,0.0007361234074210188,0.000429361333383782,24.16050910949707,
16,4,4,0.004712055659790826,0.003149932066680683,0.0008628883523356112,0.0004220002376055243,28.357166290283203,
16,4,5,0.005207400304548471,0.002610280603427828,0.0012449838148054226,0.0004678818228252002,34.78483581542969,
16,4,6,0.006632620499499309,0.0030158119924186266,0.0016567884009326406,0.0009550258977499837,36.16443634033203,
16,4,7,0.010378839521821837,0.007717898298280956,0.0027245233035224636,0.0018940163765299722,44.11100769042969,
16,4,8,0.012535771368394899,0.00939822118866962,0.003631964520141806,0.0032935490376775345,51.14090347290039,
16,4,9,0.02079037140680151,0.014236374625275716,0.005586271470344628,0.005248307298115873,58.3908805847168,
16,4,10,0.01923848831666175,0.013345810219724585,0.006269132143747691,0.004778866390762304,60.15700149536133,
16,4,11,0.024445504676366636,0.016103145655894435,0.0074264881698633545,0.0052930796917524114,58.457462310791016,
16,4,12,0.02718200005450433,0.018021534670163097,0.008665373051135794,0.005487111750339668,61.98367691040039,
16,4,13,0.029025471330082042,0.019802241144519228,0.00961011806018619,0.005992299177469129,68.70962524414062,
16,4,14,0.030159169050320345,0.022155569082635163,0.010696933521791463,0.007288294456286759,67.39127349853516,
16,4,15,0.029596996723139313,0.02436984795335606,0.011312017241533412,0.007514040127688526,73.1419677734375,
16,4,16,0.037057853395927154,0.032765327437074054,0.014723654996308455,0.009298801758279907,71.62176513671875,
16,4,17,0.039051291319531,0.03588065668295093,0.017058037142907545,0.009673085306928675,74.9122543334961,
16,4,18,0.035476654968139676,0.032562441309588075,0.01755212406553408,0.010081494746944752,79.81094360351562,
16,4,19,0.03347743804954684,0.03851710806082609,0.018887558610044763,0.016207575596345336,88.5011215209961,
16,4,20,0.03357426109262929,0.045948943619387506,0.02007601684139715,0.023068063622927792,105.71580505371094,
16,4,21,0.034378426601135104,0.06380058964648672,0.02198261204018026,0.033384525712822355,128.85292053222656,
16,4,22,0.038027333477982594,0.07094734126107116,0.02166789382367562,0.03344961202362162,160.9248809814453,
16,4,23,0.03636182518617803,0.06824027748492534,0.018991996967125058,0.03374699247490276,215.9423065185547,
16,4,24,0.03786869510818758,0.06812569990083062,0.020485622394146974,0.032008032813962695,264.2456359863281,
16,4,25,0.04341332080258231,0.06944135058335599,0.022341886928178067,0.032451802923009865,313.1712341308594,
16,4,26,0.042063296933477656,0.07401668495028058,0.022483519901149274,0.039410553034609275,418.2417907714844,
16,4,27,0.03996668180726226,0.05317274868484245,0.0199361358884379,0.02659786956296617,306.7571716308594,
17,4,0,0.00017435709716406844,0.00017224910105040347,0.00019855704926263762,0.0001951585228903152,13.313443183898926,
17,4,1,0.00012832476153434857,0.000125019968179374,0.00012835998355231748,0.0001252634076563952,23.73528480529785,
17,4,2,0.0007938408982502976,0.000704215091344107,0.0003220429522273749,0.00032212249376417645,25.141315460205078,
17,4,3,0.0015865923864145648,0.0013532173459044339,0.0006110179236866742,0.000567245760705215,23.77432632446289,
17,4,4,0.002154240255825557,0.0016658039089881838,0.0006755420093345066,0.0007022928257635064,27.725828170776367,
17,4,5,0.0026806433555627285,0.0021472830254944952,0.000794419298081217,0.0009467207776787667,33.12469482421875,
17,4,6,0.0039922613849560085,0.004404937229613881,0.001405177683002523,0.0012867124800394203,34.48566818237305,
17,4,7,0.006176519925515378,0.007132259817705822,0.002158465816383459,0.0018694102613892039,41.81892776489258,
17,4,8,0.008698568532207962,0.01083454295757158,0.0030084859203234338,0.002901457874836866,48.86091232299805,
17,4,9,0.022588469739092343,0.0214512536344188,0.005051544645009121,0.0054482232012202925,56.64769744873047,
17,4,10,0.0279651896045775,0.02701126144667454,0.004963838940108323,0.006462712838566587,57.853267669677734,
17,4,11,0.03538297151942815,0.03544336446861296,0.005955013728531133,0.007803742326580654,56.56396484375,
17,4,12,0.039359232284222445,0.03912793272120152,0.005572490309940892,0.008765589255568806,59.48228073120117,
17,4,13,0.03885370024979118,0.03789607002361084,0.006018632687003089,0.009048682399268926,65.50921630859375,
17,4,14,0.046389788512499974,0.04692272186180346,0.0074467319594043735,0.009597864468532058,64.90007019042969,
17,4,15,0.045773328142760916,0.04632749691699878,0.007894483274301423,0.009487404910381803,68.8467025756836,
17,4,16,0.056249593313345,0.0593024856189025,0.01057560208385111,0.011834896531550898,68.54586029052734,
17,4,17,0.055854657156250154,0.059239475245655204,0.011129222360541813,0.013177665077281353,71.69415283203125,
17,4,18,0.05415540348935699,0.05059672593864495,0.009598230938141494,0.0159920289043749,77.46699523925781,
17,4,19,0.05494181597936543,0.04423946990939953,0.008732124741092306,0.020268051294189515,87.87323760986328,
17,4,20,0.0570716471069046,0.039001691384745185,0.00872468238759938,0.02570241970291509,107.14282989501953,
17,4,21,0.05873749366274916,0.03569666661623783,0.00997062342635291,0.035328415495757604,134.0322265625,
17,4,22,0.05495638068461761,0.033108180107871865,0.010165590338512831,0.036093698497748794,167.72894287109375,
17,4,23,0.047234100826916925,0.02726346880382058,0.008982715273144426,0.034891857321539654,229.9651336669922,
17,4,24,0.04757177718116379,0.02743974271202876,0.009013018245168869,0.03231785709861468,283.9849853515625,
17,4,25,0.05025419945621035,0.029072797271903816,0.009898728830683656,0.03312310824155873,342.9417419433594,
17,4,26,0.053155946531128984,0.028609306081772923,0.009730610329108269,0.04408836536243044,430.7590637207031,
17,4,27,0.04372438966763703,0.026646258276561863,0.008245952789181055,0.029739129797484387,314.34521484375,
18,4,0,0.0006047999816585214,0.0006076953784717176,0.000190487400398065,0.00018204033853208568,13.312124252319336,
18,4,1,0.0003665136980912642,0.00036896328501723197,0.00012183940554355566,0.00012123577834921573,23.651453018188477,
18,4,2,0.000985322653268339,0.0008454595307189061,0.0002847073219167662,0.0003783167852001723,25.11794662475586,
18,4,3,0.001997097962668226,0.0018190511410461907,0.0004604478492221675,0.000597866134100844,23.75592041015625,
18,4,4,0.0023094514350090467,0.002207984359871129,0.00047554710104869,0.0006122882740373647,27.867082595825195,
18,4,5,0.0018392048504007885,0.001872568910357808,0.00047652039326895324,0.0005941794579280568,33.523582458496094,
18,4,6,0.002979856133484282,0.0035544534918960924,0.0006777070196474222,0.000880161152753578,34.70136642456055,
18,4,7,0.006274645618875585,0.006785266066279938,0.0010005809631964402,0.0013073556639534578,41.66358184814453,
18,4,8,0.010029680843407607,0.010188647235654269,0.0015788828288443302,0.0019536159637058015,48.53935623168945,
18,4,9,0.03379407598962336,0.029547152082315398,0.003039096604399494,0.004369427359188993,57.08360290527344,
18,4,10,0.032562586881671685,0.027924453393721738,0.003093677847676002,0.004788887194731584,57.64936065673828,
18,4,11,0.03551570697217454,0.030341670159953593,0.0038354593066081133,0.0057075626945455316,55.70960998535156,
18,4,12,0.033392562965396166,0.028938909055332696,0.004236791312845156,0.005766041055493054,58.520660400390625,
18,4,13,0.031118082427698757,0.02637180468440603,0.0050576269976626564,0.005685177610796344,64.13910675048828,
18,4,14,0.032430203825545734,0.027430634808174648,0.006513828953481959,0.006523746841822997,64.44920349121094,
18,4,15,0.03144147445999279,0.02687804433999319,0.007158887616524501,0.006741127193816143,68.84779357910156,
18,4,16,0.04265014047724791,0.03566418419253514,0.009849019183810204,0.008984904936757188,67.54749298095703,
18,4,17,0.04268505011342538,0.036867477708334984,0.009684880525841488,0.009922841516052938,71.86051177978516,
18,4,18,0.036908538098010424,0.030855197955771407,0.00879489800014055,0.00900024507488828,76.67096710205078,
18,4,19,0.03654452774061445,0.03000024808268209,0.010971930092578797,0.009057931789580143,83.70977783203125,
18,4,20,0.03520424548957091,0.027548363838302503,0.013846770182381785,0.0094962417096921,100.16210174560547,
18,4,21,0.03592098404547295,0.026766695182682154,0.019521096852092468,0.011286391043014321,121.5652847290039,
18,4,22,0.036581205180793996,0.02678432327040836,0.019949438334299296,0.01221617132345476,154.8135986328125,
18,4,23,0.03146183170435357,0.02151705034092588,0.017896922770125778,0.012913286125391776,211.12445068359375,
18,4,24,0.03009920749447792,0.020224838175750826,0.017344960250829766,0.013479128940795504,260.4663391113281,
18,4,25,0.03022012435595489,0.020314140099343736,0.01692075721930897,0.015641460211135993,316.2121887207031,
18,4,26,0.026212682320287062,0.017523406402073838,0.0182396794722699,0.015455346808135761,411.5307312011719,
18,4,27,0.022835423147384848,0.015002189999146376,0.015945991955792826,0.01373338432403004,316.2024230957031,
19,4,0,0.00033468016254667443,0.0003346726468140826,0.00019041180176071482,0.00019608027829609576,13.220049858093262,
19,4,1,0.0002361505661470087,0.0002698578020442488,0.0001233691452783292,0.00013111192957460105,23.367586135864258,
19,4,2,0.000760015244730905,0.0010230268814273025,0.00032082753988482704,0.00027616067222391294,24.842802047729492,
19,4,3,0.0018863692708648294,0.0018683340214595834,0.0005439466230081624,0.0004444662166994684,23.505022048950195,
19,4,4,0.0019810029977747057,0.0020723051879691923,0.000548485873579474,0.00047129964460368434,27.743879318237305,
19,4,5,0.0014973603138357383,0.0018841551868000739,0.0005291625313842419,0.00044959256803245307,33.24205780029297,
19,4,6,0.001973574010424306,0.0036348005762738556,0.0010106624571422085,0.0006043348354808353,34.39826583862305,
19,4,7,0.003923900887677578,0.005943544277354551,0.0016877734020556145,0.00122152294221467,41.39642333984375,
19,4,8,0.005031010469507824,0.007313025320072386,0.0028898804079393603,0.002052100017118641,48.35929489135742,
19,4,9,0.008405707948349495,0.01146580635473693,0.004307460626013726,0.003284433420677191,54.167518615722656,
19,4,10,0.007544657309287772,0.011376555843482294,0.004211457522166229,0.002916737040829731,55.85822677612305,
19,4,11,0.007581803098330342,0.012664456269304236,0.004935893640131694,0.003031084818334917,55.342384338378906,
19,4,12,0.00794813550803164,0.012667815638359059,0.005299214777635397,0.0030293944544047546,58.42266845703125,
19,4,13,0.008038853215150743,0.011455081348132667,0.005948783956389425,0.0031962185839521373,64.15524291992188,
19,4,14,0.009373445977139516,0.012682842437309216,0.008405079787275227,0.003776954313003178,64.30633544921875,
19,4,15,0.011101978019612546,0.01253854751998873,0.010294989467336979,0.003922900203433222,67.44721984863281,
19,4,16,0.013948450298751358,0.01550373974996555,0.015008154641692473,0.005159190490345633,66.8846206665039,
19,4,17,0.014686937370684494,0.015631542384952457,0.01587319148975408,0.005912933991170655,70.7513656616211,
19,4,18,0.013574718567406663,0.013705622206853563,0.01527630731979901,0.005741395011756634,75.46137237548828,
19,4,19,0.016319261780348704,0.011937116405183579,0.02058280019599079,0.005666723419299191,82.59640502929688,
19,4,20,0.017188493914719993,0.009751126359343831,0.02569696949468303,0.006200773706957485,99.20574951171875,
19,4,21,0.020675905140817297,0.008881705263848683,0.03383650855753839,0.00709873170432429,121.28825378417969,
19,4,22,0.021066889171608594,0.008772664098935845,0.034638876714425226,0.007314232149856936,153.70513916015625,
19,4,23,0.01854792952237516,0.00772599454340106,0.031250929568444,0.006770668363998089,214.38253784179688,
19,4,24,0.018174139515825027,0.007353134675440631,0.030867640221616366,0.006825301581659504,261.3262023925781,
19,4,25,0.01896914474735878,0.007779813354391152,0.03165223054155741,0.0073900034335845355,320.8357238769531,
19,4,26,0.01763191362879235,0.00712826253670662,0.029178332417715502,0.007094537351621577,409.0001220703125,
19,4,27,0.013269097116147988,0.00540603014389518,0.021507457074261827,0.005366886949693117,321.4720458984375,
20,5,0,0.00030940428810855014,0.0002981369360883779,0.00028636648925106645,0.00028825504638796406,13.13417911529541,
20,5,1,0.00028351208302201947,0.0002844186709252128,0.0002963246609849479,0.00030792053417527665,20.779342651367188,
20,5,2,0.0015867741289999904,0.0014967083885625287,0.0005385268342468219,0.0005436126519740014,22.745515823364258,
20,5,3,0.0016007698037976414,0.0015417422735266584,0.0008313133273490925,0.0008211365829520201,23.50908088684082,
20,5,4,0.0018322416408780295,0.0018579615553601103,0.0008053868904921435,0.0007807491957217971,26.704368591308594,
20,5,5,0.0021784002818904247,0.002228139879621671,0.0007909424029146628,0.0007394265732594274,29.418289184570312,
20,5,6,0.002713238350076752,0.002883821716980539,0.0010271720495502734,0.000956715704359512,33.33012771606445,
20,5,7,0.005440254670791123,0.006926842535253108,0.00121649409663116,0.0011151584033299855,41.866519927978516,
20,5,8,0.011445159674763783,0.012434698836620406,0.0016654283485169064,0.00167018050590928,48.99856948852539,
20,5,9,0.02261985081011153,0.023495849021897497,0.0023170515209505194,0.0023143405336810696,52.2598876953125,
20,5,10,0.018068786922088242,0.018708336923459967,0.0020236406842719656,0.0018507220117059964,60.437255859375,
20,5,11,0.018031228057284632,0.018854833990948672,0.002274895341890737,0.002002240528089283,58.1944580078125,
20,5,12,0.018480338818797293,0.019959810736632555,0.002728497652960238,0.002251638453568683,62.68122100830078,
20,5,13,0.023161742095953564,0.026587824255127068,0.003275862178349631,0.0024214752728615174,65.97518157958984,
20,5,14,0.028596040788391175,0.03303942757552414,0.0040629042030545515,0.0030738647467786206,69.30573272705078,
20,5,15,0.025140786564171624,0.02904363395854148,0.003961405148986907,0.0028704905907348532,76.86095428466797,
20,5,16,0.02675711758079391,0.03139744121765531,0.004400917695583484,0.003050429689051448,76.61190032958984,
20,5,17,0.02577061885656995,0.029904200922861945,0.004526222291076021,0.0030590547696751624,78.71544647216797,
20,5,18,0.01796301619837115,0.020542544292329046,0.0031591628068907696,0.002267465317551509,89.29365539550781,
20,5,19,0.018410216192336626,0.01910501610398907,0.0035772410752571426,0.003050156580129304,99.77608489990234,
20,5,20,0.015478403330448587,0.015434759951360122,0.0034144729125177298,0.002729393644347544,120.17613220214844,
20,5,21,0.01255431682460928,0.012168883786358498,0.002864663808902601,0.0021907957289919455,153.03927612304688,
20,5,22,0.034633555316353815,0.03435559265548904,0.0025888538929448313,0.001975174418079484,190.60714721679688,
20,5,23,0.03277566279887212,0.03256087158493237,0.0018101794838991658,0.0014633503605387954,278.0520935058594,
20,5,24,0.043506373001720666,0.04228526008204314,0.0017975660516841296,0.0015923389605517757,342.853515625,
20,5,25,0.05216238936527484,0.05006867423296402,0.002002033966393313,0.001925672957638569,408.0346984863281,
20,5,26,0.055619351585507015,0.05376411117678803,0.0023015884272015175,0.0026089188149645004,481.4688415527344,
20,5,27,0.040963842534289086,0.03452977299326887,0.0023472986124670747,0.004088283108653834,350.3492736816406,
21,5,0,0.000342556941475225,0.0003212945303985304,0.00027271230758030285,0.0002884815716241995,13.154449462890625,
21,5,1,0.0003511357061423137,0.00031699238322902,0.00031684209603266567,0.00031977096225610513,20.757686614990234,
21,5,2,0.0019006273382381478,0.0018154124109576175,0.0005756581680846917,0.0005779558555342179,22.80424690246582,
21,5,3,0.002176672665252788,0.0021568251363106583,0.000876673592474897,0.0009080631571277697,23.235626220703125,
21,5,4,0.0021710631610994957,0.002211555902424056,0.0008464317751949446,0.0008527992457504352,26.49078369140625,
21,5,5,0.0018844511079346704,0.0018603497970012262,0.0008126329167077451,0.0008044003292353441,29.282848358154297,
21,5,6,0.0017882309160476284,0.0018564566566856566,0.001007082004985893,0.0010622242942976978,33.20808410644531,
21,5,7,0.004447306201934564,0.005165026936898798,0.0011749271366496838,0.0012417275816064555,42.39247512817383,
21,5,8,0.007143670769389154,0.008049568282498587,0.0016397948272496299,0.0017319763582490655,49.080162048339844,
21,5,9,0.03338559079475911,0.03713124731428008,0.002381463451081478,0.002176195014725768,52.49819564819336,
21,5,10,0.027068541699519666,0.031930992197994,0.0020491599592598053,0.0017225851096880351,62.3795280456543,
21,5,11,0.030113086090274743,0.03532277554925267,0.0022042050708391825,0.0019320857606085484,59.82919692993164,
21,5,12,0.0325220981777109,0.03821395678337658,0.0024842969065208553,0.0024035223381352333,64.13910675048828,
21,5,13,0.036568144852932916,0.04140770140363259,0.0026947557541950884,0.0027683107448893685,66.86457061767578,
21,5,14,0.03968726821305646,0.04534901974088135,0.0033712526986737767,0.0030737023865836655,69.51644897460938,
21,5,15,0.03318052543985184,0.03756588343822442,0.0031473657605658456,0.0028135822905955843,76.71666717529297,
21,5,16,0.033569310979064015,0.03781307737005979,0.0034690451092811436,0.002996797300530485,75.99483489990234,
21,5,17,0.03005725092747702,0.03379478630718591,0.0034487542024735918,0.0031505720740241383,79.10845184326172,
21,5,18,0.021313941569181094,0.024554723944265278,0.002631017459083007,0.0023502942568591756,89.50536346435547,
21,5,19,0.02119474756583517,0.024946064157417958,0.0030363095896789316,0.002712367481961242,99.35809326171875,
21,5,20,0.019768073395087127,0.02409421476648821,0.00276611919674985,0.002415914559120491,120.56787109375,
21,5,21,0.01599080020296606,0.019488241648327298,0.0021658521634509986,0.0019103809406879613,153.39134216308594,
21,5,22,0.03026705314231537,0.0343010713073586,0.0020529499698384024,0.0017972718267258436,189.76364135742188,
21,5,23,0.03907818037555355,0.0441086193104141,0.0014959695041907306,0.00133179565449415,279.57220458984375,
21,5,24,0.05337906952344118,0.059816384899795016,0.0015142835163934887,0.0015025703267751434,344.6204528808594,
21,5,25,0.0588063883010852,0.0662393382300348,0.0017689925374797522,0.0016515298705400694,405.5311279296875,
21,5,26,0.05596029710227346,0.06368036504413865,0.002045316001587194,0.0019430193937806095,481.5705261230469,
21,5,27,0.03434155492257718,0.036320521318076615,0.001651884431640105,0.0016437940800524409,347.1012878417969,
22,5,0,0.00015054854004659113,0.00015215642040866673,0.00030242521650925003,0.00028768527238509645,13.206296920776367,
22,5,1,0.00012325230935672504,0.0001357662235930146,0.000318039549122906,0.0002846622598385862,20.81820297241211,
22,5,2,0.00025704651675595436,0.0002843118267850109,0.0005366139498790279,0.00051852518890938,22.719850540161133,
22,5,3,0.00042074938124347927,0.0004679938096108227,0.0008879763736248103,0.0008349028969366623,23.468774795532227,
22,5,4,0.0004878506854322229,0.0005847165055794523,0.0008533697694665943,0.0008028824169036275,26.682525634765625,
22,5,5,0.0005149717269449239,0.0006339821157728132,0.0008235322201289863,0.0007865498998189668,29.303415298461914,
22,5,6,0.0007309951866790732,0.0009615060280693255,0.0010625446347201084,0.0009778706095721068,33.296329498291016,
22,5,7,0.001890192564601656,0.0025149808587706657,0.0011983787039007154,0.0010684978085510055,41.8758544921875,
22,5,8,0.0026250080130151288,0.00330689808745821,0.0016646197849504718,0.0014412558165363132,48.540016174316406,
22,5,9,0.007139846231761671,0.008107877878073877,0.0021466633790193645,0.001906934535041982,51.720375061035156,
22,5,10,0.005247671332396009,0.006033204302310802,0.0019355806399886655,0.0017176003177975518,59.78577423095703,
22,5,11,0.0052334084865526265,0.00603600863012288,0.0021096300316318928,0.0018921287392033026,57.73432922363281,
22,5,12,0.005615098280855713,0.006296927146590359,0.0024747896560864957,0.0022230710853682334,62.66658401489258,
22,5,13,0.008196616032458803,0.008897660626597803,0.0027810251798661145,0.0023733209561482838,66.02120971679688,
22,5,14,0.008551795912988935,0.009615260127191938,0.003138475713590716,0.0028348550385580706,69.32576751708984,
22,5,15,0.007828952818078938,0.008684855606847286,0.0029093133618267597,0.0027510310798881665,76.6861801147461,
22,5,16,0.008988424885088109,0.009542669876006049,0.0030465620201191035,0.003117131260732653,77.39518737792969,
22,5,17,0.008996409140949457,0.00933381174488257,0.003103488401606347,0.0033698687134259275,79.5870132446289,
22,5,18,0.005959373345491237,0.00621880593574986,0.00236045066748769,0.0025404484311494224,89.7364273071289,
22,5,19,0.005845903358998816,0.005745722736214431,0.002973123953025847,0.003254750562801667,99.5947036743164,
22,5,20,0.0049576313546675355,0.004837647866323236,0.0029307416492097005,0.003208484584226956,120.30433654785156,
22,5,21,0.0037956475959256553,0.0037576596573947185,0.0025407226896715374,0.00263315612425008,152.07244873046875,
22,5,22,0.007287600540669126,0.007002882121872167,0.0024305594911402384,0.0024912279997775233,188.2705078125,
22,5,23,0.00897480558377406,0.008850143712890834,0.0018326423219990895,0.0019266965468074382,275.2885437011719,
22,5,24,0.009670714353767762,0.009192627018616006,0.0018824280288854967,0.002004973476929184,338.9980163574219,
22,5,25,0.010424147634306546,0.00967432749777486,0.0022293625649514315,0.0024024534422693034,403.7687683105469,
22,5,26,0.01109340920099744,0.010244832136563464,0.002500950277245173,0.00271811154186985,476.9588928222656,
22,5,27,0.006831651577366871,0.005523673338146851,0.0020138943487706396,0.0022902640855322343,349.2070007324219,
23,5,0,0.00034614732891735667,0.00034193606353660755,0.00028167492584041387,0.0002867082193668269,13.17199993133545,
23,5,1,0.00022030374418535725,0.00021528867119169348,0.00030033597299916615,0.00030409909394257806,20.812379837036133,
23,5,2,0.00043265995192731665,0.0004046844732926713,0.0005294170262034603,0.000517872055680213,22.7763729095459,
23,5,3,0.0005755440830110814,0.0005467928696898383,0.0008346397947469608,0.0008083390860473827,23.58756446838379,
23,5,4,0.000580523879490924,0.0005693164515444549,0.0008219435573337819,0.0007659152334984487,26.81839942932129,
23,5,5,0.0007030018637146362,0.0007387360842919799,0.0007829669664684014,0.0007551251743943554,29.45560073852539,
23,5,6,0.0012073621570971582,0.001379436060165995,0.0010347431435329124,0.0010015305315658196,33.501258850097656,
23,5,7,0.002708447993836516,0.0035886855485643965,0.00111519004898053,0.001239198359143212,42.04092788696289,
23,5,8,0.004041120141121346,0.004866582424571719,0.0016234789358620105,0.001672606495740303,48.99880599975586,
23,5,9,0.011184168693734065,0.013422429086334065,0.0024072929290465117,0.0021220003842207236,53.080894470214844,
23,5,10,0.009318101754527519,0.011208039084640742,0.0020924149378074297,0.001835356819459344,60.01708221435547,
23,5,11,0.01093891767781896,0.01321174756040533,0.0022082803504001047,0.0020352617456423916,57.690216064453125,
23,5,12,0.01343440347294178,0.01551166198616405,0.0025396062754552418,0.0022707866053998105,62.02965545654297,
23,5,13,0.024828317017932977,0.025977542843167778,0.0026092103110811893,0.002696173123072465,64.15972137451172,
23,5,14,0.03626600668002722,0.03499241179242196,0.0030764625766929177,0.0029449222478277193,67.72032165527344,
23,5,15,0.03190597578724874,0.02973538018550992,0.0028975700614328748,0.002635005162618942,74.70829010009766,
23,5,16,0.03415517621582176,0.03163323259939799,0.0031711944195251807,0.0027629707142300397,74.02557373046875,
23,5,17,0.034126067023493745,0.03121341740597261,0.0034412712647358124,0.002629841436925573,76.16764831542969,
23,5,18,0.023236473602693763,0.02061726431372246,0.0026327112547704923,0.0019306595040862184,85.94032287597656,
23,5,19,0.02155698192879174,0.01807366477950889,0.003272679735926154,0.002413915147340573,97.14855194091797,
23,5,20,0.018319219145061516,0.015067229842927299,0.0029695183572651107,0.0023106171136970666,118.69766998291016,
23,5,21,0.014597188846062648,0.011979897294924546,0.0023619044837144276,0.001927974910880037,151.5902862548828,
23,5,22,0.024029883301774912,0.019201903943371512,0.002138509966211344,0.0018915018221669078,187.78494262695312,
23,5,23,0.02575526984570775,0.022074499490813415,0.001554104311547455,0.0014334936145001809,274.033203125,
23,5,24,0.03352401920382664,0.029113878143839145,0.001606740650793248,0.0014722531336742728,339.4128112792969,
23,5,25,0.037487423150633026,0.03213106834899626,0.001888088984392966,0.0016135049350236574,401.2595520019531,
23,5,26,0.0399203706797876,0.034002410943875794,0.002327084147579761,0.0018206569919010374,477.1965026855469,
23,5,27,0.024920667368713567,0.01829635410906094,0.0029241638531194436,0.00175694744224264,348.8358459472656,
24,6,0,0.00048515988675668087,0.0004835374575945517,0.000630834683403414,0.0006257342357675055,11.406584739685059,
24,6,1,0.00045933920449980903,0.0004558976256656688,0.0009864666447669812,0.0009913858761188,14.533909797668457,
24,6,2,0.0004839154024340875,0.000442122936184175,0.0012059273114948255,0.0011391360124097805,18.763328552246094,
24,6,3,0.0007628322941072296,0.0006282058210231867,0.0013304563421566717,0.0012083710314222396,22.495540618896484,
24,6,4,0.0007473092182797014,0.0006452576834892199,0.001251669045088999,0.0011283578309475573,28.571409225463867,
24,6,5,0.0007150564673313875,0.0006040244714352605,0.0017166449386321059,0.0015495913113285908,31.91460418701172,
24,6,6,0.0007654200686857404,0.0006408909585603473,0.0020159822541878647,0.0017903532490013419,36.61940002441406,
24,6,7,0.0012184170110134396,0.0012238546330741729,0.006703695873447879,0.006936222035890616,43.66084671020508,
24,6,8,0.00214364292078173,0.0019333239557243198,0.013623861652781843,0.01548117559691764,47.923213958740234,
24,6,9,0.008970020628745412,0.006819558311676466,0.016013404469492842,0.01991104697181889,51.504398345947266,
24,6,10,0.008555502711306895,0.005944876264166621,0.015353870873814013,0.01969860684267699,56.241580963134766,
24,6,11,0.008311187684010957,0.005696311390117281,0.01569302843198117,0.020061891091911255,57.54443359375,
24,6,12,0.0083207236193229,0.005853224273904223,0.016262182750787724,0.021284282590082415,58.11566162109375,
24,6,13,0.010353230975468919,0.009509965868624182,0.015745835592941293,0.019846939079727677,64.0741958618164,
24,6,14,0.01165178991492044,0.011278157950806111,0.017616530480584425,0.022720397264014536,63.93575668334961,
24,6,15,0.010528449728085976,0.010406154567803028,0.017422178060676363,0.020639875372419403,74.80365753173828,
24,6,16,0.012708271505071145,0.01326382033694673,0.02149105397693407,0.02400223741394869,73.8030014038086,
24,6,17,0.013860800680511987,0.01440192918353389,0.025737444822470867,0.0279561581581399,74.8479232788086,
24,6,18,0.011290634386230902,0.01075463189542325,0.021008808753296693,0.025157219039153134,85.57178497314453,
24,6,19,0.010939715337184852,0.010800316144937261,0.0240081227964678,0.031093769472480992,101.81474304199219,
24,6,20,0.010829884420695546,0.00952856701401239,0.02333409541317122,0.03304654425556408,126.28951263427734,
24,6,21,0.015362760302722211,0.013371320740225734,0.023924550070825612,0.036934940859288834,155.6239471435547,
24,6,22,0.017291861405908104,0.01405522039769369,0.025446279237802183,0.040911864013252974,195.00088500976562,
24,6,23,0.019036262297537854,0.015684912298503884,0.024211596793885626,0.040458777334590135,251.05325317382812,
24,6,24,0.0184298460810689,0.015229379817977007,0.025437367620497642,0.04423985847961376,318.04803466796875,
24,6,25,0.017679899142302835,0.014152559102968754,0.026209145479356377,0.046014222197500176,389.96185302734375,
24,6,26,0.017224557771437388,0.014981750714610054,0.02569641515569865,0.04423848085776261,463.9529113769531,
24,6,27,0.008904638472999715,0.009169516144142742,0.016041011968221053,0.025339893917952327,347.0636901855469,
25,6,0,0.00040499101024205064,0.00038872491894459404,0.0006262307937398015,0.0006161032666737176,11.416166305541992,
25,6,1,0.0004401116275875028,0.0004252558575060794,0.000920326227093482,0.0009227933734047289,14.52428913116455,
25,6,2,0.0004368827701967115,0.00042702663323379575,0.0010424485726550081,0.001045167915541212,18.847064971923828,
25,6,3,0.0007154132655653456,0.0006367904672452962,0.001152368227962719,0.0010597208571588856,22.52690315246582,
25,6,4,0.0006234947147506498,0.0005986532311043069,0.0010895946513119759,0.0010619633263045936,28.675472259521484,
25,6,5,0.0008121022191802663,0.0007996489628441239,0.0014770163972230854,0.0014554697684818763,32.095218658447266,
25,6,6,0.0011022006106946591,0.0011296174486447041,0.0016724090591725416,0.0016238717274584813,36.659576416015625,
25,6,7,0.0016761792656347918,0.0018376426871941076,0.00601285427938314,0.006280156088135702,44.0924186706543,
25,6,8,0.003415137111358768,0.003380694289856878,0.010823136871189631,0.011210659971716996,47.646324157714844,
25,6,9,0.017428241534272138,0.012774116193767782,0.013030145083186118,0.01293597266669666,51.8974494934082,
25,6,10,0.02169400553682521,0.01500451427328553,0.012768538104024119,0.010980360807817724,54.422298431396484,
25,6,11,0.0248715307492664,0.017105550985683893,0.012796257424143365,0.011128095862013132,56.99591827392578,
25,6,12,0.02824726521283294,0.019650071071377728,0.014094505293677506,0.011031863786552742,56.363494873046875,
25,6,13,0.04166188695553241,0.030604697407282333,0.013386396899831565,0.01066712842176476,64.36759185791016,
25,6,14,0.0553128108973141,0.04120558682710451,0.01561064880319829,0.012608879431445286,64.54125213623047,
25,6,15,0.049771298426176336,0.039944674509428624,0.01557568563981404,0.015519236283454974,74.73136138916016,
25,6,16,0.057201703804479864,0.05327509079336101,0.019507664600581176,0.02588039155153421,74.69629669189453,
25,6,17,0.06307265803358286,0.06521785232092603,0.0256937465684689,0.03349961875988117,75.09516906738281,
25,6,18,0.049444821149925766,0.053184665369869766,0.022244161498117254,0.026660507486964358,85.50028228759766,
25,6,19,0.05138743731282602,0.062944534922598,0.026236895201783517,0.03301606058472373,100.56453704833984,
25,6,20,0.04574756168599248,0.06333352827856897,0.02468884472560806,0.036100493454730986,124.05774688720703,
25,6,21,0.06506059217228133,0.07852066454905249,0.02719579986854881,0.0374248083863441,151.2512664794922,
25,6,22,0.07859732963933452,0.08931080783602585,0.0280190168078851,0.03603588711808259,188.22508239746094,
25,6,23,0.07997610387008292,0.08651738629700656,0.02875646814821453,0.03321796555313716,245.52481079101562,
25,6,24,0.08133345598250741,0.08439488993003008,0.03071221693217152,0.029258279266341725,312.6953430175781,
25,6,25,0.07872859953621336,0.08166804068346911,0.029587513376035823,0.026720513643811228,383.8874816894531,
25,6,26,0.07279875740863262,0.07522032156163672,0.0288871552746246,0.026316462594302648,457.8963317871094,
25,6,27,0.04102697221691032,0.04994837370217353,0.01817287813021662,0.026419873493531143,339.1933898925781,
26,6,0,0.0005997370143024927,0.0005622769491789859,0.0006207946329660485,0.0006283717485715545,11.427233695983887,
26,6,1,0.0006337158932903098,0.0006415257813268127,0.0009281207327649366,0.0009605161157519859,14.533127784729004,
26,6,2,0.0006556475269281492,0.0007007916636797562,0.001151667316543481,0.0011317988615956454,18.872953414916992,
26,6,3,0.001167930658716898,0.0011581409061116599,0.0012794824248061332,0.001237977554444658,22.503053665161133,
26,6,4,0.000893396845561778,0.0009134970537491016,0.0011882507473450765,0.001188616330413561,28.440122604370117,
26,6,5,0.0009350717889585747,0.0008985122118098099,0.0016244640096551022,0.0016165170025458364,31.964012145996094,
26,6,6,0.0015601998616344703,0.0016106603893633054,0.0019115522273869257,0.0018215554631654252,36.70613479614258,
26,6,7,0.002849078087787116,0.003258783572161583,0.006430410395917852,0.006169734744410849,43.853145599365234,
26,6,8,0.004142337227925563,0.004864878598372702,0.013415177954907653,0.013819567908301633,47.83689880371094,
26,6,9,0.0093507238837518,0.009491038511551197,0.015991399576061327,0.016942729304877502,51.44382095336914,
26,6,10,0.008955264829694554,0.008591908896738776,0.014736497942132276,0.017484234635455898,55.39902877807617,
26,6,11,0.009542327630012282,0.00851213690515118,0.014991730461777264,0.017863235462941218,56.6189079284668,
26,6,12,0.009956312776033371,0.008563374514926836,0.015924786480946196,0.019538306360315283,56.92178726196289,
26,6,13,0.013478382189474947,0.01124146799891057,0.01633407183050206,0.01894471346764881,62.68125534057617,
26,6,14,0.013660793977583574,0.011813309131141092,0.018838744338801727,0.02256118416283759,63.65883255004883,
26,6,15,0.011638829264334682,0.01064061914334724,0.018977608793812384,0.02462750229685784,74.0054931640625,
26,6,16,0.013265028912029742,0.01262916750750731,0.025781219805791067,0.0331804793978856,71.64730834960938,
26,6,17,0.015128951996992712,0.0150491592547084,0.035133411694256544,0.04314609630499533,72.1276626586914,
26,6,18,0.012264586182488602,0.01253360753430166,0.0303842372917561,0.036478966015254244,82.847412109375,
26,6,19,0.012261306596924038,0.013961677916103254,0.03493198439919121,0.0386916468212648,97.74779510498047,
26,6,20,0.010824889207058153,0.013744758771699894,0.035723026840578376,0.03699534465027032,121.89543914794922,
26,6,21,0.013266785303661766,0.016024588940902085,0.03878347900766754,0.039887897207620315,148.44691467285156,
26,6,22,0.015563499356832766,0.01746168397434833,0.04040214473117665,0.04280828080230492,187.945068359375,
26,6,23,0.01622141035391378,0.017179172770400486,0.03997008112004885,0.04222505670696264,241.0995330810547,
26,6,24,0.01651430388827213,0.017122743652182804,0.040013532538728636,0.04267802997186043,306.8060302734375,
26,6,25,0.01629610103867518,0.016835074983482134,0.03989976532959649,0.04239980361697071,373.96435546875,
26,6,26,0.015996069166409388,0.016311217387231736,0.03801885763357549,0.041202656730894405,443.4985046386719,
26,6,27,0.009528526836254159,0.012729671347555094,0.0277798227484356,0.026041842528461867,337.8880310058594,
27,6,0,0.0004569897212127749,0.0004552092434726429,0.0006128797810891484,0.0006343130153829701,11.390064239501953,
27,6,1,0.000531933595250278,0.0005347769144172787,0.0008959066342368871,0.000902881799819677,14.454224586486816,
27,6,2,0.0005731066689084185,0.0005855386478034186,0.0011144480270784962,0.0010447914471830577,18.740808486938477,
27,6,3,0.0006380603106868055,0.0006712042903931348,0.0012656003623550127,0.0011346479024015865,22.33139419555664,
27,6,4,0.0006150804597576665,0.0006324751839755782,0.0012403639293361302,0.0010324865101830616,28.321104049682617,
27,6,5,0.0005671811864089715,0.0006096546826561688,0.0016845649182427591,0.0014620722608935655,31.76527976989746,
27,6,6,0.0006827215243563334,0.000728932944195182,0.0018321085001864468,0.0016042782426562985,36.506385803222656,
27,6,7,0.0012693799350341761,0.001406644722115602,0.006052939504933019,0.005787352291567016,43.341636657714844,
27,6,8,0.0020070376716991856,0.0018733363674379166,0.015294624870561324,0.013264141437312471,47.576568603515625,
27,6,9,0.008804042199924367,0.007299877692612977,0.018302154540312254,0.015493584399642879,51.263221740722656,
27,6,10,0.008860909437844455,0.006392271091374968,0.019158182170595284,0.015134270520621662,55.631656646728516,
27,6,11,0.009997984386848735,0.006693832273377942,0.020139108909207337,0.015517971085555415,57.515865325927734,
27,6,12,0.011831397650883702,0.007307366220404843,0.023013103040367855,0.01675966753717617,56.95723342895508,
27,6,13,0.023126746748367344,0.0166756487205576,0.023920028870960452,0.016324497348486622,61.03926086425781,
27,6,14,0.02845019679356786,0.020524455030593636,0.028653951632826025,0.01936290408396435,63.30486297607422,
27,6,15,0.02599988241572926,0.01992424871543519,0.03390763390055784,0.022583610571109913,73.70240783691406,
27,6,16,0.027813555141755764,0.027137779007410212,0.053035791761768314,0.03355386206422095,73.22296142578125,
27,6,17,0.0302886215456597,0.03359415125548415,0.06362835450833038,0.046008647894393406,73.21068572998047,
27,6,18,0.022363911935741387,0.027820790371614668,0.0562361755466233,0.03699424789743888,83.8723373413086,
27,6,19,0.01987013785269942,0.030599885828120454,0.07479845841295785,0.04613353028499134,99.75164031982422,
27,6,20,0.01651383939303097,0.03329679449803291,0.08582860554347505,0.04743335521353009,123.51326751708984,
27,6,21,0.018124153192712877,0.037618611181474915,0.09555201139855007,0.05232946734489263,153.55467224121094,
27,6,22,0.019639050255018886,0.0429784216564405,0.09449756816979604,0.0526074830716331,194.5949249267578,
27,6,23,0.018209068204646295,0.047501612112939795,0.0918911294469581,0.05075480038921032,250.92584228515625,
27,6,24,0.018143932829428944,0.043904009746598804,0.08263965493056702,0.04683567692772761,316.21820068359375,
27,6,25,0.01861639046393959,0.04637825745401303,0.08343708503582492,0.046222699540878986,382.0505676269531,
27,6,26,0.01853471424225206,0.04208297204646172,0.07963058789315514,0.043811729414188316,453.38946533203125,
27,6,27,0.011667600867578898,0.056590641328754354,0.08626137810359136,0.032269995536952645,337.3499450683594,
28,7,0,0.0006967505981926303,0.0006994273814641128,8.941991055000376e-05,8.40317851480421e-05,12.98861026763916,
28,7,1,0.000478369861948269,0.00046220803126528764,0.00015978213278455833,0.00014369397125291172,21.407119750976562,
28,7,2,0.0012323993716291115,0.001331866380870128,0.0003452502842247185,0.00029451157166604514,23.6500186920166,
28,7,3,0.0019451455949401897,0.0021486942538959664,0.00048666769174809943,0.00047116874223096517,23.99224281311035,
28,7,4,0.0038558446903180776,0.004307698419877104,0.0006327629698940074,0.0005961923252235657,25.373729705810547,
28,7,5,0.005399384074657232,0.005784009188055661,0.0007715243711519104,0.0007814203449564294,31.198612213134766,
28,7,6,0.010937327559550791,0.011890400063504725,0.0017662318235711627,0.0017940343410562942,34.07443618774414,
28,7,7,0.01580766251729726,0.017611550097204387,0.002490610311049468,0.002292681845760036,42.30794906616211,
28,7,8,0.023041348234035586,0.026796194517459626,0.00342313706835784,0.0032560668129965054,45.671478271484375,
28,7,9,0.09666148763475113,0.09834820720470494,0.006173683042318467,0.0049595700341259485,48.678138732910156,
28,7,10,0.08317323207387384,0.08560385370512413,0.006502149328911355,0.004397182991184079,51.67022705078125,
28,7,11,0.11012187915558835,0.11186117581300048,0.008220467020572775,0.005172527583037323,53.477317810058594,
28,7,12,0.12483051291699676,0.12565998747946006,0.009324331774126171,0.0071490424401382535,53.063934326171875,
28,7,13,0.21629423873698084,0.19879537874156006,0.012947968544187227,0.010339645811860643,61.492706298828125,
28,7,14,0.24622668885597976,0.22009483983200595,0.01394962597765137,0.012660486291268813,63.260868072509766,
28,7,15,0.21879159999199094,0.19784492129613773,0.013129533440249586,0.012479235880897499,70.60871887207031,
28,7,16,0.2462067928033439,0.21963977389400047,0.016454627542808575,0.01694224399143429,68.23137664794922,
28,7,17,0.2622344381605892,0.23864019505647982,0.017432342950690405,0.018076735375107233,71.22337341308594,
28,7,18,0.18909106060059622,0.1736092937726369,0.011744260020584707,0.013803690618510944,82.7479476928711,
28,7,19,0.18500521354884292,0.15834477311644124,0.01103073695903678,0.015377265544376906,91.4517593383789,
28,7,20,0.17851134910123112,0.14302864846554042,0.010566563277485952,0.01510759305878362,109.32965087890625,
28,7,21,0.18569119079833096,0.14806154066648425,0.008611898833634668,0.01492028297020398,142.22860717773438,
28,7,22,0.23169386949834014,0.18127581249339897,0.009143173659424408,0.016251832418628265,173.10317993164062,
28,7,23,0.24649854555009276,0.19476433820483297,0.008390097814308883,0.014469856054922237,228.70263671875,
28,7,24,0.25677482877584856,0.21088716424656384,0.008358324484305069,0.012434311848109503,295.9976806640625,
28,7,25,0.26340767458439585,0.22044719412416125,0.01067590685712616,0.012123785404773657,358.0701904296875,
28,7,26,0.23513021149903923,0.20570053373496322,0.010550942558133491,0.011178862391126088,449.13037109375,
28,7,27,0.23443106018511184,0.18330652233138045,0.009742868213122646,0.017947103824146438,327.8925476074219,
29,7,0,0.00041733382319697476,0.00041231256674756356,8.474997072349666e-05,8.579196769020747e-05,12.937177658081055,
29,7,1,0.00043867803492780855,0.00044309339912906864,0.00014266369910465038,0.00015571836906880243,21.43296241760254,
29,7,2,0.0006901163645566255,0.0007808279689546227,0.00041480677456062764,0.0003455029983739921,23.515724182128906,
29,7,3,0.0013298050214775037,0.0015000295082830961,0.0006398742693353165,0.0005060093434786639,23.797945022583008,
29,7,4,0.0023860846758784193,0.0025925680085210345,0.0007497396162022829,0.0006814558870433807,25.216760635375977,
29,7,5,0.0023448573554836205,0.0025908726648473657,0.0008242344932950507,0.0008518888688825443,31.30138397216797,
29,7,6,0.005593062920858927,0.006039978997322559,0.0015963437544963544,0.002037760587811688,33.74992370605469,
29,7,7,0.013500369399472967,0.014754621840873505,0.002210358362911835,0.0028852645185855064,42.29209518432617,
29,7,8,0.019478827975671464,0.020282937879133378,0.0033775965869934366,0.004204018673465426,45.15795135498047,
29,7,9,0.12644862040579175,0.11123048924095236,0.006453771929414209,0.008604089153023242,48.6391716003418,
29,7,10,0.11697274225285736,0.10534432259138793,0.007251783931895961,0.007855609315199796,53.398746490478516,
29,7,11,0.13472596247640112,0.12448108727820695,0.00904051860977051,0.009371784139671657,56.52008056640625,
29,7,12,0.14239438657149317,0.13030417374746905,0.010072177041758223,0.01014705663764548,55.20450973510742,
29,7,13,0.19871098638510865,0.19312172539366645,0.010535448370239786,0.012871461557529496,58.37984848022461,
29,7,14,0.19269135479165422,0.19386393624822862,0.010300696944524623,0.014278722703974345,59.08784484863281,
29,7,15,0.17420205034382508,0.17488117820487548,0.0102712213272671,0.012178828079628556,65.09522247314453,
29,7,16,0.1902175432140648,0.18878819550803017,0.012659710006805658,0.014129054742936131,67.91737365722656,
29,7,17,0.19026006877078638,0.18619429894388428,0.012959252537923405,0.014749366229749317,69.6387939453125,
29,7,18,0.13279704437663253,0.12749655619424838,0.010766250169629621,0.010181681322925074,79.94113159179688,
29,7,19,0.12457304682408477,0.1171532530763153,0.011583649142881236,0.011501856601972116,88.93132781982422,
29,7,20,0.12078710953303595,0.1065375660344321,0.012076830157902285,0.011798142505573983,106.34085845947266,
29,7,21,0.13535936519906622,0.12530030708230677,0.010380929594348443,0.010392208597177599,135.7763671875,
29,7,22,0.14460284716478966,0.13472406140912407,0.010388916952042582,0.010857560585569193,167.33370971679688,
29,7,23,0.1995857068669452,0.18099702276616036,0.009099838538279892,0.009177027771684498,226.00941467285156,
29,7,24,0.22529417607751734,0.21335241409340844,0.010159107204274154,0.008858172643386064,296.1336364746094,
29,7,25,0.23934242869682887,0.2306600576144131,0.011522033649042918,0.010875797385042296,358.9852294921875,
29,7,26,0.22007585407993613,0.21759486874352507,0.011318882006970843,0.011150264482144734,452.63922119140625,
29,7,27,0.21004811392143174,0.1936210315971002,0.01011484231243176,0.014876092593959278,319.7750549316406,
30,7,0,0.00031792462220225914,0.000317868461752413,8.60226065468872e-05,8.477047698329798e-05,12.93126392364502,
30,7,1,0.000373213295984276,0.00034499220901273997,0.00015434180784190676,0.00014312637538049788,21.232168197631836,
30,7,2,0.0013009202379642426,0.001241430269855015,0.0003603900591001574,0.00037371310330458485,23.611881256103516,
30,7,3,0.0020351718919364714,0.0022254105130123936,0.000545536541233238,0.0005723601921752142,23.846050262451172,
30,7,4,0.0035080055926403064,0.004055426400102147,0.0006746182145191959,0.0007002487027132354,25.238929748535156,
30,7,5,0.0026616073345921976,0.0032953904684585034,0.0007784720221543084,0.0007692939352670347,31.171621322631836,
30,7,6,0.005769177918102164,0.007615605283277316,0.0017585270957579668,0.0016100942588385125,33.77942657470703,
30,7,7,0.010595661012651525,0.012181658070935186,0.0024184963572388973,0.002232965702120504,41.91648864746094,
30,7,8,0.015353790421698155,0.017798778880795063,0.0032437284301791713,0.0031381477790816126,45.5606575012207,
30,7,9,0.103598706435724,0.10381507202826545,0.004911358602317284,0.004669643898522424,49.25835418701172,
30,7,10,0.09349285969231369,0.0973613243585223,0.004604262887304755,0.004420265601484896,52.926963806152344,
30,7,11,0.1155261801024452,0.12206684289278324,0.005523583973436885,0.0056673945180469865,54.45342254638672,
30,7,12,0.13426161455272645,0.1345750984447147,0.00804663475022116,0.007639643004719532,56.221710205078125,
30,7,13,0.17199295643390577,0.18434250975668243,0.007882078786056734,0.010211007151213591,62.66371536254883,
30,7,14,0.18230457873349737,0.1940932351192216,0.007582048551912135,0.010975719306901777,63.98991394042969,
30,7,15,0.16740457925251329,0.16953436623129692,0.007049833529843674,0.011304913302643826,72.15258026123047,
30,7,16,0.1926314473308638,0.1906913958059573,0.008242061734034078,0.015971927579428113,69.52973937988281,
30,7,17,0.19083942958313393,0.18622483959560598,0.009345301316340371,0.018032017935223688,70.46074676513672,
30,7,18,0.13427288837006013,0.12527357134056982,0.006336338408493791,0.014230869940063395,82.14640808105469,
30,7,19,0.12582530018117388,0.1175412057221451,0.006678789098511273,0.016106390258995962,89.29308319091797,
30,7,20,0.12070562196452939,0.10438120046299437,0.0064480275999504455,0.018379498859424803,106.01589965820312,
30,7,21,0.12837864696250734,0.10850590173921726,0.005222423708094781,0.019289228844178385,138.61439514160156,
30,7,22,0.1546238982360928,0.13176410074573863,0.005578272337415702,0.0194723075905181,166.78463745117188,
30,7,23,0.18957393583820048,0.16957278568167367,0.0046079318172227435,0.016860967452111075,232.3420867919922,
30,7,24,0.205721959954981,0.1890184597826644,0.00525492914946335,0.01656634269871715,298.5340576171875,
30,7,25,0.22711143442828197,0.21166836565556635,0.007272426780072672,0.017279612649143794,361.4161682128906,
30,7,26,0.21698763107638752,0.20732462282696806,0.00778654928145095,0.01669188960408874,453.2319641113281,
30,7,27,0.2198709906944215,0.18164933372039682,0.009332058143269206,0.027788213016341157,310.357177734375,
31,7,0,0.00046998834686906577,0.00046803308414822276,9.012308923295187e-05,8.678028579922614e-05,12.944129943847656,
31,7,1,0.0003226995580526415,0.00030323746322247214,0.00015547613932309634,0.00013797482966260155,21.368457794189453,
31,7,2,0.0006720986290880138,0.0007327170927609039,0.00034415273969223836,0.00030325499627936736,23.556941986083984,
31,7,3,0.001498518325607101,0.001583138932415018,0.0005033063487600575,0.0004940938261625005,23.892812728881836,
31,7,4,0.0036461781260950232,0.0033962078900678927,0.0007477950403985689,0.0006213835820455538,25.29079818725586,
31,7,5,0.0026388246572290885,0.002754791884044483,0.0007654236106660051,0.0007013115038381201,31.179712295532227,
31,7,6,0.006208836435114828,0.006378550947342854,0.001973739084530801,0.0014389145916169355,33.926063537597656,
31,7,7,0.009894018380348646,0.010209681100029955,0.0030159524675943405,0.0020441499680505792,42.77096176147461,
31,7,8,0.01413070245803194,0.01439613827645192,0.00457609940544268,0.002973288707115662,45.367923736572266,
31,7,9,0.0955267750674772,0.08385415312922972,0.007426139228792872,0.0037289063369235764,50.5557746887207,
31,7,10,0.0931367110414193,0.08440423216847459,0.00658432493426131,0.0035404907294656063,52.04685974121094,
31,7,11,0.11422636041311818,0.10246914640848515,0.009345172109463507,0.004268243384529247,54.286537170410156,
31,7,12,0.12630000431193078,0.11076454173624162,0.012468912302676216,0.0055329834181679916,54.40060806274414,
31,7,13,0.19813550378519384,0.1717593235122793,0.019049999230201786,0.0074634834731989175,64.74422454833984,
31,7,14,0.203335933827834,0.18100455784119474,0.021416244620831026,0.008114829039055915,65.88693237304688,
31,7,15,0.18882558272352656,0.16894435285425435,0.020589787338563315,0.007690557418627786,73.96918487548828,
31,7,16,0.20775142538505986,0.188192257237782,0.025792253607941684,0.008820686469132255,71.6531753540039,
31,7,17,0.20266846470085143,0.181102349449354,0.030448436682563584,0.008988763418541934,73.25192260742188,
31,7,18,0.1547911294397215,0.14264289169153666,0.0360851027821989,0.007015857692574068,80.1595458984375,
31,7,19,0.14946502124595973,0.13372777198282215,0.04142120741267441,0.006804791985010605,85.23857879638672,
31,7,20,0.13531183860802387,0.10878439251013416,0.04050549173570328,0.0063171155878717355,99.93366241455078,
31,7,21,0.1556299891346148,0.1264901947124445,0.03572673873723686,0.005910725599011291,127.94501495361328,
31,7,22,0.18307458939163002,0.14692316526995552,0.03684215651796563,0.0059313572422136085,152.33360290527344,
31,7,23,0.27004187954048586,0.20673480880225215,0.031817919957874974,0.004900084552180606,220.90972900390625,
31,7,24,0.28454786211557137,0.22224631519953364,0.03666037479463413,0.004998640477985261,276.2741394042969,
31,7,25,0.2959499254162107,0.2361451287565991,0.03901281320992411,0.00546704472489512,354.5437316894531,
31,7,26,0.2746381929187238,0.22322277989428518,0.04116014449519123,0.00536815797940049,443.5223388671875,
31,7,27,0.21199686471101686,0.16536538904271036,0.031158516010155846,0.007539308387733201,306.2475280761719,
32,8,0,0.0006958518464071917,0.0007888794888891715,0.005059284576858336,0.004860798613563699,14.283199310302734,
32,8,1,0.0006903002569841332,0.000703747758114659,0.0037735013539264006,0.003594246769971443,18.29013442993164,
32,8,2,0.0014700058756770273,0.0008717410394558645,0.006532445514210505,0.005681682351775796,23.015790939331055,
32,8,3,0.001738145015635073,0.001040160191028594,0.00836042109823476,0.00748080776303528,26.767057418823242,
32,8,4,0.002098627647995732,0.0017270300596358146,0.009097696225701113,0.008357729972114036,31.78410530090332,
32,8,5,0.00229293634993899,0.0022548969955998865,0.008341969775155889,0.007887863626965363,33.21793746948242,
32,8,6,0.0018906562666737292,0.0019010633574687574,0.007383240086711873,0.006915011523656034,39.58244323730469,
32,8,7,0.005176564950609142,0.005453772938647239,0.009422601116334417,0.009393125021647908,46.97344970703125,
32,8,8,0.006110100224477,0.0066703437233648355,0.014455353442008656,0.013656462633482525,53.29011917114258,
32,8,9,0.00914882558965524,0.009332945775987866,0.027488353961831025,0.028943267784982685,55.190975189208984,
32,8,10,0.007892534150103492,0.00790557957570115,0.02075147068130978,0.02279644511091916,58.260562896728516,
32,8,11,0.007786013654874857,0.00746366116882291,0.020773343730775107,0.023352281615089177,59.2873649597168,
32,8,12,0.007590516908476785,0.006844174645041168,0.024856808369717043,0.027164979983766546,62.130332946777344,
32,8,13,0.007984601690081417,0.007587828238565186,0.024844082244048105,0.02828989866517584,63.37036895751953,
32,8,14,0.008260488974875968,0.008231706912667058,0.024290019263075724,0.027830436655642332,64.83828735351562,
32,8,15,0.007415278429983463,0.00809936690100288,0.021125982250171704,0.024445520188982717,74.72941589355469,
32,8,16,0.008620915947954888,0.010370388063758784,0.02380294474574951,0.02884768483961586,75.17452239990234,
32,8,17,0.009572451710093466,0.012690270284467564,0.02752662248006177,0.035229196832954446,78.36087799072266,
32,8,18,0.009435147129279509,0.011952790847470585,0.026356620055736024,0.034087190901797904,85.14729309082031,
32,8,19,0.010890330795092495,0.015216475050000677,0.028721959774863803,0.03554640535205633,91.09208679199219,
32,8,20,0.011577132758859299,0.018197996755584644,0.035344902538805734,0.03896467476369181,107.60052490234375,
32,8,21,0.012575180926088003,0.021358682589914246,0.04133810861300402,0.04040047078198605,128.391357421875,
32,8,22,0.014734149550385767,0.023301784562101635,0.050281236704803556,0.048537166929961906,158.36500549316406,
32,8,23,0.01944276782184462,0.02564936871619017,0.05221493860473514,0.05570850910706382,202.0131072998047,
32,8,24,0.022396268336390746,0.026988509189332932,0.05234416997222058,0.058787202415842565,259.2401123046875,
32,8,25,0.022554603476962032,0.02745311870620859,0.05166243705883078,0.06223030192622481,326.457763671875,
32,8,26,0.02432339302997033,0.02688575739861787,0.0456473790363362,0.055156843943280576,426.9760437011719,
32,8,27,0.01741811268627158,0.018681490734784423,0.04534160069287374,0.03890423347705507,351.2845458984375,
33,8,0,0.000667270036540546,0.0007790511582984605,0.005675812642625844,0.00500155289451254,14.322699546813965,
33,8,1,0.0006531304225985135,0.0007235587527797405,0.004117282291024482,0.003806593096596478,18.39668083190918,
33,8,2,0.0011803654030543287,0.0010313827116965602,0.006583001468108196,0.0061381892933298765,23.01153564453125,
33,8,3,0.0012175880532109273,0.0010124795279797816,0.008443734525461544,0.008077140728145915,26.768009185791016,
33,8,4,0.001445740891061531,0.0012394116041127834,0.008921249940315401,0.008556078320399174,32.006046295166016,
33,8,5,0.002364565637119065,0.0021048657610942545,0.008269630180995136,0.008067302722785108,33.324806213378906,
33,8,6,0.002408683098898634,0.0021315624302646885,0.007149862819120889,0.00699653894100738,39.62759780883789,
33,8,7,0.00337194812901076,0.0032483191448319237,0.009508932165944284,0.00959381936785908,47.47532653808594,
33,8,8,0.00461155527975643,0.004642053787722311,0.014470073372831127,0.013271913946623415,53.395809173583984,
33,8,9,0.009295793784055761,0.009904667919898635,0.03217123146661538,0.02178472454607827,56.013038635253906,
33,8,10,0.007199755986060152,0.007334309081819201,0.024791362909572623,0.01728339914376764,58.78960418701172,
33,8,11,0.006554066479612652,0.00653733857753569,0.024145328888315554,0.017757012135758754,59.6017951965332,
33,8,12,0.006068774945107713,0.005868120385542519,0.027224053453328567,0.021561601249940554,61.69708251953125,
33,8,13,0.006447255818219588,0.006077744761636139,0.027499094279727854,0.021510941642807646,63.03994369506836,
33,8,14,0.0069150418926570145,0.006696041179508838,0.027058464755048584,0.021380196615689573,64.53226470947266,
33,8,15,0.006721186135692947,0.00615961555095601,0.02388014855388909,0.019238855845237768,74.12557220458984,
33,8,16,0.007692685887253803,0.007115876699207324,0.027156294758407307,0.022344446215524782,75.10348510742188,
33,8,17,0.009079950817710403,0.008402786520763761,0.03304014858677862,0.027939329797037393,78.28533172607422,
33,8,18,0.008689678136462597,0.007852181871232489,0.0318907530766005,0.02876850994847746,83.93518829345703,
33,8,19,0.010438272776091773,0.009431299718531627,0.03228840503179409,0.02947278398753339,90.96013641357422,
33,8,20,0.011081606199355498,0.010466356556226186,0.03686768154534836,0.03548244580653104,108.8745346069336,
33,8,21,0.01244754958388905,0.012464305195685421,0.039409630463763334,0.03919111694317834,132.0271759033203,
33,8,22,0.013539553800855586,0.014397169275791821,0.04587179645367245,0.04681673831473754,164.9061737060547,
33,8,23,0.013758111904097037,0.01623150915478988,0.04484290162638094,0.048463253974730724,212.8489990234375,
33,8,24,0.014486796248886491,0.016877797555684748,0.04644237134972451,0.05118043989531762,268.3909912109375,
33,8,25,0.014040672474100457,0.01868548131751413,0.0433293877183305,0.053475639053883195,338.343017578125,
33,8,26,0.0140747853848463,0.01745955849929537,0.038438638980240136,0.04750331170477584,430.4958190917969,
33,8,27,0.013380576084192963,0.01132627926466867,0.040131706062873196,0.043122726837968695,355.8333435058594,
34,8,0,0.0011720097067021706,0.0013166838937801462,0.005331507890148357,0.00458337417808008,14.28688907623291,
34,8,1,0.0009820428435058925,0.0010049726482993515,0.003912154485861019,0.003408792231380464,18.331329345703125,
34,8,2,0.0020668765629168195,0.0017879504463796936,0.006327731971739636,0.005763985334372168,23.093708038330078,
34,8,3,0.0023877087144780207,0.0019497775327805833,0.008114694277659873,0.007444927156545766,26.891172409057617,
34,8,4,0.0026944489923865778,0.0026010884668911105,0.008725516435437619,0.008255085934709583,32.09929656982422,
34,8,5,0.0027784850520915505,0.0026274312982774717,0.008195398878548144,0.007776274813249717,33.325191497802734,
34,8,6,0.0027007042673572457,0.0025106360325176658,0.007271221003979256,0.007081683310516729,39.59201431274414,
34,8,7,0.007009031465602167,0.006276677354772997,0.010010507410481151,0.009457512180553573,47.002349853515625,
34,8,8,0.006684928104574883,0.006715359442324043,0.015983566647962855,0.013825910328252311,52.85958480834961,
34,8,9,0.010475113138905146,0.010852923057181108,0.03419407594030377,0.028563120360631356,54.87328338623047,
34,8,10,0.008620432220964425,0.008749455460133171,0.02608523975393806,0.022276216597224896,58.1997184753418,
34,8,11,0.008154998956907633,0.00840540338057294,0.02638402098597259,0.021923346523446963,59.12057876586914,
34,8,12,0.008381810342498963,0.00854010430064056,0.03155582121883682,0.025792739191439096,61.62628936767578,
34,8,13,0.009049594494503599,0.009897504055769502,0.03240638621468073,0.024949583249863072,63.58205032348633,
34,8,14,0.009936077247987174,0.011453177820387017,0.03173002154982052,0.024011333455408068,65.15473175048828,
34,8,15,0.009532921337317424,0.011022819398480599,0.027496117496627503,0.021320506175670162,75.1227035522461,
34,8,16,0.011796877616271573,0.014356029129570014,0.031303474735391856,0.024595623380833875,75.2582015991211,
34,8,17,0.013974505367416179,0.018754108338836395,0.03631897021231778,0.02907039669809941,78.86882781982422,
34,8,18,0.012906522785571695,0.0179567089922823,0.03452288146506699,0.027753679030071754,85.09506225585938,
34,8,19,0.014862612198867642,0.023400244378205537,0.03823228459220174,0.029536661914162043,90.8333511352539,
34,8,20,0.01616902531180353,0.031175935496918106,0.047369730811117505,0.03140274485960126,108.02078247070312,
34,8,21,0.019312077419975537,0.04003823613562274,0.054902523036322814,0.03085979557778029,129.03396606445312,
34,8,22,0.020193134883066177,0.04252352553746497,0.06937407175751387,0.035552724303188676,160.76974487304688,
34,8,23,0.028505900440107146,0.04032919488269093,0.07013198421892408,0.03945384175852018,207.0370635986328,
34,8,24,0.032746131131072165,0.04142486452931016,0.06787237485509989,0.04273458303637867,264.4034423828125,
34,8,25,0.029497649475598187,0.037241060478683474,0.06591108604572382,0.04379409343250529,331.87060546875,
34,8,26,0.03255487945667146,0.03881730794095506,0.05600569210507811,0.03966490568229464,429.5463562011719,
34,8,27,0.024747097539418395,0.02274255487532506,0.04188788764153695,0.02766891735971444,352.9946594238281,
35,8,0,0.0006266476429848122,0.0007379808680648692,0.00516992408396344,0.005070385968237834,14.321344375610352,
35,8,1,0.0005681587235146779,0.000621541320588781,0.0037847053537668485,0.0038263348195465285,18.37006378173828,
35,8,2,0.002118126934527842,0.001782890941516846,0.006201096811977336,0.005956794424904044,23.214656829833984,
35,8,3,0.002891199197021632,0.002483478092920488,0.007814983297885436,0.00795934942614307,27.166269302368164,
35,8,4,0.004757143147933851,0.003353231913247434,0.008824081065970102,0.008464688252027064,32.53416442871094,
35,8,5,0.005559478115167438,0.003955685203175352,0.008184907620120585,0.007931170076279304,33.46602249145508,
35,8,6,0.00490428037082602,0.003661075531083857,0.007294234899359653,0.006925721289148479,39.82368850708008,
35,8,7,0.0062118740589122146,0.005872648531352276,0.009826204247769588,0.009452354151943454,47.79158401489258,
35,8,8,0.007228866176430593,0.007497154161536956,0.014510807011930416,0.013857037877325284,54.80438995361328,
35,8,9,0.010762481240148114,0.01263141883753105,0.0312945438431379,0.024571844175872992,55.97970962524414,
35,8,10,0.008093313886667342,0.009653796007897952,0.024032085604239195,0.019504935916174082,59.19662094116211,
35,8,11,0.007886622515307362,0.009362701312845445,0.023608313651660384,0.020219559231898443,59.87883377075195,
35,8,12,0.007385440367250529,0.008642887178237801,0.027366789892366294,0.024259475449672774,62.410972595214844,
35,8,13,0.007236468106319394,0.008961491230232599,0.027350291953704642,0.023954098737950624,63.61961364746094,
35,8,14,0.007116726323537548,0.009639468675957663,0.02631051868538481,0.024005187502470493,65.3726806640625,
35,8,15,0.0060982129697908505,0.00857242625850596,0.02308916730225763,0.0222325924516813,74.59779357910156,
35,8,16,0.0068870605364903525,0.010112852353689639,0.026303930755972704,0.0268712742754994,75.68065643310547,
35,8,17,0.007912945919568148,0.01249856608986688,0.0312961478502094,0.03618459003654073,78.79914093017578,
35,8,18,0.007678006696884121,0.011041110162872236,0.031096676547962332,0.0369136506933071,84.78289794921875,
35,8,19,0.008627083840542449,0.012441895964282357,0.03267651491753176,0.03786344157694521,91.31295776367188,
35,8,20,0.010772725748866896,0.014540879250421357,0.039558291290077485,0.0442630989246372,108.30308532714844,
35,8,21,0.011868981500015141,0.01684583498192538,0.0429395410548149,0.045983509084125296,131.75302124023438,
35,8,22,0.014716862829110555,0.020118839211305972,0.05285034670979305,0.050962902283265166,163.22857666015625,
35,8,23,0.016329096679525312,0.025355191596431403,0.057711148269253276,0.047083574606537226,211.2176971435547,
35,8,24,0.017224953983844604,0.028103833117451016,0.06075585548338569,0.04680286609995388,267.2682189941406,
35,8,25,0.016452774060012,0.02943607804981252,0.0605770466713218,0.04299629334035637,337.97467041015625,
35,8,26,0.016702428835212335,0.027970442692655473,0.053837320779712816,0.039786388309863474,431.661865234375,
35,8,27,0.00901559374658234,0.013761368816623598,0.046856255419682635,0.03398303063699004,353.5389404296875,
36,9,0,0.00035614868837763325,0.000327690846346429,0.0008154193860353542,0.0007993141723813268,10.767824172973633,
36,9,1,0.0003994904040115488,0.0003687570085426639,0.0009470452236330917,0.0009180870129079644,14.49669361114502,
36,9,2,0.0020564763434695044,0.0012533251597228734,0.0017208499067545846,0.001363938063076775,19.421470642089844,
36,9,3,0.0029720104423301974,0.0018336880856704152,0.0025430311748125822,0.0018941633391387214,20.059160232543945,
36,9,4,0.003154380714923466,0.0017366441070917338,0.0029063004491328703,0.002629569425217082,24.325077056884766,
36,9,5,0.003251971874804749,0.0014734603954162928,0.0025981149123336378,0.0033965731183570602,30.54844856262207,
36,9,6,0.004273125371462405,0.0016410659351524526,0.00236504013797989,0.004365720552486407,34.37220764160156,
36,9,7,0.0057940586702005525,0.0022380386405107533,0.0036026108756637143,0.00624049272719196,40.21562194824219,
36,9,8,0.010457804188140352,0.0061345966528153495,0.0043634838836705825,0.007653042557978829,48.98189926147461,
36,9,9,0.011691648818095701,0.007830716521397219,0.0047918413082800315,0.007545472952904642,51.13449478149414,
36,9,10,0.011214381931045958,0.008406926656941871,0.004826268613974727,0.0063679412197745755,56.808685302734375,
36,9,11,0.012566572892534711,0.009852454963779178,0.0056453931397491,0.006778208154139875,57.14211654663086,
36,9,12,0.014181745750331598,0.012293765210738772,0.00591802838990696,0.0068064370734385315,61.84675216674805,
36,9,13,0.01646506420506355,0.0140703945706806,0.006137629837437264,0.006978374982409052,65.6392822265625,
36,9,14,0.015860522454389625,0.01372907665648826,0.006058503253684289,0.0073955183968645866,69.63328552246094,
36,9,15,0.016100090362126007,0.01391709382759121,0.005949175867705936,0.007032102668708129,76.8300552368164,
36,9,16,0.018142050978143143,0.015203644599157462,0.006744117966851149,0.007600177529267116,76.64167785644531,
36,9,17,0.018873342262286097,0.015674824933743614,0.006643425731031161,0.007738306351558366,79.4784164428711,
36,9,18,0.0163881117539747,0.013410245923662467,0.005831360747536984,0.006201328437485443,87.50578308105469,
36,9,19,0.01735794362908072,0.013245533952910837,0.005782571509827528,0.006492192981930267,103.76996612548828,
36,9,20,0.0163771446921831,0.012291027389721543,0.005194062011411593,0.006162807402021686,129.7373809814453,
36,9,21,0.01875771116069891,0.01354228890184106,0.004936700836665309,0.005828599973868309,159.6945037841797,
36,9,22,0.01910526879290375,0.013610381119009696,0.004721643892614424,0.005437059079215545,208.3621063232422,
36,9,23,0.017212130933456637,0.011882693814310175,0.004770433571223753,0.005172682014206287,256.4533386230469,
36,9,24,0.01581446338155368,0.011082164172728115,0.004181473385489909,0.004841108285752682,325.02484130859375,
36,9,25,0.015812336585583897,0.011006260410109991,0.004494968041756309,0.0051770944336622104,387.94091796875,
36,9,26,0.01540576784777603,0.010910878805338808,0.004489094158878992,0.004878238824733261,472.0032958984375,
36,9,27,0.009542146090172898,0.007043610222447816,0.0033940216868089124,0.0030166339999154745,328.54840087890625,
37,9,0,0.00026380748541843246,0.00024558043307587596,0.0008180939446801316,0.0008286948231390756,10.767044067382812,
37,9,1,0.00032847363586285816,0.0003397705973147147,0.00099594789733648,0.0009197694991277539,14.510213851928711,
37,9,2,0.0008334424817674213,0.0006535002729322059,0.0017308734611334309,0.001485664224154526,19.470155715942383,
37,9,3,0.0012515500832896986,0.0008990456325828067,0.0021826285539535695,0.0019548791257445464,20.05988311767578,
37,9,4,0.0016206594371284133,0.000955514037817462,0.002335832692397566,0.0023837467573046833,24.364686965942383,
37,9,5,0.0019278450208870535,0.0009771307972743504,0.002009747449171817,0.0025933886436710907,30.573501586914062,
37,9,6,0.002695962587645373,0.0015208002824127487,0.0019763473383642705,0.0030461652929422156,34.48551940917969,
37,9,7,0.002834564714569332,0.0017971551252112805,0.0031694249781950568,0.004878135480209322,40.05217361450195,
37,9,8,0.004174509361522749,0.002661520777927251,0.0038436928149211402,0.006445518575590392,49.239654541015625,
37,9,9,0.0067512576710678784,0.004605813471659448,0.004101643438709224,0.006725835885560638,51.21430587768555,
37,9,10,0.007437865940549737,0.005037339343750502,0.004228570009551458,0.006146668168774183,56.79651641845703,
37,9,11,0.008831232329244654,0.005961636753083921,0.004977850243468196,0.006483915179472777,57.16316604614258,
37,9,12,0.01094949492285291,0.0072859947803018965,0.005207944987009272,0.007010235093579009,61.188079833984375,
37,9,13,0.01169024880455527,0.008873877488091098,0.005535526165094895,0.006805284650489574,64.18710327148438,
37,9,14,0.01147281276849843,0.008582477088458607,0.005574222224694836,0.006784205056457049,68.03125762939453,
37,9,15,0.010590453269167965,0.007686308763182992,0.00531535259510818,0.005952081699776013,75.31098175048828,
37,9,16,0.010963665733801475,0.008030635107170836,0.005711358820111534,0.00603223677113629,75.42684936523438,
37,9,17,0.010472327811998805,0.007766381246306464,0.005437054120317475,0.005608440496388867,77.73172760009766,
37,9,18,0.008916092806852904,0.006892028036908804,0.00467206414054222,0.004668679839471057,85.98958587646484,
37,9,19,0.007904565323440083,0.006391272454676855,0.0048273056119194635,0.004352730941392324,101.79178619384766,
37,9,20,0.006763467023326752,0.005773692520529838,0.004616691246627558,0.00398786318354416,127.76512145996094,
37,9,21,0.008092530300261913,0.0068994122463665875,0.00448536378586295,0.0036190545257480666,157.39224243164062,
37,9,22,0.008719820249666776,0.007824617135905099,0.004232955240161873,0.003247769938421241,206.2284698486328,
37,9,23,0.007439019600693153,0.006943481930531292,0.004046874806545309,0.0031168617850393376,256.2080078125,
37,9,24,0.006573739238478371,0.006612103309841633,0.003646598605170581,0.0028756216870141627,325.07568359375,
37,9,25,0.0064253232430208085,0.006621559898612905,0.004094388994285381,0.0031526962394049507,389.2238464355469,
37,9,26,0.0062672976099180655,0.006656321669461285,0.004190512708230565,0.003228819233979663,471.7248229980469,
37,9,27,0.003426329405534334,0.003817681398673556,0.0030080604147521006,0.0024326704982151615,328.7705993652344,
38,9,0,0.0002950206479757078,0.00026990535760429424,0.0008258350863334929,0.0008001935179240416,10.746871948242188,
38,9,1,0.000345350344320261,0.0003158931117844821,0.00102317439943711,0.0009123449051496868,14.514883041381836,
38,9,2,0.0005909704332662802,0.0004356054749293792,0.0015995059894670094,0.0015167836095961729,19.416311264038086,
38,9,3,0.0007561922799229626,0.0005963154690538097,0.002058804405176806,0.0019595042348523606,20.02202033996582,
38,9,4,0.0008351588482448102,0.0006475503281165862,0.0023225760332649115,0.002211929885798547,24.377090454101562,
38,9,5,0.000782502792608275,0.0005778785035206457,0.002177903574309803,0.0020055077276376343,30.769615173339844,
38,9,6,0.0010945010159851831,0.0007442448059147289,0.0025189966915348805,0.0021686017918588485,34.772640228271484,
38,9,7,0.0019623037783705888,0.0015018137979142532,0.00390607600487336,0.0035497232498956643,40.12641143798828,
38,9,8,0.003016600521648316,0.0026118408585141806,0.004663298086659773,0.004589147507246705,49.41337203979492,
38,9,9,0.005101834147937079,0.00425179609921611,0.004869928908879495,0.004911402855527602,51.071044921875,
38,9,10,0.005621471106550868,0.004439640397396749,0.004685799361178189,0.004963568368582361,57.355186462402344,
38,9,11,0.006508656647786659,0.0050650245356956836,0.005239425240256668,0.005464102094633438,57.635440826416016,
38,9,12,0.00794493415003672,0.006332936231294939,0.005850927837746878,0.006124314813181209,62.72917175292969,
38,9,13,0.010449306556452709,0.008578823287484494,0.00590427446254127,0.00600373054644221,66.575439453125,
38,9,14,0.011942985159528074,0.009618250949170015,0.005690143583707341,0.006173563828926754,70.01832580566406,
38,9,15,0.011636071058932052,0.009005210905222216,0.004961745496580017,0.006405656633206913,77.36126708984375,
38,9,16,0.013423881775067481,0.009507783304741668,0.005123293320516309,0.008049680689157124,77.09883880615234,
38,9,17,0.013797511647968497,0.009986515410216112,0.004639916605089112,0.007408876018976773,80.24170684814453,
38,9,18,0.01270027700445897,0.00943001668525223,0.0037707037703145208,0.00638346734871742,88.72926330566406,
38,9,19,0.012029985756966455,0.009746564114412992,0.003304716096251936,0.006189849409374837,105.65181732177734,
38,9,20,0.010164015697762485,0.008719549229856294,0.0029115522693058393,0.0054183599543764505,131.75189208984375,
38,9,21,0.011092855637827692,0.010084382144950221,0.002520634906491015,0.004804751494250303,161.99905395507812,
38,9,22,0.012396639255101927,0.012254268624059872,0.0021950483344226335,0.004198238519485198,212.6680450439453,
38,9,23,0.01110480185934326,0.011222838882851804,0.0022358828755153493,0.004060676330914337,262.2448425292969,
38,9,24,0.010104250414007865,0.010438696949869763,0.002166477824014912,0.00364789601172244,330.35247802734375,
38,9,25,0.010739189425546747,0.010853360938548051,0.002498310976258078,0.0038358381614140846,395.0957946777344,
38,9,26,0.011173915737974327,0.011331902450329778,0.0025957249025130302,0.004149049017655337,477.0887451171875,
38,9,27,0.0062777389189555555,0.007481533393801754,0.0017487230962309752,0.0033877293595181435,331.32708740234375,
39,9,0,0.0003454475204686114,0.00031300529333289084,0.0008228509785190852,0.0008069833584096742,10.748257637023926,
39,9,1,0.0003771793729173689,0.00036686285717935085,0.0009455250852770103,0.00099754401822294,14.479622840881348,
39,9,2,0.0011622059305022026,0.0007226323943948509,0.001764313068047696,0.001570333366052279,19.43648338317871,
39,9,3,0.0016555574260707084,0.0009544036024512481,0.0023565905387901154,0.002080086196532105,20.064956665039062,
39,9,4,0.0019158065730233709,0.000983686284087515,0.002637506931968292,0.002511902644641739,24.267501831054688,
39,9,5,0.0016908498959301577,0.0009014653600903921,0.0023258181615580797,0.0025077111561161436,30.45005989074707,
39,9,6,0.002211626449276194,0.001411605998667298,0.0022970816347701595,0.0026109704240060427,34.39311218261719,
39,9,7,0.0031602200168826533,0.001941593343610215,0.0037530303017651034,0.0038991594435318078,40.036407470703125,
39,9,8,0.006997531981172034,0.004461094134862176,0.004918526965598358,0.0047322596229930625,48.82672882080078,
39,9,9,0.008723878837619492,0.006016018474784501,0.005254433868059349,0.0057340607277692746,50.49597930908203,
39,9,10,0.009532628337696969,0.006888624952117284,0.005231541094283365,0.005802460645461305,55.46106719970703,
39,9,11,0.01163001271008579,0.0078568552720516,0.005854810471066285,0.006393302169603543,56.043601989746094,
39,9,12,0.014971211679896124,0.009715116659351208,0.006088359771981855,0.007015072841121461,60.47891616821289,
39,9,13,0.0175325011582409,0.011146283249227507,0.006233779943308648,0.007649531920510433,64.78861236572266,
39,9,14,0.017653526546200338,0.010936843411777586,0.006482687589489555,0.007458029961240453,69.27735900878906,
39,9,15,0.01547920851093032,0.00962448125035964,0.006397577043448455,0.006735533982789144,75.81680297851562,
39,9,16,0.01619378341252664,0.009813201748528178,0.00717019400980301,0.007428342628491902,75.59906005859375,
39,9,17,0.014897807580042999,0.008960371314334692,0.006951420104408301,0.00685458511714232,78.70549011230469,
39,9,18,0.012000724499909743,0.0076416687603250155,0.00581719064282038,0.005839417680956638,86.9140625,
39,9,19,0.010631658605885996,0.007051639473067306,0.005622633575629643,0.005820014111463823,103.41615295410156,
39,9,20,0.008513777435242953,0.005927499674902692,0.004956074585054204,0.00522779483224689,130.8931121826172,
39,9,21,0.008387337918609683,0.006327702132898794,0.004462538236402636,0.004702958313397287,162.06134033203125,
39,9,22,0.008210693390616641,0.006668458070935079,0.004003800615958841,0.004184971245685509,212.49383544921875,
39,9,23,0.007486494437296098,0.006068205888848266,0.0039194607382357916,0.0041392669357736,261.9884948730469,
39,9,24,0.006990845477873098,0.005755063800445437,0.0034186296672201744,0.0039398949976847675,331.0469055175781,
39,9,25,0.007361503203027087,0.0059851897231811835,0.003718528193834003,0.004530238138575449,394.2760314941406,
39,9,26,0.0072859178169882854,0.005989136807845075,0.003784754716665728,0.004552131964367989,476.5612487792969,
39,9,27,0.005119886957691833,0.0038280314378958957,0.0030994061150565466,0.003264730540913252,329.5798645019531,
