row,stim_idx,doc_idx,pos,split,claim_idx,n_claims,n_words,cos_z,Δcos,cos_alone,claim,Δcos_randspan_1,randspan_1_start,Δcos_randspan_2,randspan_2_start,Δcos_randspan_3,randspan_3_start,Δcos_shuffle_words
0,0,391,437,pilot,0,3,23,0.9037843794874333,-0.008838522146270233,0.44329377342487025,"Weather report format with detailed storm track data listing sequential landfall events for Hurricane Florence, structured with numbered periods and storm intensity details.",-0.011153247197846605,16,-0.008204536834351295,41,-0.06752606506642156,67,-0.00304405907683436
1,0,391,437,pilot,1,3,37,0.9037843794874333,-0.012299661692916075,0.7351816728582786,"The final sentence ""The fourth storm surge moved inland along the Florida Panhandle, with a second landfall occurring near Cape Hatteras"" mirrors earlier landfall descriptions, completing a list of four landfall locations and likely a final one.",-0.15933363847400217,59,-0.07349469039596623,40,-0.1060255421763514,54,-0.008229392592944085
2,0,391,437,pilot,2,3,42,0.9037843794874333,-0.15983229195506143,0.8679431215255662,"Final token ""landfall"" ends an incomplete clause (""made a second landfall""), part of a final event sequence listing multiple landfall points (""The system also made a second landfall...""), expecting ""in the Gulf Coast near"" or ""on the eastern coast around 11:00 PM.""",-0.13222164655445912,36,-0.020406055753801833,23,-0.15289928956087173,47,-0.20045414487646607
3,1,358,269,pilot,0,3,21,0.8197721761736144,-0.10337061848533635,0.24542017302952038,"Encyclopedic article format with historical narrative describing a tunnel construction project, following Wikipedia-style structure with technical details about the Brooklyn Bridge.",-0.003537194047323,24,0.0014793323130836145,15,-0.005873854859833938,48,0.0023268812043263365
4,1,358,269,pilot,1,3,37,0.8197721761736144,-0.0034359994740902344,0.6949262537991286,"The sentence ""The workers completed the structure 6 months ahead of schedule, and the project was finished ahead of schedule, five months ahead of"" mirrors a famous quote about schedule, establishing the completion date and deadline context.",-0.017720134974262725,48,-0.10700394576677841,0,-0.03763784929125591,8,-0.017177228034866654
5,1,358,269,pilot,2,3,45,0.8197721761736144,-0.02992832268962764,0.6987814279480106,"Final token ""ahead of"" ends an incomplete phrase (""five months ahead of""), part of a parenthetical clause listing schedule violations (""completed more than 6 months ahead of schedule, five months ahead of""), strongly expecting ""schedule"" or ""schedule"" or ""the scheduled date,"" completing the deadline claim.",-0.02107282310379177,25,-0.07942455201233589,4,-0.029911761784992774,56,-0.03557751865501446
6,2,601,168,pilot,0,3,23,0.9551085174545655,-0.005964501961000623,0.4566760042852578,"Scientific article format with Wikipedia-style species description, listing historical and behavioral characteristics of the American black bear, with a quoted expert source mid-sentence.",-0.004992420592367597,39,-0.007804104422384883,25,-0.0009527044404915586,14,-0.0008034108542883667
7,2,601,168,pilot,1,3,34,0.9551085174545655,-0.008309189034202413,0.8525347756932864,"The phrase ""Some other species, like Thym"" appears to be a scientific term or species name mid-list, likely referencing a specific plant or insect taxonomic term related to the stomach contents or digestive adaptations.",-0.004867404806399245,3,-0.005532421505131113,4,-0.06435717084258552,47,-0.008998441305071103
8,2,601,168,pilot,2,3,42,0.9551085174545655,-0.0793831608709552,0.9306301626973449,"Final token ""Thym"" is a truncated word mid-term (""Thym""), part of a parenthetical scientific name list (""The species Thym""), suggesting continuation with ""ylae"" or ""ylaeformis"" or similar Latin term describing a specific plant or digestive variant, completing the quoted expert's unusual terminology.",-0.012029114102382388,20,-0.0048457232023619845,9,-0.09900268364954534,28,-0.00831081962811031
9,3,452,53,pilot,0,3,19,0.8738534404539006,-0.007879199553879501,0.2235342080254076,"Bulgarian language article format with historical context and image caption structure, presenting a military insignia with quoted historical terms.",-0.12309504703167273,45,-0.011558693837504519,3,-0.09602755432240928,37,-0.008557580943765908
10,3,452,53,pilot,1,3,28,0.8738534404539006,-0.029240252176170545,0.599109270531021,"The quoted term ""Hrvatska Velika Armija"" is mid-sentence describing a Croatian nationalist state name (""Kingdom of Croatia-Slavonia""), directly referencing the Croatian Kingdom's abbreviated name ""Hrvatska Hrvats"" from WWI.",-0.17774058955209804,36,-0.021115745683025655,5,-0.19902573078577157,35,-0.010866226018579339
11,3,452,53,pilot,2,3,33,0.8738534404539006,-0.2688651434428415,0.8399366281175912,"Final token ""Hrvats"" is a truncated word mid-quote (""Kraljevina Hrvatska Hrvats""), part of a parenthetical historical name example, strongly expecting ""ka"" to complete the Croatian language name, likely followed by ""ka"" or ""ka.""",-0.03319666395453402,13,-0.03319666395453402,13,-0.025448858109960226,3,-0.13490804057330252
12,4,354,102,pilot,0,4,19,0.9391552864990333,-0.012669528466218716,0.49145947861168626,"Indian Wikipedia article format with film details listing a Bollywood movie titled ""Kannada"" with actor names and release details.",-0.10063263483099039,55,-0.0540025481919556,22,-0.00783690903215395,10,-0.017593754902506142
13,4,354,102,pilot,1,4,14,0.9391552864990333,-0.010420223818822238,0.5143177158885853,"The phrase ""The 2004 Indian film 'Kannada' is a thriller film directed by S.",-0.008124453236067919,11,-0.04352823507911896,63,-0.004055657961801629,37,-0.026285767044519792
14,4,354,102,pilot,2,4,22,0.9391552864990333,-0.009313521302187322,0.797046558557705,"The plot"" suggests an enumeration or description of story elements or plot details follows, likely continuing about the film's narrative or genre.",-0.018214580005123437,42,-0.02679705331719673,31,-0.018793687965325878,32,-0.01452987394148042
15,4,354,102,pilot,3,4,36,0.9391552864990333,-0.25375382623242204,0.8825216805609736,"Final token ""plot"" is mid-phrase (""The plot""), part of a list of attributes (""The plot""), expecting continuation like ""is based on..."" or ""of the film revolves around..."" or ""and other elements deal with a murder mystery.""",-0.2939214103488349,32,-0.020593956984474637,20,-0.011893737482128075,18,-0.2913904087918159
16,5,147,338,pilot,0,3,21,0.9065484872402003,-0.006011767091819498,0.3680477364634944,"Historical music video compilation format with hip-hop artist credentials listing, featuring retro clips and song titles around Aretha Franklin's iconic status.",-0.04694663287409462,55,-0.0029601210638541264,19,-0.019040234991685168,77,0.004646696416144791
17,5,147,338,pilot,1,3,39,0.9065484872402003,-0.002200362958096669,0.6221110997176976,"The phrase ""And Then There's The Album : Pick Up"" appears to be a song title or lyric reference, likely a culturally-aware joke or album title suggesting a woman's attitude or behavior, continuing a list of songs or quotes.",-0.03238530998285971,68,-0.23542815210384171,63,-0.012121141967041393,28,-0.002903915340038754
18,5,147,338,pilot,2,3,47,0.9065484872402003,-0.2395151097437591,0.9026640623307554,"Final token ""Pick Up"" is mid-title (""Pick Up""), part of a quoted lyric or phrase (""Pick Up""), likely completing a song title like ""Pick Up The Pieces"" or ""The Girl"" or similar slang phrase about a female's reputation or fan behavior, expecting continuation of a comedic list.",-0.2537285367360247,54,-0.01684647303640352,36,-0.009219702727356283,7,-0.18345403248344294
19,6,553,265,pilot,0,4,12,0.8088752239783188,-0.019780853547554766,0.20348058360128995,"Historical article format with structured Wikipedia-style images and captions, detailing a U.S.",-0.018497457722725485,30,-0.015508615341358611,19,-0.004732435873650687,7,0.002443463915319244
20,6,553,265,pilot,1,4,6,0.8088752239783188,0.00042903319885967406,0.17353147509250225,agricultural vessel's construction and historical significance.,0.0030793908893509414,82,-0.0037482614571182626,55,0.009520027149972465,78,0.0033956083414007354
21,6,553,265,pilot,2,4,41,0.8088752239783188,-0.05570103489217548,0.7389068850333066,"The sentence ending ""The theory that the Atlantic"" is mid-quote describing a migration route claim, listing historical origins connecting the Mississippi River to the Atlantic Ocean, with the phrase ""from the Atlantic"" defining a geographic origin for colonial settlers' eastward expansion.",-0.055890806434402585,10,-0.06464713817338952,22,-0.04135152647256124,29,-0.0583114545416733
22,6,553,265,pilot,3,4,42,0.8088752239783188,-0.048988249572409215,0.7271799057148988,"Final token ""Atlantic"" is mid-phrase in a quoted historical definition (""from the Atlantic""), part of a parenthetical clause listing historical origins (""between the Atlantic""), expecting ""Ocean to the Pacific"" or ""Ocean to the Atlantic Ocean"" or ""and the Atlantic to the Gulf.""",-0.026764652117725163,52,-0.06225195569884434,0,-0.06913073105944734,21,-0.292809140756892
23,7,293,497,pilot,0,3,17,0.8796824805517404,-0.006390854885113928,0.4279441203080725,"Wiki article format with academic/encyclopedic tone discussing Catholicism's ""Anglican Communion"" definition, establishing structured definitions and theological frameworks.",-0.007756892840446117,20,-0.007048993027848671,26,-0.07888994109671787,52,-0.007447437857254546
24,7,293,497,pilot,1,3,33,0.8796824805517404,-0.016501903330384815,0.7197354580305619,"The sentence mid-clause (""Thus, the Anglican tradition is considered a distinct 'high church' denomination that shares common liturgical beliefs and rites and shared liturgical practices"") mirrors a list describing core characteristics of Unitarianism.",-0.1822104787019947,35,-0.1243424627040901,20,-0.07102188540414045,55,-0.006996139192149253
25,7,293,497,pilot,2,3,45,0.8796824805517404,-0.1642386425813267,0.8450601934539064,"Final token ""practices"" ends an incomplete clause (""those that share similar theological beliefs and liturgical beliefs and rites and shared liturgical practices and""), strongly expecting ""with the Anglican tradition"" or ""that are common"" or ""to those of the early Church"" to complete the definitional clause.",-0.34860527644875205,37,-0.22614676984085003,41,-0.29177324395067017,32,-0.2528366697462281
26,8,42,329,pilot,0,3,22,0.9146871224114556,-0.004155690121916078,0.4369608511474233,"British archaeological article structure: academic blog format detailing a medieval cemetery excavation, with numbered findings describing a Roman burial site's skeletal evidence.",-0.034601627463691886,53,-0.006878824429785824,14,-0.03913531311006002,52,-0.00015888135817998528
27,8,42,329,pilot,1,3,39,0.9146871224114556,-0.013995390132731322,0.7492104416751499,"The sentence ""Analysis of the burial assemblage however suggests that the remains date to the later period, and those identified as human remains are those"" continues a specific claim about the skeletal occupants' identity, listing known human remains characteristics.",-0.08144759872130225,43,-0.029416507365879307,1,-0.026215889315757135,2,-0.003712412020072664
28,8,42,329,pilot,2,3,47,0.9146871224114556,-0.16805204887457836,0.8584035462656289,"Final token ""those"" is mid-clause (""are those""), completing a quoted claim about skeletal remains' identity (""The evidence indicates that the remains are those""), immediately requiring a noun phrase like ""of a female"" or ""of multiple individuals of a non-Christian faith"" or ""of a deceased adult and infant.""",-0.14000180564805964,36,-0.10860333817900192,50,-0.1648539989799972,56,-0.2749604689568078
29,9,229,293,pilot,0,3,20,0.7848176541400378,-0.05650721809504289,0.32684243505877403,"Wiki article format with structured pet breed description, following a standardized template with measurements and characteristics for a dog breed.",-0.004119794889105743,42,-0.007463030744646049,64,-0.008704718232846687,9,-0.023991218367081624
30,9,229,293,pilot,1,3,35,0.7848176541400378,-0.028188181456117456,0.6209652886126309,"The parenthetical measurement format ""Height : 145 cm (57 inches , "" is mid-sentence with a standard conversion convention, showing the official dimensions in both metric and imperial units with a parenthetical qualifier about range.",-0.022957061406863266,22,-0.015517628238328252,14,-0.0230131796416988,44,0.004867920218859845
31,9,229,293,pilot,2,3,41,0.7848176541400378,-0.04999433782536433,0.72871138388897,"Final token "" , "" closes an incomplete parenthetical measurement clause (""Height (45 inches , width (feet and inches , ""), immediately expecting the numeric values or unit continuation like ""45–55 inches)"" or ""or 150 cm)"" to complete the dimensional specification.",-0.05035550924201826,50,-0.03066004029247915,38,-0.0474899131623826,48,-0.05231333726686371
32,10,74,153,pilot,0,4,10,0.8584160898919533,0.0013843692622347303,0.41623442068117095,Wikipedia article format with structured historical facts about a U.S.,-0.005617499471028742,35,-0.0019349838254902885,72,-0.01830594029260635,51,-0.0023010912018057716
33,10,74,153,pilot,1,4,7,0.8584160898919533,-0.005770306462876906,0.6038541471182141,"city, establishing encyclopedia-style prose about Galveston, Texas.",-0.008818920270105668,51,-0.003361267694850678,71,-0.005511969265877714,35,-0.009333457796154798
34,10,74,153,pilot,2,4,39,0.8584160898919533,-0.024000244981662755,0.5837685744913486,"The sentence ""Galveston is a city in Texas that was founded in 1721, named after Isaac Stewart"" mirrors a pattern suggesting a historical narrative about the city's founding and growth, implying continuation of facts about its prominence or role.",-0.08574581293313088,32,-0.20352663837820606,52,-0.21747304428795644,44,-0.0012680284633287409
35,10,74,153,pilot,3,4,36,0.8584160898919533,-0.202213794983372,0.8482088490911219,"Final token ""Galveston"" ends mid-sentence (""Galveston""), part of a noun phrase describing the city's name origin (""Galveston...""), strongly expecting continuation like ""was established as a port"" or ""first became a port city during the American Revolution.""",-0.011467718812312122,11,-0.022645893495444436,18,-0.21237078747704985,46,-0.10596101331507568
36,11,399,348,pilot,0,3,20,0.8938113981180289,-0.026525796809368063,0.4973978478129286,"Wikipedia article format with biographical details listing film credits and box office performance for a film adaptation of ""The Hangover.""",-0.04452892433431277,27,-0.03071834088006442,21,-0.0030269658604931138,57,-0.0065923111425116865
37,11,399,348,pilot,1,3,38,0.8938113981180289,-0.03027528734445717,0.8632924339580026,"The sentence structure ""The film was released on December 18, 2009 in North America, and was released internationally on December 18, 2009, and"" implies a second performance or distribution detail follows, likely box office results or worldwide release.",-0.034987731424370505,21,-0.03138224004190582,17,-0.0015346887880611781,51,-0.014108665312650204
38,11,399,348,pilot,2,3,33,0.8938113981180289,0.002536893973115628,0.8479762677722248,"Final token ""and"" is a conjunction mid-sentence listing release details (""It was released on December 18, 2009, and""), expecting ""was a commercial success"" or ""received a worldwide theatrical release"" or similar distribution data.",-0.04035022094402263,26,-0.028313512331974877,19,-0.02285628419315522,22,0.0025364965408017914
39,12,457,211,pilot,0,3,21,0.9401713122204303,-0.004496056730876163,0.5956889232233311,"British Wikipedia article structure with historical description of a London street, listing notable features of Piccadilly's development in the 18th century.",-0.0018147058294099017,40,-0.0014147337632454127,67,-0.02681472843270627,7,-0.010444981647734108
40,12,457,211,pilot,1,3,37,0.9401713122204303,-0.011203957333171921,0.9089896683972968,"The sentence ""The area became known for its coffee houses, theatres and hotels, as well as gambling, restaurants and"" follows a list pattern describing London's social institutions of the time, implying another item or continuation of characteristics.",-0.01465258690978466,18,-0.01543451502791271,51,-0.030442501729294635,6,-0.02337754022216243
41,12,457,211,pilot,2,3,40,0.9401713122204303,-0.030689121827851884,0.8909642725211375,"Final token ""and"" is a conjunction mid-list within ""restaurants, theatres and,"" continuing the enumeration of historical attractions or social functions of the Mayfair district's grand buildings, strongly expecting ""social clubs"" or ""hotel businesses"" or ""entertainment venues"" or ""other leisure activities.""",-0.019498359541131882,51,-0.022983559320580937,53,-0.016779030014745233,19,-0.05381773529531386
42,13,117,290,pilot,0,3,20,0.9221163383205818,-0.002813038803000878,0.5432947729515836,"Historical encyclopedia article format with structured military ship biography, describing a World War I battleship's service history and design details.",-0.1942718120166842,55,0.0019310869043163148,26,0.0019765350773304213,27,-0.0037702398563873585
43,13,117,290,pilot,1,3,36,0.9221163383205818,-0.011677277704882139,0.7042916672627648,"The sentence ""The USS Indiana (BB-1) was a battleship built for the United States Navy in 1902, armed with"" begins a specific technical specification listing, implying a numeric value for the ship's main armament or displacement.",-0.12350671585853079,39,-0.013677503970575877,9,-0.014125006328815415,16,-0.0071888511405119315
44,13,117,290,pilot,2,3,37,0.9221163383205818,-0.24899067550690557,0.8926100191458962,"Final token ""1"" is mid-number in ""1"" — part of an incomplete specification (""她的主炮功率 1""), immediately expecting continuation like ""00 horsepower"" or ""5 guns"" or ""4-class guns,"" completing the historical technical specification about the ship's initial armament.",-0.014971713291422883,15,-0.039138609206191166,0,-0.2684659541430463,45,-0.1590561090530631
45,14,472,395,pilot,0,3,20,0.9349974426457643,-0.015069189021802543,0.6340237023088013,"Historical/heritage tourism description format with UK architecture details about a Georgian building, listing features and exhibitions of the Royal Exchange.",-0.014542085427667328,62,-0.004483473464180654,74,-0.0009650489219752423,20,-0.006681291049064675
46,14,472,395,pilot,1,3,42,0.9349974426457643,-0.005298590810476678,0.597877574428067,"The sentence structure ""The other activities within the building including the garden and restaurant of the Exchange building"" introduces a third item (""The underground complex""), with ""The rear of the building"" suggesting a concluding detail about the complex's architectural features or usage.",-0.02966156349642035,1,-0.029088311064403904,5,-0.03758591813054013,31,-0.08148467996605602
47,14,472,395,pilot,2,3,45,0.9349974426457643,-0.32992273833625063,0.8675488894312391,"Final token ""the"" is an article mid-phrase (""The basement of the""), part of a list of specific building components (""The underground portion of the""), expecting a noun like ""building"" or ""Exchange House"" or ""complex has three floors"" or ""building houses the chapel and other amenities.""",-0.013808279148463054,8,-0.027744768699968114,34,-0.18079632539449808,51,-0.16956248937426288
48,15,454,435,pilot,0,4,21,0.8982661786648177,-0.029594016970368453,0.25698791165098533,"Australian music blog format with interview quotes and cultural commentary, listing artist's album details and personal reflections on music and fashion.",-0.015183931686660768,65,-0.015183931686660768,65,-0.01857806322310085,83,-0.004365231070251996
49,15,454,435,pilot,1,4,11,0.8982661786648177,-0.003106267046954714,0.37257102872701797,"The quoted lyric mid-sentence (""I think a lot of the negativity...",-0.00777312795766727,94,0.001630167568729246,25,-0.009137309269433347,80,-0.002991760488614603
50,15,454,435,pilot,2,4,31,0.8982661786648177,-0.014149963247038655,0.7572159847619134,"things in the way"") is mid-quote describing personal struggles or existential themes, with the phrase ""things in the way of life"" continuing a list of obstacles or ideals about human experience.",-0.01618016785990528,27,-0.0234184121755433,39,-0.015838248378542863,78,-0.0027016123729581842
51,15,454,435,pilot,3,4,47,0.8982661786648177,-0.039574062468816784,0.7892948853054931,"Final token ""way"" ends an incomplete quoted phrase (""The things in the way""), part of a quoted lyric description clause (""All the obstacles in the way""), expecting continuation like ""of life"" or ""of happiness"" or ""of people's dreams"" or ""of the barriers to progress"" completing the thought.",-0.03629870226733922,6,-0.19664203436875194,49,-0.06756899237969449,1,-0.3639639630660795
52,16,167,60,pilot,0,3,22,0.8820226317726803,0.0016174636313109891,0.563261816003333,"Encyclopedic or biographical format with a Wikipedia-style header suggesting a historical figure's intellectual contributions, establishing academic context about Canadian economist Halford Mackinder.",-0.013805649305031698,53,-0.006172911460473829,23,-0.00860884662012118,21,0.00015110973618193135
53,16,167,60,pilot,1,3,34,0.8820226317726803,-0.014392906426830998,0.8055132388649239,"The phrase ""The American political scientist Halford Mackinder was known for his writings on imperialism , "" implies a list or paired subjects, likely naming his theories or fields like economics and social history.",-0.01567097334664891,20,-0.021718381972468892,60,-0.006152016579077935,39,-0.03651593240551365
54,16,167,60,pilot,2,3,48,0.8820226317726803,-0.10244456335008245,0.8312818402477742,"Final token "" , "" is mid-list after ""in economics , "" part of an enumerated subject list (""his writings on economics , ""), strongly expecting a parallel noun phrase like ""history"" or ""global systems"" or ""technology and culture"" or ""economic institutions"" or ""and ideology, and their influence.""",-0.027929457590538997,16,-0.05554414554252107,1,-0.185109908016851,34,-0.08408802345995225
55,17,100,26,pilot,0,3,19,0.9275991143947511,-0.004259141552238277,0.46303969860411714,"Wikipedia article format with a brief descriptive blurb about a novel, suggesting a book cover or literary work entry.",0.0009091939549804584,38,-0.005391864852551387,67,0.0009091939549804584,38,0.0009630610165837217
56,17,100,26,pilot,1,3,38,0.9275991143947511,-0.0027069101956641584,0.7584749358347246,"The phrase ""A 2005 novel titled The War of the Worlds is an ap"" strongly implies a genre descriptor or literary label, likely a science fiction novel about zombie apocalypse, continuing the context of a serialized work's narrative.",-0.08800050107577684,43,-0.2430239377447464,59,-0.019765716278503542,10,-0.00330230262710296
57,17,100,26,pilot,2,3,45,0.9275991143947511,-0.1872300975846427,0.9215733415751436,"Final token ""ap"" is a truncated word mid-term (""an ap""), part of a noun phrase describing the novel's genre classification (""A dark apocalyptic novel""), immediately requiring a noun like ""ocalyptic novel"" or ""ocalyptic fiction novel"" or ""ocalyptic literary work"" or ""fictional narrative about zombie history.""",-0.2021209665209731,48,-0.3139493469500668,23,-0.003169954525392371,17,-0.31737109883123404
58,18,353,55,pilot,0,3,17,0.8913616395173302,-0.014173420882076404,0.47959482259553804,"Wiki article format with geographic/statistical entry structure, establishing a US National Forest designation with dimensions and boundaries.",-0.0063964555143795065,82,-0.010598720003620499,3,-0.001974125382621539,34,-0.0033149125015689007
59,18,353,55,pilot,1,3,42,0.8913616395173302,-0.02125160945684368,0.636911265846145,"The phrase ""The Black Hills National Forest is a United States Forest Service unit covering 1,355 sqmi in western South Dakota as"" implies a definition or summary clause follows, likely continuing with a formal description of the park's administrative or geographic scope.",-0.2642561771032058,37,-0.043720706685775546,26,-0.283871555963327,32,-0.0497246499697912
60,18,353,55,pilot,2,3,40,0.8913616395173302,-0.21805988559442224,0.8556765160527523,"Final token ""as"" ends an incomplete phrase (""1,355 sqmi in western South Dakota as 5 counties covering the park's area of 1,355 sqmi as""), strongly expecting ""a part of the National Forest System"" or ""of a mapped area"" or similar.",-0.05427396792693484,5,-0.043444666339535476,31,-0.05427396792693484,5,-0.2606387125186377
61,19,592,254,pilot,0,4,20,0.9093434584934846,-0.021532269234429635,0.42079616552345395,"Historical encyclopedia article format with academic political analysis tone, detailing Republican presidential candidate Hoover's campaign performance during the 1932 election.",0.0002076446769152529,78,-0.015642266172292252,49,-0.005442569045652101,9,-0.0004557812014864826
62,19,592,254,pilot,1,4,36,0.9093434584934846,-0.015471535567757377,0.8436706626433765,"The sentence structure ""His initial popularity was strong, with Roosevelt's support growing throughout the summer; his support"" suggests a list of campaign dynamics or vote outcomes, likely describing rural or conservative vote shifts or a peak.",-0.046102100146485414,55,-0.017816480690975967,42,-0.019561902267009934,44,-0.00755670342432313
63,19,592,254,pilot,2,4,7,0.9093434584934846,-0.009517288079975983,0.6499471082193491,"Final token ""support"" ends mid-clause (""His support...",-0.004571513553199957,39,-8.154431691265174e-05,90,-0.001955390764365461,32,-0.004302228650404971
64,19,592,254,pilot,3,4,37,0.9093434584934846,-0.0003421439230373302,0.8476718407540862,"his support""), part of a quoted description of Roosevelt's early vote totals (""Though his initial numbers were strong, his support""), expecting continuation like ""was sustained"" or ""extended into the electoral vote"" or ""included a backlash against depression.""",-0.03916539693228105,51,-0.02024634719025642,16,-0.033919917534507404,26,-0.02750390817591908
65,20,270,216,pilot,0,3,21,0.8866964212357636,-0.004364986443487595,0.5401200551165406,"Historical military account format with American Civil War context describing a battle march, detailing a Confederate raiding force's route and actions.",-0.018684598819391884,83,-0.018527039335098805,89,-0.005810389262781657,36,-0.0054699660502592895
66,20,270,216,pilot,1,3,42,0.8866964212357636,-0.00790111614304434,0.856162393222753,"The sentence structure ""General Scott 's army retreated to Buffalo , New York while the main body of the Union army moved to Rochester , "" mirrors a list of destinations, establishing a parallel clause describing the retreat plan and its outcome.",-0.026943425375130725,66,-0.0399168210008205,28,-0.016130267130277876,51,-0.017229806176152884
67,20,270,216,pilot,2,3,47,0.8866964212357636,-0.018065662296449903,0.8624202101649749,"Final token "" , "" is mid-clause after ""moved to Canandaigua , "" completing a specific destination clause (""General Scott's army had moved to Canandaigua and traveled to Buffalo ""), strongly expecting ""while the remainder"" or ""New York, but was delayed"" or ""a safe area, leaving behind.""",-0.010471543576809905,3,-0.026612410443241807,58,-0.018309546215525718,47,-0.17991013309432524
68,21,459,18,pilot,0,5,17,0.8840700223043975,-0.011228969471647865,0.5408139753975988,"Wikipedia-style article format with song reference listing, suggesting a biographical or encyclopedia entry about a baseball player.",-0.02878466505427779,5,-0.006057713348039173,61,-0.006057713348039173,61,0.001527194577150004
69,21,459,18,pilot,1,5,35,0.8840700223043975,-0.00040185509315959766,0.7620283159969753,"The phrase ""An American actor born on November 14 , "" begins a parenthetical date or name context, implying a specific historical figure's biographical details, likely a deceased person with ""Bob Hope"" or similar name.",-0.07794198984489775,31,-0.08992533133073877,57,-0.03662371544029208,25,-0.010380483580771371
70,21,459,18,pilot,2,5,10,0.8840700223043975,0.004611123338616241,0.6871787384471728,"Final token "" 1, "" is mid-date ("" born Feb.",-0.022362623752906763,10,-0.007330447947169194,18,-0.026651664414704013,59,0.006866611445418669
71,21,459,18,pilot,3,5,13,0.8840700223043975,-0.012247812847653972,0.6989970757905918,"19,  ""), part of a numeric date expression following ""John Thomas Smith, Jr.",-0.016859295429314303,57,-0.013515156929004069,19,-0.026405700289017342,12,-0.01306813852608868
72,21,459,18,pilot,4,5,17,0.8840700223043975,-0.008270281183291095,0.8103350291993002,", born..."" pattern, strongly expecting a year like ""1895"" or ""1914–"" continuing the death date or birth.",-0.0080386542919606,59,-0.07907176084187939,39,-0.07487959120167442,44,0.001021925436667348
73,22,536,20,pilot,0,3,19,0.853309744571527,0.0038797937724792675,0.5345531111916175,"Structured wiki format with ""John Baltimore"" as a name entry, suggesting a biographical or historical template with labeled fields.",-0.004957645526108778,36,0.004158477600678445,27,-0.01383820152802373,79,0.004020919105091947
74,22,536,20,pilot,1,3,38,0.853309744571527,-0.028001287463900737,0.8161392032980866,"The phrase ""John Baltimore, 1st Baron Baltimore"" repeats as a title, strongly implying the entry is defining or listing the person's name and title, likely continuing with a biographical description or historical context about his founding of Maryland.",-0.023673665004798283,34,-0.0223898599432526,64,-0.019588521962681904,18,-0.001880023904794803
75,22,536,20,pilot,2,3,45,0.853309744571527,-0.0313604086334367,0.8487982506733889,"Final token ""Baltimore Baltimore"" closes a repeated name (""John Baltimore, 1st Baron Baltimore""), part of a title or label pattern (""John Baltimore, 1st Baron Baltimore""), immediately expecting continuation like ""was a"" or ""is a historical figure"" or ""was born in..."" or ""is his full name.""",-0.04377568960989631,52,-0.025290464901841725,45,-0.043355723221767395,14,-0.2669897464210801
76,23,83,276,pilot,0,3,20,0.9224282416131006,-0.012701602309977966,0.5115812413099645,"Historical military/technical article describing a medieval ship design, with structured details about a Swedish war galley's specifications and combat capabilities.",-0.000589988282484466,37,-0.0051697565957317115,29,-0.0005841201827820885,74,-0.008017751865334488
77,23,83,276,pilot,1,3,41,0.9224282416131006,-0.010697308899002556,0.7417957157147763,"The sentence ""The ship was now a heavy armed galleass with improved hull and carrying 16 large guns, but also mounting several heavy"" suggests a list of weapon attributes or firepower details, completing a specific numeric claim about ballistics or artillery.",-0.19809325911019326,42,-0.15516375227363355,54,-0.0995989954374884,48,-0.020610501531862724
78,23,83,276,pilot,2,3,38,0.9224282416131006,-0.11019307716233628,0.8383599003015504,"Final token ""heavy"" ends mid-phrase (""several heavy""), part of a noun phrase listing weapon attributes (""equipped with several heavy""), strongly expecting ""artillery guns"" or ""ballistic cannons"" or ""loaded shot"" or ""hand-held weapons"" to complete the military equipment description.",-0.2707831827717687,55,-0.2707831827717687,55,-0.11752130310085829,53,-0.15127811165278582
79,24,524,143,pilot,0,3,22,0.9041422427443225,-0.015438523407149352,0.5744242806137607,"Narrative momentum: literary article format with dialogue excerpt describing a film actor's behavior, detailing a 1960s character's mental state and social attitudes.",-0.019333082157744652,8,-0.0027385957347462186,79,-0.010758183078059869,35,-0.007440446569778381
80,24,524,143,pilot,1,3,39,0.9041422427443225,-0.02387122768817307,0.8290766085819833,"The phrase ""A depressed artist who feels alienated from his wife and colleagues, one character observes strange behaviors about the"" suggests an incomplete clause listing cultural or societal observations, likely referencing the Vietnam War or a broader world view.",-0.018515952922895762,40,-0.027733449323345538,60,-0.03193533888641353,54,-0.050757324201184506
81,24,524,143,pilot,2,3,44,0.9041422427443225,-0.049489608135332874,0.8281020094725351,"Final token ""the"" is an incomplete noun phrase mid-clause (""sometimes sees things about how they see the""), part of a quoted example list (""a disillusioned architect who sees strange views of the""), expecting a noun like ""world"" or ""world around them"" or ""world's beauty.""",-0.019466508706848074,35,-0.012262984522652176,27,-0.028821960134937097,57,-0.12440275017916946
82,25,18,394,pilot,0,3,17,0.9126156837004097,-0.02345974182369237,0.5474496984222377,"Sports news article detailing NFL player Scottie Pippen's career, with biographical narrative structure listing accomplishments and tributes.",-0.009022318109871419,47,-0.011492251042925283,56,-0.024097786289813516,1,-0.0008814885887210577
83,25,18,394,pilot,1,3,36,0.9126156837004097,-0.016929440911336968,0.8502095119220386,"The sentence ""His younger brother, Mike Johnson, also played football at the University of Kentucky, who was"" introduces a parallel reference to a sibling's athletic achievement, with a specific detail about Mike's basketball fame or childhood.",-0.1046967393876127,32,-0.03674413858320458,25,-0.0016718260540481422,12,-0.0013130069674323064
84,25,18,394,pilot,2,3,44,0.9126156837004097,-0.012775278399828283,0.8800098650586831,"Final token ""was"" mid-clause (""his brother, who was""), part of a parenthetical historical detail clause (""His older brother Mike Johnson, who was""), expects a noun phrase like ""a professional hockey player"" or ""the family's youngest brother and a prominent athlete"" or ""drafted into basketball.""",-0.01660016098046968,11,-0.03534910287942317,45,-0.02104658210466326,51,-0.17600199268441452
85,26,134,244,pilot,0,3,25,0.9058118201207965,0.0010458938944833962,0.4942441949120355,"Video game wiki article format with structured description of a Nintendo DS game, detailing a RPG series' gameplay mechanics around the Metal Gear Solid franchise.",-0.010127558180693441,49,-0.024879272100515215,74,-0.014155392989986026,43,0.001235949907738898
86,26,134,244,pilot,1,3,36,0.9058118201207965,-0.018076474553441524,0.7979753441259719,"The sentence ""The game 'Metal Gear Solid: Twin Stick' would alternate through two stages allowing players to choose between"" establishes a sequence describing the protagonist's selectable characters or playstyle, directly continuing the player choice mechanic introduced.",-0.07870658129710062,55,-0.03263927617497353,64,-0.01458504056758092,21,0.0007245388557194365
87,26,134,244,pilot,2,3,51,0.9058118201207965,-0.10192200831015752,0.8834502429867124,"Final token ""between"" ends an incomplete clause (""players would choose between""), part of a list describing character selection (""The game allows the player to choose between""), strongly expecting ""the two main characters"" or ""playing either Solid Snake or Liquid Snake as their protagonist"" or ""two different control schemes and their abilities.""",-0.10234833128664478,30,-0.10234833128664478,30,-0.02250677706174309,12,-0.12194562831374722
88,27,265,415,pilot,0,3,21,0.9131462232734604,0.0076453923305552784,0.5056632365894025,"Formal sports article structure with numbered facts about Michael Phelps, Olympic Games, and the Olympic Games flag, following official IOC format.",0.008941384857073742,6,-0.024327433259375808,41,-0.0016292179727727119,23,0.0050708035507065485
89,27,265,415,pilot,1,3,37,0.9131462232734604,-0.004058143834442585,0.7119501007390897,"The sentence ending ""The 125th session of the IOC"" is a historical event reference, completing a phrase about the final vote to elect the Olympic Games host at the 125th IOC Session, implying the closing ceremony context.",-0.0007542035016339099,10,0.00043559020326155995,5,-0.12572806297267425,50,-0.003937585171121971
90,27,265,415,pilot,2,3,35,0.9131462232734604,-0.08954220078821906,0.9011135612869572,"Final token ""IOC"" is mid-phrase (""the 125th IOC""), part of a date event clause (""at the final 125th IOC""), strongly expecting ""Session"" or ""General Assembly"" or ""Meeting in Lausanne,"" completing the Olympic Games voting event.",-0.004261741156460497,17,-0.042156238856936645,39,-0.05018327678615764,28,-0.2643631721349753
91,28,109,204,pilot,0,3,22,0.8619692295153444,-0.006798255654324126,0.44811547350561276,"Historical prose format with British literary quotation structure, listing political quotes about women's suffrage and scandal, suggesting an article or novel context.",-0.027777472596739683,45,0.0035057658554973337,5,-0.010898792681473979,29,-0.004009531878065631
92,28,109,204,pilot,1,3,34,0.8619692295153444,-0.017120961122337852,0.7539064503118321,"The phrase ""The Duke"" introduces a specific named figure (""The Marquess""), likely a historical event or accusation, continuing a list of political figures who reacted to the speech, implying a scandalous or aristocratic reference.",-0.018877124679303692,61,0.003376817181682701,1,-0.05351841597389739,44,-0.020088815774307323
93,28,109,204,pilot,2,3,40,0.8619692295153444,-0.07329456335548623,0.838136167385986,"Final token ""Marquess"" is mid-phrase (""The Marquess""), part of a named historical figure clause (""The Marquess""), immediately expecting a surname or title continuation like ""of Queensberry"" or ""of Balfour was accused of..."" or ""of the Duke's wife was a homosexual.""",-0.09543671184984892,49,-0.0749778553037026,42,-0.012025778472800175,6,-0.19647749849547835
94,29,111,487,pilot,0,4,20,0.7934917735082035,-0.025183087187674702,0.29872412218324457,"Wikipedia article format with structured military aircraft data entry, describing a historical aircraft type with technical specifications and historical context.",-0.05696988737776376,46,-0.05708932772767894,47,-0.03597590886313651,61,0.004027341611473556
95,29,111,487,pilot,1,4,34,0.7934917735082035,-0.07031782639773554,0.6875332778903162,"The phrase ""Its maximum speed was listed as 550 kn (1,020 km/h; 635 mph), with a range of 3,450 mi (5,550 km or 3,28 mi"" is a parenthetical distance figure completing a speed/distance specification.",-0.08849516797207668,1,-0.08580953185104012,23,-0.0831836010867284,22,-0.01721314970150989
96,29,111,487,pilot,2,4,10,0.7934917735082035,-0.014117410141070041,0.4965883464842098,"Final token ""mi"" closes an incomplete distance unit clause (""...",-0.016049166880194088,41,-0.007909222982123154,72,-0.007507346825407768,67,-0.002292847992316216
97,29,111,487,pilot,3,4,20,0.7934917735082035,-0.050272355490371234,0.602753977163145,"328 mi""), part of a speed range specification ending with ""at average speed (3,28 mi,"" suggesting closing parenthesis or "")"".",-0.056791697841417244,5,-0.06992214115156858,29,-0.030724342480414113,42,-0.009502021050219578
98,30,126,432,pilot,0,3,21,0.8849677179886848,-0.023064715851240924,0.2629163793363713,"British military history website format with authoritative historical account, featuring a famous WWII raid film with iconic imagery and captioned photos.",-0.00033012343688310075,46,-0.00264643619524918,47,-0.19180446568259635,60,-0.004661580765740525
99,30,126,432,pilot,1,3,42,0.8849677179886848,-0.006167791833540215,0.41747570064389267,"The phrase ""The Great Escape"" is a well-known film title, and the text is quoting a famous British wartime book title (""The Greatest Raid of All""), strongly implying the closing quotation mark completes a classic war film title about Allied escape missions.",-0.002029525169683355,15,-0.01479675742307418,4,-0.4224570080973603,56,-0.009613159440897912
100,30,126,432,pilot,2,3,48,0.8849677179886848,-0.4228331847934313,0.8553161800763425,"Final token ""of"" ends an incomplete quoted title (""The Greatest Raid of""), part of a famous film title phrase (""The Greatest Raid of All Time""), immediately expecting ""All Time"" or ""the War"" or ""All Time"" to close the quotation, continuing the legendary wartime adventure narrative about the raid.",-0.19800964257722886,29,-0.0015993905086749693,12,-0.42683859895436155,60,-0.21376133258464214
101,31,442,365,pilot,0,5,22,0.9395076679533975,-0.01715054729597787,0.5777306935411565,"Narrative fiction format with numbered chapters detailing a film adaptation story, listing sequential events from a Korean folk tale with character analysis.",-0.009648794426046714,19,-0.00229402274781354,78,-0.010430483990005124,50,-0.0050022985155142585
102,31,442,365,pilot,1,5,15,0.9395076679533975,-0.007985335778360914,0.5749239756021725,"The sentence structure ""The second story has the princess captured and the villain seeks revenge.",-0.005463130352430956,36,-0.0032526836507442702,51,-0.0024938160360737927,83,-0.021777825992173594
103,31,442,365,pilot,2,5,27,0.9395076679533975,-0.0016402429655363315,0.6691670557268802,"He hides the baby and the queen becomes ill"" continues listing events from the story's third chapter, with a third clause describing the goddess's fate or actions.",-0.007878294959480003,35,-0.009128376486386314,18,-0.017830835247265253,10,-0.010888261278250266
104,31,442,365,pilot,3,5,22,0.9395076679533975,-0.0100109003523835,0.8580184102779846,"Final token ""The"" is mid-sentence ("" The""), part of a third event sequence item ("" The goddess finds out her food supply...",-0.003599374335049532,79,-0.021428581615459463,6,-0.01665487132101151,1,-0.015491807462351126
105,31,442,365,pilot,4,5,23,0.9395076679533975,0.0005724572518321924,0.8112551197731511,"The""), expecting a noun like ""woman finally dies"" or ""kingdom's servants find her and hide her"" or ""goddess's story ends with a crisis.""",-0.0015028585967253871,83,-0.012229432931396111,56,-0.0010831768569726785,81,-0.049623798699381716
106,32,545,450,pilot,0,3,21,0.9637360001133245,-0.006540908216840058,0.4255957936537773,"Historical article on Italian submarine design, with structured encyclopedia-style narrative describing the Italian Navy's early dreadnoughts and their torpedo boat service.",-0.004672859946402763,22,-0.0108821410743839,60,-0.009934159628140038,70,-0.006597577376022623
107,32,545,450,pilot,1,3,36,0.9637360001133245,-0.006835295350825055,0.8272545289465595,"The sentence ""The design of the Italian submarine fleet was directed by engineer Antonio Negri, who in 1884 appointed engineer Gi"" introduces a specific Italian technical authority's name and likely a technical term or Italian inventor.",-0.022031377425063337,47,-0.021017238588302956,45,-0.01084214986644949,29,-0.0107960937793945
108,32,545,450,pilot,2,3,40,0.9637360001133245,-0.18538336822979884,0.9328138506902566,"Final token ""Gi"" is a truncated Italian surname mid-sentence (""engineer Gi""), part of a historical attribution clause listing technical expert's name and methodology (""The chief designer was engineer Gi...""), strongly expecting ""useppe Capponi"" or ""useppe Capponi's"" or similar technical term.",-0.08269092588460092,50,-0.01045308148141244,25,-0.03855497527234952,0,-0.01989334687609212
109,33,168,303,pilot,0,3,23,0.9256380498548303,-0.019334587505681622,0.5266930745336904,"News article format with translated disaster report listing storm casualties in Venezuela, presenting numbered incidents with details about Hurricane Tomas's impacts in Colombia.",-0.00977509910363561,49,-0.01463897577720108,36,-0.019871791044122733,68,-0.005966256382539226
110,33,168,303,pilot,1,3,46,0.9256380498548303,-0.013453172614333653,0.6766575896976156,"The sentence ending ""Other deaths included two people killed in a flood in a vehicle, and one died in a collapse during the storm"" lists a specific tragic event detail (""A family died in a freezer-related accident""), suggesting a final example of disaster-related death or damage.",-0.06127269004427227,43,-0.027323639781006492,29,-0.07013653754599813,53,-0.014739565948991507
111,33,168,303,pilot,2,3,36,0.9256380498548303,-0.2773464320628629,0.8577163421188745,"Final token ""a"" is an indefinite article mid-clause (""In one case died in a""), part of a specific casualty detail listing, expecting a noun like ""fire"" or ""vehicle crash"" or ""icebox collapse"" or ""food shortage-related accident.""",-0.08758250553356772,58,-0.031778919342259626,60,-0.013174530740608481,45,-0.14461573760825697
112,34,152,435,pilot,0,3,19,0.8721292975890945,0.00022799288326391665,0.4778500599248535,"Historical/scientific article structure with numbered facts about weather instruments, presenting a chronological sequence of oceanic weather observations from Germany.",0.005967679642939427,16,-0.034604370440245336,47,-0.0035069604848381175,33,0.005247621349137366
113,34,152,435,pilot,1,3,36,0.8721292975890945,-0.0023350630983066667,0.7346051536437851,"The phrase ""The American scientist John Franklin's Project drift buoys"" mirrors the second item's topic about drifting buoys used to track hurricanes, strongly implying the next word completes ""buoys"" describing a Soviet submarine buoy deployment experiment.",-0.13709128422863737,50,-0.10562615075488813,61,-0.06418888350428908,32,-0.007069684191803538
114,34,152,435,pilot,2,3,43,0.8721292975890945,-0.1459449191498332,0.8524916034366748,"Final token ""bu"" is a truncated word mid-item (""Drifting buo""), part of a second historical example clause (""The Soviet hurricane buoys""), immediately requiring ""ys"" or ""ys that"" or ""ys to carry instruments"" continuing the description of floating drift devices placed in the ocean.",-0.012617219519756473,10,-0.012383821996440059,9,-0.1382074594330459,50,-0.03230308585474018
115,35,228,202,pilot,0,4,20,0.9355693404990043,-0.0037389678270288718,0.5707788991711146,"British Wikipedia article format with historical naval biography structure, describing a World War I British cruiser, listing actions and characteristics.",-0.027527017690716082,1,-0.0364685271232742,17,-0.014438402511562254,30,0.0008117981062062407
116,35,228,202,pilot,1,4,15,0.9355693404990043,-0.0029078899992915908,0.6045702355862206,"The sentence ""Completed in 1914, HMS Cornwallis was a light cruiser of the Royal Navy.",-0.03811422844418444,15,-0.04988859766073095,73,-0.005901157411767222,52,0.00024014505886083004
117,35,228,202,pilot,2,4,21,0.9355693404990043,-0.0015234068497739228,0.782325551226912,"Displacement  "" begins a specification listing, likely continuing with ship's displacement or technical details about the HMS Cornwallis's design or tonnage.",-0.00585348418129672,57,-0.005251428804397329,48,-0.08993698437243136,64,-0.00011067206344961278
118,35,228,202,pilot,3,4,37,0.9355693404990043,-0.023955736031508024,0.8819432206763747,"Final token ""  "" opens a numeric value mid-specification (""Displacement  ""), part of a displacement figure clause (""Weight  ""), immediately expecting a numeric value like ""1,850 tons"" or ""1,850 tons and was armed with..."" or ""lighter than.""",-0.08865208050701512,53,-0.024012549649473303,21,-0.06907090597738608,49,-0.013434699650755388
119,36,64,225,pilot,0,4,20,0.8776994557850186,-0.01812039361889939,0.5043320275614557,"Historical encyclopedia article format with descriptive architectural details about a Chicago neighborhood park, establishing factual narrative about a Victorian-era building.",-0.020494665250752386,70,-0.013577537079309976,58,-0.02190231673546339,3,-0.0038013416298678937
120,36,64,225,pilot,1,4,12,0.8776994557850186,-0.005177551846181849,0.5897723295020267,"The sentence structure ""The design was done by German-American architect Henry F.",-0.007114645751126081,57,-0.0048178112998680245,26,-0.0009194818458376774,36,-0.001423795934523242
121,36,64,225,pilot,2,4,29,0.8776994557850186,-0.013022183507674145,0.661238281553849,"Farnsworth, who was noted for the design of the complex in the style of Art Deco"" implies a credit attribution, suggesting the architect's specific design work or stylistic influence.",-0.01124801019688837,15,-0.01853543172793093,9,-0.008269865876851523,24,-0.005034810679148571
122,36,64,225,pilot,3,4,40,0.8776994557850186,-0.07044570909625847,0.8446097166895683,"Final token ""Fallall"" ends an incomplete attribution clause (""by architect Henry Augustus von Gallgall, designed by noted architect Henry Augustus von Gallall""), strongly expecting ""."" or ""and"" or ""who"" or ""of the period,"" completing the credit for the architect's design.",-0.12196890662773263,48,-0.016121396072703353,20,-0.015512353640083076,28,-0.10374451275375884
123,37,171,372,pilot,0,4,21,0.8578541046282586,-0.011985570160996661,0.6219573142708155,"Historical military account detailing Canadian Corps actions during the Battle of El Alamein, with numbered chronological entries describing combat and withdrawal.",-0.010487099386008336,24,-0.015339980873640857,35,-0.015709830214833964,42,-0.012707870837006974
124,37,171,372,pilot,1,4,22,0.8578541046282586,-0.010299817508832243,0.611821296507682,"The sentence structure ""Following the successful breakout in January 1943 the Corps was relieved from captivity and returned to combat duties .",-0.007704893164197646,81,-0.008505209470869413,16,-0.017459584638626735,6,-0.038803966068421736
125,37,171,372,pilot,2,4,22,0.8578541046282586,-0.01543376621576431,0.7282037941532989,"However later that year , "" suggests a concluding event or second outcome, completing the timeline of post-war fate or peace terms.",-0.005516157654032572,55,-0.011397245081288032,90,-0.010195380670290133,65,-0.0217746467371841
126,37,171,372,pilot,3,4,49,0.8578541046282586,-0.04859686600000834,0.7863326300076505,"Final token "" , "" ends an incomplete clause (""In June later ,""), part of a third numbered outcome (""By the end of the war ,""), strongly expecting a noun phrase like ""the Canadian Corps was again ordered to surrender"" or ""the Battle of the Bulge ended with casualties.""",-0.02604683999675783,15,-0.015630566190375617,14,-0.037732531723043694,49,-0.16688275286159182
127,38,244,52,pilot,0,3,22,0.9057941825241568,-0.016458990555160535,0.5903431016704127,"Indian cricket statistics format with a sports headline structure, implying a sports article or leaderboard context about Indian cricketer Virat Kohli's performance.",-0.021944861353191403,8,-0.029708546959146043,56,-0.014708805708677941,12,-0.00782517450408382
128,38,244,52,pilot,1,3,30,0.9057941825241568,-0.0012730752859207994,0.7992719087940366,"The phrase ""India's highest run scorer in T20"" suggests a second sport term ""T20"" is being introduced, likely completing a tournament name or statistic about the Indian T20 cricket competition.",-0.02978966790825255,35,-0.0964846469187507,54,-0.000823941444129006,24,-0.017632074803360487
129,38,244,52,pilot,2,3,37,0.9057941825241568,-0.1014565066430424,0.8414573618038936,"Final token ""T2"" is mid-word (""Twenty2"") part of a compound noun ""T20 T20 cricket,"" part of a quoted title or phrase (""World champion in Twenty20 T20""), strongly expecting ""0"" or ""1"" to complete the cricket format name.",-0.052206021402114056,44,-0.040222976769153096,25,-0.0207190266850249,24,-0.08887339045743081
130,39,51,279,pilot,0,3,22,0.8895330079303785,-0.004933248246572708,0.4200305843008332,"American Wikipedia article format with chronological listing of television award categories and history, detailing the ""Best Animated Short"" award's evolution over decades.",0.0018999401433549279,46,-0.00012713259994856507,18,-0.00034059107287021106,52,0.011557938585985528
131,39,51,279,pilot,1,3,37,0.8895330079303785,-0.0017669877287088687,0.8154418289182368,"The sentence ending ""While the category was removed from the Academy Awards beginning in 2002, though"" suggests a concluding clause describing a later change or continuation of the award format, with ""the Academy did reintroduce the category.""",0.005188113809675987,24,-0.007457168728452257,42,-0.0030461512170379956,15,-0.00996774661674471
132,39,51,279,pilot,2,3,43,0.8895330079303785,-0.06439645946493788,0.8594607053853834,"Final token ""though"" ends an incomplete clause (""though the category was reintroduced, though""), part of a contrasting clause structure listing changes (""However, the Academy did reintroduce the category, though""), expecting continuation like ""the award was renamed"" or ""it continued to offer non-animated entries.""",-0.0610176959524934,49,-0.023272467375608508,4,-0.05850187073793667,58,-0.10827757391919846
133,40,598,225,eval,0,4,21,0.8764560881634189,-0.02334947112576302,0.4519898903422863,"Wikipedia-style chemistry article structure with numbered sections listing properties of europium, presenting factual data about the element's atomic and physical characteristics.",-0.017424424884056267,79,0.0005852616336520233,34,-0.011589808800305246,9,-0.08004343961456362
134,40,598,225,eval,1,4,14,0.8764560881634189,-0.005419805513447007,0.4144790852839758,"The sentence ""The atomic mass and other physical properties of europium are given below.",-0.027845398829714818,62,-0.003543394066990224,46,-0.009595141587648182,80,-0.005774596192418269
135,40,598,225,eval,2,4,24,0.8764560881634189,-0.00031953611635060497,0.6840224342954345,"The atomic mass of europium"" signals a list of specific elemental data points, likely continuing with chemical forms or isotopic values of the element.",-0.021367465313939737,68,-0.04228019654769655,56,-0.005916044326164993,22,0.00026519908410183035
136,40,598,225,eval,3,4,43,0.8764560881634189,-0.06027164739505064,0.8030498641137136,"Final token ""europium"" ends mid-sentence (""Properties of europium""), part of a data table or list item (""Some properties of europium""), expecting continuation like ""in its solid state are:"" or ""are:"" or ""include the following:"" or ""atoms are given below,"" completing the atomic data.",-0.048748483446385715,28,-0.06521146919909548,58,-0.14229604883279245,36,-0.2546879901000769
137,41,351,142,eval,0,7,18,0.8451522502372644,-0.05147125475681469,0.6228410362812189,"Structured wiki format with ""Bulleted facts"" pattern suggests a machine learning or trivia context about a named entity.",-0.048605851949752865,78,-0.055941833418311826,14,-0.06010092039367432,89,-0.05110745642002412
138,41,351,142,eval,1,7,13,0.8451522502372644,-0.049728274581947285,0.6487333025334587,"The phrase ""The sentence 'It is a chemical process about United States .",-0.0458152914723321,41,-0.064605478720556,54,-0.04721801377108725,85,-0.05267232914134101
139,41,351,142,eval,2,7,5,0.8451522502372644,-0.045344413034552944,0.5651944697678295,Its context is about ...,-0.05201245393849818,32,-0.05501274279568469,70,-0.05040235517996772,82,-0.047767542289810394
140,41,351,142,eval,3,7,29,0.8451522502372644,-0.048527728157760186,0.7278123330559797,"' is given a summary of the passage 'Context'."" implies an expected continuation or question about the passage's content, likely a summary or analysis task about the facts listed.",-0.06340350518362592,68,-0.052485826862959106,10,-0.05027622372366258,18,-0.05892093458224268
141,41,351,142,eval,4,7,3,0.8451522502372644,-0.06044461483134789,0.48488883160018437,"Final token ""fact",-0.04610577038026942,77,-0.04603963710651182,19,-0.04517347023222806,85,-0.054857823955200447
142,41,351,142,eval,5,7,13,0.8451522502372644,-0.0562928942495734,0.6655197077841073,""" closes a phrase (""The text : It was a narrative about ...",-0.049112619549285474,22,-0.04156494233843033,4,-0.045164486772727885,6,-0.05325276586220273
143,41,351,142,eval,6,7,29,0.8451522502372644,-0.066967282266298,0.7556160579577839,"And the passage : ...""), strongly expecting ""What is the intent?"" or ""The passage contains the following attributes:"" or ""This passage describes"" or similar concluding prompt or summary clause.",-0.05784205186857749,24,-0.06340350518362592,68,-0.07601158879329062,55,-0.06933889400118864
144,42,377,372,eval,0,3,21,0.9022261455224687,-0.023939103434427733,0.5283087064210858,"British video game wiki format with structured article detailing a NES platform game's mechanics and stages, listing features and gameplay elements.",-0.003627552617408325,41,-0.13388557178445804,68,-0.004437604679181084,24,-0.0026281081801478035
145,42,377,372,eval,1,3,49,0.9022261455224687,-0.01106845913468213,0.6385316501388756,"The sentence ""Once the player enters the stage select screen the player will begin to scroll through the levels of the stage to create the map of the game"" describes a loading sequence detail, suggesting continuation of describing the level loading mechanics or screen display of the entire dungeon.",-0.013337425695777338,8,-0.03652955229259436,27,-0.02399055092422031,6,-0.0009043639660759606
146,42,377,372,eval,2,3,41,0.9022261455224687,-0.22444483308301777,0.8551808358768094,"Final token ""game"" ends mid-phrase (""the view of the game""), part of a clause listing what the accumulated points create (""the accumulated stages will form the view of the game""), expecting ""world"" or ""world map"" or ""play area"" or ""overall progression.""",-0.014614259389686857,10,-0.009911418939889005,29,-0.01698208714864191,8,-0.26202378563972684
147,43,512,266,eval,0,3,21,0.8973881994501998,-0.010525922855795788,0.47771068937504835,"Wiki article format with comic book character biography listing appearances and sales figures for the superhero ""Darkwolf,"" detailing his media history.",-0.005788611160389756,25,-0.01696285596568481,55,-0.009318289022967274,82,-0.0020014492732595146
148,43,512,266,eval,1,3,48,0.8973881994501998,-0.006390851532739883,0.8153727568116244,"The sentence ending ""His comic book appearances also influenced the character's video game and comic book series as well as the Darkwolf comic book series and the Darkwolf comic book"" suggests a concluding clause listing another media property or publication series, likely a comic book series or series.",-0.04417676594211295,1,-0.08654976637665335,60,-0.013235965473074485,31,-0.022286353700996298
149,43,512,266,eval,2,3,41,0.8973881994501998,-0.06883061790757994,0.8418405222984408,"Final token ""book"" ends an incomplete noun phrase (""the comic book comic book""), part of a list of media appearances (""his participation in the comic strip and the graphic novel comic book""), expecting ""series"" or ""series' storyline"" or ""comic book series.""",-0.05689048111663575,67,-0.019854871083543446,41,-0.032246933213482265,47,-0.10749098026413695
150,44,554,393,eval,0,3,19,0.8839904725358461,-0.007785933822400892,0.44568104793462104,"Narrative momentum: a comic book description listing character traits and dialogue, with a specific scene detailing a gangster's actions.",-0.00886251764439161,86,-0.011456088036864487,44,-0.016793554589224602,91,-0.0016766388385484055
151,44,554,393,eval,1,3,46,0.8839904725358461,-0.026895877518552158,0.7893229957342255,"The sentence structure ""The Mayor of New York is seen causing trouble by throwing a party and nearly getting killed by a falling object from the top of"" mirrors a specific action sequence, listing concrete locations like ""the Empire State Building,"" implying a familiar physical location.",-0.051099031363990965,46,-0.07605498532713006,51,-0.04264377884994619,14,-0.011552837099843893
152,44,554,393,eval,2,3,48,0.8839904725358461,-0.07551240163122386,0.8342105978422734,"Final token ""top of"" is mid-phrase in an incomplete clause (""when he climbs up the top of""), part of a list of actions (""He throws himself off the top of""), expecting a specific building or structure like ""the Empire State Building"" or ""his office building"" or ""a skyscraper.""",-0.07701256554986569,54,-0.03901361822269822,15,-0.022737445664031575,17,-0.08097924785116029
153,45,202,178,eval,0,3,19,0.8848661629056508,-0.0042439296347951405,0.468525468996599,"Historical/encyclopedic article format with a blog-style presentation of a science fiction author's talk, listing conference presentations and book exhibits.",-0.010219282057445267,11,-0.011776760978127299,30,-0.03735858684573179,50,-0.0026988111218148036
154,45,202,178,eval,1,3,32,0.8848661629056508,-0.03743646339352691,0.7464394310046777,"The sentence structure ""The 'Open Source' panel appeared at TED 2008"" establishes a date reference (""The conference was held at IFLA 20""), implying a second event date follows about the book's attendance.",-0.04002883881156871,7,-0.03127553793615945,24,-0.1305167359961662,34,-0.023400707350177963
155,45,202,178,eval,2,3,33,0.8848661629056508,-0.08800142706365865,0.8324607892521015,"Final token ""20"" is mid-number in ""IFLA 20"", part of a date expression (""Symposium 20""), strongly expecting ""08"" or ""09"" to complete the year, then ""9"" or ""10, a conference on the findings.""",-0.03818186531000223,19,-0.03269956609594249,21,-0.06347856986713718,43,-0.02652303945321477
156,46,493,146,eval,0,4,24,0.9126302376390062,-0.012868781447039956,0.5202110357869582,"Historical/biographical article format with academic tone describing a Hawaiian pioneer woman's family history, listing details about a female politician's life and a mysterious murder.",-0.014001753672486905,18,-0.1699025878654855,61,-0.0020600344803219928,36,-0.0038307669652202225
157,46,493,146,eval,1,4,11,0.9126302376390062,-0.009336259116200729,0.4700523929418589,"The phrase ""Her father was a Hawaiian missionary named James A.",-0.013900806982415803,27,-0.08707379399160597,62,-0.020971073606156798,83,0.0012672511976825618
158,46,493,146,eval,2,4,25,0.9126302376390062,-0.003876313194047798,0.5984309583263566,"Wilcox, a American pioneer"" suggests an incomplete noun phrase describing his identity or social status, likely continuing with a specific occupation or immigrant background detail.",-0.08785735349821511,49,-0.009424414643955048,5,-0.04890729637956903,68,-0.005649071437487496
159,46,493,146,eval,3,4,37,0.9126302376390062,-0.21471963410021422,0.8899762853201129,"Final token ""pioneer"" ends mid-phrase (""a American pioneer""), part of a parenthetical attribution clause (""her husband was a Scottish immigrant pioneer""), strongly expecting continuation like ""farmer"" or ""and businessman"" or ""of Honolulu"" or ""who converted to Mormonism.""",-0.01089712026115408,24,-0.21932528666853246,52,-0.013092036281668884,22,-0.2316771698566622
160,47,436,370,eval,0,3,22,0.8929812449451633,-0.0020772765407394145,0.4898410426345077,"Wikipedia article format with numbered list entries detailing a WWE wrestler's career history, including character analysis and statistical data about John Cena.",-0.010329879576798318,30,-0.001784038707510982,13,-0.0012675418426152385,46,-0.0008331758310018422
161,47,436,370,eval,1,3,40,0.8929812449451633,-0.0126020703450902,0.8472559296427379,"The sentence ending ""After leaving Raw he returned to SmackDown and briefly appeared on Sm"" is mid-sentence describing his WWE television appearances and career status, likely continuing with a specific event or show outcome involving WWE Raw or his contract.",-0.013520220611936473,24,-0.010508107542376743,48,-0.01347021569372664,11,-0.007622257455089265
162,47,436,370,eval,2,3,44,0.8929812449451633,-0.026531621709814157,0.8677825199346906,"Final token ""Sm"" is a truncated word mid-sentence (""left Sm""), part of a list of TV appearances (""During his time on Raw he also appeared on SmackDown and later on Sm...""), strongly expecting ""ackdown"" or ""ackdown and his career, where he faced financial difficulties.""",-0.027610929686991748,61,-0.011945698962514628,25,-0.027610929686991748,61,-0.04039724778386389
163,48,32,40,eval,0,4,22,0.8996911309373561,-0.0032661562110521958,0.507857341328186,"Structured Wikipedia article format with a definition and image description pattern, establishing a formal Indian landmark entry about the Gateway of India.",-0.01577917933892059,50,-0.0058603122912161965,20,-0.0028931494881259123,1,0.0034894288596333256
164,48,32,40,eval,1,4,15,0.8996911309373561,0.0006142323748552503,0.5952151154522021,"The phrase ""Haji Ali Mosque is an Indian Muslim pilgrimage site located in Mumbai, India.",-0.018356598554574277,61,-0.0021204357935817875,44,-0.007574489635132409,53,0.0065030206043601435
165,48,32,40,eval,2,4,25,0.8996911309373561,-0.003525797762285121,0.7761689427859069,"The structure is a historic island mosque known as Elephanta Caves in"" strongly implies a location name or geographic context follows, likely Mumbai's Thane district.",-0.03851233190127179,54,-0.03851233190127179,54,-0.0008287512901963279,33,0.0016705432199698445
166,48,32,40,eval,3,4,39,0.8996911309373561,-0.08632635892129714,0.9040139118417101,"Final token ""in"" ends an incomplete prepositional phrase (""a historic island called Elephanta Caves in""), part of a definition clause describing the location's attributes, expecting ""Mumbai, India"" or ""the Thane district of India"" or ""the Indian state of Mumbai.""",0.00304035558455773,3,-0.1394992707465058,59,-0.02666896619208803,12,-0.029318997491612042
167,49,606,203,eval,0,3,25,0.8391334933586021,0.04599536808317983,0.3386415783612843,"Wiki article format with structured metadata fields followed by a film description, establishing a standard pattern of TV show details about a fictional detective series.",-0.006355078778654488,36,-0.04727145245901265,57,-0.023593173054085592,48,0.0058450780876928565
168,49,606,203,eval,1,3,38,0.8391334933586021,-0.03984056088671939,0.7653071337614268,"The phrase ""The novel 'The X Files' is a fictional American television series about FBI agents Fox Mulder and Dana Scully who"" is a classic definition clause, strongly implying the famous crime-solving duo's plot context about paranormal investigations.",-0.07575608881530549,30,-0.07203683627329172,55,-0.06479938243336536,36,-0.006829564010999878
169,49,606,203,eval,2,3,44,0.8391334933586021,-0.10789488799994773,0.8524960928750545,"Final token ""who"" ends an incomplete clause (""two FBI agents Fox Mulder and Dana Scully who""), part of a definition/description sentence structure, immediately expecting a verb phrase like ""investigate mysterious cases"" or ""are partners in investigating paranormal phenomena"" or ""work together to solve mysteries.""",-0.08568724336533473,58,-0.025188632322334925,11,0.017199307002258246,4,-0.02202667363427324
170,50,611,214,eval,0,3,24,0.8940764736951006,-0.009549406228162471,0.4641941106974436,"Literary work format with translated quotes from a Spanish novel, listing titles in a structured catalog pattern with cultural references to death and time.",-0.060996173076381166,49,0.0017317830200984652,16,-0.004607330839329626,5,0.00442485879380472
171,50,611,214,eval,1,3,37,0.8940764736951006,-0.010789638342964647,0.6186880235447904,"The phrase ""Another novel: In the Time of the Butterflies"" mirrors a well-known literary title (""Love in Time""), suggesting a second famous novel title from the same cultural context, likely a famous work about love or hardship.",-0.16138560261197132,64,-0.08311420341918052,45,-0.12799871033237908,39,-0.049473020065456286
172,50,611,214,eval,2,3,45,0.8940764736951006,-0.23928728003446464,0.8709740376935409,"Final token ""Time"" ends mid-title (""In Love in Time""), part of a quoted list of literary titles (""Love in the Time of...""), strongly expecting ""of Illness"" or ""of Love"" to complete the famous novel title ""Love in the Time of Cholera,"" continuing the comma-separated list.",-0.24390551174599062,60,-0.1548825650868404,55,-0.006804458801722313,11,-0.26346285283306814
173,51,571,172,eval,0,4,20,0.8991241584243834,-0.004571262755428185,0.47688778454151587,"Wiki article format with structured metadata block about a tropical cyclone, following a template with name, dates, and storm details.",-0.017314479248877412,14,-0.022310001691980053,43,-0.0021089872026031076,22,-0.001173381538143059
174,51,571,172,eval,1,4,28,0.8991241584243834,-0.0008736530524000585,0.8293753555485078,"The phrase ""Meteorological"" signals the next section header, likely listing meteorological details or historical data fields, completing a standard Wikipedia template pattern about the storm's characteristics and track.",-0.019979305099774303,42,-0.0008148726429255682,32,-0.0033828349689014603,11,-0.004101924589174688
175,51,571,172,eval,2,4,34,0.8991241584243834,-0.03132807641064861,0.8551257893392857,"Final token ""Meteorological"" is mid-section header (""Meteorological""), part of a numbered list (""Meteorological""), immediately expecting a noun like ""history"" or ""parameters"" or ""track"" or ""statistics"" or ""development"" describing the storm's meteorological attributes and data.",-0.015755683106176033,30,-0.027858211584571135,40,-0.0015185995504106709,26,-0.01915534529589724
176,51,571,172,eval,3,4,7,0.8991241584243834,-0.005699963078379944,0.3524453788571668,"The structure ""Historical"" signals a subsection follows.",0.0005993499596252949,37,-0.0074969596854010945,66,-0.008006656473063867,21,-0.0036250644804497467
177,52,154,408,eval,0,3,20,0.8549496520398193,-0.006304829112953048,0.4963675402353348,"Historical military article detailing a Korean Army unit's formation and evolution, structured with numbered sections listing unit history and equipment.",-0.04049869091342051,49,-0.00877825314665881,15,-0.008971657297392688,6,-0.009290054306286377
178,52,154,408,eval,1,3,43,0.8549496520398193,-0.026651625077114938,0.7401478603015976,"The paragraph ""During its early formation the 1st Special Unit was organized as the 1st Korean Security Unit"" mirrors the pattern of describing unit history and structure, now expected to continue listing subunits or organizational details about the unit's initial formation and designation.",-0.08291505283681522,23,-0.02585353710581484,4,-0.054364606153333495,29,-0.04046456385065755
179,52,154,408,eval,2,3,38,0.8549496520398193,-0.11733323379289007,0.805129705778202,"Final token ""Unit"" ends mid-sentence (""In 1935 The 1st Unit""), part of a numbered sequence describing the unit's initial composition, strongly expecting ""was assigned"" or ""had three subordinate units"" or ""became a military organization with the following equipment.""",-0.08282313219875248,27,-0.022152619655949835,18,-0.031079213915425008,3,-0.2944125713421807
180,53,575,55,eval,0,3,20,0.9140736077258251,-0.011801508871776778,0.45866702153909156,"Wikipedia article format with structured infobox and description of a US county road, listing a specific named city in Michigan.",-0.004263475705168496,33,-0.0024732305909752617,49,-0.0059597269817391885,23,-0.0003889783260849766
181,53,575,55,eval,1,3,44,0.9140736077258251,-0.011857099707641483,0.878989466023421,"The phrase ""The city of Muskegon Township is a small industrial city located in the western part of the Lower Peninsula, part of the Grand Rapids metropolitan area of the"" mirrors a geographic description, suggesting continuation of the historical context about Michigan's western region.",-0.03356867686041898,49,-0.014937547433228948,21,-0.011321601128844616,12,-0.01570025821843135
182,53,575,55,eval,2,3,41,0.9140736077258251,-0.020125089320216838,0.8941755067489889,"Final token ""the"" is an incomplete noun phrase mid-sentence (""of the middle part of the""), part of a parenthetical clause describing geographic location (""a county seat in an industrial area of the""), expecting ""Lower Michigan"" or ""state"" or ""Midwestern United States.""",-0.018500889942909993,31,-0.033878718119137674,49,-0.03906770182341157,45,-0.05831442224432759
183,54,316,348,eval,0,3,23,0.8647387305511626,-0.022177536696429745,0.34109450278397574,"British historical article listing details about a British soldier's life, with numbered sections describing his career and death, including a mysterious ""missing"" period.",0.0028111077510146742,12,-0.003173178397176124,14,-0.02513553424766135,45,-0.014777751675771333
184,54,316,348,eval,1,3,36,0.8647387305511626,-0.016756700364658483,0.604455058265646,"The sentence ""Another biographer was John Carter"" introduces a named source or figure, likely a second account or personal detail about the soldier's life, suggesting a specific person or event related to his fame or death.",-0.014262200596964814,4,-0.18011303146553548,44,-0.06023221859507921,28,-0.03144229815260202
185,54,316,348,eval,2,3,45,0.8647387305511626,-0.2428635735980914,0.8064716131494766,"Final token ""Carter"" ends mid-phrase (""John Carter""), part of a named source attribution clause (""John Carter""), immediately expecting a verb or descriptor like ""of the film industry claimed"" or ""was a friend who"" or ""described him as a homosexual,"" continuing the list of biographical accounts.",-0.24011062759431667,44,-0.24406707138618744,43,-0.23589255936479803,47,-0.2962050097079497
186,55,395,300,eval,0,3,22,0.7994054719400961,0.006883913786113083,0.48383954461026163,"Narrative format with sports trivia article structure, listing chronological events from a fictional character's career stats with quoted dialogue and parenthetical details.",0.014490951026043253,65,-0.0051719261293773355,74,-0.008228106267738289,75,-0.005649006660494504
187,55,395,300,eval,1,3,38,0.7994054719400961,-0.04715470501637886,0.7250938099932526,"The sentence ""In Week 13 , the team 's response was mixed as the Eagles struggled , while the other team 's narrative slowed "" suggests a second quoted clause mid-sentence describing another event or sequence of actions.",-0.04294514284689932,8,-0.029668953116312236,60,-0.01759828498122573,32,-0.04874154760437688
188,55,395,300,eval,2,3,48,0.7994054719400961,-0.0825741787894233,0.7643256734949482,"Final token "" ' "" opens a quoted word mid-clause (""when the other '""), continuing the second quoted example's list of negative outcomes (""When the team 's statistics slowed , and he '""), strongly expecting ""s's data"" or ""s was"" or ""s had a break"" completing the clause.",-0.05129210310488541,20,-0.05019408560061023,9,-0.04661162516886053,48,-0.03758967602750196
189,56,214,442,eval,0,5,20,0.8189734233163892,0.0007274355454766068,0.539667323224064,"Wiki-style fan article format with numbered sections listing character facts about a fictional superhero, detailing chronological life events and backstory.",-0.01219494459198267,44,-0.047976239716896685,75,-0.008520116252974441,14,-0.022635719032404134
190,56,214,442,eval,1,5,26,0.8189734233163892,-0.01431921320704943,0.6070271625357309,"The sentence structure ""The character 'John Smith' 's early life section describes his attendance at the university and his experiences with the organization 'The Order' .",-0.08156750364438858,51,-0.037871022599736626,40,-0.035801666495029694,41,-0.05159407968300045
191,56,214,442,eval,2,5,18,0.8189734233163892,-0.003707717773297481,0.5173857673965786,""" mirrors a second numbered fact pattern, suggesting continuation of the timeline or elaboration of his childhood details.",-0.0008350161726833338,9,-0.005534023577372982,11,-0.04794603527840913,89,-0.01915414535637061
192,56,214,442,eval,3,5,20,0.8189734233163892,-0.08207757757824263,0.6209183096795179,"Final token "" ' "" opens a repeated quoted clause mid-sentence (""His 'birth year' and other facts about his childhood...",-0.004429936753404973,6,-0.0764850840534882,76,-0.0638545505396857,48,-0.04361324269060196
193,56,214,442,eval,4,5,25,0.8189734233163892,-0.08877897107440458,0.6726796282297344,"John '""), immediately expecting ""s was"" or ""s second paragraph"" or ""s had"" to complete the second fact about timeline details and the organization's history.",-0.09903435671622118,83,-0.005835983894341479,13,-0.015009876310402404,25,-0.03106351752549774
194,57,309,459,eval,0,4,23,0.8977141976973927,-0.017306509831193417,0.4941429774649192,"Wiki article structure: video game encyclopedia entry detailing a console game's design mechanics, with numbered sections describing gameplay characteristics of ""Resident Evil 4.""",-0.0171909679815182,79,-0.007746816762459807,41,-0.0006322345237141924,20,-0.0007868597576019543
195,57,309,459,eval,1,4,17,0.8977141976973927,0.0014084161794178929,0.5295039928190473,"The sentence pattern ""While combat is not the primary focus, airborne encounters are present throughout the game.",-0.0024284861121210977,70,-0.015536869529469755,85,-0.014283791534655976,9,0.00022518319759234906
196,57,309,459,eval,2,4,22,0.8977141976973927,-0.004435332671757997,0.7284390059840644,"Although air combat encounters are"" mirrors earlier content about both types of combat and the presence of shooting opportunities, continuing the list.",-0.006289128767887342,51,-0.020505989644457157,7,-0.003201205843323063,62,-0.003533164672311351
197,57,309,459,eval,3,4,44,0.8977141976973927,-0.027634857362302645,0.867155479015275,"Final token ""are"" completes ""Although air battles are,"" directly continuing the second clause of the parallel list (""Although bullet collisions do occur, Air battles are""), strongly expecting ""possible"" or ""a component of the game, they do occur"" or ""present, but not the primary focus.""",-0.04988970798334369,0,-0.022355520436761922,37,-0.007544675195693906,21,-0.14144416687652905
198,58,107,365,eval,0,3,19,0.8961252919911622,-0.018425139089402354,0.5356454512099209,"Article format: wiki-style article detailing TV show character Scott Baio's career, listing episodes and character traits with chronological progression.",-0.05214385159451229,46,0.004056040155666518,30,-0.016813169953414753,5,0.005126540954224601
199,58,107,365,eval,1,3,36,0.8961252919911622,-0.058532997401077425,0.5823686124142075,"The paragraph structure ""Critical reception towards the character's portrayal received positive feedback"" establishes a second bullet point item (""Actor's portrayal of Carrie Bradshaw""), implying a concluding clause about the show's overall reception or Taylor's performance evaluations.",-0.1302823503628241,38,-0.2856612393973893,63,-0.0578104695176197,20,-0.005189267156391786
200,58,107,365,eval,2,3,45,0.8961252919911622,-0.30205339209656257,0.7819845446359653,"Final token ""towards"" ends an incomplete noun phrase (""Positive towards""), part of a third bullet point clause (""Critical towards""), directly requiring a noun like ""the character of Carrie Bradshaw"" or ""Taylor Swift's portrayal was"" or ""the actress's character received mixed reviews"" continuing the evaluative summary.",-0.14630022084517658,39,-0.11632867955302317,32,-0.006222163734215469,26,-0.08200571593039929
201,59,437,396,eval,0,3,22,0.8633531194606237,-0.005781322127605737,0.38859498592059005,"American military article format with numbered statistics detailing a Florida county's infrastructure, listing specific infrastructure details with structured bullet points and citations.",-0.01878504610989662,69,0.00011651800436363047,33,-0.010421824037758043,15,0.0059062971581056445
202,59,437,396,eval,1,3,39,0.8633531194606237,-0.013539226128464477,0.5285418507224621,"The sentence mid-description (""The second route begins in the city of Palm Bay, utilizing the aforementioned tributary named the Indian River..."") is explaining the second named waterway's source and named tributaries, continuing a parenthetical clause about the county map.",-0.14126738516360982,40,-0.03478788648732778,2,-0.18697417323598375,36,-0.02330555750208596
203,59,437,396,eval,2,3,36,0.8633531194606237,-0.3527026805287161,0.8292304938492305,"Final token "" aforementioned"" is mid-clause (""the aforementioned""), part of a quoted description of the river's named tributary (""using the aforementioned lake...""), expecting ""lake's lake"" or ""tributary's named lake"" or ""other named features of the county.""",-0.35568491444442807,60,-0.029310261177925567,3,-0.009663070167979959,14,-0.04263643410141893
204,60,133,298,eval,0,3,16,0.8909317153231097,-0.00020503659587634004,0.33868260779780046,"Wikipedia article format with structured image metadata listing, mixing historical military vehicle details with trivia format.",-0.017612190955668128,56,-0.017612190955668128,56,-0.017163871992112334,64,-0.006248712703389003
205,60,133,298,eval,1,3,44,0.8909317153231097,-0.05303221279890247,0.6559925108079084,"The sentence ""The 1776 Battle of Fort Washington is a historical marker for a soldier named Thomas Smith who served in the American"" is mid-description of a historical event's name, with a parenthetical example of Revolutionary War-era patriotic content about the War of Independence.",-0.0410878776853586,4,-0.20457460483440848,44,-0.04499547604165555,17,-0.08356601359120575
206,60,133,298,eval,2,3,38,0.8909317153231097,-0.20429331013910934,0.8480154316874058,"Final token ""American"" is mid-phrase (""the American""), part of a quoted historical event name (""during the American""), likely completing with ""Revolutionary War"" or ""War of Independence"" or ""Civil War"" or ""Revolutionary War era,"" continuing the historical citation context.",-0.031701735275675325,14,-0.031221985456698853,10,-0.02333002924672034,2,-0.12438555945314955
207,61,330,510,eval,0,5,15,0.8937795982447434,-0.004535241571843929,0.4608441736910516,Historical article format with numbered sections detailing political representation of African Americans in a U.S.,-0.1461368622563638,41,-0.009932578415360771,12,-0.017300170672981285,23,-0.004395001414056243
208,61,330,510,eval,1,5,7,0.8937795982447434,-0.005711864967633984,0.4727572531706906,"congressional district, using statistics and historical context.",0.007684921521404875,52,-0.056293905343337225,36,-0.056293905343337225,36,-0.0029982300999784606
209,61,330,510,eval,2,5,15,0.8937795982447434,-0.010985776433437344,0.46902284613636963,"The sentence structure ""During the 1980s, African Americans had increased representation in the city council.",-0.0483433396749835,26,-0.009296503968807879,21,-0.00852244143425751,3,-0.02200871197512755
210,61,330,510,eval,3,5,16,0.8937795982447434,-0.07744241002162788,0.8038818289433893,"By 1980, about 25% of Washington D.C.'s"" mirrors a demographic fact about the city's population demographics.",-0.0034033699548843277,9,-0.019225672820003537,21,-0.007856368629457045,18,-0.022869514187873752
211,61,330,510,eval,4,5,29,0.8937795982447434,-0.024994635634546403,0.835051090475368,"Final token ""D.C.'s"" is mid-sentence mid-statistic (""About 1960's""), completing a demographic claim about Washington D.C.'s black population count, expecting ""population was black"" or ""registered voters were black"" or similar.",-0.06294428212498937,46,-0.067313936788569,25,-0.11202201001173062,26,-0.00213405072319095
212,62,215,485,eval,0,3,19,0.925907818840253,0.0006779730761929947,0.33187851210641284,"Literary blog format with cultural criticism tone, listing film adaptations of a novel with scholarly commentary and descriptive prose.",-0.004440411001874756,5,-0.014510042583715799,21,-0.007265307304770041,41,-0.0015273410541096766
213,62,215,485,eval,1,3,39,0.925907818840253,-0.023306125019488144,0.4815608690093692,"The sentence ""In his novel, he also draws on a variety of literary influences, including Saul"" is mid-citation, naming a specific author or character detail about a 1970s gay bar scene, likely a specific literary figure or historical reference.",-0.02801870923688532,3,-0.34864061215591957,31,-0.3159146902313208,39,-0.04200280024961878
214,62,215,485,eval,2,3,36,0.925907818840253,-0.41566522119082916,0.9040653800094819,"Final token ""Saul"" is a truncated proper noun mid-list (""including Saul""), part of an example parenthetical clause (""References to: Saul""), immediately expecting a name like ""Bellow"" or ""Kurland"" or ""Wolfe's"" or ""and other Jewish literary figures.""",-0.016877339540587566,22,-0.4091429223061862,56,-0.43028619622154873,53,-0.10535988396110263
215,63,311,325,eval,0,3,19,0.9020529767698311,-0.02059947605446466,0.5016634527764984,UK marketing/branding report format with statistical data and promotional tone detailing Coca-Cola's sales performance during a music chart period.,-0.012473543974776513,17,-0.00964148558638489,3,-0.018309657019883185,11,-0.003544294924174074
216,63,311,325,eval,1,3,46,0.9020529767698311,-0.00636812823543309,0.7109392673456384,"The sentence ending ""In addition the brand also achieved record market share gains and sales growth during the period and the company reached record highs for brand awareness and market share"" lists multiple achievements, suggesting a concluding clause about business performance metrics or record-breaking sales figures.",-0.01841921813432168,16,-0.04045634262750786,5,-0.010225612667623452,34,-0.024525332048479065
217,63,311,325,eval,2,3,47,0.9020529767698311,-0.2504260125780243,0.8424493273444428,"Final token ""and"" is a conjunction mid-list (""also recorded record profits for the company in sales figures and sales growth and achieved record sales figures and""), expecting a noun phrase like ""its market position was cemented"" or ""reached a record market share"" or ""had a significant revenue.""",-0.012422529068767951,29,-0.010582822323114693,33,-0.026456359359869563,13,-0.07454989412969626
218,64,431,461,eval,0,3,23,0.9069603518111161,-0.005937278594991047,0.5006512078725195,"British historical biography article detailing parliamentary politics of Charles I, systematically describing parliamentary opposition and constitutional crisis with numbered sections and chronological narrative.",-0.003447403928045989,32,-0.029620787129142845,43,-0.0025858926263584436,14,-0.0029825093389141966
219,64,431,461,eval,1,3,37,0.9069603518111161,-0.010352167877892171,0.6922785304137697,"The paragraph structure ""The failure of the Christmas Parliament meant that the Commons were still determined to meet again"" introduces a second meeting event sequence, with a second Parliament meeting described mid-sentence about January 1640's crisis context.",-0.10708868899622281,66,-0.12125035001983975,44,-0.09501665835112183,63,-0.03362894946716588
220,64,431,461,eval,2,3,47,0.9069603518111161,-0.19446730030329884,0.8823517301958771,"Final token ""met"" ends an incomplete clause (""A Parliament meeting met""), part of a chronological list of parliamentary gatherings (""When a conference failed, a Parliament meeting""), expecting continuation like ""in Westminster on 22 November"" or ""again in January to discuss the crisis"" or ""at Oxford to draft.""",-0.13608815489095405,28,-0.1628998285127562,38,-0.18463640244044455,59,-0.374468847149826
221,65,505,463,eval,0,3,20,0.8709104170652038,-0.005393474481771077,0.4377085663645171,"Wiki article format with song lyrics and historical context detailing Destiny's Child's music career, listing album details and chart performances.",0.0060257343651293205,24,-0.09786818538440134,64,-0.006243119471806224,11,0.009144793162428444
222,65,505,463,eval,1,3,43,0.8709104170652038,0.005254234233089794,0.4578456343965538,"The sentence structure ""After the group's tours, Destiny's Child's solo albums were also released and the group performed the songs from The Destiny's Child album"" mirrors a concluding clause about the group's career, suggesting a final reference to their fan club or reunion.",-0.0015889004018426744,16,-0.0211560080964992,2,-0.06602687488059311,30,-0.0027554806302283463
223,65,505,463,eval,2,3,36,0.8709104170652038,-0.3387597930167532,0.8584886356071657,"Final token ""Destiny"" is mid-phrase (""of Destiny""), part of a third clause (""both sides of Destiny's Child's career...and a concert for Destiny""), strongly expecting ""Child's Fan Club"" or ""Child's Own Dreams"" or ""s Child's collective retirement.""",-0.0108729730689745,2,-0.017929640073206077,8,-0.25848939373175417,54,-0.2552500251177615
224,66,487,457,eval,0,4,19,0.8872040192986572,-0.0021398031702615228,0.45311708033632486,"Wiki article format with scholarly/encyclopedic tone describing Japanese folk costume imagery, listing historical influences and cultural elements with citations.",0.0007336703526393817,24,-0.0004843185396909977,28,-0.00854525429123043,4,-0.0014586531434446215
225,66,487,457,eval,1,4,40,0.8872040192986572,0.004318887447076536,0.8059597067094567,"The sentence structure ""While the Chinese origin of the deity is noted as combining both elements, scholars say the concept developed in Japan by the 18th century, but"" introduces a contrasting claim about historical attribution, with a parenthetical clause mid-sentence.",-0.08325485886738604,29,-0.06946288417103119,37,-0.08325485886738604,29,-0.030246334365973793
226,66,487,457,eval,2,4,22,0.8872040192986572,-0.012204960071594884,0.8006404629945031,"Final token ""but"" ends an incomplete clause (""although he states that the idea came from China to Japan, and some scholars claim...",-0.01028755493318323,3,0.0011958171341243107,33,-0.00778417469292203,5,-0.02379775246603244
227,66,487,457,eval,3,4,23,0.8872040192986572,-0.01794672013978027,0.6854951479857979,"but""), expecting continuation like ""the specific details were not adopted"" or ""the other aspects were added later"" or ""his account differs from original.""",-0.011753349758988896,77,0.00265576850543936,36,-0.018060928187374703,55,-0.009570772013369977
228,67,24,392,eval,0,5,20,0.8152549859747157,-0.003332247920998954,0.6925897519945167,"Wiki article format with structured taxonomic entries describing a biological species, listing scientific names and historical classifications with chronological progression.",-0.0001806357579842155,71,-0.014066111796943725,37,-0.01918604030392601,43,-0.010525654601023948
229,67,24,392,eval,1,5,23,0.8152549859747157,-0.0203599498235032,0.6759367068328841,"The sentence structure ""Its taxonomic classification includes multiple names and definitions, with the species being named after the genus 'Lithobates' and related terms.",-0.017666790165690394,27,-0.019245437617319006,22,-0.02219347413798467,39,-0.010167582452103363
230,67,24,392,eval,2,5,16,0.8152549859747157,-0.010520932471695832,0.7239735952399947,"Its taxonomic history dates back..."" implies a second clause continuing the taxonomic history or synonym list.",-0.010674301746261605,36,-0.02292737342577844,8,-0.011462189534966694,47,-0.003977907752033882
231,67,24,392,eval,3,5,15,0.8152549859747157,-0.0018307341003289679,0.6973973220373424,"Final token ""1"" is mid-number in ""it does not publish multiple taxonomic names or classifications...",-0.00850319247776743,36,0.003880742324057662,86,-0.02275834577159075,10,-0.0019155299627581224
232,67,24,392,eval,4,5,27,0.8152549859747157,0.011784082738828694,0.7340578224775381,"This taxon's taxonomic history begins with the following classification..."" — expects ""s"" or "" The following is..."" or ""s the name has been reclassified"" completing the enumeration.",-0.026446621043782925,19,0.008399550016523927,72,0.009422877006642572,69,-0.01845220217891619
233,68,248,40,eval,0,3,20,0.8677497710112528,-0.011773575426905492,0.386620275896005,"Historical sports reference format with a college football tradition, establishing a factual description of Texas A&M's fight song and cheer.",-0.004417365739509571,17,-0.059259656834569574,44,-0.008135321145245733,27,0.0027089921341127976
234,68,248,40,eval,1,3,35,0.8677497710112528,-0.006706861050274848,0.6396235453053081,"The phrase ""The Aggie Marching Band's roar was heard as 'Hail Aggi"" suggests a proper noun or nickname (""The Aggie Spirit""), likely referencing the university's mascot or a specific event name with a historical figure.",-0.14264949809560534,59,-0.14264949809560534,59,-0.138859482404184,60,0.00025663108941076374
235,68,248,40,eval,2,3,40,0.8677497710112528,-0.2182852127632784,0.8248740348958852,"Final token ""Aggi"" is a truncated word mid-phrase (""the Aggi""), part of a quoted nickname (""The Spirit of Aggi""), strongly expecting ""wick"" or ""wickville"" to complete the compound noun, likely continuing with ""Eagle"" or ""Eagle Pride,"" referencing the alma mater.",-0.04225145789947393,21,-0.01451400143716608,9,-0.01987450026084403,8,-0.09970053514606514
236,69,595,331,eval,0,4,17,0.8693632494104001,0.004050076211471021,0.5466318812055309,"Wikipedia-style linguistic article listing language variants with structured comparative data, detailing phonetic characteristics of Greek language forms.",-0.018747399603739057,66,-0.014258664277270183,59,-0.008194481770399387,22,-0.004663424493034585
237,69,595,331,eval,1,4,50,0.8693632494104001,-0.025983068643609997,0.710659803474875,"The sentence ending ""The Greek language itself uses the following three scripts : the standard Modern Greek alphabet , the Macedonian dialect with its own unique characters , and the Albanian language which has no written form"" presents a final enumeration of other languages' written forms and their character counts.",-0.09617875724708225,60,-0.0363651735366578,31,-0.09342839177197249,58,-0.033856642553002136
238,69,595,331,eval,2,4,4,0.8693632494104001,-0.007275916343281841,0.4045038957753077,"Final token "" .",0.002299793743906098,64,-0.005409978570823593,101,0.0001958828107856414,12,-0.0057047847133450125
239,69,595,331,eval,3,4,41,0.8693632494104001,-0.022293206658156595,0.758364729169689,""" closes a third item in a parallel list (""While the latter includes the Turkish language with full written form and the Greek language with reduced characters...""), strongly expecting ""The remaining language's written form is..."" or ""The Slavic dialects' variant counts.""",-0.030101796829980376,59,-0.03299525768268197,41,-0.03501864987787506,36,-0.051117501293150513
240,70,329,268,eval,0,3,25,0.9241751918755847,-0.011282276529015034,0.6341950790982686,"Academic article format with scholarly tone discussing a book about evangelical Protestant church, analyzing a specific article's methodology about a closed religious institution's student population.",-0.027177013736104594,23,-0.004245078058775054,4,-0.00784551059720684,17,-0.017592543529920124
241,70,329,268,eval,1,3,33,0.9241751918755847,-0.028972510333185153,0.6773697338809305,"The paragraph structure ""This paper examines a documentary about a specific evangelical Protestant boarding school in the 1930s"" mirrors the introduction, now directly describing the study subject's characteristics about a ""closed Amish school.""",-0.08138301701378747,53,-0.07726005345570675,51,-0.06528136559941289,35,-0.03336636911404556
242,70,329,268,eval,2,3,44,0.9241751918755847,-0.23422582342593934,0.8787591258804899,"Final token ""an"" is an indefinite article mid-phrase (""of an""), directly continuing the subject description clause ""The account of a specific instance of a Protestant school,"" strongly expecting ""Amish religious institution"" or ""American evangelical school in Ohio"" or ""anonymous Christian boarding school's closed community.""",-0.06224489985451542,28,-0.0342828565865434,12,-0.0643407513000388,34,-0.21244832905910682
243,71,513,394,eval,0,6,20,0.8892084802435517,-0.0016016898440728289,0.6009700800016298,"Wikipedia article format with taxonomic botanical description detailing a species' phylogenetic placement, listing subgenera and species relationships with parenthetical notes.",-0.020717422920400574,18,-0.019742644012135657,10,-0.025824789546944338,48,-0.001385180664402852
244,71,513,394,eval,1,6,6,0.8892084802435517,-0.00705030825140307,0.47321288687566465,"The sentence structure ""The subgenus A.",-0.0026057118920255196,29,-0.004386070211964244,77,-0.007986397830309966,26,-0.0025100651656706496
245,71,513,394,eval,2,6,26,0.8892084802435517,-0.0168347452942339,0.8239675454878325,"subsecunda was originally placed within the genus but excluded from the main cluster, alongside other species including"" continues a specific enumeration of additional species sharing characteristics.",-0.02123924144825784,66,-0.01738898611218942,58,-0.02925118973055485,34,-0.04172523778855819
246,71,513,394,eval,3,6,11,0.8892084802435517,-0.010327895293866685,0.544328772267478,"Final token ""with"" ends an incomplete clause (""it also includes A.",-0.007116733876589509,73,-0.012013064350522185,53,-0.01626706199104222,18,-0.006398425091822535
247,71,513,394,eval,4,6,30,0.8892084802435517,-0.03903991622277836,0.7829592947559033,"subsecunda along with""), part of a parenthetical listing of additional species relationships for the newly defined subgenus, expecting a specific species name or additional members like ""other species of A.",-0.017967918180831988,57,-0.019502082273007093,17,-0.1843937188439968,38,-0.07786736657026228
248,71,513,394,eval,5,6,3,0.8892084802435517,-0.001457820268066401,0.3215020175106126,"subsecunda"" or similar.",-0.017981481339917282,63,0.0017307449638304107,14,0.0008597892638189109,81,-0.0025693370683790295
249,72,238,219,eval,0,3,20,0.9243353654254957,-0.003294897714229972,0.5049522641870403,"British cricket newspaper article format with historical context and statistics, listing England's Test team changes for the 2005 Ashes series.",-0.023798508576980626,24,-0.02831966190653379,55,-0.020618490008415535,23,-0.0009814834370374115
250,72,238,219,eval,1,3,37,0.9243353654254957,-0.03376269938084053,0.8723685864547969,"The sentence structure ""While his batting form was questioned England's new spin bowler Scott Borthwick introduced young spin spinner"" introduces a specific player's unusual choice, naming a spin bowler and a specific player's skill (a spinning spinner).",-0.12312570054165617,35,-0.03613336990584415,40,-0.046117370229827426,57,-0.013056609581607481
251,72,238,219,eval,2,3,39,0.9243353654254957,-0.04221297004070257,0.8922066811353058,"Final token ""spinner"" ends mid-phrase (""Young left handed spin spinner""), part of a list of player attributes (""He replaced former England's left handed spinner""), strongly expecting ""James Tredwell"" or ""David Wiese"" or ""Tim Bresnan as his spin bowling partner.""",-0.03906790393091586,41,-0.03666193170177001,17,-0.06085715442942985,56,-0.10271286976082583
252,73,104,251,eval,0,6,20,0.8158129468330602,-0.04084620666568939,0.5833206256861923,"Structured wiki format with numbered definitions and claims about ""Artificial Intelligence,"" presenting factual claims about the concept's history and characteristics.",-0.08397255085541622,61,-0.043226738846627644,3,-0.05504064680166121,86,-0.062463899967578396
253,73,104,251,eval,1,6,16,0.8158129468330602,-0.04693450479693728,0.6367413582211413,"The sentence ""The passage states that AI is a positive trait for humanity and its growth...",-0.03660887790944489,25,-0.07607526066323411,69,-0.04022743223677694,29,-0.0706175129011759
254,73,104,251,eval,2,6,32,0.8158129468330602,-0.07622236899743318,0.7659436010685886,"The passage also mentions some historical context about the term 'AI' and its usage patterns."" suggests a concluding clause or list continuation expected, likely another claim or summary about the passage's content.",-0.079636755840505,42,-0.04724655123590615,22,-0.08857393358036281,65,-0.0746820102219179
255,73,104,251,eval,3,6,3,0.8158129468330602,-0.06051697043058357,0.45101398118245767,"Final token """,-0.0593494312861893,59,-0.05738498012061788,4,-0.05892428729113641,70,-0.05784958008749497
256,73,104,251,eval,4,6,9,0.8158129468330602,-0.07270998419227859,0.6024552956521285,""" closes a numbered claim mid-sentence (""The passage states...",-0.06429535744859338,48,-0.0401321888026378,32,-0.0587902988623612,46,-0.0564606477556161
257,73,104,251,eval,5,6,31,0.8158129468330602,-0.07326775817987707,0.6780214464119229,"And the second paragraph discusses the history and goals of AI...""), strongly expecting ""The third claim is:"" or ""This passage has been used to argue..."" or similar continuation about the data.",-0.028480852335930784,8,-0.08478598858964936,2,-0.07256050119183355,35,-0.0833474091380354
258,74,115,113,eval,0,3,21,0.9384561350386859,-0.01356483512091522,0.5305039054514754,"British music article format with Wikipedia-style entry structure detailing an album by Scottish rock band Feeder, listing discography and chart performance.",-0.024429105804846807,58,0.00036313439876523024,26,-0.006428500167259932,19,-1.2742974502155668e-05
259,74,115,113,eval,1,3,37,0.9384561350386859,-0.011767305430505637,0.8669576545638342,"The sentence ""The album was released in 2001 and received mixed reviews upon its release, which was met with"" implies a concluding clause about critical reception or accolades, following the pattern ""The album received generally positive reception.""",-0.02272948892191451,44,-0.04711889479508302,0,-0.024836904112087832,39,-0.011669041507913813
260,74,115,113,eval,2,3,44,0.9384561350386859,-0.06189459563135591,0.8954228761052097,"Final token ""with"" ends an incomplete phrase (""met with""), part of a reception clause listing accolades (""The album received mixed reviews that met with""), strongly expecting a noun like ""positive critical acclaim"" or ""wide critical praise"" or ""a generally favorable reception and commercial success.""",-0.027247016835052373,36,-0.036424063535388296,26,-0.035736987594699676,1,-0.024805386144765573
261,75,129,40,eval,0,3,18,0.7981617598261463,-0.00408277821956049,0.30833343089338966,"Trilingual (English/Creole) language format with a search result or dictionary entry structure, presenting a Haitian phrase about earthquake.",-0.04982755094608038,51,0.007232913054572743,19,-0.01655553477350613,63,0.001062376725938119
262,75,129,40,eval,1,3,31,0.7981617598261463,-0.002132831006266378,0.7173416858431884,"The phrase ""Lòt la: Temblble"" mirrors a Haitian Creole word (""Tremble""), suggesting a compound noun or historical term describing Haiti's earthquake or seismic event, likely a proper noun or similar phrase.",-0.05240012929423843,40,-0.05944301030626853,48,-0.057872874061606905,24,0.00425801971187012
263,75,129,40,eval,2,3,32,0.7981617598261463,-0.05790489468907489,0.7832582717356897,"Final token ""Tremble"" is mid-word (""Plamble""), part of a quoted Haitian Creole phrase (""Mòbl ble""), immediately expecting ""mè"" or ""mèt"" (earthquake) or ""yò"" completing the compound noun describing the earthquake or shaking.",-0.05666253334259608,28,-0.013978221170636962,17,-0.06261819162836613,40,-0.010087262253298257
264,76,622,484,eval,0,3,25,0.8165510187590126,-0.011772043901629226,0.16817526556108894,"Wikipedia article format with structured encyclopedia entry on stellar evolution, following a consistent pattern of defining and explaining the main characteristics of a white dwarf.",-0.020879310769250647,76,-0.021163536653961867,74,-0.02081002253333397,73,-0.004572940201268527
265,76,622,484,eval,1,3,38,0.8165510187590126,-0.017786118830563136,0.7218698237745736,"The sentence ""The gravitational force of a white dwarf is balanced by electron degeneracy pressure, preventing it from"" is a standard physics definition clause completing the stellar structure description, directly invoking the gravitational collapse mechanism of a star.",-0.008592744406778818,23,-0.0278294686770445,30,-0.0070997089983521056,3,-0.01574111467908068
266,76,622,484,eval,2,3,40,0.8165510187590126,-0.09275270008075476,0.7798162995098278,"Final token ""from"" ends an incomplete phrase (""preventing it from""), part of the standard astronomical definition clause (""The star's gravity prevents it from collapsing""), immediately requiring a noun like ""collapsing"" or ""completely collapsing"" or ""disintegrating,"" continuing the gravitational mechanics description.",-0.06298976083318908,48,-0.07158636805224083,45,-0.3057950671490577,40,-0.18213930622472974
267,77,169,189,eval,0,3,19,0.8530178711007769,-0.02359347959529179,0.46530246116322804,"Wiki-style scientific article format with technical definitions and properties of silver, listing chemical characteristics and behavior of the element.",-0.01356458099030089,57,-0.005487784993197908,5,0.005970920726244833,36,-0.00694496902373809
268,77,169,189,eval,1,3,47,0.8530178711007769,-0.00330477485144387,0.5818334666950825,"The sentence ""The metal is often found in high concentrations in most uranium ores"" appears to introduce a clause about silver's natural occurrence or mining context, likely continuing with a claim about its rarity or difficulty of extraction from ore samples, possibly referencing the original definition's context.",-0.10240270253044692,54,-0.2374994534514384,61,-0.017155878857192053,43,-0.016205415631331266
269,77,169,189,eval,2,3,46,0.8530178711007769,-0.2468636625409505,0.833841806193069,"Final token ""ores"" ends mid-clause (""in most copper ore ores""), part of an incomplete noun phrase listing sources (""Almost all found in most copper ore ores""), expecting continuation like ""and"" or ""so it is commonly associated"" or ""and other minerals,"" or ""and thus is often impure.""",-0.0075100551041356045,18,-0.009918502393515438,26,-0.09461035750118507,30,-0.2611963348512497
270,78,87,315,eval,0,3,22,0.7967841481608959,-0.013858966704604958,0.5864736327922372,"Wiki-style format with numbered bullet points listing plot elements from a TV show, establishing a structured metadata template with ""Summary"" section header.",-0.009969419736956309,16,-0.03602680419288862,83,-0.007522346639359134,5,-0.006944205795673786
271,78,87,315,eval,1,3,37,0.7967841481608959,-0.020638817699001333,0.6955144846443844,"The phrase "" == Plot : = The story begins"" signals a second section header (""=Definition of the concept= ""), strongly implying the next tokens continue with the defined plot summary or numbered list of story elements.",-0.03046623106725499,26,-0.06823049658227331,65,-0.054582572496417514,53,-0.017907828803529258
272,78,87,315,eval,2,3,49,0.7967841481608959,-0.07420508795142888,0.7499748755191262,"Final token "" = "" closes a header label (""= Plot =""), part of a section structure pattern (""== Summary =""), immediately expecting continuation like ""s"" or "" The following"" or "" ""The character's goal is..."" or "" ""The following is the defined structure:"" completing the defined section header.",-0.038513047570839065,45,-0.04246540341854865,30,-0.016268231432305935,19,-0.058787107514631454
273,79,60,24,eval,0,3,18,0.8839908756785633,-0.007402266819010794,0.5592995467377831,"Biographical filmography format with descriptive prose establishing a celebrity's career details, suggesting a Wikipedia-style entry about David Cronenberg.",-0.014239111245936131,65,-0.009573015172546162,51,-0.013806649440661345,10,0.0008696416639770721
274,79,60,24,eval,1,3,33,0.8839908756785633,-0.015616846909484172,0.8515350338324549,"The phrase ""Canadian filmmaker known as Darren Aronofsky, also known as"" mirrors a name abbreviation pattern, implying a nickname or dual identity is being introduced, directly referencing the film industry's shortened name ""Arnon.""",-0.01403299435152705,13,-0.0277849523525745,26,-0.01385106928040869,6,-0.005865834068177533
275,79,60,24,eval,2,3,40,0.8839908756785633,-0.015669200774094505,0.8615013197167163,"Final token ""as"" ends an incomplete noun phrase (""also known as""), part of a name attribution clause (""known as Darren Aronofsky, also known as""), strongly expecting ""DA"" or ""Arno"" or ""Aronofsky"" or ""DAF"" to complete the nickname or abbreviated identity.",-0.021229154891846513,19,-0.022773279261573576,4,-0.008001385378933357,46,-0.03402249972851412
276,80,528,430,eval,0,3,24,0.9421320718734909,-0.015282160027058622,0.3876815337131326,"Historical article format with structured biographical context about French Revolution, presenting a scholarly account with numbered points about Napoleon's political actions and military history.",-0.008174361291440668,41,-0.01764149699291795,8,0.00278523321436841,33,-0.0065473322088865915
277,80,528,430,eval,1,3,39,0.9421320718734909,-0.008228016490864354,0.7813580207620013,"The sentence ""The Pope also sent troops from Rome to support the Carbonari in the village of Av"" appears to be listing a specific location or event, likely a place name or military campaign detail about the rebellion's advance.",-0.023200636436686795,49,-0.003508387518522005,16,-0.003136467349982186,25,-0.0012756744264448283
278,80,528,430,eval,2,3,41,0.9421320718734909,-0.08887745137758463,0.9136356034268841,"Final token ""Av"" is a truncated word mid-sentence (""in the village of Av""), part of a specific example list item describing a location (""During the siege of Av...""), strongly expecting completion like ""ignon"" or ""ille,"" or ""Armentières,"" or ""two neighboring areas.""",-0.02007800011493932,43,-0.2498375418405765,36,-0.0053400045682476804,32,-0.09441996197928204
279,81,149,218,eval,0,3,22,0.6792819898977669,-0.016092175188143765,0.366005624243912,"Product description format with structured metadata and image caption, showing a vehicle spec with bolded attributes like ""Star Wars"" and ""Speed"" context.",-0.0022282156896858973,8,-0.06026286720230645,52,-0.0716413946820299,46,-0.001158748409204824
280,81,149,218,eval,1,3,33,0.6792819898977669,-0.01140045228201736,0.4206056446689898,"The phrase ""The title 'BMW M3 2005' is a truncated version of the model name, with the text listing 'all except the X @Y' suggesting a parenthetical technical specification about the 'X' series.""",-0.11643518038813483,43,-0.15001955505550435,59,-0.11744025387217027,50,0.010276719996489492
281,81,149,218,eval,2,3,39,0.6792819898977669,-0.2783864991318288,0.6764841608779283,"Final token "" @ "" is mid-specification term (""XY @""), part of an incomplete quoted technical phrase (""the 'HSI and the YHIS...""), expecting continuation like "" -1"" or "" -12"" or ""s product numbers"" to complete the parenthetical clause.",-0.0034543420578534434,4,-0.18243789413180966,46,-0.17115869160935715,39,-0.109811391364241
282,82,207,224,eval,0,3,18,0.8091214132469876,-0.009944474776821921,0.5181246052707361,"Wikipedia article format with structured biological description of a plant species, listing characteristics and measurements with parenthetical details.",-0.0035664597431905865,30,-0.0029917956470646434,58,-0.002491200138077243,31,0.011677852923080434
283,82,207,224,eval,1,3,34,0.8091214132469876,-0.010635741898972983,0.7772892615588302,"The measurement value ""Height: 15 cm (6 in"" is mid-sentence with a numeric comparison (""length: 15 cm (6 in""), suggesting a second unit or closing parenthesis completing the size description of the bird's dimensions.",-0.022332774508004416,54,-0.00489012984625703,35,-0.007395072014695914,20,-0.020590871432789037
284,82,207,224,eval,2,3,44,0.8091214132469876,-0.024087674927540603,0.7810409217636315,"Final token ""in"" ends an incomplete unit expression (""6 in""), part of a parenthetical measurement specification (""length: 15 cm (6 in""), immediately expecting "" )"" or "" ) in diameter"" or "" a)"" to close the size comparison, likely continuing the bird's physical description.",-0.03303749046765392,7,-0.032505606468866466,11,-0.004151456851504642,12,-0.04824845662284416
285,83,497,130,eval,0,3,23,0.9288348398295974,-0.019686561417887494,0.6211884220514091,"Historical military biography format with military historian detailing combat service of an American soldier during Vietnam War, listing sequential tours and unit assignments.",-0.001755995953485523,5,-0.0020425777053705296,21,-0.001980789397754923,76,-0.010569276846926101
286,83,497,130,eval,1,3,39,0.9288348398295974,-0.008365046012643873,0.815218483819794,"The sentence structure ""During the first tour of Iraq, Task Force 101 served"" implies a third clause continuing the list of accomplishments or duties, likely describing another specific mission or combat role or unit performance during the Gulf War.",-0.010227594148939256,33,-3.971184348383616e-05,9,-0.04461226765210524,49,-0.01783073788692313
287,83,497,130,eval,2,3,44,0.9288348398295974,-0.060940194538742776,0.9142351940735427,"Final token ""served"" ends an incomplete clause (""During that tour, the unit served""), part of a chronological accomplishments list pattern (""The 1991 unit served...""), strongly expecting a noun phrase like ""as a forward combat unit"" or ""in the Gulf War's logistical support"" or similar.",-0.002495920739184476,11,-0.018140414255003123,38,-0.05447371475873042,47,-0.2572805728667025
288,84,69,54,eval,0,3,18,0.935528297211703,-0.009613554490944587,0.4986457220702047,"Historical military aviation reference format with a Wikipedia-style description, suggesting a military aviation unit biography or historical record.",-0.00938549784518139,2,0.0003333714331390514,30,-0.006707336145505893,49,-0.0017430485545616436
289,84,69,54,eval,1,3,50,0.935528297211703,-0.014491125392248616,0.9036403879932356,"The phrase ""The unit was one of the first Australian Army Air Corps personnel to serve in the defence of New"" implies a geographic or historical context clause about New Zealand's territory or scale, with ""New Zealand"" being a specific location name expected to complete the list of areas covered.",-0.013273849392033132,23,-0.015184686308893691,7,-0.01504567308629956,2,-0.029058710654578546
290,84,69,54,eval,2,3,35,0.935528297211703,-0.018478670573637168,0.9152460432316791,"Final token ""New"" is mid-word (""New""), part of a parenthetical geographic specification (""the entire area of New""), immediately requiring ""Zealand"" or ""Zealand's"" or ""South Island,"" continuing the historical context about the unit's wartime personnel scope.",-0.01315127099074942,40,-0.012261929043815734,43,-0.005941189703799199,12,-0.025229294705868877
291,85,173,155,eval,0,3,23,0.9251781633958069,-0.03164082081085984,0.5541085492581361,"Article format: wiki-style music article detailing a CD compilation album, listing track information and exclusions for the debut album ""The Best of Nickelback.""",-0.00757848292551766,23,-0.004784254456973391,22,-0.009384112702974345,19,-0.007583646816902712
292,85,173,155,eval,1,3,40,0.9251781633958069,-0.0054771396883808166,0.5764200358877376,"The sentence structure ""While some songs were originally intended for the compilation album, several artists chose not to include certain tracks on the final tracklist"" establishes a pattern of explaining exclusions, implying the final answer about the original album's tracklist.",-0.21056498705434168,40,-0.16487314595431435,45,-0.04030904145719971,2,-0.011605681527842582
293,85,173,155,eval,2,3,39,0.9251781633958069,-0.34998248640535645,0.8944441367682127,"Final token ""the"" is an article mid-phrase (""left off off the""), completing a parallel clause (""Several artists excluded tracks off the album that made it onto the compilation""), strongly expecting ""album"" or ""initial tracklist"" or ""final compilation, causing controversy.""",-0.005228815732281622,24,-0.008437536722965655,10,-0.009491336737944112,14,-0.21521936334325364
294,86,425,387,eval,0,3,22,0.8538310523407067,-0.013604433159702056,0.328368762012783,"Wikipedia article structure with numbered sections and historical narrative on India's colonial economy, listing geopolitical and social factors shaping British India's militarism.",-0.02846272294800145,12,-0.019152944634333258,50,-0.02271754070017884,45,-0.007329333928119852
295,86,425,387,eval,1,3,34,0.8538310523407067,-0.0452195781212551,0.6830461492967168,"The sentence ""Indian nationalism, meanwhile, was developing, with the Indian National Congress, formed"" is mid-clause describing historical political organizations, referencing India's nationalist movement and its founding context with a historical date or founding figure.",-0.041298375383562846,7,-0.04414173963228096,16,-0.018433616794799157,45,-0.032614164975376614
296,86,425,387,eval,2,3,41,0.8538310523407067,-0.17529707161202968,0.7445687930993853,"Final token ""formed"" ends an incomplete clause (""the Indian National Congress, formed...""), part of a parenthetical list of social institutions (""While the Indian elite, India's elite political party, formed""), expecting continuation like ""in 1885"" or ""as a progressive party"" or similar.",-0.014465565034890937,37,-0.05154313732477189,13,-0.16117210438968055,31,-0.28213998221167746
297,87,413,474,eval,0,3,24,0.905171649212226,0.0005245468061684244,0.412977111549046,"Wiki article format with technical discussion of IRC software, mixing technical details with historical context about the Free Software movement and a specific hacker.",-0.004941814487518292,28,-0.019103647642567112,43,-0.010316188868426335,6,-0.005403502929342108
298,87,413,474,eval,1,3,39,0.905171649212226,-0.020273365439374524,0.6861167058802841,"The paragraph mid-sentence (""The negative reaction to the Debian Free Software Group's announcement of the Anti-Wiki movement actually caused a significant"") describes a historical event with a quoted source, detailing a backlash that generated public support for the wiki.",-0.027655823387578216,52,-0.01773331685572721,27,-0.02144198846870704,22,-0.016013885867024458
299,87,413,474,eval,2,3,49,0.905171649212226,-0.2630177368962401,0.8826068559327117,"Final token ""significant"" ends an incomplete clause (""generated a significant""), part of a parenthetical historical example (""An initial protest against the name change resulted in a protest that resulted in a significant""), expecting continuation like ""public backlash"" or ""increase in wiki activity"" or ""negative media attention around the boycott.""",-0.022338997790594006,4,-0.036908399600553476,22,-0.127710934985095,26,-0.13479228398932552
300,88,537,73,eval,0,7,21,0.8836902098915548,-0.001145011569787191,0.5618404276961556,"Historical/academic article format with a citation structure introducing a modern military concept, establishing context around environmental pollution and Native American resistance.",-0.024226368370906748,91,-0.0334117928889901,57,-0.003067266532532198,9,-0.010024005230977906
301,88,537,73,eval,1,7,15,0.8836902098915548,-0.008686197388711125,0.7214004287741302,"The sentence ""The American Civil War era began the construction of the Panama Canal .",-0.004397801029976889,9,-0.007428701745840982,3,-0.028729291904981413,25,-0.015558370252090614
302,88,537,73,eval,2,7,14,0.8836902098915548,-0.014551141434039017,0.7627672504511624,The military was sent into the indigenous lands to clear obstacles to construction .,-0.016487057913513903,52,-0.023008291376045542,54,-0.016750400875922944,99,-0.016750353834949272
303,88,537,73,eval,3,7,21,0.8836902098915548,-0.010167042784078872,0.6808077253398691,""" sets up a quoted historical narrative explaining early military actions and motivations, implying a causal clause about the Indian War.",-0.02443192037877806,56,-0.006960229642990923,66,-0.014981238176308365,76,-0.007857279138566042
304,88,537,73,eval,4,7,4,0.8836902098915548,-0.002586455671598431,0.4181559879044407,"Final token ""war .",-0.002447698433825529,114,-0.004655726913353697,26,-0.0066501676618185845,87,-0.0005818370580984444
305,88,537,73,eval,5,7,25,0.8836902098915548,-0.011907505068034618,0.658937888319978,""" closes a quoted historical clause mid-sentence (""The army was sent there during the American Revolution to remove Indian tribes and they claimed land .",-0.011797620074726178,57,-0.028152460410010183,95,-0.028314882130038188,94,-0.01712899509953192
306,88,537,73,eval,6,7,20,0.8836902098915548,-0.02781530279340827,0.7249305687449086,"The early explorers sought food and supplies""), strongly expecting continuation like ""This effort led to conflicts"" or ""The soldiers hunted.""",-0.003122412350704984,8,-0.025025495972400336,91,-0.018949987832050152,23,-0.024293617279131596
307,89,272,377,eval,0,3,20,0.8916832463944765,-0.01171338047776005,0.4632435825692311,"Australian botanical/field guide format with structured species description, detailing a rare New Zealand orchid species with botanical characteristics and habitat.",-0.007081287734428843,13,-0.18558054384811684,54,-0.012252916300040662,38,0.002882128561437214
308,89,272,377,eval,1,3,34,0.8916832463944765,-0.008441224757365196,0.6262860639353917,"The sentence ""The flower is tubular shaped, emerging from a bulb-like spike typical"" introduces a descriptive clause mid-sentence listing flower features, likely referencing the orchid's characteristic corolla structure or inflorescence form from the genus.",-0.06981930336232167,37,-0.24674151283222956,53,-0.16544370077360182,50,0.004767628977508709
309,89,272,377,eval,2,3,40,0.8916832463944765,-0.29329472834371517,0.868354495543688,"Final token ""typical"" ends an incomplete noun phrase (""from typical""), part of a botanical description clause (""Flowers feature from typical""), immediately expecting a noun like ""orchidoid sepals"" or ""rounded orchid flowers"" or ""Bulbous orchid flower structures"" continuing the taxonomic description.",-0.2057895754894158,37,-0.03177749684768438,7,-0.029200168889962574,17,-0.276880207600547
310,90,549,476,eval,0,3,16,0.8885074572422635,-0.005319110677773686,0.5356121787354781,"Scientific encyclopedia article on exoplanet orbiting, with structured astronomical data presenting orbital characteristics of Earth's Moon.",-0.00039935286144232585,40,-0.0097122449320719,14,-0.007954412892832163,5,-0.012350330274582766
311,90,549,476,eval,1,3,46,0.8885074572422635,-0.025380836753434832,0.7925759392413344,"The sentence ending ""The Moon has also been identified as a temporary satellite of other planets, with 22 such companions found; at times up to 15 such"" describes a count of temporary satellite companions, implying a list or count of specific objects discovered via orbital perturbations.",-0.1126488542519688,52,-0.14809403095068363,38,-0.019810357129510625,13,-0.041759294657772394
312,90,549,476,eval,2,3,36,0.8885074572422635,-0.07974260049608328,0.8600190204482326,"Final token ""such"" ends an incomplete noun phrase (""15 such""), part of a clause listing discovered temporary satellites (""At least 15 such objects...""), expecting ""companions have been recorded"" or ""objects have been identified as temporary satellites.""",-0.024640571374631937,1,-0.013423800686100718,11,-0.01580107360309524,9,-0.03728074455083308
313,91,219,496,eval,0,3,19,0.8898315713225826,-0.003497446778945368,0.4142000063618766,"Historical biography format with literary analysis of Edith Wharton's works, presenting chronological details about her career and publishing schedule.",-0.026613531469372398,60,-0.028555879843931042,30,-0.017820353498372632,21,0.0013591466673371633
314,91,219,496,eval,1,3,40,0.8898315713225826,-0.02877769811357689,0.5579927243442768,"The paragraph structure ""While writing her second novel, Wharton temporarily stopped her career to care for her ailing mother"" mirrors the second point about her financial difficulties, now detailing a personal life change affecting her writing schedule and domestic duties.",-0.0406625833419757,3,-0.02709291368686828,18,-0.039225908109463914,2,-0.17643971766902222
315,91,219,496,eval,2,3,49,0.8898315713225826,-0.3536666151986053,0.7773102539062168,"Final token ""of"" ends an incomplete phrase (""when she took care of""), continuing the second example clause (""When she stopped taking care of""), directly requiring a noun phrase like ""her mother"" or ""her household affairs and her own health"" or ""her children and her literary duties, she began struggling.""",-0.045858348610382293,22,-0.15985277224518757,44,-0.07805685418686215,0,-0.3015921122183087
316,92,531,23,eval,0,3,18,0.9057902970912707,-0.0016599945498390056,0.4640629341991049,"British music encyclopedia format with a song listing entry, implying a rock musician's discography or retrospective compilation context.",-0.003893213730772338,64,-0.03771651652165631,41,-0.03771651652165631,42,-0.002747152477707404
317,92,531,23,eval,1,3,35,0.9057902970912707,-0.008374474646674734,0.755407670585104,"The phrase ""His solo career discography, excluding his former Wings"" suggests a parenthetical clarification or historical note about Paul McCartney's solo work versus his band Wings, likely referencing his earlier Beatles-era material or other projects.",-0.0640511608826948,36,-0.06355010499732416,34,-0.05796559674805968,38,-0.01876823227422808
318,92,531,23,eval,2,3,45,0.9057902970912707,-0.20084332006652927,0.8839084036840508,"Final token ""Wings"" ends mid-phrase (""excluding his Wings""), part of a list or qualifier clause (""all his solo recordings, excluding his Wings""), strongly expecting continuation like ""albums"" or ""associated works"" or ""career contributions"" or ""band duties"" or ""records,"" completing the exclusion clause about McCartney's band.",-0.004918970412822854,9,-0.2083185760759496,49,-0.25249881059719415,24,-0.2649182460014098
319,93,416,444,eval,0,5,26,0.8981409504146745,-0.0042926487063476015,0.5990445831763839,"Malaysian media article format with biographical entries listing political figures and their career milestones, using numbered sections with historical details about Singaporean singer Lee Kuan Yew.",-0.010995962095643796,40,-0.011476634478776782,9,-0.014273470805581723,7,0.00022481492369696987
320,93,416,444,eval,1,5,25,0.8981409504146745,-0.012741766611098382,0.7912809445641674,"The sentence structure ""Prior to his television career , Lim had joined the Singapore Customs Department in 1972 and served as an executive assistant .",-0.015547636434968704,39,-0.007742501356173603,24,-0.021254006435909578,82,-0.039020213948889215
321,93,416,444,eval,2,5,15,0.8981409504146745,0.0024144690674675617,0.6358069880337334,"He then moved into corporate management ."" suggests a career timeline listing achievements and transitions.",-0.0061965832367363305,44,-0.006721598849858235,89,-0.006800430556624382,74,-0.010909592452172379
322,93,416,444,eval,3,5,4,0.8981409504146745,-0.0033560434391518568,0.38411934927109836,"Final token "" .",-0.004572802594390857,33,0.0025451414926591642,55,-0.002014309878900611,86,-0.004498483656619312
323,93,416,444,eval,4,5,45,0.8981409504146745,-0.030443571186057783,0.8587880855074025,""" closes a clause mid-sentence listing his early career duties (""During his tenure with Singapore Airlines , he worked as a chemical engineer and later took a leave of absence to pursue his studies .""), expecting continuation like ""He then left in 1985"" or similar.",-0.02910415786504439,0,-0.04115866760022002,48,-0.025765675140317135,28,-0.12044286625988676
324,94,576,502,eval,0,3,21,0.871936969390669,-0.044001486104656484,0.31205158958444573,"Old American literary narrative with illustrated chapter headings depicting dramatic action scenes, quoting from a novel about ""The Great Train Robbery.""",-0.04344024437593186,3,-0.032467064171440185,17,-0.09507165989781619,46,-0.007100433059739508
325,94,576,502,eval,1,3,33,0.871936969390669,-0.03218101800348183,0.47792604729274907,"The quoted passage mid-sentence (""Second time he 'slipped' — put back on track"") lists sequential events with parenthetical details about the fugitive's pursuit and confusion, continuing a pattern of bodily experiences and reversals.",-0.32099816298597617,53,-0.057421222764909796,67,-0.16660412391421187,38,-0.03313924573520899
326,94,576,502,eval,2,3,46,0.871936969390669,-0.34284993830516697,0.7419369219848616,"Final token ""on"" ends an incomplete phrase ""Put back on,"" part of a quoted sequence describing a third event (""Re-set on the trail""), expecting a noun like ""track"" or ""the trail again"" or ""his feet by police"" or ""the journey, finds new trouble,"" completing the clause.",-0.04669118168696562,7,-0.32504200861692856,32,-0.16403821441824262,23,-0.36231335995543823
327,95,297,490,eval,0,3,21,0.9066623617733167,-0.008688805687528833,0.4544748931141343,"Narrative momentum: high school literary analysis essay detailing a film's drug addiction storyline, with quoted dialogue describing character behavior and events.",-0.0028966150882695496,43,-0.02044490104102792,4,-0.006778723457783298,26,-0.001136414669826391
328,95,297,490,eval,1,3,45,0.9066623617733167,-0.011121612103883849,0.8560366803203503,"The sentence structure ""After being forced into drugs for the first time, Mike starts using cocaine to fit in with the gang, and he tries it himself for the"" continues listing specific incidents and motivations, with a concrete example of the protagonist's initial drug use.",-0.010482845439252042,53,-0.013629036341126888,26,-0.01423657280598667,54,-0.057960590541698886
329,95,297,490,eval,2,3,43,0.9066623617733167,-0.03826897083716585,0.8452800695466381,"Final token ""the"" is an incomplete noun phrase mid-clause (""for the""), part of a specific example clause (""Mike takes drugs for the first time for drugs, and he tries cocaine for...""), expecting ""first time"" or ""first time to experience high"" or similar consequence.",-0.011623514571595273,27,-0.02813033669796272,0,-0.12004014923558759,40,-0.12152761863630235
330,96,62,89,eval,0,3,21,0.8597305561292348,-0.012475378459597897,0.4016281939829507,"Baseball article format with sports biography structure listing career statistics and player performance, suggesting a sports encyclopedia or news article format.",-0.006171860605741153,8,-0.019862839559130152,49,-0.01750507227111464,26,-0.0043558913021706225
331,96,62,89,eval,1,3,40,0.8597305561292348,-0.024759685367715778,0.7887098576051987,"The sentence ""Over the course of his career, Scott Kazmir was a reliever who had stints in"" implies a specific list of minor league roles or pitching appearances, with ""holes in"" suggesting a phrase describing his rotation or roster positions.",-0.019770785891530807,22,-0.08953065904178314,49,-0.017460589191757303,7,-0.027392607263680646
332,96,62,89,eval,2,3,49,0.8597305561292348,-0.06922604731876447,0.8191887996091377,"Final token ""in"" ends an incomplete noun phrase (""spots in""), part of a list of pitching appearances (""Several stints with spots in""), expecting a noun like ""the bullpen"" or ""the minor league and starting rotation"" or ""the batting lineup and relief roles,"" continuing the statistical detail about his career.",-0.014702094712250702,10,-0.079731747461813,58,-0.01569598927122451,11,-0.11045654787938741
333,97,5,498,eval,0,6,17,0.8639323374532557,-0.009333614833923032,0.5520466721627576,Sports blog article detailing MLB player career statistics with numbered entries covering various seasons for Scott Rolen.,-0.014398843706936004,32,-0.015368405233052718,38,-0.0002583600987481338,87,0.0023621813420128257
334,97,5,498,eval,1,6,20,0.8639323374532557,-0.02648184795577757,0.7208899927709566,"The sentence mid-entry (""In January 2008 the Phillies traded for Carlos Ruiz to help the team during the season .",-0.01633095835980436,10,0.005926909176667716,88,-0.02161581371897836,37,-0.012955641957629882
335,97,5,498,eval,2,6,28,0.8639323374532557,-0.021491475311128494,0.7496789351807073,"The trade was seen as a disappointment as the team signed him for $12 million ."") lists a specific trade acquisition and its consequences, with a parenthetical detail.",-0.028204341068793437,42,-0.025507022905536192,35,-0.02648386642257572,12,-0.024954212518390806
336,97,5,498,eval,3,6,4,0.8639323374532557,-0.0024896906312470435,0.3616470058206313,"Final token ""transaction .",-0.006849071776618421,34,-0.006498911175130018,31,-0.006849071776618421,34,-0.0028188145138877685
337,97,5,498,eval,4,6,25,0.8639323374532557,-0.003636092864592766,0.7214696213378948,""" closes a clause mid-item (""The team traded for Ruiz and signed him to a contract with the goal of improving the catching position .",-0.025526714771533565,46,-0.0030817179457468535,75,-0.0028138659837994018,62,-0.0057790193458545636
338,97,5,498,eval,5,6,16,0.8639323374532557,0.002691857521317176,0.47215124070954745,"The original trade...""), expecting continuation like ""The player was then released"" or ""His contract details followed.""",-0.02020520251636737,35,-2.8773373965562676e-05,62,-0.01469781693539196,37,-0.002571837326645676
339,98,550,457,eval,0,5,25,0.8670939832591201,-0.005289874159993158,0.45844289550908646,"Wiki-style list format with numbered entries describing a historical place name (""Singapore River""), suggesting a structured metadata or trivia format with a second section expected.",-0.17039635932923003,59,-0.0009156973239367039,62,-0.0019009835312303602,73,-0.0004447560763292113
340,98,550,457,eval,1,5,3,0.8670939832591201,-0.0013767604122867372,0.4757930251779647,"The phrase ""1.",-0.0036595070757982073,3,0.000908422795467656,44,0.00036955207333089213,46,-0.00040449181184210037
341,98,550,457,eval,2,5,29,0.8670939832591201,-0.012444736913017396,0.7973103723057312,"Etymology"" signals a section header, likely introducing a subtopic or question about the word's etymology or definition, implying the next tokens will continue with a specific term or analysis.",-0.011643105588206581,24,-0.007781026014218151,6,-0.013933348892618547,29,0.0004590012940220989
342,98,550,457,eval,3,5,15,0.8670939832591201,-0.006385114324096386,0.8150512718241165,"Final token ""Etymology"" is mid-section header ("" Etymology""), part of a numbered list structure (""1.",-0.0038033398583743327,33,0.0004355999050164039,84,-0.004396836754108624,13,-0.00471471490205444
343,98,550,457,eval,4,5,27,0.8670939832591201,-0.0073152755075945874,0.765189827332153,"Etymology""), strongly expecting continuation like ""and definition"" or ""of the name"" or ""of the terms"" or ""and other details"" or ""of the word 'Singapore'"" completing the query.",-0.033285536030372764,58,-0.010890384490171767,8,-0.005317155547168828,63,-0.006515893139494744
344,99,337,423,eval,0,3,19,0.9029124553877792,-0.009353875864888894,0.4729085087187925,"Wiki-style fan fiction article listing comedic moments from a television show, with numbered entries detailing character behavior and dialogue.",-0.007627616838501883,2,-0.010834956584611866,24,-0.01353661017571306,84,0.0032628351254775367
345,99,337,423,eval,1,3,50,0.9029124553877792,-0.02080310305855204,0.7620650360041687,"The sentence ""In one episode, the couple's marriage is shown to be in a state of crisis, with the main character and his wife going on a road trip to a church in"" contains a specific fictional anecdote about a quick marriage location, likely referencing a fictional town or emergency.",-0.07515555386707706,40,-0.11611694059438815,52,-0.0677027839894272,34,-0.06932072863291794
346,99,337,423,eval,2,3,43,0.9029124553877792,-0.09684851251272697,0.8141034215969731,"Final token ""in"" ends an incomplete noun phrase (""married at a grocery store in""), part of a parenthetical example clause (""He married at a church a garage in""), expecting a location name or temporal detail like ""Texas"" or ""a nearby motel to escape.""",-0.02545466499017557,23,-0.15483717329088242,63,-0.11739174786049578,60,-0.14097142136898022
347,100,379,254,eval,0,3,18,0.8851544892279158,0.0013749158525135918,0.3224162917165305,"Structured Wikipedia article format with numbered sections listing political parties of South Korea, detailing government and legislative system.",-0.007037643625777967,21,-0.05871358159105344,7,0.0026573083699980016,34,0.01398622265612226
348,100,379,254,eval,1,3,41,0.8851544892279158,-0.008870590654589838,0.8077512628313125,"The sentence ""The President of South Korea is elected by popular vote to serve"" mirrors a formal definition pattern, establishing a constitutional term length (""a four-year term""), immediately expected to continue with ""a four-year term"" or ""a single term of office.""",-0.06148860125711886,50,-0.06828414922310011,54,-0.016754611265622055,12,0.009256195250642807
349,100,379,254,eval,2,3,45,0.8851544892279158,-0.06932676484032574,0.8448775964033263,"Final token ""serve"" ends an incomplete clause (""to serve""), part of a constitutional description defining the president's role and term length (""The President is elected to serve""), strongly expecting ""a four-year term"" or ""a single term of four years"" or ""a presidential term with duties.""",-0.012075868972832415,38,-0.001994827568789659,15,-0.0717470373914566,47,-0.11871214449100931
350,101,538,131,eval,0,3,18,0.9157015132497454,-0.012292722138694034,0.5738907340248847,"Historical encyclopedia article format with factual prose describing a record company's decline, listing causes for RCA Victor's failure.",-0.0013029862541006354,25,-0.013148826155426674,44,-0.006810091721950684,64,-0.0016287469263510657
351,101,538,131,eval,1,3,43,0.9157015132497454,-0.009944334209987193,0.8268690964908829,"The sentence structure ""While the company faced competition from other labels, it suffered from poor management, financial difficulties, and a decline in popularity, as well as"" mirrors a numbered list of causes, implying the third item continues listing additional fatal flaws or challenges.",-0.01642879423839405,20,-0.027767282877370625,25,-0.030020146392157,29,-0.031943898980581364
352,101,538,131,eval,2,3,45,0.9157015132497454,-0.06082076135357839,0.8954021818801476,"Final token ""and"" is a conjunction mid-list-item (""problems caused by competition from other record companies, its own marketing failures, and financial difficulties, and""), immediately requiring a noun phrase like ""the inability to compete with RCA's own parent"" or ""also its own internal conflicts"" or similar.",-0.0524544610589156,53,-0.07598875552459905,39,-0.008280451917765386,16,-0.0679430915038367
353,102,75,413,eval,0,4,20,0.9017038694486287,-0.0033746139897266048,0.40522195413966966,"News article format with local environmental reporting style detailing Canadian city air quality, listing environmental facts about a specific highway.",-0.03887584071533601,74,0.00037387636034336147,42,-0.00486915097337659,9,0.002642699931110326
354,102,75,413,eval,1,4,21,0.9017038694486287,-0.0008860955117618863,0.3865243543844675,"The sentence structure ""Some studies have shown that the city of Los Angeles is one of the dirtiest in the US...",-0.00321483848911408,89,-0.003572928229874761,43,-0.001917373539242151,13,0.0008534524000314292
355,102,75,413,eval,2,4,26,0.9017038694486287,-0.009767248790463201,0.72309390900903,"The majority of the particulate matter"" introduces a specific statistic about PM pollution sources or measurements, suggesting a third fact about particulate matter composition or emissions.",-0.004315900440276521,35,-0.007309153016701098,38,-0.0032734944597795357,27,0.004725561139519718
356,102,75,413,eval,3,4,43,0.9017038694486287,-0.09892441069349445,0.8710213518460096,"Final token ""matter"" ends mid-clause (""The majority of the particulate matter""), part of a numerical claim (""One third of the particulate matter""), expecting continuation like ""in the air is from vehicle emissions"" or ""is found in the city's air"" or ""comes from pollution.""",-0.09350373005910484,37,-0.0195792007175406,9,0.0007011380490232755,20,-0.3127704863950366
357,103,95,474,eval,0,4,22,0.8927301864260383,-0.041363845455983594,0.4054486593401392,"Old music magazine interview format with artist quotes and emotional context about a female singer's comeback album, detailing emotional state and songwriting.",-0.006527193410978405,32,-0.004887336334432613,21,-0.00436733898444841,17,-0.004232063141230702
358,103,95,474,eval,1,4,13,0.8927301864260383,-0.0034907409633315734,0.3614194582707323,"The quote mid-sentence (""But she says, 'I've been holding back for so long...",-0.001476334777819277,24,-0.041917121328460816,65,-0.028729173262938668,93,0.0002998022091317276
359,103,95,474,eval,2,4,25,0.8927301864260383,-0.013098607599276613,0.45406594693471136,"Now I can sing this stuff'"") mirrors a specific emotional declaration about the song's dark, vulnerable nature, continuing the example of the singer expressing sorrow.",-0.2259666478086667,53,-0.005324547313863781,19,-0.12282079484449293,39,-0.005469654968408788
360,103,95,474,eval,3,4,46,0.8927301864260383,-0.3720532567296978,0.7779750658445294,"Final token ""sing"" ends an incomplete direct quote (""I'm ready to sing""), part of a quoted statement sequence (""I know I can now say, 'I want to sing this song""), strongly expecting ""about those things"" or ""this kind of sad song"" or ""about all my pain.""",-0.07717501596329879,20,-0.07651748709020767,2,-0.046285592046940716,6,-0.3196799749149599
361,104,469,148,eval,0,3,21,0.8688086894865119,-0.007446722769228642,0.4720041819764163,"Wiki article format with film description listing plot details about a sci-fi television series, establishing factual tone with literary analysis context.",-0.019950679576815067,76,-0.0068910222624770645,39,0.0004909486206499114,32,0.002687756380290507
362,104,469,148,eval,1,3,41,0.8688086894865119,0.002200725856319141,0.7692862663677038,"The sentence structure ""Unlike many of his fellow characters"" suggests a contrast clause continuing a character trait or narrative arc about the villain's mysterious origin versus the show's other characters, likely referencing the novel's established ensemble cast or lack of backstory.",-0.004135248284787729,18,-0.041488594730035855,43,-0.0004545005122404966,6,0.004767404013931387
363,104,469,148,eval,2,3,44,0.8688086894865119,-0.0587039829729582,0.8620430191904156,"Final token ""characters"" ends mid-clause (""Unlike many of his characters""), part of a comparative clause (""Unlike other aspects of the show's cast of characters""), strongly expecting continuation like ""who are fully developed,"" ""this villain is,"" or ""the protagonist's backstory, he remains mysterious"" or similar.",-0.12027545281402585,50,-0.07555369829630754,29,-0.0021017657231039433,10,-0.19978967561009098
364,105,99,283,eval,0,3,19,0.9197639529033973,-0.01320222055275977,0.4551205227503261,"TV ratings blog format with numerical score breakdown of a comedy episode, listing guest appearances and ratings performance details.",-0.014327582488762758,3,-0.04270572317685706,67,-0.011670204701069942,73,0.0017988716573179575
365,105,99,283,eval,1,3,44,0.9197639529033973,-0.010308408095216492,0.7022098107725079,"The phrase ""The episode was the highest-rated Thursday night show on NBC, beating both the CW's Friday ratings and the overall NBC"" suggests a concluding statistic about network performance or ratings ranking, completing a second item about NBC's primetime lineup or Thursday night broadcast.",-0.022325512464623776,3,-0.026580994394488022,10,-0.017339955688625897,15,-0.010992107561646591
366,105,99,283,eval,2,3,37,0.9197639529033973,-0.13304447341515324,0.8702837922461902,"Final token ""NBC"" ends mid-phrase (""the highest-rated NBC""), part of a parenthetical clause listing ratings comparisons (""a top-rated NBC...and the highest-rated NBC""), strongly expecting ""show"" or ""network broadcast"" or ""Thursday night show"" or ""program for the week.""",-0.011966128233170892,13,-0.11051836004929494,53,-0.09391962818527089,51,-0.07699673637246651
367,106,381,235,eval,0,3,21,0.9022210723336441,0.0022159093356715065,0.5860527706849845,"College football statistics format with player bio listing career highlights and game performance details, including NFL Draft order and award honors.",-0.007171930889160794,86,-0.0025750388003522584,22,-0.019569720183387762,60,-1.189821801528268e-05
368,106,381,235,eval,1,3,40,0.9022210723336441,-0.011368039722904899,0.8696845074455251,"The sentence structure ""In his sophomore season, Johnson finished the season as a finalist for the Walter Camp Freshman of the Year award and was a candidate for"" lists awards, specifically naming a college football award category (Heisman, Walter Camp).",-0.01955297353790708,53,-0.04045620246993409,37,-0.032489110955450484,46,-0.014658069737272239
369,106,381,235,eval,2,3,51,0.9022210723336441,-0.026968557858837006,0.8714999712915094,"Final token ""for"" ends an incomplete noun phrase (""his awards includes nominations for""), part of a specific award list item (""During his freshman year he was a candidate for awards including""), expecting a specific award name like ""the Outland Trophy, the Maxwell Award"" or ""both the ACC Player of the Year.""",-0.07245548887605624,33,-0.017094011014610833,2,-0.054789280560077036,28,-0.1684544135212116
370,107,280,477,eval,0,3,19,0.9074540899319065,-0.005945269808921627,0.4291290275961328,"Academic biography format with British historian's scholarly publications listing, detailing career and writings on agricultural economics and labour history.",-0.0861000578420702,60,-0.008129036841985182,13,-0.0077426002071387945,43,-0.0034278184815423884
371,107,280,477,eval,1,3,41,0.9074540899319065,-0.016015483822942933,0.47502173667228115,"The sentence structure ""His career records show a succession of posts including a period as Director of the Institute of Archaeology from 1939 to 1942"" continues listing dates and events, with a specific historical footnote about a research trip or reorganization.",-0.449092727843709,49,-0.017913630676495762,14,-0.025776261987154103,2,-0.03297648607513737
372,107,280,477,eval,2,3,36,0.9074540899319065,-0.44628347753377784,0.8453941669506446,"Final token ""19"" is mid-number in a date (""in 19""), part of a third dated event sequence (""A trip to Britain in 19...""), expecting continuation like ""44"" or ""52, he undertook a further study of unemployment.""",-0.4517255104243576,59,-0.02457751488319393,8,-0.018578653290069025,19,-0.2742418690814038
373,108,91,36,eval,0,3,21,0.879589613575141,0.0001217076950870144,0.39541932573255456,"Wiki article format with song lyrics and biographical context, establishing a music chart entry structure with artist name and album details.",-0.009666643006264297,20,-0.008800684562509598,11,-0.009603787130797903,30,0.005809261554201806
374,108,91,36,eval,1,3,44,0.879589613575141,-0.023622892958870323,0.7326989459296075,"The sentence ""The music video 'Single Ladies' was the promotional debut single for her debut album, featuring images from her first"" mirrors a claim about Destiny's Child's early career album, implying a specific album title or her solo debut album details about her fame.",-0.024939775127043373,11,-0.1265431170507062,56,-0.1090920174391562,44,-0.029420268307051578
375,108,91,36,eval,2,3,39,0.879589613575141,-0.16267769610232696,0.8574602527566346,"Final token ""debut"" ends mid-phrase (""her debut""), part of a quoted description clause (""details from her debut""), immediately expecting ""album"" or ""solo album"" or ""album album"" or ""commercial album"" to complete the reference to her first solo work's sales.",-0.029834590590456678,4,-0.014027875076398133,9,-0.03556847976206212,32,-0.2616494603209242
376,109,303,379,eval,0,3,20,0.8641835947990718,-0.0017793854928295216,0.3954639583218236,"Wikipedia-style article listing numbered historical street names with details about Los Angeles's freeway system, describing infrastructure changes and naming history.",-0.003076861358792482,22,-0.0026347215378738076,32,-0.003950177310504066,73,0.003210196438136914
377,109,303,379,eval,1,3,46,0.8641835947990718,-0.003344472732943138,0.8163273707028824,"The sentence ending ""The former northbound portion of the route now unused a divided highway part once used"" describes a specific interchange or reclaimed segment, continuing a clause listing additional uses of a shared highway corridor, suggesting a concrete example or continuation of the infrastructure description.",-0.05745885587026278,44,-0.13665902623298154,30,-0.009114068674398346,10,0.002406046622510094
378,109,303,379,eval,2,3,45,0.8641835947990718,-0.030781058205607614,0.8520390934275278,"Final token ""used"" ends mid-clause (""An current lane now a lane now used""), part of a parenthetical clause listing historical reuse details (""A former auxiliary highway section now a portion""), expecting ""for the Orange Line"" or ""as a freight route is being converted"" or similar.",-0.1796082172344059,25,-0.0026820926201072126,21,-0.06117189216736818,44,-0.227495958690364
379,110,160,320,eval,0,3,21,0.8688460975130029,-0.005265749600250724,0.4312738395023592,"Wikipedia article structure with formal definition format, listing biological terms (""Protein"") with a standardized encyclopedia pattern describing protein's properties and functions.",0.004612159646050884,32,-0.015023196323712185,41,0.0009553107259161475,28,0.0004960793340365033
380,110,160,320,eval,1,3,31,0.8688460975130029,-0.03611704870307464,0.5592928221353531,"The phrase ""Proteins can undergo modification, folding, regulation, activity"" is mid-listing a series of attributes of enzymes or proteins, following a familiar compound noun pattern from biology definitions about protein characteristics.",-0.013691592068275082,31,-0.09787004202611349,59,-0.022712366432323217,62,-0.031675476003626524
381,110,160,320,eval,2,3,43,0.8688460975130029,-0.255133601361094,0.730752059147092,"Final token ""activity"" ends an incomplete list (""the structure, activity, activity""), part of a comma-separated enumeration of attributes (""such as its structure, function, activity, activity...""), strongly expecting continuation like ""or lifespan,"" ""of the protein,"" or ""and other properties,"" completing the compound noun phrase.",-0.04872792991995056,14,-0.22279129710034773,41,-0.051585289746044816,6,-0.16417910502977284
382,111,55,30,eval,0,3,18,0.8324446589130039,0.002123123614532707,0.508748394719892,"Wikipedia football club article format with a template structure (""Seasons""), implying a football club's history and founding details.",-0.032467213627152214,72,-0.028283855208204756,71,-0.016120267505080554,14,-0.012336878990040656
383,111,55,30,eval,1,3,35,0.8324446589130039,-0.0281237371599542,0.5738023898383899,"The phrase ""The 1995–96 season was the 11th season"" mirrors a standard club history template, strongly implying the sentence is stating the club's founding year or membership in a league, continuing the ""First season"" definition.",-0.02693766624398808,12,-0.03516427294117319,40,-0.009195391603105563,23,-0.01789935741576798
384,111,55,30,eval,2,3,37,0.8324446589130039,-0.2449070392514604,0.8047252874962533,"Final token ""the"" is an article mid-sentence (""This was the""), part of a historical clause defining a club's existence number (""Seasons: 1995–96 was the""), immediately requiring a noun like ""11th season of the club"" or ""third season.""",-0.19213586553640072,51,-0.024608313701927398,18,-0.023016963168725146,14,-0.1330639144097424
385,112,591,372,eval,0,3,20,0.9158290738245534,-0.009476732569439261,0.6550690531799302,"Australian military history article detailing a New Zealand battalion unit during WWI, with structured account of unit formations and casualties.",-0.009861914141105599,31,-0.000608827784654653,40,-0.008034732710380577,78,-0.005204865183296881
386,112,591,372,eval,1,3,44,0.9158290738245534,-0.007490358312848722,0.644003242418902,"The sentence ""During this period two detachments from the 15th Battalion were sent to Hong Kong and other units"" establishes a second item listing personnel from the battalion's 1st Depot Company, implying a specific soldier or unit detail about another missing or discharged member.",-0.00983257390551695,34,-0.0037884887993151484,28,-0.00983257390551695,34,-0.029768724990079987
387,112,591,372,eval,2,3,39,0.9158290738245534,-0.23102904550265613,0.8547331534055406,"Final token ""the"" is an article mid-phrase (""from the""), part of a second clause describing another subunit's service record (""Two members from a detachment from the""), expecting a noun like ""Depot Company"" or ""15th Battalion were withdrawn"" or similar.",-0.011237427610991224,46,-0.04862487797581261,0,-0.16102858188593783,55,-0.24915196499569414
388,113,52,23,eval,0,4,18,0.9019248050295584,0.01804175493686433,0.46761196372358294,"Historical/encyclopedic description format with literary reference, suggesting a biographical or archival entry about African-American folk hero John Henry.",-0.004746292184830581,47,0.0084776188782274,6,-0.006559349660706371,45,0.0064486410621873436
389,113,52,23,eval,1,4,32,0.9019248050295584,0.001206425833560898,0.838144635185301,"The phrase ""a black cowboy named William 'Billy' Cook, died November  "" implies a specific death date or tragic end, likely a historical date or death circumstances tied to the figure's fame.",-0.003096457345960646,13,-0.03548949147157865,58,-0.15178893321159914,51,-0.014581390762245627
390,113,52,23,eval,2,4,23,0.9019248050295584,-0.017642665562356497,0.8120555964279635,"Final token ""November  "" is mid-date in an incomplete date expression (""November  ""), part of a parenthetical death date clause (""or November  ...",-0.014375406003706792,56,-0.014375406003706792,56,-0.011320663968978573,54,-0.002422898294518361
391,113,52,23,eval,3,4,19,0.9019248050295584,-0.020890754754920526,0.8842139219508133,"died November  ""), strongly expecting a specific day or year like ""25, 1913"" or ""19th,"" completing the death context.",-0.004530207595782154,43,-0.015083809062314102,30,-0.012031634391954538,57,-0.003361788845722913
392,114,47,391,eval,0,3,20,0.9010468338847171,-0.010525595972334711,0.4954955309277165,"Historical weather article format with structured storm reporting details, detailing a tropical cyclone's evolution into a tornado event over Texas.",-0.013029386763238948,33,-0.013029386763238948,33,-0.013546791655101309,11,-0.006172899340583959
393,114,47,391,eval,1,3,44,0.9010468338847171,-0.0321416635380557,0.5793333160045191,"The paragraph structure ""The storm system moved into the United States on Saturday morning, with the tropical wave developing into a strong low pressure system that tracked through portions of the Southeast"" mirrors earlier details, establishing a timeline sequence describing initial movement and track.",-0.021495424950381037,3,-0.18214790237024148,50,-0.023821612243453805,14,-0.0069759110843409244
394,114,47,391,eval,2,3,40,0.9010468338847171,-0.329247813303139,0.8608019715323392,"Final token ""on"" ends an incomplete clause (""moved through Florida and portions of the Southeast on""), directly continuing the specific date event sequence (""The storm system moved through Florida on...""), expecting ""September 12th"" or ""the 11th day"" or ""September 10–11.""",-0.026032753516012863,4,-0.04405535100516189,37,-0.18606930682583422,59,-0.22438858844369236
395,115,415,270,eval,0,3,18,0.9051700277289001,-0.007014778279496148,0.5016144511706818,"Music article/blog format with interview quotes detailing Coldplay's songwriting process, establishing chronological narrative about the band's album ""X&Y.""",-0.019161137638433412,7,-0.015183807701154572,8,-0.027404155977761357,84,0.0031194956964485376
396,115,415,270,eval,1,3,38,0.9051700277289001,-0.02346316216159361,0.8605343317930054,"The sentence structure ""Murphy stated that ""Yellow"" was one of the first songs he wrote for the album, and he described the song's origins"" mirrors earlier quotes, continuing to elaborate on the song's creative process and emotional intent.",-0.01515273150766916,51,-0.01070812887352579,26,-0.0276658933868823,0,-0.04086049716230067
397,115,415,270,eval,2,3,47,0.9051700277289001,-0.03269301988465856,0.8365609989341742,"Final token "" "" "" closes an incomplete clause ("" ""Imagine "" describes ""Lose My Mind""""), directly continuing the specific quote about the song's origin story, strongly expecting continuation like ""was a spontaneous song"" or ""had a particular meaning for him and the band"" or ""was rejected.""",-0.0325871995656859,49,-0.020419091212940166,33,-0.018447114002594245,28,-0.1274610986330128
398,116,212,476,eval,0,3,22,0.9133378872134441,-0.0019632812409415834,0.4915593473503375,"Wiki article format with numbered episodes listing Star Trek TNG trivia facts, mixing dialogue quotes and character details about the Enterprise crew.",-0.0046888075265622,19,-0.002842476023591556,5,-0.008734475019969934,26,0.00036493219820088463
399,116,212,476,eval,1,3,33,0.9133378872134441,-0.022480703206346653,0.8214841699867862,"The sentence ending ""In the episode 'The Next Generation' he portrayed"" is mid-listing a Star Trek character's past roles, specifically referencing Scott's death and Kirk's character, with a specific actor name (""James T.",-0.05174196825854416,47,-0.028902258390050894,36,-0.012980189120116115,3,-0.01718426264457973
400,116,212,476,eval,2,3,41,0.9133378872134441,-0.09179384478128527,0.8954499769155915,"Final token ""portrayed"" ends an incomplete clause (""who portrayed""), part of a parenthetical list of Trek characters from the original series (""His character, who portrayed""), expecting a specific character name like ""Scotty"" or ""Hannibal Lecter in the original series"" or similar.",-0.03163312703263654,5,-0.04045538381485825,20,-0.008667918862678037,10,-0.22264929966608915
401,117,221,48,eval,0,3,18,0.8959252553986603,-0.030800248340435155,0.5357803738888873,"Wikipedia article format with article structure describing a television episode, listing plot details about a Star Trek episode.",-0.006441142749232354,62,-0.0088253636047394,56,-0.006747143295056657,57,-0.016289265483613424
402,117,221,48,eval,1,3,36,0.8959252553986603,-0.0015821786334763166,0.766541405524663,"The phrase ""The episode 'The X-Files' first aired on"" signals a date reference, following a TV broadcast metadata format, implying a specific network broadcast date or air date is next, likely ""January 15, 2002"" or similar.",-0.025388961128222087,10,-0.00486777831668217,25,-0.01565213382004671,11,-0.0013804340930120285
403,117,221,48,eval,2,3,38,0.8959252553986603,-0.07125986981747667,0.8245918086030926,"Final token ""on"" ends an incomplete date clause (""aired on""), part of a broadcast history attribution sentence (""The episode first aired on""), immediately requiring a date or network name like ""January 15, 2002"" or ""CBS on October 15.""",-0.04821753312091648,49,-0.007475547898325163,21,-0.005096922963196304,28,-0.1261940140139156
404,118,567,433,eval,0,3,24,0.8628375938735265,-0.014619872347605645,0.40303795700755424,"Historical article format with structured biographical details about Singapore's founding, using numbered chapters and bullet points to recount the life of a Muslim missionary.",-0.049079203037437846,63,-0.008561489121506338,16,-0.00999901233979994,15,0.00416141088062294
405,118,567,433,eval,1,3,36,0.8628375938735265,-0.015431453076826585,0.6361611503471183,"The sentence mid-description (""During his travels in India, he converts to Islam and becomes a disciple of the reformer, Muhammad Ali"") details a specific event sequence listing Muhammad's spiritual experiences and beliefs about poverty and humility.",-0.03503093615239783,1,-0.019152492575913893,23,-0.029475598384275714,36,-0.03328090230679892
406,118,567,433,eval,2,3,43,0.8628375938735265,-0.22611839490480212,0.8360167381470417,"Final token ""he"" is mid-clause (""During this time, he""), continuing a specific event clause describing Muhammad's personal spiritual journey (""While in India, he...""), expecting a verb phrase like ""meets and learns the teachings of"" or ""becomes disillusioned with his own name"" or similar.",-0.24818158241314525,53,-0.03833472355724776,2,-0.03671296893444398,5,-0.07010174007383829
407,119,296,49,eval,0,3,19,0.8769603088237321,-0.0003498602231554182,0.45445033546041447,"Formal Wikipedia-style article structure with English-language descriptive prose about a Palestinian city, establishing factual context about Beirut, Lebanon's capital.",0.00045114377661370497,51,0.0025113773769049885,45,-0.0008916532476742622,75,-0.007057418349923683
408,119,296,49,eval,1,3,37,0.8769603088237321,-0.02741551364723771,0.8595158125742847,"The phrase ""known officially as Beirut, locally"" suggests a compound noun or nickname phrase (""known locally""), implying a second name or designation follows, likely describing the city's status or nickname, completing a phrase about the municipality's identity.",-0.05578459104715061,6,-0.033360460998216546,21,-0.025515576848138433,17,-0.017243972767333915
409,119,296,49,eval,2,3,40,0.8769603088237321,-0.026716505088691833,0.8642572706162142,"Final token ""locally"" ends an incomplete phrase (""known locally""), part of a list or descriptive clause (""Known locally...""), strongly expecting ""as Beirût"" or ""as the 'City of Beirut'"" or ""and colloquially as"" or ""as a municipality,"" continuing the naming context.",-0.020924766789150118,52,-0.01017641042095474,32,-0.028289170639733352,19,-0.1847855116485585
410,120,393,186,eval,0,3,24,0.8793253036354206,-0.025232601434594826,0.3714577864915403,"Political news article format with quoted tweet structure detailing a celebrity's Senate testimony, establishing narrative context around Republican congressman Roy Moore's sexual assault allegations.",-0.016626173265553934,28,-0.038229556206229254,12,-0.02599249230553169,25,-0.014225284940939331
411,120,393,186,eval,1,3,38,0.8793253036354206,-0.03896699731570097,0.4987472157210942,"The sentence ""The character is a Democrat congressman named Todd Young who is running for Senate and vowed"" contains a specific historical reference (""Obama's promise to support him""), implying a backstory about Biden's political deal or campaign promise.",-0.13339702767686346,42,-0.28677260791396586,50,-0.04894102922559218,0,-0.051121661104218785
412,120,393,186,eval,2,3,40,0.8793253036354206,-0.3235175002914137,0.8282346352659814,"Final token ""promised"" ends mid-clause (""who promised""), part of a parenthetical list of reasons for Trump's character (""Biden, who Obama promised""), expecting continuation like ""to deliver jobs"" or ""him the cabinet position"" or ""the Republican's support before breaking his word.""",-0.33467116885130166,50,-0.042183435024094273,13,-0.04216712271959522,15,-0.27203547737891365
413,121,373,229,eval,0,3,24,0.9021923295943186,-0.004807349547974349,0.48561083620896744,"Historical fiction novel format with literary quotes and chapter titles establishes a narrative context around a film or book, likely a dramatic biblical figure.",-0.02268402606539699,28,-0.01179213532190293,81,-0.023119642127449214,61,0.00043732840252330707
414,121,373,229,eval,1,3,36,0.9021923295943186,-0.026580528461565334,0.6013559794117297,"The phrase ""As King David begins his reign he finds himself both joy and tribulation"" signals an opening quote or summary sentence, suggesting a specific plot event or character arc describing David's dual struggles and hardships.",-0.02330383563830518,35,-0.1433541801512075,57,-0.028486338177299397,20,-0.04806338105794916
415,121,373,229,eval,2,3,48,0.9021923295943186,-0.31931959931393294,0.8703879273749027,"Final token ""tribulation"" ends mid-phrase (""he experiences joy and tribulation and trial and tribulation""), part of a quoted character description clause (""David finds himself both joy and tribulation""), strongly expecting continuation like ""as he"" or ""when his kingdom faces crisis"" or ""as his personal life turns upside down.""",-0.1402259545746244,29,-0.023287761702890597,19,-0.01716770625975239,16,-0.3267382939096436
416,122,281,495,eval,0,3,19,0.8471802088303045,-0.0044520737218047834,0.3827178185535116,"Wikipedia article format with Dutch aviation history listing airline company details, chronological sequence describing aircraft changes and fleet history.",-0.0033498568669013684,1,-0.01752573197498808,42,-0.0037410132978945576,7,-0.006276251901790486
417,122,281,495,eval,1,3,39,0.8471802088303045,0.0008855378141323644,0.7678194008528588,"The sentence structure ""During the seventies he flew the Douglas DC-3, Douglas DC-9 and later bought the Fokker F28"" lists aircraft models with additional jet versions, completing a third item about engine upgrades and aircraft types with the F28.",-0.0426968462726004,25,-0.015199469179520086,7,-0.002057915932311638,11,-0.02608400521326093
418,122,281,495,eval,2,3,35,0.8471802088303045,-0.08238397265659125,0.7978004400582844,"Final token ""F28"" ends mid-list ("" purchased Fokker F27 and F28""), strongly expecting ""s"" or ""models"" or ""aircraft"" to close the enumeration of jet variants, likely continuing the specification of aircraft purchase or operational capability.",-0.059603328551389056,30,-0.15492745647986939,35,-0.12039170285826173,28,-0.022660666690352382
419,123,517,294,eval,0,3,20,0.9114355866431232,0.003119972397310433,0.454063616676949,"Wiki article format with biographical details listing chart performance and song attributes for American hip-hop artist Ja Rule, structured chronologically.",-0.008389843186918933,55,0.0019463841729772113,69,-0.018337649483271545,82,0.0040201917662016085
420,123,517,294,eval,1,3,38,0.9114355866431232,-0.024418021237364584,0.8282451751125606,"The sentence ""The single was initially released in"" establishes a timeline sequence continuing the album's commercial performance details, likely describing the song's chart performance or release date in the United States, completing the ""After its debut in..."" clause.",-0.0248819543445018,6,-0.0339356652563686,5,-0.042714687130213425,48,-0.014598407476052122
421,123,517,294,eval,2,3,44,0.9114355866431232,-0.07220710880059056,0.8881532865760043,"Final token ""in"" is mid-phrase (""The release in""), part of a third timeline event clause (""The release of the single in""), expecting a specific date or context like ""the United States"" or ""January 1999, the single faced a decline"" or ""North America, the album.""",-0.015615029436837236,9,-0.08851281258788335,56,-0.06561470809180392,47,-0.21405540969030656
422,124,419,144,eval,0,4,16,0.8840491072969107,0.009422407264729205,0.5614762118975289,"Historical sports article format with biographical details about a baseball player, listing career statistics and achievements.",-0.0028767901955684128,92,-0.01013431970306955,28,-0.0053709314700844946,38,0.0018407944567783163
423,124,419,144,eval,1,4,24,0.8840491072969107,-0.0077784993531849755,0.6905762800014701,"The sentence structure ""After playing four seasons in minor league baseball , Jackson had a brief Major League career lasting only two years .",-0.00921341132330078,26,-0.013764619089303265,45,-0.01059753148578535,48,-0.004904871924307663
424,124,419,144,eval,2,4,27,0.8840491072969107,-0.010130780059757871,0.7816402073458777,"After five years in minor league baseball , "" establishes a chronological sequence of career milestones, implying the next clause continues describing his call-up or contract details.",-0.015042991556951546,57,-0.0070754502711403156,15,-0.015787444691981345,71,-0.008934158876639064
425,124,419,144,eval,3,4,47,0.8840491072969107,-0.10472231167783985,0.8396645857459418,"Final token ""seasons , "" closes a clause mid-sentence (""After five years in minor league experience , after five years of minor league play ,""), strongly expecting ""he was called up to the big leagues"" or ""he retired with the Cleveland Indians"" or ""he earned his contract.""",-0.015391882602184825,10,-0.02465509062220017,22,-0.04844808324266392,53,-0.09143434537745132
426,125,465,119,eval,0,3,18,0.8533871672516117,-0.08651354024585589,0.3090331135772168,"Wikipedia article format with structured geographic data listing a city's characteristics, including distances and coordinates using consistent formatting.",-0.14743735669194757,42,-0.16565524770985984,55,-0.008210049765429495,27,4.0787876102510445e-05
427,125,465,119,eval,1,3,30,0.8533871672516117,-0.02511251875750553,0.5338377405856047,"The sentence ending ""Its area is 1,245 km² (479 sq mi) (1,948 km; 313 miles)"" mirrors a parenthetical comparison with another city's distance, completing the km/mile conversion with ""388 km.""",-0.15444347258146218,28,-0.02884911624652764,11,-0.25330409099993734,37,-0.02939321843255771
428,125,465,119,eval,2,3,31,0.8533871672516117,-0.32068708845266825,0.7732858844789818,"Final token ""8"" closes an incomplete numerical value (""388 (388""), part of the parallel distance comparison clause, strongly expecting ""km)"" to close the second parenthetical unit, completing the travel distance figure.",-0.14115568472207796,28,-0.35295958044031317,42,-0.3411216809974186,41,-0.035954182673634705
429,126,464,124,eval,0,3,16,0.87194837729231,-0.020155904561547477,0.3246803372503092,"Sports article format with historical baseball statistics, presenting game details from a Major League Baseball record.",0.006797578770395107,54,0.0022856359927813097,61,-0.003253003112824615,20,0.002428906303453049
430,126,464,124,eval,1,3,36,0.87194837729231,0.0028857520918881274,0.7722667498068414,"The phrase ""The Indians pitching staff pitched a no-hitter in the game, holding the Red Sox scoreless"" suggests a specific statistic about the final inning's performance, with ""scoreless"" implying a notable zero-run streak or shutout achievement.",-0.007818975668709927,10,-0.021075552523763474,0,0.009912266305245776,21,-0.02564514810596219
431,126,464,124,eval,2,3,47,0.87194837729231,-0.05860638667931206,0.8583976532649816,"Final token ""scoreless"" ends mid-clause (""held the Red Sox scoreless""), part of a list of specific game events (""The Indians pitchers shut the Red Sox out, holding them scoreless""), strongly expecting continuation like ""for the final five innings"" or ""in the last four innings"" or ""on errors.""",-0.00458157005361437,3,-0.06138349064563198,42,-0.04961153939039098,48,-0.1097190829897221
432,127,557,77,eval,0,3,17,0.9152670107783298,-0.008525229205983642,0.41383158934429076,"Literary reference format with a book description structure, establishing a historical novel about British radicalism and feminism.",-0.010869158777529142,3,-0.009921855742609953,74,-0.0052296721756245335,72,0.004592209521953716
433,127,557,77,eval,1,3,40,0.9152670107783298,-0.01695589698010791,0.7848101125265844,"The phrase ""The novel is about a British woman named Jean Halliday, a naive and idealistic young activist"" mirrors the quoted description, strongly implying the same character's backstory about a ""naive and well-intentioned"" woman involved in a cult of violence.",-0.053039357344243476,27,-0.03513576440367017,3,-0.12642317786328439,53,-0.09221417084391637
434,127,557,77,eval,2,3,39,0.9152670107783298,-0.10725445095184172,0.8823465657507488,"Final token ""benevolent"" ends mid-description (""a naive and well-intentioned""), directly continuing the noun phrase listing characteristics (""a young, naive and well-intentioned""), expecting ""woman who joins a cult"" or ""British socialist who becomes involved in terrorism"" or similar noun phrase.",-0.04960032088649158,38,-0.03172682060754706,2,-0.04746389336812695,27,-0.1257540857763636
435,128,331,159,eval,0,3,21,0.918499494198178,-0.011896101055691055,0.5473524495733219,"Historical/academic image description format with numbered facts about a Turkish archaeological site, listing artifacts and evidence of Roman occupation in India.",-0.020988555506730067,8,-0.013414391989009733,38,-0.01293899124047937,79,-0.002197611587612891
436,128,331,159,eval,1,3,34,0.918499494198178,-0.01951946984563757,0.8473530144436079,"The phrase ""The pottery shows Greek pottery , Black glazed ware"" lists specific items (""Hellenistic pottery, Samian ware"") suggesting continuation of a comma-separated list of ceramic or cultural artifacts associated with the trader's belongings.",-0.03158400226959135,4,-0.034494837584877924,2,-0.020518051365491008,29,-0.004264341869564148
437,128,331,159,eval,2,3,47,0.918499494198178,-0.04134850701944648,0.8873492269148027,"Final token ""ware"" ends mid-item (""Samian ware, China ware""), part of a list of specific ceramic types (""Also found: Attic pottery, Black glazed ware""), strongly expecting continuation like ""and other items,"" or "" , Greek pottery"" or ""and other decorative items"" completing the enumeration of cultural artifacts.",-0.04088911528032857,9,-0.04402654592844302,0,-0.040232708234195336,50,-0.109292695882372
438,129,98,306,eval,0,3,19,0.8332392602637032,-0.012194046447129736,0.4672624719887329,"British football history blog format with historical narrative detailing a club's evolution, listing early footballing activities and founding context.",-0.008899277658102722,7,-0.009014785180415097,83,-0.00206326525002698,16,-5.273314506260007e-05
439,129,98,306,eval,1,3,41,0.8332392602637032,-0.010669910027465757,0.6922250956804649,"The sentence structure ""The club had started as a Social Club in Glasgow, before becoming the Glasgow Football Club, and then in 1875 formed as Glasgow Cricket Club"" establishes a chronological pattern describing the club's name change and founding membership shift.",-0.03970576206557108,36,-0.04473825759791228,40,-0.13556517141885682,62,0.0001744445103125658
440,129,98,306,eval,2,3,47,0.8332392602637032,-0.1128764537370257,0.8099296827592671,"Final token ""Club"" ends mid-sentence (""as Glasgow Cricket Club as Glasgow Football Club""), part of a clause defining the earlier membership's name change (""when it became Glasgow Cricket Club, forming Glasgow Football Club""), expecting continuation like ""it"" or ""a purely local club"" or ""and began its own.""",-0.02459941744840033,7,-0.07271606154713672,50,-0.03773248039446864,38,-0.2718122605181762
441,130,26,290,eval,0,5,17,0.9160329404056763,-0.007714103596529687,0.5992871905733095,"Scientific chemistry blog format with structured historical narrative describing a compound's reactivity, detailing a pioneering synthetic methodology.",-0.011522592675329957,7,-0.009531118526946325,52,-0.005858096648624911,25,-0.001867108910918125
442,130,26,290,eval,1,5,22,0.9160329404056763,-0.005088555889591673,0.6632788904567744,"The sentence ""The first reported use of the Schmid group in 1965 was the formation of a heterocyclic ring via Pd catalysis.",-0.005511360493395179,25,-0.012603662123195969,49,-0.013394759253562705,40,-0.027643490745487664
443,130,26,290,eval,2,5,20,0.9160329404056763,-0.011316826127322765,0.585606163826417,"The original work noted..."" establishes a historical sequence with a specific finding about the reaction conditions and pioneers' initial results.",-0.009823195574584331,38,-0.01005236809996446,66,-0.0063072096019815005,14,-0.003331243331912148
444,130,26,290,eval,3,5,17,0.9160329404056763,-0.009112223739059289,0.7986964472351744,"Final token ""The"" is mid-sentence (""In 1963, Schmid and coworkers reported on the reaction with Lewis acid.",-0.009518287558783589,51,-0.005038143112298221,14,-0.00704757657540489,62,-0.04488004079501018
445,130,26,290,eval,4,5,24,0.9160329404056763,-0.009484155817770734,0.772073924115851,"The""), immediately requiring a noun phrase like ""result was expanded to include"" or ""original compound showed a unique product selectivity"" or similar historical detail.",-0.007457484528292535,31,-0.004377966884711593,13,-0.006856715844059225,62,-0.017552294994486073
446,131,435,417,eval,0,3,19,0.8193717256599727,-0.020591363587881717,0.3807472929941526,"Wikipedia-style taxonomic entry with structured botanical descriptions, listing characteristics of a plant species with Latin names and scientific classifications.",-0.01663089592795297,52,-0.02641696412900929,55,-0.016125869362988543,49,-0.009170905407535068
447,131,435,417,eval,1,3,31,0.8193717256599727,-0.044584989139418774,0.5988302698333801,"The sentence ""The species was placed in a genus group (clade)"" introduces a technical term (""genotype""), mid-definition, continuing the parenthetical clause describing evolutionary subgroups using a taxonomic rank concept from phylogenetics.",-0.05570905067589338,17,-0.07295141729103738,3,-0.23145247399320645,52,-0.0223800540390382
448,131,435,417,eval,2,3,42,0.8193717256599727,-0.2386971423525518,0.7717628469210052,"Final token "" ( "" opens a parenthetical term mid-sentence (""the clade (""), part of a definition clause listing a taxonomic concept (""a clade (""), expecting continuation like ""subgroup)"" or ""taxonomic subgroup)"" or ""hypothetical cluster of related species)"" completing the technical term.",-0.07582847130403991,2,-0.06641387655807574,18,-0.062366611846127684,14,-0.11045216008206982
449,132,426,293,eval,0,3,23,0.9329782556800509,-0.023767508311147822,0.4700384705114881,"Wiki article format with structured entries describing a Japanese anime series, detailing plot and media history of the manga ""The Adventures of Tintin.""",-0.003197360435716945,23,-0.02136515618111079,8,-0.011450380160487827,14,-0.0006924245476844781
450,132,426,293,eval,1,3,32,0.9329782556800509,-0.00692685664640913,0.8523605463659091,"The sentence ""Critical reception of the film was mixed; reviewers"" signals a concluding clause listing reactions or reviews, likely continuing with praise or analysis of the novel's qualities or reception among audiences.",-0.026403181882887927,2,-0.008218662734141846,24,-0.011934011440511982,10,-0.004211156069653832
451,132,426,293,eval,2,3,43,0.9329782556800509,-0.0562626642735532,0.910610173654607,"Final token ""Reviewers"" ends an incomplete noun phrase (""Reviewers""), part of a final clause (""Reviewers...""), immediately expecting a verb like ""have praised"" or ""found the work"" or ""of the novel have noted its"" or ""have described the series as generally positive or mixed.""",-0.19560160369891688,22,-0.09214935637760269,42,-0.016293670518128578,4,-0.0842871649695176
452,133,223,159,eval,0,3,23,0.9142826284386373,-0.015673645590096097,0.5173616143760807,Wiki article format with Spanish language music biography structure detailing a Canadian hip hop album; listing facts about a song's performance and reception.,-0.022646339357156653,13,-0.023869861683249005,18,-0.016604048362176438,62,-0.009401580956180267
453,133,223,159,eval,1,3,37,0.9142826284386373,-0.013367921284427764,0.8885438376407911,"The sentence ""The debut album 'The Message' received positive reviews and the artist complimented the track; the album's producers complimented"" implies a list of specific praises or attributes, continuing an enumerated praise pattern about the song's elements.",-0.07173953333631622,35,-0.009332386368320567,37,-0.001347449259205824,51,-0.01157803177010297
454,133,223,159,eval,2,3,35,0.9142826284386373,-0.005997835853960187,0.8203235217842941,"Final token ""complimented"" ends mid-clause (""They complimented""), part of a list of accomplishments (""The album's producers complimented...""), expecting noun phrases like ""the vocals,"" ""the song's lyrics and melody,"" or ""the artist's overall work and style.""",-0.011022833276463362,45,-0.04189323167955006,7,-0.03616533003542999,22,-0.030237340281018432
455,134,97,220,eval,0,3,20,0.8971884566463244,-0.007727576603834385,0.23569168371598875,"Historical encyclopedia article format with structured quotation and attribution, listing Italian military figures with biographical context about Napoleon's political ideology.",-0.01441871074219303,46,-0.02126785478992388,3,-0.002480114253729404,33,0.005820409138692528
456,134,97,220,eval,1,3,41,0.8971884566463244,-0.014307914228639751,0.8131815724195407,"The phrase ""He was also Duke of Parma and Piacenza, and the cities of Mantua and Piac"" is mid-sentence describing a compound Italian place name with a historical list of Italian towns, suggesting a corrupted or obscure Italian place name completion.",-0.010150708592708058,14,-0.010150708592708058,14,-0.06924221356259186,40,-0.00396561306582599
457,134,97,220,eval,2,3,34,0.8971884566463244,-0.0635341219153106,0.8789657484973281,"Final token ""Piac"" is a truncated word mid-list (""Piacenza e Piac""), part of a parenthetical example of extinct titles (""the bishops of Turin and Piacenza and Piacenza""), expecting ""enza"" or ""enza, Italy"" to complete.",-0.01723956911354263,16,-0.0023078596836076937,21,-0.027708806170737343,1,-0.02019704211601092
458,135,33,421,eval,0,3,21,0.9020259253976409,0.0023287590496831045,0.45222033599347033,"Wiki article format with biographical music article structure detailing a Canadian rock band's career, listing albums and influences with informal tone.",-0.008532554295153871,78,-0.006207247977545349,6,-0.009500448054913235,77,-0.002335008608932765
459,135,33,421,eval,1,3,40,0.9020259253976409,-0.013480277111891259,0.7566442509753752,"The sentence ""Later in his career, the band adopted a heavier style known as 'The Wall of Sound'"" describes a musical characteristic, mid-clause listing technical attributes (""a dense wall of sound""), suggesting continuation describing his production style or vocal techniques.",-0.009953314149508952,17,-0.06292384745695556,32,-0.16220560817868912,45,-0.011517109141418125
460,135,33,421,eval,2,3,42,0.9020259253976409,-0.13588788624507564,0.8588149234164417,"Final token ""sound"" ends an incomplete noun phrase (""a wall of sound""), part of a parenthetical description clause (""characterized by a dense wall of sound""), strongly expecting continuation like ""and dense instrumentation"" or ""with layered vocals"" or ""is combined with intense overdubbing.""",-0.18133513369287468,47,-0.04561081197414396,29,-0.18133513369287468,47,-0.15321673819264625
461,136,96,368,eval,0,3,22,0.7847762112434621,-0.030359741665272555,0.5461744169017693,"Wiki-style formatted article with numbered sections and bullet points listing events, establishing a structured encyclopedia format about a fictional ""Global warming"" song.",-0.020524444619065996,91,-0.02099876756127783,12,-0.022372048644420883,11,0.0054892337618613896
462,136,96,368,eval,1,3,38,0.7847762112434621,-0.0353192288188815,0.6789468153601318,"The phrase "" = = = Section : The timeline = "" signals a section header pattern, strongly implying the next tokens continue with the definition or description of the ""First derivative"" section's content about the timeline's events.",-0.02354281234309319,20,-0.06695217002755594,74,-0.023620494671976355,42,-0.03579760729626302
463,136,96,368,eval,2,3,56,0.7847762112434621,-0.08847959248619652,0.7428953351099945,"Final token "" = "" closes a header label ("" = First derivative = ""), part of a second section header structure ("" = Timeline section = ""), immediately expecting continuation like ""s"" or "" ""The following"" or ""..."" or "" This section describes the following:"" to complete the section header and introduce the mathematical definition.",-0.020087748535812966,12,-0.017288661474888944,11,-0.05940447335758259,50,-0.1102900191157471
464,137,540,331,eval,0,5,22,0.8901798521815971,-0.002752031731839244,0.5275760607908273,"Australian historical tourism/heritage website format with structured descriptive sections detailing a park's architectural history and development of the Royal Botanic Gardens, Wellington.",-0.016550062185506365,20,4.710292245191372e-05,36,-0.015380076192166303,10,-0.006555263846712234
465,137,540,331,eval,1,5,22,0.8901798521815971,-0.017098797612720262,0.7165358484749088,"The sentence ending ""In 1975 the surrounding land was declared a Historic Reserve and in 1981 the Botanic Gardens were formally established.",-0.01710344616621895,16,-0.00451467050940324,38,-0.019498664769432406,21,-0.01800608254759395
466,137,540,331,eval,2,5,13,0.8901798521815971,-0.0023264698442071463,0.7172912095030003,"In 1984 the"" describes a third event completing a timeline of conservation actions.",-0.004586986169473728,13,-0.012967237479276306,22,-0.004668156988310357,74,-0.0032879395026177427
467,137,540,331,eval,3,5,12,0.8901798521815971,-0.0059486478955519395,0.5421029085745069,"Final token ""the"" is an incomplete noun phrase mid-sentence (""in 1984 the...",-0.004613452721791478,47,-0.011315133552364465,25,-0.0015208816409908454,53,-0.0010006245627178778
468,137,540,331,eval,4,5,22,0.8901798521815971,-0.00904936476506324,0.7988701456706483,"In 1984 the""), expecting a noun like ""area was renamed"" or ""entire reserve's historic buildings and surrounding land became a national park.""",-0.012309278757782649,45,-0.010446772359052892,30,-0.007907180278010184,47,0.0020023225127535627
469,138,384,56,eval,0,3,14,0.8127081133470961,-0.011672604629014427,0.596008842288071,"Wikipedia article format with structured header (""Sir Winston Churchill"") establishes a biographical template pattern.",0.005202927754147657,10,0.004621805650258937,9,0.011190710714162888,6,0.00017750689938511588
470,138,384,56,eval,1,3,38,0.8127081133470961,-0.02667969412994642,0.7261163767233833,"The phrase ""Sir Winston Churchill ( December 30 , 1874 – January 24 , 1965 )"" suggests an opening definition or name, implying a complete biographical entry with ""was an"" or ""is a"" clause following the parenthetical attribution.",-0.08436494413564188,33,-0.04002147363504338,2,-0.05028311414522868,42,0.0019626999551671798
471,138,384,56,eval,2,3,34,0.8127081133470961,-0.05862982376910708,0.7855415400183013,"Final token "" )"" closes a parenthetical date expression mid-sentence (""Winston Churchill ( November 2 , 1885 – January 24 , 1965 )""), strongly expecting ""was an American politician"" or ""is a famous German.""",-0.056490976989898245,36,-0.052514669810221126,38,-0.03827522341002543,6,-0.15112384489983366
472,139,579,130,eval,0,3,21,0.9621672875997088,-0.0033795415758680614,0.4590123932171064,"Wiki article format with scientific dinosaur description, listing characteristics of a fossil species with informal tone and historical context about Tyrannosaurus.",-0.027928272497278805,67,-0.02252963000027619,44,-0.0009856676592845393,1,-0.0036657588991786394
473,139,579,130,eval,1,3,39,0.9621672875997088,-0.02683881593250448,0.7405316362975682,"The phrase ""Another theory suggests that Tyrannosaurus was a faster runner than previously thought, including Nip"" suggests a specific named fossil genus or term from another dinosaur language, likely a Japanese or obscure term related to the specimen's characteristics.",-0.028244735246456654,27,-0.292593415743448,48,-0.02434190667129099,22,-0.03583529735486923
474,139,579,130,eval,2,3,32,0.9621672875997088,-0.26996207613670886,0.9463929044472519,"Final token ""Nip"" is a truncated word mid-sentence (""Nip""), part of a parenthetical list of named dinosaur genera (""Like Nip...""), strongly expecting ""ponosaurus"" or ""ponosaurus"" or ""titanosaur fossils"" completing the cited example.",-0.2684763321116691,59,-0.0025005572305222268,5,-0.009019274266384936,17,-0.015081802705702585
475,140,315,28,eval,0,3,16,0.8914699055144052,-0.006567220822928821,0.463201896481037,"Wiki article format with descriptive prose about a novel, establishing a book title and author context.",-0.009587993015755414,39,-0.013193054232949364,20,-0.018301268572124108,15,-0.00533926272658769
476,140,315,28,eval,1,3,33,0.8914699055144052,-0.014757479699179732,0.8547389835023735,"The phrase ""The fifth novel of Stephen King , his 25"" strongly implies a numbered list or record of his works, with ""25th novel"" suggesting a milestone or ranking number for his career.",-0.022694336962752026,54,-0.014320271843865529,33,-0.007894222898438108,58,-0.04167693279811702
477,140,315,28,eval,2,3,42,0.8914699055144052,-0.027820482278961833,0.870895177997812,"Final token ""25"" is mid-number in ""his 25,"" part of an attribution claim (""his 25th novel, his 25""), immediately expecting ""th novel"" or ""th work"" or ""th novel in his series,"" completing the numerical claim about his record-breaking or numbered literary achievement.",-0.33376613083132467,25,-0.21347760156695894,30,-0.0156626768399859,7,-0.048560524934786686
478,141,317,484,eval,0,3,20,0.8873071523390885,-0.012511392022790058,0.5101023450307127,"Scientific botanical taxonomy paper with structured analysis of a genus's phylogenetic behavior, presenting evidence for a novel term ""virginianum complex.""",-0.0068620357203177385,25,-0.019974094533340314,49,-0.01248308284195987,38,-0.010792061239442874
479,141,317,484,eval,1,3,32,0.8873071523390885,-0.014091864809312682,0.8152883741067021,"The paragraph pattern ""My study documents the phylogenetic status of three genera with the name Cyrtopodium : Calathea , Dracaena , and"" lists specific species names with their own putative virulence traits.",-0.05217002035776053,53,-0.041226454859073614,43,-0.013456577706876027,12,-0.02304327837679332
480,141,317,484,eval,2,3,38,0.8873071523390885,-0.04595955572471644,0.859186458004869,"Final token "" , "" mid-list continues enumerating the three genera's original species names (""identified Calathea , Ctenanthe ,""), immediately requiring ""Dracaena viridula"" or ""Hypolepis , and Leandra"" to complete the trio of named genera with their findings.",-0.016121078467814853,16,-0.043256288888654626,49,-0.04997513804184173,46,-0.12900576522186835
481,142,77,422,eval,0,3,19,0.8936654440042254,-0.007655795022160072,0.4946119063576706,"Historical/academic book description format with numbered testimonies listing Jewish Holocaust survivors, detailing biographical credentials and testimonies about the Holocaust.",-0.004179329774413598,60,-0.0014930508363016903,50,-0.037317098007988214,65,0.00027549024165840486
482,142,77,422,eval,1,3,41,0.8936654440042254,-0.024259768043867203,0.8297514992684378,"The sentence structure ""One survivor was a Hungarian Jew who served in both the Holocaust and other concentration camps, including survivors of the"" is mid-listing specific historical experiences with Jewish persecution details, continuing enumeration of Holocaust victims from different WWII experiences.",-0.045499162032463514,56,-0.02216314809774611,20,-0.04550241180484593,54,-0.05663931905231001
483,142,77,422,eval,2,3,39,0.8936654440042254,-0.04585662519597511,0.8350770198788457,"Final token ""the"" is an incomplete noun phrase mid-item (""Survived both the""), part of a parenthetical list of Holocaust experiences (""Survived both the""), requiring a specific historical event or group name like ""Warsaw Ghetto"" or ""Belarusian and Ukrainian Holocausts.""",-0.021178692935385324,27,-0.024290072133692053,16,-0.020386386052172134,38,-0.06528198584752887
484,143,105,36,eval,0,3,21,0.9083740210407427,-0.010036380712518223,0.7245649325545219,"Scientific/mathematical prose format with a quoted title (""The Nobel Prize in Physics""), strongly implying a historical or physics question about neutrinos.",-0.024860596060046092,41,-0.01040592064581558,67,-0.021115744129563296,5,-0.008407741211086228
485,143,105,36,eval,1,3,36,0.9083740210407427,-0.008841276350546656,0.688815839705431,"The phrase ""The neutrino was first proposed to be a particle that could explain the disappearance of a neutrino"" establishes a classic puzzle about a known particle, strongly implying ""the neutrino"" or similar particle discovery context.",-0.022372265541180658,35,-0.01580226639095894,6,-0.017938620743748968,40,-0.020395410397350155
486,143,105,36,eval,2,3,40,0.9083740210407427,-0.1875384862658087,0.8796695600394895,"Final token ""1"" is mid-word in ""the neutrino and the"" — part of a quoted list (""Whether the neutrino, or""), immediately requiring a specific particle name like ""neutrino"" or ""solar neutrino"" or ""of the neutrino,"" completing the famous physics question.",-0.035001950989440256,10,-0.010894289998085172,16,-0.012429030433247723,1,-0.023434066450274682
487,144,216,482,eval,0,5,22,0.8247890184424578,-0.004601715056209987,0.6827360006298122,"Wiki article format with structured sections describing a fictional species, using numbered facts and citations about a historical figure's name and characteristics.",-0.012617327062203865,20,-0.0388017148999813,57,-0.036794581809832305,44,0.003333291939845995
488,144,216,482,eval,1,5,22,0.8247890184424578,-0.016985645063373522,0.6365489870782214,"The sentence ""The article traces the history and evolution of the term 'Koschei the Deathless', with its scientific classification and cultural context.",-0.013920151921057222,21,-0.012617327062203865,20,-0.003643020236424932,37,-0.006993150184235741
489,144,216,482,eval,2,5,17,0.8247890184424578,-0.003562399860536636,0.695588247088341,"The article 's section details"" signals a second clause continuing the historical/encyclopedic content with a citation count.",-0.015171501627696427,20,-0.03297416393115893,10,-0.03721846855486388,56,0.0005447620879627246
490,144,216,482,eval,3,5,14,0.8247890184424578,-0.031585041828261384,0.7672881268044095,"Final token ""1"" is mid-number ("" The article has begun its history and explanation...",-0.004826688736179308,26,-0.016860405487223673,18,-0.0347339657578567,56,-0.016158528203370826
491,144,216,482,eval,4,5,22,0.8247890184424578,-0.0016294005626229513,0.7624374566421614,"'s history...""), strongly expecting ""s, the"" or ""s the following details"" or ""...The article has been revised,"" completing the enumerated historical context.",-0.0446488500608373,43,-0.0052167829803436705,1,-0.02851528257851621,46,-0.005066056465013236
492,145,359,310,eval,0,3,22,0.8646711882143121,-0.015521852024198979,0.5315670203216678,"Historical weather report format with numbered accounts detailing a tornado event in Alaska during January 1977, presenting factual data and damage statistics.",-0.04930756412913051,70,-0.01089529099366382,79,-0.015999037590162746,42,-0.003227285480582487
493,145,359,310,eval,1,3,40,0.8646711882143121,-0.021518383180593403,0.7689546061790427,"The sentence structure ""The damage report noted that only two structures in Fairbanks sustained damage during the storm , "" provides a specific example listing local incidents, with ""Two buildings in Northwood suffered damage"" suggesting a count or details follow.",-0.1003090669319624,36,-0.023798647385159244,16,-0.1003090669319624,36,-0.023548943324274152
494,145,359,310,eval,2,3,47,0.8646711882143121,-0.049484844196556965,0.8046132020421096,"Final token ""two , "" ends mid-clause (""Two buildings in Northwood experienced damage at the two buildings in Northwood ""), immediately expecting a noun phrase like ""both being destroyed"" or ""one being minor"" or ""and a total of two vehicles,"" continuing the damage count or specific incidents.",-0.1454595760952191,30,-0.05039394620475113,43,-0.06392588970971025,5,-0.11901157345041191
495,146,623,407,eval,0,3,25,0.9341455002882673,-0.0069631659049191885,0.5424821647479559,"Wiki article format with numbered list detailing a fictional character's attributes and appearances, listing achievements and media appearances for a fictional Pokémon character named Pikachu.",-0.012572202279266587,54,-0.006168821701774685,34,-0.01579444383168871,62,-0.008584079515569054
496,146,623,407,eval,1,3,42,0.9341455002882673,-0.025116976537855273,0.904532462975622,"The sentence ending ""The character has received a video game series, a toy line, and a song; as well as a mascot appearance and a"" suggests a concluding list item or additional media appearances or merchandise, implying a final achievement or product.",-0.0249441698738031,39,-0.02754967570680278,38,-0.08469001037544366,48,-0.031214999922992703
497,146,623,407,eval,2,3,41,0.9341455002882673,-0.019208243606287145,0.88066608925054,"Final token ""a"" is an indefinite article mid-list (""and a music album, an appearance in a video game and a""), requiring a noun phrase naming another product or achievement, likely ""video game character"" or ""several toy lines"" or ""personal mascot book.""",-0.02366522779137814,57,-0.08047719049444535,49,-0.01662948250595353,19,-0.06064241353756328
498,147,289,442,eval,0,3,24,0.9067909056946184,0.0015499965338658939,0.43070828352942947,"Historical military model description with technical details about British WWI submarine operations, presenting a quoted account with parenthetical context about a specific ship's movement.",-0.005838070418975216,11,6.813051679255278e-05,3,-0.016018324074564383,31,-0.002083099401017696
499,147,289,442,eval,1,3,34,0.9067909056946184,-0.02446352886369141,0.8058584067349277,"The sentence structure ""The British aircraft had also attempted to bomb the German battleship 'Prinz Wilhelm' en route to Ouistreham, near Ou"" continues listing locations, specifically referencing a target town near the invasion site.",-0.025434231043171884,28,-0.1032431018877511,48,-0.010611427896364156,9,-0.02177401831990644
500,147,289,442,eval,2,3,34,0.9067909056946184,-0.09542113802861274,0.8639188014132235,"Final token ""Ou"" is a truncated word mid-sentence (""between Ou""), part of a parenthetical location description (""the planned attack on both positions, including nearby Ouistreham""), strongly expecting ""istreham"" or ""istreham and other French towns.""",-0.011237303254458708,6,-0.00590380100162935,3,-0.0848958851465359,47,-0.04539521990759221
501,148,475,72,eval,0,3,24,0.8263336908754233,0.0030862645723302995,0.5805904638965205,"Wiki-style TV show article format with informal tone and parenthetical references establishes a structured episode summary pattern about ""The Simpsons"" episode ""The Good Wife.""",0.002302822825500317,75,-0.014938530723235588,12,-0.003373992432454065,32,-0.0015259950648742748
502,148,475,72,eval,1,3,38,0.8263336908754233,-0.02126971270330824,0.6720257909283089,"The sentence ""In the episode ""The Good Wife"" , the cast discusses the upcoming episodes of 'The Simpsons' and the episode's plot is titled"" implies a direct quote or summary of the episode's plot, continuing the title's description.",-0.03596653737662214,7,-0.031151801010150137,40,-0.027123030508382717,36,-0.004449741238483962
503,148,475,72,eval,2,3,38,0.8263336908754233,-0.24877976877725894,0.7944532203266348,"Final token "" "" opens a quoted title mid-sentence (""In ""...""), directly continuing the clause ""In 'The Good Wife', in '..."" — expects ""The Good Wife"" or ""This Episode"" or ""The Mystery Man, he"" describing the episode's content.",-0.043370787235910147,13,-0.2555057656006684,58,-0.03566290798192795,28,-0.18749125441125247
504,149,376,66,eval,0,4,10,0.9625658066153824,-0.005695827078104232,0.3999954492141165,"Historical/encyclopedic format with a military photograph caption, describing a U.S.",-0.004410727146333504,63,-0.005205748107718011,48,-0.004387733979384523,54,-0.003514687544998396
505,149,376,66,eval,1,4,12,0.9625658066153824,-0.0010151525389116012,0.49857043165632603,"Army Corps of Engineers document, implying factual details about a specific location.",-0.006324715573506889,50,-0.0015048404247983704,76,-0.004701389121682831,26,-9.576660899401901e-06
506,149,376,66,eval,2,4,32,0.9625658066153824,-0.009908888667646054,0.9401362333869794,"The phrase ""The area was located in both Oakland and Che"" suggests a list of Michigan counties or tribal names, with ""Cheboygan"" being a truncated word mid-sentence describing a second jurisdictional area.",-0.011849389612196948,20,-0.01208709488800197,4,-0.010619015764866013,16,-0.018965535068451556
507,149,376,66,eval,3,4,38,0.9625658066153824,-0.016484605224207693,0.9500441579985033,"Final token ""Che"" is a truncated word mid-list (""Michigan and Che""), part of a parenthetical geographic designation (""two counties: Oakland and Che...""), strongly expecting ""boygan County"" or ""manilla County"" or ""man County,"" completing the enumeration of affected lands.",-0.06199652403371536,33,-0.026949757637901528,46,-0.35330500157852673,30,-0.19915146742934142
508,150,530,70,eval,0,3,17,0.9289029653903451,-0.003404054835181136,0.47601338075479843,"Historical military aviation technical article format with technical specifications and dates, describing a British aircraft design designation.",0.0008367673550754295,32,-0.0012166968132036882,18,-0.001958772604526038,1,-0.003382006281246963
509,150,530,70,eval,1,3,50,0.9289029653903451,-0.005728315154758912,0.7238000919992343,"The phrase ""The Mk III was initially produced as a interim solution and was designated as a stopgap measure"" suggests a clause describing a prior prototype or interim aircraft program, implying a historical context about the US Army's urgent need for a temporary tank gun solution before a permanent design.",-0.03234427376529847,5,-0.022779132129683632,12,-0.0005394852395281813,18,-0.015239052183507518
510,150,530,70,eval,2,3,45,0.9289029653903451,-0.19394858035472984,0.8694177268452848,"Final token ""solution"" ends mid-phrase (""proposed as a interim solution""), part of a quoted description clause (""developed as a interim solution and was a interim solution""), strongly expecting continuation like ""before the permanent design"" or ""to fill a gap"" or ""for the shortage of supplies.""",-0.20426405993156938,66,-0.12771388472835288,34,-0.08442834155025536,42,-0.1868799963060318
511,151,346,144,eval,0,3,16,0.9096310777940992,-0.004338126743205439,0.510740378905099,"British football article format with Wikipedia-style statistics listing, detailing a player's career progression and managerial career.",-0.002930632325451321,13,-0.0011385715235865401,17,-0.0017150304927504578,46,-0.003742679095126933
512,151,346,144,eval,1,3,46,0.9096310777940992,-0.028693849329759935,0.858290220108286,"The sentence structure ""Another example was Alan Shearer who was promoted to the Premier League from the Championship in 1995 while playing for Blackburn Rovers in the"" is mid-sentence describing a league position in a lower division, with a second league example expected about the Championship.",-0.05027444201793152,56,-0.028785631693948766,49,-0.030229767764558768,17,-0.11607810585302003
513,151,346,144,eval,2,3,43,0.9096310777940992,-0.04538237020999847,0.8469422705939924,"Final token ""the"" is an article mid-phrase (""of the""), part of a league specification clause listing a second division (""a player who played in the Championship of the""), requiring a specific league name like ""First Division"" or ""English Football League"" or ""Second Division.""",-0.020491155099535807,23,-0.02875618485428577,39,-0.03559882946676962,11,-0.13855432685795488
514,152,172,275,eval,0,3,21,0.8977440975216446,-0.0056110203648369605,0.42050306782815783,"Literary analysis format with numbered quotations from a scholarly source describing Dante's poetic imagery, detailing specific scenes from the Divine Comedy.",-0.002392486836395591,31,-0.011533192632187994,44,-0.0009303743224079453,21,0.002668984540978525
515,152,172,275,eval,1,3,39,0.8977440975216446,-0.009219006765164295,0.7216666566582972,"The sentence structure ""In another painting, Christ's Pilgrim is depicted as damned"" introduces a specific example of a biblical figure's fate — ""John the Baptist, who is condemned"" suggests a theological or infernal punishment detail about Satan's fallen angels.",-0.030268280105888,0,-0.07213650473829569,37,-0.19187404495482974,32,-0.005688321146100184
516,152,172,275,eval,2,3,44,0.8977440975216446,-0.09885546013087176,0.8729273297614635,"Final token ""condemned"" ends mid-clause (""John is condemned""), part of a list of specific details (""When Dante's poet Virgil is, John is condemned""), expecting continuation like ""to hell for his sins"" or ""in the underworld and must carry a torch"" describing his infernal status.",-0.20167533476079347,27,-0.026987351547059668,8,-0.25571172916712037,48,-0.22361099251526606
517,153,617,487,eval,0,4,16,0.8859772861442085,-0.0036687614203549934,0.4611601071945365,"German historical biography with structured chapters detailing a 19th-century Mennonite family's business career in Danzig, Poland.",-0.08606681692038598,48,-0.0027969508613052696,21,-0.2022374638299297,55,0.0018596407125794912
518,153,617,487,eval,1,4,25,0.8859772861442085,-0.003243720447834497,0.5199904839455349,"The paragraph mid-sentence (""In the meantime the widow Anna took over the trading business of her husband and became a partner in the local bank.",-0.014391455009500898,27,-0.01266995201696619,25,-0.15982228974315393,46,-0.026293619748334773
519,153,617,487,eval,2,4,19,0.8859772861442085,-0.014167448020300788,0.5190009981029006,"She received the inn in the village of Lauenburg"") continues listing career changes and property transfers with specific details.",-0.014152766662292371,32,-0.012539956754285875,0,-0.018922660239242273,35,-0.008911154610418026
520,153,617,487,eval,3,4,44,0.8859772861442085,-0.3231069593933238,0.7998347799449371,"Final token ""in"" ends an incomplete clause (""She took over the lease of the grocery store business in""), directly continuing the property transfer narrative about Anna's acquisition of the landlord's business, expecting ""1825"" or ""the house and then sold it to her"" or similar.",-0.031104941491917115,6,-0.254472335881614,43,-0.015056735911118113,17,-0.2593741748617756
521,154,348,330,eval,0,3,17,0.7939600912485353,-0.014317748859118629,0.25974851717597464,"Encyclopedic Wikipedia article format with structured historical narrative about nitrogen's discovery, establishing scientific context and chemical facts.",-0.01367202484916763,34,-0.006909209343285649,38,-0.017951867599923177,27,-0.004243754322839299
522,154,348,330,eval,1,3,39,0.7939600912485353,-0.021043215937156412,0.6013258740586491,"The phrase ""The first to isolate nitrogen was James Dewar, who used chemical reactions of gases condensed from liquid air"" mirrors a historical definition clause, likely referencing the original air liquefaction process, implying the source material or credit attribution.",-0.07814815090721039,40,-0.0757270948917611,41,-0.08269509371165551,26,-0.02466415011353762
523,154,348,330,eval,2,3,41,0.7939600912485353,-0.1532220089327344,0.7604017026106702,"Final token ""air"" ends mid-phrase (""components separated from liquid air""), part of a parenthetical historical description (""first chemists who isolated nitrogen from liquids obtained from liquefied air""), strongly expecting continuation like ""."" or ""extracted"" or ""the experiment"" or ""and the mixture.""",-0.2562946263973971,25,-0.2634481390985687,30,-0.03538932225275149,6,-0.32614999596501476
524,155,184,405,eval,0,4,17,0.9005202260376267,-0.005177202184538543,0.3996244249115565,"Sports broadcast recap format with historical NFL game details, listing play-by-play highlights of a 1960s Army vs.",-0.01481472467022149,51,-0.003056996450792271,44,-0.008282597965212024,75,-0.0005051317412004819
525,155,184,405,eval,1,4,4,0.9005202260376267,-0.0003870426741545696,0.2596245678920672,Texas Tech football game.,-0.0010168820453870797,13,1.2357977907440088e-05,57,0.0001089609779816314,92,0.0003394486286775189
526,155,184,405,eval,2,4,35,0.9005202260376267,-0.02771257791193582,0.6197447211791216,"The sentence ending ""The Tigers took a 14-0 lead early in the fourth quarter, but Ohio State fumbled on their first possession"" continues a sequence of turnovers and scoring plays, detailing a specific defensive blunder.",-0.03822567028312407,5,-0.03822567028312407,5,-0.05123268842076367,40,-0.025244628255491453
527,155,184,405,eval,3,4,44,0.9005202260376267,-0.30907556849788087,0.8260493300382777,"Final token ""on"" ends an incomplete clause (""Ohio State scored a fumble on""), part of a second consecutive turnover description listing plays (""The Buckeyes responded with a three-and-out on""), expecting ""their next drive"" or ""the following possession"" or ""their final score, forcing a turnover.""",-0.03808918099060199,8,-0.055039788440298776,0,-0.15002739406829269,46,-0.11911782516218195
528,156,458,34,eval,0,3,23,0.8424208733745383,-0.005449600957844081,0.4372398392809212,"Wiki article format with a TV episode title structure, suggesting a fan page or summary format with metadata about a television show episode.",-0.0031245471645079403,68,-0.016250916326933096,9,-0.014482097949851669,53,-0.015197238185117423
529,156,458,34,eval,1,3,40,0.8424208733745383,-0.0857669261173225,0.735764247563133,"The phrase ""The episode is the fifth episode of the series titled 'The Dark Knight' and is the first episode overall"" implies a numeric metadata format (""airdate and total episodes count, 12th overall""), completing a definition of the episode's status.",-0.124748092397859,43,-0.07325051995193843,15,-0.039401003971175075,31,-0.06465187481474555
530,156,458,34,eval,2,3,43,0.8424208733745383,-0.05373801516597432,0.7541330437105396,"Final token ""overall"" ends an incomplete phrase (""with a total of 12 episodes and 145 episodes overall and the script number overall""), strongly expecting ""."" or ""of the series"" or ""."" to close the metadata clause, likely followed by a date or description.",-0.07434242310691908,0,-0.05430199485653975,62,-0.08397384388606122,18,-0.027185833705850482
531,157,501,218,eval,0,3,20,0.9179487936400337,-0.011441066185948756,0.515227685211767,"British music news article format with factual details about a UK pop group's career, listing chart performance and promotional activities.",-0.018463109287168877,68,-0.008098001657960263,50,-0.006582690870391983,29,0.0006532315795813037
532,157,501,218,eval,1,3,39,0.9179487936400337,-0.016755704007243688,0.6897996201313318,"The sentence structure ""The singer's vocal style was compared to Madonna's, with her debut single receiving positive reviews"" suggests a list of musical influences or comparisons, specifically a celebrity comparison or vocal characteristics like Madonna or other pop icons.",-0.034024449221372044,1,-0.056985029867841375,52,-0.06168984418991774,50,-0.011758258148433454
533,157,501,218,eval,2,3,47,0.9179487936400337,-0.1846875919797255,0.8797334276025098,"Final token ""to"" ends an incomplete comparison clause (""her vocals compared to""), part of a quoted attribute list (""Her vocal style has been compared to""), expecting a specific artist name or descriptor like ""Whitney Houston's"" or ""those of other female singers"" or ""the likes of Britney Spears.""",-0.022148166722252727,30,-0.030069732781092373,3,-0.05293008984813907,39,-0.028653827617238448
534,158,23,252,eval,0,3,21,0.8667564623040475,-0.005712325013368713,0.38585295873064224,"Historical military encyclopedia article format with detailed narrative describing a British battleship, incorporating quoted historical accounts about the Mediterranean's strategic importance.",-0.028294051816846855,80,-0.007833404403121857,8,-0.00553694482968492,2,-0.002982834295009673
535,158,23,252,eval,1,3,42,0.8667564623040475,-0.02522530306759918,0.7437665248236658,"The sentence ending ""Thus the absence of the German battleship allowed British naval forces to concentrate on other duties, freeing many Allied warships from blockade duty"" suggests a clause describing naval diversionary costs or enemy ship commitments, continuing a historical consequence clause.",-0.13918204643388288,48,-0.10421121137589096,55,-0.0953979731459661,64,-0.012666449115727008
536,158,23,252,eval,2,3,45,0.8667564623040475,-0.103669209198889,0.8077525096634854,"Final token ""ships"" ends mid-clause (""kept a number of Allied warships occupied a number of guard duty ships""), likely completing with ""in the Atlantic"" or ""that were otherwise tied up"" or ""and prevented them from other duties,"" continuing the clause about naval competition for resources.",-0.032666988673236474,17,-0.1219873361988203,30,-0.20173699306904702,43,-0.284990000419306
537,159,490,229,eval,0,3,24,0.9033892069465512,-0.030779898029703823,0.528293612419981,"Wikipedia article format with biographical details listing career milestones and singles for American singer Tion Wayne, detailing his debut album ""Love Is the Reason.""",-0.013959100198620011,65,-0.016215029387134927,3,-0.007871279113224494,20,-0.007012765315178027
538,159,490,229,eval,1,3,38,0.9033892069465512,0.0016822537115792624,0.8000907074740451,"The sentence structure ""The music video for the single was also released, and a music video was"" implies a final item about a video or promotional content, likely describing a video's creation or cancellation or another related event.",0.0011087397370171947,32,-0.06196878719977261,2,-0.007196054191444312,15,-0.01412442551630333
539,159,490,229,eval,2,3,42,0.9033892069465512,-0.03207423321920988,0.8626170511437385,"Final token ""was"" ends an incomplete clause (""The music video was""), part of a list of video-related activities (""An accompanying music video clip was""), expecting a verb phrase like ""shot in November 2007"" or ""released on December 2007 and featured his nude.""",-0.01203465170275475,53,-0.0009945915336648792,25,-0.014306415765390268,47,-0.2615569456574858
540,160,603,258,eval,0,4,21,0.8889499505732108,-0.008321450044345702,0.505010914651791,"Article structure: blog-style video description detailing a video game's creative process, with numbered sections describing a Japanese animation project's design evolution.",-0.011280763275512418,24,-0.002364151313271945,34,-0.01079467279803592,21,-0.004608704349097659
541,160,603,258,eval,1,4,18,0.8889499505732108,-0.007746880623817565,0.6036038491714,"The sentence ""The game's levels were constructed using a hybrid 3D/2D process; characters were designed first, then animated.",-0.001073843772820826,78,-0.0064673265661067125,80,-0.01772786899702128,0,0.006150800181508376
542,160,603,258,eval,2,4,21,0.8889499505732108,-0.007717883102396961,0.516167226699743,"Models were built in"" lists specific technical details about the modeling workflow, with ""individual scenes"" and a method of creation expected.",-0.0214087873004013,4,-0.011527145287088647,57,-0.004369985426110556,37,0.00018433317405863736
543,160,603,258,eval,3,4,40,0.8889499505732108,-0.13826240117634003,0.8113945269680416,"Final token ""in"" ends an incomplete phrase (""Models were built in""), part of a list of modeling techniques (""Elements were modeled in""), expecting a noun like ""a 2D software"" or ""blocks and then rearranged"" or ""the game's own grid system.""",-0.10105289961179698,48,-0.09196652653442106,44,-0.10220828796956671,47,-0.27822418947867167
544,161,58,359,eval,0,3,19,0.9365982715743219,-0.0007754130184690622,0.47332272693757493,"Scientific article format with taxonomic description listing dinosaur species names and historical attribution, mixing paleontological evidence and naming conventions.",-0.006592225383151851,35,-0.04426884446921442,53,-0.009129458734803197,16,-0.0009641907537805139
545,161,58,359,eval,1,3,37,0.9365982715743219,-0.016355075847730438,0.7150176951992055,"The sentence structure ""Another specimen was the incomplete skeleton of Deinonychus antirrhopus, with a second specimen named US"" suggests a specific fossil catalog number or specimen designation from a museum collection, likely a second named American specimen.",-0.014680145184774562,8,-0.01157272268533771,13,-0.013721276097366175,20,-0.015214558952931556
546,161,58,359,eval,2,3,38,0.9365982715743219,-0.22610607447317743,0.8965579205891389,"Final token ""US"" is an abbreviation mid-sentence ("" specimen US""), part of a list of fossil specimen identifiers (""a specimen number: US""), strongly expecting a museum collection code or specimen designation like ""MV 1550"" or ""AMNH"" or ""CMNH.""",-0.2065950780916851,30,-0.015819757408780943,15,-0.2131793634911513,32,-0.17792376491843764
547,162,264,19,eval,0,3,18,0.932809381344513,0.006654195929488793,0.5261732930996815,"Wiki article format with structured metadata (""Song by Taylor Swift"") establishes a music entry describing a collaborative performance.",-0.009092794437436047,57,0.006243160072260001,1,0.0005917970570720188,67,0.010346012597575172
548,162,264,19,eval,1,3,39,0.932809381344513,-0.0018427373068854447,0.9034468893568032,"The phrase ""A 2005 song is a du"" strongly implies the word ""duet"" or ""duet song,"" completing the description of the artist's collaboration with another performer, likely naming the song's title or confirming the dual nature of the performance.",-0.024037471207462247,54,-0.017498963334728335,10,-0.024037471207462247,54,0.010105057116856275
549,162,264,19,eval,2,3,43,0.932809381344513,-0.026857997719082927,0.9291353683229427,"Final token ""du"" is a truncated word mid-definition (""a du""), part of a noun phrase describing the song's status (""This is a duet""), immediately requiring ""et song"" or ""ited song by Taylor Swift and another artist,"" continuing the definition of the collaborative work.",-0.02457261165126068,43,-0.024677336506967684,38,0.0032985540587928686,14,-0.019081565891647223
550,163,529,503,eval,0,3,24,0.8839294496882174,-0.0009506494131307219,0.46531695122431965,"Historical article format with numbered sections detailing a geopolitical conflict, listing military and political events of the Russian Empire's decline during the Napoleonic Wars.",-0.006065319159092364,78,-0.010164369648714255,66,-0.02050523825784012,61,-0.010744548427566225
551,163,529,503,eval,1,3,39,0.8839294496882174,-0.0075014028991197135,0.8703541921885727,"The sentence ending ""Afterward, the resistance against the imperial forces grew stronger under the leadership of Emperor Alexander I and his generals and others"" describes a list of opposition actions, with ""others"" suggesting a concluding clause about military reversals.",-0.023658211186266764,62,-0.035966821432642404,33,-0.02136391673412985,58,-0.004404996743835876
552,163,529,503,eval,2,3,39,0.8839294496882174,-0.02201642368871326,0.8500959300514072,"Final token ""others"" ends an incomplete list (""by General Lambert, Ivan Yakovlev and others and others""), part of a clause describing military efforts and resistance activities, expecting continuation like ""in the mid-1810s"" or ""who defeated the invasion"" or similar.",-0.03101660774817605,6,-0.05525799729547898,52,-0.04000167334955418,34,-0.1192020985163661
553,164,486,268,eval,0,4,27,0.7185959653579632,-0.010261267502011173,0.4633585244938735,"Wiki format with structured metadata fields (""Wikipedia article"") presenting a character name with dates and facts about a historical figure, suggesting a search result or trivia format.",-0.009350470382938791,7,-0.0006566838271292452,36,-0.0564531325044928,45,0.00344394343180332
554,164,486,268,eval,1,4,11,0.7185959653579632,0.004583985933042878,0.5110634660842793,"The phrase ""Is the name 'John Smith' a valid Wikipedia article?",-0.005489386486683401,55,-0.04331092317007457,74,0.0034614204403361493,22,0.003056276791962409
555,164,486,268,eval,2,4,18,0.7185959653579632,-0.0034820369395801576,0.592554434319118,"The date '2012-03-15'..."" mirrors the pattern of listing multiple attributes, implying the same question about the name's components.",-0.03852893309010075,69,-0.022889568335526578,44,-0.022646898863803777,50,-0.007067937180523898
556,164,486,268,eval,3,4,32,0.7185959653579632,-0.16008464812140455,0.5960631610903248,"Final token ""post- "" is mid-number in ""T-12-03-15 and the date 1-..."" continuing the truncated date pattern, strongly expecting "" -15?"" or "" -15th?"" to complete the second question about the concept.",-0.12228099863485176,40,-2.119091111907334e-05,12,-0.014860687672379913,31,-0.06659644074718107
557,165,85,332,eval,0,3,21,0.896738184698408,0.003748199078355552,0.44326865959655576,"Sports boxing statistics format with numbered results listing career achievements for Canadian tennis player Milos Tezak, detailing tournament performances and rankings.",0.0032539236906268254,35,-0.0125645463714531,83,0.0015111656707034182,14,-0.007166071818653474
558,165,85,332,eval,1,3,40,0.896738184698408,-0.015019022578318775,0.6822285769196201,"The sentence ending ""In the 2011 Asian Games the Canadian team finished second in the World Military Games and the team also defended"" is mid-clause describing a championship title win and a prior achievement by the Korea team's women's team.",-0.005599386517849525,29,-0.006407821988519746,18,-0.005599386517849525,29,-0.02725349850712977
559,165,85,332,eval,2,3,45,0.896738184698408,-0.22730091441657474,0.8522114336550636,"Final token ""defended"" ends an incomplete clause (""where the team had successfully defended""), part of a list of accomplishments (""when the team also when Korea had successfully defended their World Championship title...""), expecting ""their gold medal"" or ""their previous championship title"" or ""their championship points.""",-0.033680670866311324,18,-0.1856154879934594,42,-0.02927880629348867,19,-0.23096458322544433
560,166,498,97,eval,0,4,21,0.8138459147205434,-0.03986577317051698,0.3039440534128622,"Wikipedia article format with formal definition of directed acyclic graphs, following a standard mathematical definition pattern with quoted definitions from Wikipedia.",-0.005898321676491625,72,-0.014537880454243646,32,-0.00747895991044667,55,-0.0054096888725112535
561,166,498,97,eval,1,4,39,0.8138459147205434,-0.028362371474949355,0.6736952277219614,"The sentence structure ""A directed graph is a DAG if and only if it contains no cycles ; equivalently , "" mirrors a well-known characterization of DAGs, listing the two equivalent definitions of acyclicity, implying the second definition follows.",-0.02177549818683211,15,-0.03847385318242025,32,-0.08057061876534,51,-0.02967774176988469
562,166,498,97,eval,2,4,18,0.8138459147205434,-0.012338131194675084,0.4087976233442413,"Final token "" , "" is mid-definition after ""Equivalently , "" continuing the quoted definition list (""Thus ,...",-0.006909430737064515,6,-0.009293385859608594,7,-0.01201481509422997,34,-0.008233558437502175
563,166,498,97,eval,3,4,29,0.8138459147205434,-0.021924091627243514,0.5171496856775692,"Alternatively ,""), strongly expecting ""a DAG is a directed graph that can be reached from a root"" or ""the DAG's adjacency graph is a directed acyclic graph"" or similar.",-0.04885860112073348,69,-0.028887323175768254,28,-0.011958232963720561,42,-0.048075221850034655
564,167,424,331,eval,0,3,22,0.9109389179188779,-0.022871840626180417,0.46629954927267675,"Wikipedia-style Canadian geography article with numbered entries describing a lake and river system, listing historical and ecological details about the Kananaskis River.",-0.024856801859099442,14,-0.024872160987374325,22,-0.015224572223327959,74,-0.003391544293048332
565,167,424,331,eval,1,3,40,0.9109389179188779,-0.018816908354656325,0.6893405844011684,"The sentence structure ""The Long Lake is a long narrow lake north of the town, with a length of"" continues a distance/dimension fact about the Lake of Two Hills, likely providing another geographic measurement or feature detail about the lake.",-0.0352879144763143,14,-0.014109728495102059,31,-0.18500393734513454,51,-0.013156943420206346
566,167,424,331,eval,2,3,46,0.9109389179188779,-0.20699613917214243,0.8457540142567643,"Final token ""  "" opens a numeric measurement mid-value (""Its length is approximately ""), part of a second dimension fact (""The lake is about""), immediately requiring a numeric value like ""15 km long"" or ""a narrow lake basin with"" or ""16 km² area,"" continuing lake description.",-0.07498753553203485,30,-0.18361715556871439,49,-0.03204701262153453,11,-0.1390255825989618
567,168,205,300,eval,0,3,23,0.9160499448691369,-0.04572021550965,0.5060176599199273,"Japanese manga article format with translation notes discussing a romantic comedy series, detailing character development and plot issues around the manga's serialization schedule.",-0.00959088091393323,11,-0.010399709501701104,63,-0.002212513067531785,44,-0.008936866883821892
568,168,205,300,eval,1,3,46,0.9160499448691369,-0.004414030056898777,0.799062827212795,"The sentence structure ""Although the author struggled to keep up with her writing schedule, she found it difficult to maintain a weekly pace and had to cut back on a"" suggests a quoted statement about the writer's workload or consistency, continuing a critique of chapter output.",-0.01639516658797313,17,-0.004969850249975538,22,-0.004732577476518562,31,-0.024448443021550248
569,168,205,300,eval,2,3,43,0.9160499448691369,-0.05003315519428175,0.838670709121715,"Final token ""a"" is an indefinite article mid-clause (""maintain up kept up a""), part of a clause listing constraints (""While struggling to maintain a pace, he couldn't keep up a""), expecting a noun like ""consistent plot"" or ""monthly output rate"" or ""daily writing.""",-0.015773532001432056,45,-0.021480463086116952,17,-0.03290711197756069,57,-0.03892440107310391
570,169,263,381,eval,0,3,20,0.9533332633883294,-0.010865163017029777,0.3971108527469289,"Wiki article format with descriptive prose about Filipino film, listing artistic qualities and historical context with a specific film entry.",-0.010586187033921779,64,-0.007417690295905666,30,-0.007676551735060433,13,-0.0040960291933811455
571,169,263,381,eval,1,3,45,0.9533332633883294,-0.014252193367395916,0.8247490712619331,"The phrase ""Another Filipino actor who was also involved was Herman Bal"" appears to be a name or attribution, likely referencing a Dutch film company or director's name with a historical footnote about censorship or production context, suggesting a parenthetical reference or quotation mark follows.",-0.018852968208527998,26,-0.011990479010315025,21,-0.0775822859287536,53,-0.011796891763901307
572,169,263,381,eval,2,3,37,0.9533332633883294,-0.05394763691022586,0.9204670843491892,"Final token ""Bal"" is a truncated surname mid-phrase (""Herman Bal""), part of a name list or attribution clause (""The late Dutch filmmaker Herman Bal""), strongly expecting completion like ""boom"" or ""man's"" or ""Schwarz's"" or ""Koek's"" artistic influences.",-0.010726107430614862,14,-0.011496931855274006,20,-0.02304256503884572,41,-0.012485268254795234
573,170,282,47,eval,0,3,22,0.906095090841974,-0.011433713427142056,0.5163527870942144,"Historical biography format with scholarly attribution, listing titles and dates for an English archbishop, suggesting a medieval document about Thomas of Lancaster.",-0.06780061711005181,58,-0.03345608823537616,61,-0.001539419846775636,37,-0.005977400143474698
574,170,282,47,eval,1,3,33,0.906095090841974,-0.00415522540832558,0.671561244176367,"The phrase ""The Vita of William de Warenne, who became Chancellor of England in 10"" implies a second date or career event sequence, likely referencing Henry I's political career or a predecessor's appointment.",-0.007889873948529469,30,-0.005381136113472906,20,-0.0066485625474262955,10,-0.007476855225221568
575,170,282,47,eval,2,3,38,0.906095090841974,-0.180660599629051,0.88863187696682,"Final token ""10"" is mid-number in a date range (""10""), part of a parenthetical date sequence (""appointed as Chancellor in 10""), strongly expecting ""88"" or ""975"" or ""78,"" continuing the historical dates of the Norman court's political maneuvering.",-0.0048864106437278565,22,-0.020557553038458853,0,-0.006917090435640261,8,-0.019412341752673035
576,171,21,150,eval,0,3,23,0.8652746646088209,-0.008556343212674844,0.45687064709987424,"Music article format with quoted lyrics and historical context detailing a band's album release strategy, listing promotional details about David Bowie's ""Diamond Dogs.""",-0.027491709330862868,66,0.007497698369467676,79,-0.03256593108024908,52,0.005869814322609468
577,171,21,150,eval,1,3,42,0.8652746646088209,-0.015958735139201652,0.7358724824454014,"The sentence ending ""Additionally, Capitol Records delayed the album's release due to Columbia Records refusing to release the band's next single, with EMI threatening to not release"" suggests a parenthetical clause about contractual or business reasons, continuing a list of prior issues.",-0.013225460615675977,14,-0.04490648234464534,4,-0.05739440479977764,36,-0.02737341437602725
578,171,21,150,eval,2,3,39,0.8652746646088209,-0.09905757882940003,0.8019251901456794,"Final token ""release"" ends an incomplete clause (""because EMI refused to release...with Columbia not willing to release""), expecting a noun phrase like ""the album"" or ""it on their own"" or ""the remaining tracks"" or ""the album from the label.""",-0.09471702134892668,63,-0.010889070167239168,17,-0.02250486081891445,9,-0.20824431986812286
579,172,448,150,eval,0,4,20,0.9240371641915289,-0.0032580156154796702,0.5408614971250242,"British military history reference article with technical specifications of a World War II British aircraft, describing design and production details.",0.004401232833506574,22,0.0015247443142286654,10,-0.001210582262070603,29,-0.00128876118574206
580,172,448,150,eval,1,4,21,0.9240371641915289,0.0036723693734224128,0.5565919783954545,"The sentence structure ""The aircraft was withdrawn from production in December 1942 but work continued on the Avro Lincoln's development programme.",0.002073353226964114,12,-0.004086391406680767,39,-0.009197378523974509,51,0.0010179699290355781
581,172,448,150,eval,2,4,18,0.9240371641915289,-0.0041019355879327035,0.7135132584260615,"In 19"" implies a date event or decision, completing a historical clause about wartime urgency or cancellation timing.",-0.006290376076293125,36,0.004958279770831409,24,0.004661519902187661,23,-0.0025310634856425818
582,172,448,150,eval,3,4,38,0.9240371641915289,-0.09350461354854944,0.8810192820557371,"Final token ""19"" is mid-number in ""in 19,"" part of a date specification clause (""Decision was made in December 19""), strongly expecting ""43"" or ""44"" to complete the year, likely followed by ""43, the Ministry delayed the test.""",-0.053213231853680765,48,-0.009705669946194595,12,-0.013237042196710624,26,-0.10239756832443458
583,173,474,151,eval,0,3,22,0.9019273420170179,-0.003301297721269081,0.4838280516715346,"Historical weather article format with numbered facts detailing a tropical storm's path and intensity, establishing chronological narrative about Hurricane Tropical Storm 1995.",-0.007823720412088564,61,-0.01375991864510917,18,-0.008110873162206378,12,-0.0035851643862386817
584,173,474,151,eval,1,3,39,0.9019273420170179,-0.020898409158248032,0.8724899100139242,"The sentence structure ""While initial reports stated that the storm did dissolve, it was reported that the system diss"" implies a second claim about the storm's final fate or disappearance status, likely referencing the track chart or dissipation date.",-0.020480859662294515,50,-0.024842848718603316,54,-0.021639113354772643,30,-0.014991952053899693
585,173,474,151,eval,2,3,42,0.9019273420170179,-0.01656431216345,0.8762776497711673,"Final token ""diss"" is a truncated word mid-clause (""reported that diss""), part of a list of evidence items (""While it was reported that the storm claimed to diss...""), strongly expecting ""ipated on September 15"" or ""ipated completely, but its track was unclear.""",-0.03141907926781862,26,-0.019345554793321118,41,-0.02485477309978934,21,-0.03463600101803166
586,174,155,277,eval,0,4,23,0.8163772489571718,0.0025334143391165798,0.34960728656252793,"American historical blog format with biographical details about a reality TV couple, listing marriage dates and legal status confusion around their three children.",-0.008466600452306183,72,-0.025337323669856082,41,-0.014755472913336232,5,0.0015682697754584307
587,174,155,277,eval,1,4,19,0.8163772489571718,-0.008220584964475308,0.4424488528400347,"The sentence structure ""While she was married to her first husband (2005) she never legally married her partner, Sarah.",-0.051758669542056435,58,-0.05292182835529846,57,-0.011609030526121944,74,-0.0005354749517035851
588,174,155,277,eval,2,4,20,0.8163772489571718,-0.019415626954596643,0.4774801521708419,"She did marry Robyn in 2012"" continues detailing timing of religious conversions and additional marriages, with a specific date correction.",-0.02188547987271272,36,-0.03344847920775951,68,-0.03344847920775951,68,-0.0002198568394821132
589,174,155,277,eval,3,4,33,0.8163772489571718,-0.2878564208439218,0.7685497880650168,"Final token ""Robyn"" ends mid-clause (""She legally married Robyn""), part of a parenthetical clause listing two marriages (""She also married religiously Robyn""), expecting ""in 2013 after their ceremony"" or ""on a later date.""",-0.03244243113960443,30,-0.14542074333921529,45,-0.08633699649198345,48,-0.20041754963709624
590,175,125,296,eval,0,3,22,0.8492495845878457,0.0338469375060646,0.6303458071770359,"Structured Wikipedia-style format with bullet points listing facts about a fictional entity (""The United States""), presenting factual attributes about a scientific concept.",-0.010207474044912623,31,-0.029066979539406845,50,-0.0007655209915640171,35,0.022740856308742452
591,175,125,296,eval,1,3,45,0.8492495845878457,-0.03237932184730008,0.7690689856872991,"The phrase ""This passage provides a summary of the article's content about a country, including its characteristics and facts"" implies the sequence continues listing data points from the paragraph, suggesting the final sentence completes the structured description with more details about the graph or dataset.",-0.09355953864224864,58,-0.04580593480874484,9,-0.08539852012590565,47,-0.01110204473766574
592,175,125,296,eval,2,3,36,0.8492495845878457,-0.11206295828938106,0.7896480729724501,"Final token ""111"" is mid-number (""2022...and the following paragraph...""), part of a closing date range or count continuation, strongly expecting ""4"" or ""5,"" completing ""the detailed description of the planet's properties"" or ""3, ending the text.""",-0.0018852037620761264,2,-0.02005071529431879,33,-0.014118765119204513,32,-0.0076361015458971115
593,176,429,493,eval,0,3,23,0.8908611083702643,-0.04316910891199632,0.4511556375529803,"American literary magazine column format with vintage pulp fiction prose describing a female film star's career, listing bizarre titles and underground underground filmography.",-0.031054191578933188,61,-0.038014173641211735,1,-0.11344432018196915,66,0.00146799842770029
594,176,429,493,eval,1,3,40,0.8908611083702643,-0.0048888499151935605,0.5918727537390067,"The quoted phrase ""Like a couple of my own novels...The Sick Chickens And Black Death"" appears to be a parenthetical example of crude titles or film content, with a third item ""Black Death"" suggesting a horror or sleazy film title.",-0.21830396305240807,53,-0.21830396305240807,53,-0.20741852709615372,45,-0.031126718272828313
595,176,429,493,eval,2,3,38,0.8908611083702643,-0.17681734142599248,0.8187469973354532,"Final token ""Death"" ends mid-title (""Black Death""), part of a comma-separated list of film titles (""Sick Sex And Silent Death, Black Death""), expecting continuation like ""Machine"" or ""Girl"" or ""and Other Tales"" or ""of Pleasure,"" completing the phrase.",-0.2096890680701774,52,-0.036894256225664224,29,-0.036894256225664224,29,-0.20179232608216735
596,177,273,327,eval,0,3,20,0.9284301856371583,-0.025880040417504246,0.48819726033299216,"Canadian political wiki article format with biographical entries detailing a provincial Member of Parliament's career, listing political positions and activities.",-0.003580200762099972,12,-0.004702448944630455,80,-0.36514481476740446,60,-8.966333076254607e-05
597,177,273,327,eval,1,3,38,0.9284301856371583,-0.01693018296113369,0.6346214826989515,"The paragraph structure ""Prior to his election"" establishes a sequence of career milestones, with the first sentence ""Before his election to the legislature"" introducing a personal background detail about the individual's prior life or career before entering politics.",-0.016344769912292945,21,-0.033090713976407615,31,-0.038376120550962844,34,-0.013266823035991249
598,177,273,327,eval,2,3,43,0.9284301856371583,-0.19245485666519202,0.8516429204148025,"Final token ""election"" ends mid-sentence (""Prior to his election""), part of a second example clause (""Following his election""), strongly expecting ""to the legislature,"" or ""in 1995, he served as a municipal politician,"" or ""to Parliament, he worked as a journalist"" continuing the timeline.",-0.153069387743611,55,-0.13433212765207714,52,-0.09849376134954135,42,-0.30433575793566714
599,178,61,510,eval,0,3,19,0.8345001342402306,-0.006059478685311426,0.4395598744725319,"Literary reference format with scholarly annotation explaining a poem's structure, listing numbered definitions of ""ballad opera"" with parenthetical elaborations.",-0.007901976585918846,37,0.0037218773381061387,69,-0.009474548747916423,32,-0.005345869424651539
600,178,61,510,eval,1,3,34,0.8345001342402306,-0.026910102710885564,0.7850278991534451,"The sentence ending ""the work is also a dramatic opera ( also"" continues a parenthetical clause listing related genre terms (""transformational opera...""), suggesting a second genre term or additional context about the broader category.",-0.028953536398414248,25,-0.03369925243704963,20,-0.0438513519768603,2,-0.001039326015052855
601,178,61,510,eval,2,3,42,0.8345001342402306,-0.018326293217028722,0.7825299664018861,"Final token ""also"" ends mid-phrase ("" ( also""), part of a parenthetical qualifier clause (""a dramatic opera ( also""), completing a compound noun or genre descriptor list, likely ""called 'opera comique'"" or ""called dramatic fiction"") or ""called 'form'""), continuing the scholarly attribution.",-0.05641329441730225,15,-0.05688483003547662,12,-0.042985922507353,0,-0.15924009724854638
602,179,382,295,eval,0,3,26,0.8712666771788659,-0.03811927945836402,0.30289352795986557,"American literary fiction web page format with numbered chapters and dialogue-heavy narrative style, presenting a character's comic strip story about a high school student's sexual awakening.",0.006262375025597011,34,-0.019175426721005917,84,-0.03462434084041133,62,0.002207021705949219
603,179,382,295,eval,1,3,36,0.8712666771788659,0.005865608357309426,0.49918494027663957,"The sentence ""One day the boy is denied entry to the video arcade"" begins a specific example or anecdote, likely describing a personal incident or social rule, continuing the list of reasons for the protagonist's mood.",-0.21611698348156239,62,-0.013347357335703358,7,-0.06265939407369758,68,-0.04081880230428914
604,179,382,295,eval,2,3,48,0.8712666771788659,-0.3747727212816047,0.8082030770222517,"Final token ""arcade"" ends mid-clause (""Having been kicked out of the video arcade""), part of an incomplete example clause (""The boy has been forced from leaving the video arcade""), expecting continuation like ""because he was late"" or ""of a gambling hall due to his parents' anger"" or similar.",-0.1741019523442745,49,-0.37312208907061173,58,-0.10210885506908263,38,-0.34464589656081557
605,180,122,53,eval,0,4,10,0.8138537163815842,-0.029053886050331545,0.3847612105627523,"Wiki article format with historical marker details, describing a U.S.",-0.013820787199220752,54,-0.017192423204163365,78,-0.0038948203862702035,33,-0.004048494618473897
606,180,122,53,eval,1,4,10,0.8138537163815842,-0.003503721600201959,0.3199081609626773,highway sign with structured metadata about a specific route segment.,-0.012085446139114664,57,-0.006119727232750116,12,-0.015518471853575244,53,-0.0024544296640137686
607,180,122,53,eval,2,4,40,0.8138537163815842,-0.026040305557614274,0.584719499403416,"The sentence structure ""The sign indicates the route's designation as part of the Ohio Turnpike ( US Route 33 ) and ( US"" mirrors a parenthetical reference to another parallel route, completing the comparison with the named US Route 25.",-0.04151169444064573,1,-0.13140464556702236,33,-0.04214174088831757,2,-0.027257804588271317
608,180,122,53,eval,3,4,42,0.8138537163815842,-0.1692276685005556,0.7776801199442517,"Final token ""US"" is mid-reference to "" ( US"" — part of a parenthetical numeric designation clause (""Compare with: US Route 25 ( US""), immediately expecting ""25W )"" or ""101 )"" to close the parallel comparison of the original route's official designation.",-0.012497552668087386,20,-0.02657902671846557,23,-0.007964066709920337,13,-0.23113829245520157
609,181,535,39,eval,0,3,18,0.9028918830772029,0.014017571899089365,0.4247718221989818,"Wiki species entry format with taxonomic details, describing a shark species (Carangoides ruber), following a structured encyclopedia pattern.",-0.010504112709304736,37,0.008289140461985589,27,-0.03552249668865848,55,-0.011934557335397611
610,181,535,39,eval,1,3,36,0.9028918830772029,-0.002616063062786167,0.8624096349763484,"The phrase ""The species is found in the tropical waters"" mirrors a common species description pattern (""Found in the pelagic waters""), strongly implying the next tokens continue describing geographic range or habitat of the Indo-Pacific ray.",0.014551012446068823,2,0.0024804914710024883,15,0.0024804914710024883,15,-0.013211674384022709
611,181,535,39,eval,2,3,47,0.9028918830772029,-0.07682568859889571,0.9005880992101869,"Final token ""waters"" ends mid-phrase ""in the coastal waters,"" part of a habitat description clause (""Found in the coastal waters""), immediately expecting ""of Southeast Asia"" or ""of the Indian Ocean and the western Pacific"" or ""of the surrounding areas of the Atlantic"" to complete the habitat clause.",-0.068530180945374,39,0.005731632224326266,3,-0.08258049830218328,44,-0.09997732524469471
612,182,362,423,eval,0,3,20,0.8931599333133075,-0.021542595497815675,0.4207118081686755,"Historical biography format with scholarly British literary account, detailing a Victorian expedition's travels and publications, with structured narrative of events.",-0.011094252298594398,21,0.005509667557974773,11,-0.016429358414644324,75,-0.0003851189162011881
613,182,362,423,eval,1,3,40,0.8931599333133075,-0.014413333051114252,0.8214610351835382,"The sentence ending ""His health deteriorated during his visit to America, and he contracted influenza on"" suggests a concluding tragic event, completing a health crisis timeline with ""He fell ill on a voyage home,"" implying a date or illness outcome.",-0.009075096968424345,39,-0.02222398024538108,52,-0.009048735421322007,17,-0.029543518047392192
614,182,362,423,eval,2,3,45,0.8931599333133075,-0.042817994121863046,0.8345917017432366,"Final token ""on"" is mid-phrase in ""He contracted influenza on,"" part of a temporal clause describing a health crisis event (""He fell ill with influenza on""), expecting a specific date or circumstance like ""October 15"" or ""the journey home, and died shortly after"" or ""October.""",-0.23195000745363237,48,-0.029712085830358115,21,-0.15003637818340043,33,-0.18295630296196252
615,183,81,353,eval,0,3,24,0.9427064972307378,-0.0029269225949487554,0.5072124095768681,"Product design history article with technical blog format, listing vintage speaker design innovations with images and descriptions, including a specific quote about cabinet aesthetics.",-0.01128537664666407,73,-0.014110844147855905,46,-0.011210447146096758,12,-0.0010585909817120154
616,183,81,353,eval,1,3,34,0.9427064972307378,-0.03267996287161934,0.7708064774438189,"The sentence ""Another famous example is Fender's Altec Lansing Model 5"" mentions a specific vintage microphone model number, likely referencing a competing or iconic tabletop speaker product with a famous small size or shape.",-0.019738798008688052,17,-0.10731344879880589,46,-0.08076149077027339,27,-0.015728133449617543
617,183,81,353,eval,2,3,41,0.9427064972307378,-0.1082265625736295,0.9055943282112631,"Final token ""5"" is mid-number in ""Altec 5,"" part of a parenthetical example listing a specific model (""The Radio王 Marshall 5""), strongly expecting a continuation like ""00"" or ""Star"" or ""Starlight"" or ""mini speaker,"" completing a product name about sound quality.",-0.016464377925647478,6,-0.24676709401094832,29,-0.02532934815611254,7,-0.1424861178242438
618,184,140,459,eval,0,4,22,0.8872834227206049,-0.0029874330259767046,0.3277675900347833,"Wiki article format with geographic/transportation details listing numbered routes and station features in a New York City subway context, with descriptive prose.",-0.020152764800427714,55,-0.01993198337997082,84,-0.009421027523863201,87,-0.0007982747919124122
619,184,140,459,eval,1,4,46,0.8872834227206049,-0.02167670596496507,0.7256269368016023,"The sentence ending ""Similarly, the Queens Boulevard Line cannot directly transfer to the Long Island Rail Road or other routes without a transfer station; vehicles traveling north from Manhattan cannot enter directly"" continues a clause listing travel restrictions, completing a specific directional constraint about transit access.",-0.029341676910358272,1,-0.1458936788634494,63,-0.01335019779690505,14,-0.021836460898478127
620,184,140,459,eval,2,4,18,0.8872834227206049,-0.019801932039401393,0.8135685375888201,"Final token ""directly"" ends an incomplete clause (""cannot travel north to Manhattan and return to the subway directly...",-0.0073059058611074645,74,-0.011154815014632447,16,-0.011500715808570039,52,-0.007102458464799621
621,184,140,459,eval,3,4,28,0.8872834227206049,-0.011603431517314133,0.5653062040909627,"vehicles traveling from Manhattan cannot enter the Long Island Rail Road directly""), expecting ""into the subway"" or ""to the destination"" or ""without a transfer,"" continuing the restriction pattern.",-0.00789179378268634,14,-0.008263878901248578,16,-0.023856971409194294,77,-0.025096396578610625
622,185,226,302,eval,0,3,20,0.8713721687769267,0.007577414586633968,0.6108216664481311,"Historical/encyclopedic description detailing a geographic term's origins and cultural references, listing multiple ancient sources and evidence of the ""Caucasian"" name.",-0.012390537589982764,69,0.003980432377675758,1,-0.008090469365660158,32,0.006072354945696579
623,185,226,302,eval,1,3,32,0.8713721687769267,-0.0018176854155023126,0.8261561676936308,"The sentence structure ""The name appears in Greek, Roman, and other historical texts, and is recorded by early travelers, scholars, and even the Bible and other sources"" continues listing additional historical attestations.",-0.04218999813759727,42,-0.05197405960038459,44,-0.08290059524461513,52,0.0029413876768474845
624,185,226,302,eval,2,3,44,0.8713721687769267,-0.09877904302649854,0.8550294237822363,"Final token ""and"" ends an incomplete list (""and mentioned in the Bible, Greek scholars, Roman historians, and other sources, and""), strongly expecting a noun phrase like ""are recorded in medieval legends"" or ""the Byzantine era"" or ""also in later historical accounts"" completing the enumeration.",-0.0012372538910169206,14,-0.0012372538910169206,14,-0.009490538817297223,18,-0.04576384706558012
625,186,461,368,eval,0,3,22,0.8894164536086431,-0.006255207962679865,0.38319056836109183,"Wiki article format with numbered list structure discussing a superhero costume, blending pop culture references with academic analysis of the character's evolution.",-0.01369699365334398,28,-0.03858957670918162,69,-0.03458658320144492,52,0.012159020402854104
626,186,461,368,eval,1,3,37,0.8894164536086431,-0.019891370809136943,0.8161142513580231,"The sentence ending ""Another example is the actor who starred in Buffy the Vampire Slayer, Dawson's Creek, and Angel"" is listing similar television series from the 1990s horror genre, with ""Angel"" implying a second show's vampire context.",-0.021017426927600003,17,-0.02026884485788394,19,-0.052825762191787584,29,-0.0034862438903692228
627,186,461,368,eval,2,3,41,0.8894164536086431,-0.06921892024043341,0.8596695162796286,"Final token ""Angel"" ends mid-list (""Buffy, and Angel""), part of a parenthetical reference clause (""from the series Buffy the Vampire Slayer and Angel""), strongly expecting "" (TV)"" or "" (The WB)"" or "" (a)""; completing the list of his acting credits.",-0.17175033885852364,35,-0.2458112757406632,33,-0.05111629538506135,23,-0.058944462925388796
628,187,70,385,eval,0,3,17,0.9419940667536388,-0.004753759231658217,0.4813715928012683,"British Wikipedia species article format with structured bird species account, detailing a UK bird's behaviour and taxonomy.",-0.0041980903051497265,1,-0.014851547743719107,62,-0.023526855047907302,64,-0.0006401326621392478
629,187,70,385,eval,1,3,41,0.9419940667536388,-0.008794981587244566,0.758357819755784,"The sentence ""Its diet is mainly herbivorous, and during the breeding season it feeds on in"" is mid-description listing dietary details, likely naming insect prey or other food items for the woodcock, continuing a biological fact pattern about the nestling's diet.",-0.1862554807428951,48,-0.005621026053767797,3,-0.005895305557780839,15,-0.028253942475053195
630,187,70,385,eval,2,3,44,0.9419940667536388,-0.15115249828957744,0.9136698632411101,"Final token ""in"" is a prefix mid-word (""in""), part of a dietary list item (""It feeds on in""), immediately requiring a noun like ""sects"" or ""organic matter"" or ""vertebrate insects"" or ""sects and plant material,"" completing the dietary description of the bird's feeding habits.",-0.17308686850751465,46,-0.009415012977985193,2,-0.1570805810343957,50,-0.14225368577377184
631,188,451,403,eval,0,3,18,0.7689345928145156,-0.009247271510248067,0.47252988205251556,"Wiki-style article format with structured metadata tags (""Category:History"") suggesting a summary or infobox pattern about a geopolitical conflict.",-0.010659366304859863,3,-0.006834467654284637,39,-0.022249295818951964,72,0.007256786984730534
632,188,451,403,eval,1,3,40,0.7689345928145156,-0.011372644708733892,0.6904360059878442,"The phrase "" == Background == "" signals a second section header or closing pattern (""== = =""), implying a closing or continuation of the paired list format, likely a second block or summary of the article's content or metadata.",-0.0615105330150133,50,-0.033229999408211475,27,-0.014585257275689267,13,-0.009368152935816498
633,188,451,403,eval,2,3,52,0.7689345928145156,-0.09339699126080947,0.7439796404235682,"Final token "" = = "" is mid-pattern ("" == = ""), part of a closing delimiter or section marker sequence ("" == = ""), strongly expecting a continuation like ""Related Articles"" or ""Summary"" or ""End of the box"" or ""Key facts"" or ""The following is a second box"" completing the template.",-0.02171966107147405,3,-0.029383765728804856,0,-0.03218590295594914,10,-0.11123267313654872
634,189,230,388,eval,0,3,20,0.8944654821075234,-0.009924262262889116,0.3690600135943253,"British cricket newspaper article format with historical sporting commentary structure, listing match results and player statistics for England's Test team.",-0.01132322576911382,19,-0.005287111164594349,28,-0.01065157924951976,2,0.005354998242944609
635,189,230,388,eval,1,3,38,0.8944654821075234,-0.007905773181323239,0.8622651154997293,"The sentence ending ""The president of the Players Association ( PCA"" is mid-quote, defining a club's membership vote (""the Professional Cricketers' Association ( PCA""), likely referencing a UK cricket union's award or membership statistics, completing a parenthetical acronym.",-0.020646568940952625,53,-0.011280288450447373,17,-0.03252591558471252,24,0.0012977830742182395
636,189,230,388,eval,2,3,43,0.8944654821075234,-0.022320378885927528,0.8581000419098038,"Final token ""PCA"" is an acronym mid-sentence (""the PCA""), part of a parenthetical abbreviation clause (""the Professional Cricketers' Association ( PCA""), expecting continuation like "" ) ) "" or "" ) 's )"" or "" ) membership)"" to complete the cited award context.",-0.026856603522141365,7,-0.1267779457404301,25,-0.021201305161710815,8,-0.2740729107025498
637,190,504,168,eval,0,3,19,0.9288441812885642,-0.0042501516184066945,0.48044116312894947,"Academic reference format with a quoted scholarly term (""Symbolic Interactionism""), establishing a classic sociological text context about everyday life.",-0.013111602196750227,39,-0.015906735398159233,10,-0.01970123087158071,28,-0.0010099354306754016
638,190,504,168,eval,1,3,34,0.9288441812885642,-0.0470296628888307,0.618304051709513,"The phrase ""Goffman's famous concept of 'The Presentation of Self in Everyday"" is a direct quotation from Erving Goffman's famous work ""The Presentation of Self in Everyday Life,"" strongly implying the classic title follows.",-0.047677312336882105,18,-0.0522417838902578,57,-0.02279145381316705,2,-0.02403972527523135
639,190,504,168,eval,2,3,40,0.9288441812885642,-0.10306426998313811,0.8893586071969043,"Final token ""Everyday"" is mid-title (""in Everyday""), part of a quoted book title (""Symbolic Interactionism in Everyday Life""), immediately requiring ""Life"" to complete the title, then likely ""Life"" or ""Interaction"" or ""Life,"" continuing the famous Goffman quote about social behavior.",-0.042682461642386094,10,-0.03401431163170243,7,-0.09462793994125951,52,-0.20668904734363502
640,191,45,276,eval,0,3,18,0.8108748146967543,-0.004588866476946785,0.30334164395758506,"British music magazine format with celebrity gossip column structure, listing iconic music moments with cultural references and trivia.",-0.0389617645771706,36,-0.015881377784928374,57,-0.00010369205497118283,72,0.008121016409992632
641,191,45,276,eval,1,3,40,0.8108748146967543,-0.03996502263941015,0.7066817925951653,"The sentence ending ""Another television show called 'The Best of the Nineties' was a compilation of music from 1985 to 199"" is mid-quote, completing a numeric range about the decade of Britpop's peak, with a similar trivia about music awards.",0.002696242905658952,0,-0.06634474155209724,52,-0.18762649136417442,28,-0.02282699538333499
642,191,45,276,eval,2,3,35,0.8108748146967543,-0.07810976750825027,0.7431386627950045,"Final token ""9"" is mid-number in ""1985 to 199"" — part of a date range expression (""between the best of the eighties and 199""), strongly expecting ""5"" to close the year, then ""5"" or ""end.""",-0.044226220175093145,18,-0.035346705007818,40,-0.03084102585296078,29,-0.03184294658610165
643,192,357,33,eval,0,5,23,0.9396834343563953,-0.00274665131679408,0.5334102474773449,"Historical/encyclopedic format with a Wikipedia-style entry suggesting a ship or vessel, implying factual details about a US Navy vessel named ""SS John S.",-0.0023510552813617025,71,-0.005853921181321442,75,-0.004385811050437782,58,-0.006961038357369498
644,192,357,33,eval,1,5,8,0.9396834343563953,-0.004014876646690979,0.47981651041934786,"The phrase ""A German-American merchant vessel named Kennedy.",-0.0013848099639744982,2,-0.0022050056765103854,73,-0.0022050056765103854,73,0.0006807065208163099
645,192,357,33,eval,2,5,23,0.9396834343563953,-0.008038756791669655,0.6627849103951806,"During"" signals an incomplete clause introducing historical events or attributes, strongly implying a second clause about the ship's service history or wartime activities.",-0.011403997746117778,38,-0.011334541919705177,49,-0.00840010643005451,11,-0.003573770030676937
646,192,357,33,eval,3,5,17,0.9396834343563953,-0.002926239943465414,0.7996975737936868,"Final token ""During"" is mid-clause (""During""), part of a list of attributes (""One of the ship's characteristics.",-0.004686538258623862,34,-0.002739461667387144,63,-0.006474124181758856,50,-0.00599482111057259
647,192,357,33,eval,4,5,27,0.9396834343563953,-0.006066232880769795,0.8620542244279891,"During""), immediately requiring a specific historical event or period phrase like ""its service,"" ""the war years, it was captured,"" or ""his career, the vessel held various roles.""",-0.013908951930283187,28,-0.0058105210776153715,59,-0.007539834133166057,70,-0.012548573938883645
648,193,2,237,eval,0,3,21,0.8979559908642112,-0.012219055500958254,0.4420861345103438,"British women's fashion magazine article with literary quotations and biographical context about an artist's work, listing artistic influences and personal style.",-0.005076916479018201,26,-0.005315756354909662,2,-0.05321416257874856,42,-0.002108557161378921
649,193,2,237,eval,1,3,35,0.8979559908642112,-0.002389577822241362,0.8201370925384677,"The phrase ""Her work has been influenced by the modernist movement and the Pre-Raphael"" is mid-sentence, naming a historical art movement (""Pre-Raphaelite"") suggesting a second influence or list item about feminine imagery or decorative motifs.",-0.14126319184792335,42,-0.05617567698739134,26,-0.060323758691932294,37,-0.015966469510442893
650,193,2,237,eval,2,3,40,0.8979559908642112,-0.06263553769714414,0.8755296643210881,"Final token "" Raphael"" is mid-word (""the Pre-Raphael""), part of a compound noun phrase listing influences (""the Pre-Raphaelite and Pre-Raphael""), strongly expecting ""ite artists"" or ""ite movement"" or ""ites are mentioned,"" completing the historical art reference about Victorian aesthetic ideals.",-0.0484645837207025,18,-0.07257379393591401,28,-0.009137678684991712,14,-0.061330416103957064
651,194,92,285,eval,0,3,19,0.7998918292842319,0.0015584785724955807,0.46262011926542906,"Historical/encyclopedic article format with English-language cultural details about a Japanese deity, describing a modernized name change with textual evidence.",-0.039611491064557525,19,0.0009838005459710253,1,-0.0034947400484706126,71,-0.015767282724001408
652,194,92,285,eval,1,3,40,0.7998918292842319,-0.02391925110935178,0.7613712908634074,"The sentence structure ""However , the character changed his name to a different , altered version with a different , "" introduces a linguistic note about a character's kanji spelling change, suggesting a contradictory or variant meaning detail about ""Ying.""",0.0014454760506440456,49,-0.03657632113704723,6,-0.047496786694721904,1,-0.04627037214020391
653,194,92,285,eval,2,3,46,0.7998918292842319,-0.06833967195796797,0.766943171122668,"Final token "" , "" is mid-clause after ""adopted a different , "" — part of a parenthetical clause listing character changes (""Although his name changed to a different , adopted a different kanji""), expecting a noun like ""simplified kanji"" or ""distinct character form"" or ""different.""",-0.06223933725813069,28,-0.05226129190345585,15,-0.07650681956134076,29,-0.0736188289477342
654,195,422,383,eval,0,3,21,0.8510677382603385,-0.062178049161344284,0.3288372032580798,"Narrative format: Aviation news report with historical context and passenger account details, showing a delayed flight incident with union worker's schedule.",-0.05451937989127775,56,-0.03552126364953534,6,-0.03447744937534403,4,0.003491976213893966
655,195,422,383,eval,1,3,39,0.8510677382603385,-0.02988654909774502,0.6227488122519534,"The sentence structure ""The flight was scheduled to depart from Cincinnati at 11:45 a.m., and the estimated arrival time was 1:1"" is providing a specific flight schedule time for the airline's total trip duration, completing a flight time context.",-0.0447521748641555,14,-0.2277387521478662,45,-0.22925761035254677,49,-0.003585448535722957
656,195,422,383,eval,2,3,31,0.8510677382603385,-0.18935800536991731,0.753722156798045,"Final token ""1"" is mid-number in ""8:1"" (a time value ""Arrival time: 1:1""), immediately expecting ""5"" or ""5, with"" or ""0 minutes,"" continuing the flight's scheduled arrival time for the destination.",-0.18893188953239792,52,-0.07532842731007294,33,-0.18893188953239792,52,-0.04517007721015509
657,196,189,278,eval,0,3,18,0.8834351287941226,-0.0058611299798404515,0.4304245538231168,"British historical article format with structured entries describing a medieval English county's castle, detailing architectural and administrative history.",-0.010735412291338564,71,-0.0023040554942924674,47,-0.02529964066521384,6,-0.010607998921077222
658,196,189,278,eval,1,3,43,0.8834351287941226,-0.005073362745030896,0.7781785470563073,"The sentence ending ""The church remained vacant during the early years of the Reformation, before being dissolved as part of the English Reformation in"" mirrors a historical date clause, completing the timeline about the Catholic Church's dissolution and the 1534 Act of Supremacy.",-0.11408515539132214,54,-0.006517074655526756,22,-0.0070880751279603915,21,-0.04546461336822394
659,196,189,278,eval,2,3,36,0.8834351287941226,-0.07724110234666437,0.8532619350925842,"Final token ""in"" ends an incomplete phrase (""the Act of Supremacy in""), part of a date specification clause (""the Reformation's end came with the English Reformation in the Act of Supremacy in""), expecting ""1534"" or ""1555.""",-0.02479020845339608,36,-0.019767089507461755,46,-0.010540584418918586,21,-0.14379572301199606
660,197,569,495,eval,0,3,21,0.9311390985379839,-0.0027621685418109942,0.5341629863363742,"Geographic/encyclopedic article format with structured facts about a New York City waterway, detailing historical and ecological significance of the East River.",-0.004922362996961471,36,-0.04633834240725998,55,-0.007358390607963727,65,-0.005985913523848252
661,197,569,495,eval,1,3,41,0.9311390985379839,-0.02049125623088288,0.6930675551752215,"The sentence ""While originally a large watershed, the surrounding area of the Bronx River has been greatly reduced due to urbanization"" continues listing environmental changes, with a statistic about water basin shrinkage implying a concluding clause about land loss or protection.",-0.015678156309486324,19,-0.023017406710930666,22,-0.03080925771083265,1,-0.014736784769178612
662,197,569,495,eval,2,3,42,0.9311390985379839,-0.26352517751559856,0.9082930911045369,"Final token ""been"" ends an incomplete passive construction (""its watersheds water area has been""), part of a factual claim about land loss affecting the watershed's original size, expecting ""significantly reduced"" or ""divided into smaller areas"" or ""almost completely eliminated from natural water.""",-0.08239050029308226,36,-0.03423310350367392,1,-0.030852186808326576,0,-0.1891618408703465
663,198,170,412,eval,0,4,17,0.8918385403594774,0.003877675781805423,0.41199154690704587,"Scientific article format with structured historical description of fullerene chemistry, detailing a compound's properties and discovery context.",-0.030851993621922147,62,-0.018299910247330686,48,-0.019002667699903553,41,0.0014826680161523775
664,198,170,412,eval,1,4,15,0.8918385403594774,0.0010489984053662083,0.4716486461421366,"The sentence ""The discovery of C60 was attributed to two scientists, who named it Buckminsterfullerene.",-0.004346728226611862,15,-0.04375292199293679,70,0.0024831317328344316,3,-0.0031354954613403985
665,198,170,412,eval,2,4,24,0.8918385403594774,-0.019893772573975843,0.7033718912510725,"Strom"" begins a specific attribution listing, with a historical name (Stromeyer) already introduced, suggesting continuation of naming or experimental details about the discoverer's findings.",-0.006263843186128049,14,-0.007749442442419818,2,-0.010262892828400205,0,-0.007852569988198499
666,198,170,412,eval,3,4,35,0.8918385403594774,-0.07745246754379798,0.8741375675591766,"Final token ""Strom"" is a truncated name mid-sentence ("" Strom""), part of a parenthetical clause listing contributors (""Initially, Stromeyer isolated the substance...""), expecting ""eyer and other scientists"" or ""eyer's name was the first to record.""",-0.007488031465535894,11,-0.007488031465535894,11,-0.011631514092923623,34,-0.05252115191392326
667,199,269,195,eval,0,4,18,0.9201978505110014,-0.009133796492066915,0.506564483590145,"Historical article format with sports news article detailing a roller coaster's redesign, listing changes for Disney's Tomorrowland attraction.",-0.002736160721851122,64,0.003894018478752037,37,-0.011775821925890662,4,-0.0020174438298780073
668,199,269,195,eval,1,4,15,0.9201978505110014,-0.0056277403372928525,0.5023077902199444,"The sentence structure ""The re-opening of the ride in 2005 featured a new interior redesign.",-0.0022363099162003852,72,-0.013350193114166076,55,-0.007956180365457977,24,-0.002887403731881566
669,199,269,195,eval,2,4,26,0.9201978505110014,0.002779231872075738,0.7412450955715991,"The ride's 2010 update featured"" implies a list of specific changes or updates, continuing with a third item describing new elements or enhancements to the attraction.",0.003442549167387954,36,0.0003003797174604417,28,-0.01340729033081356,59,0.002026786329773711
670,199,269,195,eval,3,4,37,0.9201978505110014,-0.022345909119803387,0.8858591895213437,"Final token ""featured"" ends mid-clause (""The update featured""), part of a specific list item describing changes (""The 2010 update to the ride featured...""), expecting noun phrases like ""new lighting,"" ""an updated interior,"" or ""a new sound system.""",-0.01984484259775432,55,-0.008664764829464877,41,-0.013374166016128841,10,-0.2129718693697047
