row,stim_idx,claim_idx,edit_type,edit_ok,cos_z,cos_z_joined,cos_rest,Δ_z,cos_z_edit,Δ_z_edit,error
133,40,0,corrupt,True,0.8764560881634189,0.8783395079079805,0.8531066170376559,-0.023349471125763,0.8770037064496233,-0.023897089411967443,
133,40,0,paraphrase,True,0.8764560881634189,0.8783395079079805,0.8531066170376559,-0.023349471125763,0.8744719004996321,-0.021365283461976192,
133,40,0,corrupt_det,False,0.8764560881634189,0.8783395079079805,0.8531066170376559,-0.023349471125763,,,
133,40,0,offtopic,True,0.8764560881634189,0.8783395079079805,0.8531066170376559,-0.023349471125763,0.8360988357072939,0.01700778133036196,
134,40,1,corrupt,True,0.8764560881634189,0.8783395079079805,0.8710362826499719,-0.005419805513447,0.878170381300213,-0.007134098650241061,
134,40,1,paraphrase,True,0.8764560881634189,0.8783395079079805,0.8710362826499719,-0.005419805513447,0.8791912420565731,-0.008154959406601159,
134,40,1,corrupt_det,True,0.8764560881634189,0.8783395079079805,0.8710362826499719,-0.005419805513447,0.8783395079079805,-0.007303225258008639,
134,40,1,offtopic,True,0.8764560881634189,0.8783395079079805,0.8710362826499719,-0.005419805513447,0.8578568441380541,0.01317943851191783,
135,40,2,corrupt,True,0.8764560881634189,0.8783395079079805,0.8761365520470683,-0.0003195361163506,0.8757898459464926,0.00034670610057574436,
135,40,2,paraphrase,True,0.8764560881634189,0.8783395079079805,0.8761365520470683,-0.0003195361163506,0.8783791838012055,-0.002242631754137192,
135,40,2,corrupt_det,False,0.8764560881634189,0.8783395079079805,0.8761365520470683,-0.0003195361163506,,,
135,40,2,offtopic,True,0.8764560881634189,0.8783395079079805,0.8761365520470683,-0.0003195361163506,0.8650487762560265,0.01108777579104181,
136,40,3,corrupt,True,0.8764560881634189,0.8783395079079805,0.8161844407683683,-0.0602716473950506,0.8387384083830742,-0.02255396761470596,
136,40,3,paraphrase,True,0.8764560881634189,0.8783395079079805,0.8161844407683683,-0.0602716473950506,0.8784929672691534,-0.06230852650078511,
136,40,3,corrupt_det,True,0.8764560881634189,0.8783395079079805,0.8161844407683683,-0.0602716473950506,0.872149640920524,-0.05596520015215578,
136,40,3,offtopic,True,0.8764560881634189,0.8783395079079805,0.8161844407683683,-0.0602716473950506,0.4059718063785043,0.410212634389864,
137,41,0,corrupt,True,0.8451522502372644,0.7969128731028461,0.7936809954804497,-0.0514712547568146,0.794394972378715,-0.000713976898265356,
137,41,0,paraphrase,True,0.8451522502372644,0.7969128731028461,0.7936809954804497,-0.0514712547568146,0.7963295932792532,-0.0026485977988035536,
137,41,0,corrupt_det,True,0.8451522502372644,0.7969128731028461,0.7936809954804497,-0.0514712547568146,0.7990811870853411,-0.005400191604891469,
137,41,0,offtopic,True,0.8451522502372644,0.7969128731028461,0.7936809954804497,-0.0514712547568146,0.7821037411724117,0.01157725430803802,
138,41,1,corrupt,True,0.8451522502372644,0.7969128731028461,0.7954239756553171,-0.0497282745819472,0.7932255432617724,0.0021984323935446692,
138,41,1,paraphrase,True,0.8451522502372644,0.7969128731028461,0.7954239756553171,-0.0497282745819472,0.791951961104879,0.0034720145504381072,
138,41,1,corrupt_det,True,0.8451522502372644,0.7969128731028461,0.7954239756553171,-0.0497282745819472,0.7969128731028461,-0.0014888974475290029,
138,41,1,offtopic,True,0.8451522502372644,0.7969128731028461,0.7954239756553171,-0.0497282745819472,0.7775017835687632,0.01792219208655388,
139,41,2,corrupt,True,0.8451522502372644,0.7969128731028461,0.7998078372027114,-0.0453444130345529,0.7970193699353826,0.0027884672673288424,
139,41,2,paraphrase,True,0.8451522502372644,0.7969128731028461,0.7998078372027114,-0.0453444130345529,0.7982405313781077,0.0015673058246037375,
139,41,2,corrupt_det,False,0.8451522502372644,0.7969128731028461,0.7998078372027114,-0.0453444130345529,,,
139,41,2,offtopic,True,0.8451522502372644,0.7969128731028461,0.7998078372027114,-0.0453444130345529,0.7650527965458376,0.03475504065687385,
140,41,3,corrupt,True,0.8451522502372644,0.7969128731028461,0.7966245220795042,-0.0485277281577601,0.7954999898178517,0.0011245322616524334,
140,41,3,paraphrase,True,0.8451522502372644,0.7969128731028461,0.7966245220795042,-0.0485277281577601,0.7977707996678104,-0.0011462775883062104,
140,41,3,corrupt_det,True,0.8451522502372644,0.7969128731028461,0.7966245220795042,-0.0485277281577601,0.7981359745613142,-0.0015114524818100605,
140,41,3,offtopic,True,0.8451522502372644,0.7969128731028461,0.7966245220795042,-0.0485277281577601,0.628358523568363,0.1682659985111412,
141,41,4,corrupt,True,0.8451522502372644,0.7969128731028461,0.7847076354059165,-0.0604446148313478,0.7988708786021169,-0.014163243196200437,
141,41,4,paraphrase,True,0.8451522502372644,0.7969128731028461,0.7847076354059165,-0.0604446148313478,0.7917295740015782,-0.007021938595661692,
141,41,4,corrupt_det,False,0.8451522502372644,0.7969128731028461,0.7847076354059165,-0.0604446148313478,,,
141,41,4,offtopic,True,0.8451522502372644,0.7969128731028461,0.7847076354059165,-0.0604446148313478,0.7366504326763209,0.04805720272959557,
142,41,5,corrupt,False,0.8451522502372644,0.7969128731028461,0.788859355987691,-0.0562928942495734,,,
142,41,5,paraphrase,False,0.8451522502372644,0.7969128731028461,0.788859355987691,-0.0562928942495734,,,
142,41,5,corrupt_det,True,0.8451522502372644,0.7969128731028461,0.788859355987691,-0.0562928942495734,0.7962642464874671,-0.007404890499776107,
142,41,5,offtopic,True,0.8451522502372644,0.7969128731028461,0.788859355987691,-0.0562928942495734,0.5653962328884906,0.22346312309920036,
143,41,6,corrupt,True,0.8451522502372644,0.7969128731028461,0.7781849679709664,-0.066967282266298,0.795508329607972,-0.017323361637005652,
143,41,6,paraphrase,True,0.8451522502372644,0.7969128731028461,0.7781849679709664,-0.066967282266298,0.7889921799176863,-0.010807211946719963,
143,41,6,corrupt_det,True,0.8451522502372644,0.7969128731028461,0.7781849679709664,-0.066967282266298,0.7912164701509924,-0.013031502180026022,
143,41,6,offtopic,True,0.8451522502372644,0.7969128731028461,0.7781849679709664,-0.066967282266298,0.5342614196242294,0.24392354834673702,
144,42,0,corrupt,True,0.9022261455224688,0.9014924920975325,0.878287042088041,-0.0239391034344277,0.902951302306819,-0.02466426021877799,
144,42,0,paraphrase,True,0.9022261455224688,0.9014924920975325,0.878287042088041,-0.0239391034344277,0.8985270745319539,-0.020240032443912925,
144,42,0,corrupt_det,True,0.9022261455224688,0.9014924920975325,0.878287042088041,-0.0239391034344277,0.90222351794698,-0.023936475858938988,
144,42,0,offtopic,True,0.9022261455224688,0.9014924920975325,0.878287042088041,-0.0239391034344277,0.8652046094151645,0.013082432672876454,
145,42,1,corrupt,True,0.9022261455224688,0.9014924920975325,0.8911576863877866,-0.0110684591346821,0.9017243367231941,-0.01056665033540749,
145,42,1,paraphrase,True,0.9022261455224688,0.9014924920975325,0.8911576863877866,-0.0110684591346821,0.9010092486837032,-0.00985156229591666,
145,42,1,corrupt_det,True,0.9022261455224688,0.9014924920975325,0.8911576863877866,-0.0110684591346821,0.9019716259065129,-0.010813939518726334,
145,42,1,offtopic,True,0.9022261455224688,0.9014924920975325,0.8911576863877866,-0.0110684591346821,0.8912633174766075,-0.00010563108882089,
146,42,2,corrupt,True,0.9022261455224688,0.9014924920975325,0.677781312439451,-0.2244448330830177,0.8993924146013997,-0.2216111021619488,
146,42,2,paraphrase,True,0.9022261455224688,0.9014924920975325,0.677781312439451,-0.2244448330830177,0.9002441540768011,-0.2224628416373502,
146,42,2,corrupt_det,False,0.9022261455224688,0.9014924920975325,0.677781312439451,-0.2244448330830177,,,
146,42,2,offtopic,True,0.9022261455224688,0.9014924920975325,0.677781312439451,-0.2244448330830177,0.3975775024306975,0.28020381000875344,
147,43,0,corrupt,True,0.8973881994501998,0.896097097059039,0.886862276594404,-0.0105259228557957,0.895702551031168,-0.00884027443676405,
147,43,0,paraphrase,True,0.8973881994501998,0.896097097059039,0.886862276594404,-0.0105259228557957,0.8917436788677453,-0.004881402273341329,
147,43,0,corrupt_det,True,0.8973881994501998,0.896097097059039,0.886862276594404,-0.0105259228557957,0.8949164139262321,-0.008054137331828137,
147,43,0,offtopic,True,0.8973881994501998,0.896097097059039,0.886862276594404,-0.0105259228557957,0.883382716525699,0.003479560068704979,
148,43,1,corrupt,True,0.8973881994501998,0.896097097059039,0.8909973479174599,-0.0063908515327398,0.8963447278901061,-0.005347379972646227,
148,43,1,paraphrase,True,0.8973881994501998,0.896097097059039,0.8909973479174599,-0.0063908515327398,0.8972070390377067,-0.00620969112024683,
148,43,1,corrupt_det,True,0.8973881994501998,0.896097097059039,0.8909973479174599,-0.0063908515327398,0.8957599124601927,-0.004762564542732828,
148,43,1,offtopic,True,0.8973881994501998,0.896097097059039,0.8909973479174599,-0.0063908515327398,0.8557771504625828,0.035220197454877034,
149,43,2,corrupt,True,0.8973881994501998,0.896097097059039,0.8285575815426198,-0.0688306179075799,0.8916721181532689,-0.06311453661064903,
149,43,2,paraphrase,True,0.8973881994501998,0.896097097059039,0.8285575815426198,-0.0688306179075799,0.8973857764669663,-0.06882819492434644,
149,43,2,corrupt_det,False,0.8973881994501998,0.896097097059039,0.8285575815426198,-0.0688306179075799,,,
149,43,2,offtopic,True,0.8973881994501998,0.896097097059039,0.8285575815426198,-0.0688306179075799,0.6827127118109094,0.1458448697317104,
150,44,0,corrupt,True,0.8839904725358461,0.8826682698749275,0.8762045387134452,-0.0077859338224008,0.8867676465024186,-0.010563107788973403,
150,44,0,paraphrase,True,0.8839904725358461,0.8826682698749275,0.8762045387134452,-0.0077859338224008,0.8719488901612666,0.004255648552178526,
150,44,0,corrupt_det,False,0.8839904725358461,0.8826682698749275,0.8762045387134452,-0.0077859338224008,,,
150,44,0,offtopic,True,0.8839904725358461,0.8826682698749275,0.8762045387134452,-0.0077859338224008,0.8727254230921475,0.003479115621297657,
151,44,1,corrupt,True,0.8839904725358461,0.8826682698749275,0.8570945950172939,-0.0268958775185521,0.8826838733082889,-0.025589278290995,
151,44,1,paraphrase,True,0.8839904725358461,0.8826682698749275,0.8570945950172939,-0.0268958775185521,0.877870046761426,-0.02077545174413209,
151,44,1,corrupt_det,True,0.8839904725358461,0.8826682698749275,0.8570945950172939,-0.0268958775185521,0.8826682698749275,-0.02557367485763362,
151,44,1,offtopic,True,0.8839904725358461,0.8826682698749275,0.8570945950172939,-0.0268958775185521,0.8611422673102225,-0.0040476722929285724,
152,44,2,corrupt,True,0.8839904725358461,0.8826682698749275,0.8084780709046222,-0.0755124016312238,0.876398777295174,-0.06792070639055181,
152,44,2,paraphrase,True,0.8839904725358461,0.8826682698749275,0.8084780709046222,-0.0755124016312238,0.882039210630112,-0.07356113972548983,
152,44,2,corrupt_det,True,0.8839904725358461,0.8826682698749275,0.8084780709046222,-0.0755124016312238,0.8830960079265412,-0.07461793702191899,
152,44,2,offtopic,True,0.8839904725358461,0.8826682698749275,0.8084780709046222,-0.0755124016312238,0.4687179797492106,0.3397600911554116,
153,45,0,corrupt,True,0.8848661629056508,0.88442210846756,0.8806222332708556,-0.0042439296347951,0.8831727739411769,-0.002550540670321233,
153,45,0,paraphrase,True,0.8848661629056508,0.88442210846756,0.8806222332708556,-0.0042439296347951,0.883748267953011,-0.003126034682155332,
153,45,0,corrupt_det,False,0.8848661629056508,0.88442210846756,0.8806222332708556,-0.0042439296347951,,,
153,45,0,offtopic,True,0.8848661629056508,0.88442210846756,0.8806222332708556,-0.0042439296347951,0.87207020063875,0.008552032632105688,
154,45,1,corrupt,True,0.8848661629056508,0.88442210846756,0.8474296995121239,-0.0374364633935269,0.88703283683048,-0.039603137318356074,
154,45,1,paraphrase,True,0.8848661629056508,0.88442210846756,0.8474296995121239,-0.0374364633935269,0.8674191360404061,-0.019989436528282223,
154,45,1,corrupt_det,True,0.8848661629056508,0.88442210846756,0.8474296995121239,-0.0374364633935269,0.8817924135952906,-0.03436271408316671,
154,45,1,offtopic,True,0.8848661629056508,0.88442210846756,0.8474296995121239,-0.0374364633935269,0.7847697440214344,0.06265995549068948,
155,45,2,corrupt,True,0.8848661629056508,0.88442210846756,0.7968647358419921,-0.0880014270636586,0.875023247246852,-0.07815851140485985,
155,45,2,paraphrase,True,0.8848661629056508,0.88442210846756,0.7968647358419921,-0.0880014270636586,0.8819329765224504,-0.08506824068045826,
155,45,2,corrupt_det,True,0.8848661629056508,0.88442210846756,0.7968647358419921,-0.0880014270636586,0.8803415078819812,-0.08347677203998904,
155,45,2,offtopic,True,0.8848661629056508,0.88442210846756,0.7968647358419921,-0.0880014270636586,0.56382240605881,0.23304232978318218,
156,46,0,corrupt,True,0.9126302376390062,0.9145832276829355,0.8997614561919662,-0.0128687814470399,0.9067259846981892,-0.006964528506222978,
156,46,0,paraphrase,True,0.9126302376390062,0.9145832276829355,0.8997614561919662,-0.0128687814470399,0.9049814410769127,-0.00521998488494646,
156,46,0,corrupt_det,True,0.9126302376390062,0.9145832276829355,0.8997614561919662,-0.0128687814470399,0.9092968282724535,-0.00953537208048727,
156,46,0,offtopic,True,0.9126302376390062,0.9145832276829355,0.8997614561919662,-0.0128687814470399,0.9030656852593824,-0.00330422906741612,
157,46,1,corrupt,True,0.9126302376390062,0.9145832276829355,0.9032939785228055,-0.0093362591162007,0.9141895353511772,-0.010895556828371733,
157,46,1,paraphrase,True,0.9126302376390062,0.9145832276829355,0.9032939785228055,-0.0093362591162007,0.9117239658752736,-0.008429987352468138,
157,46,1,corrupt_det,True,0.9126302376390062,0.9145832276829355,0.9032939785228055,-0.0093362591162007,0.9138528081869036,-0.010558829664098157,
157,46,1,offtopic,True,0.9126302376390062,0.9145832276829355,0.9032939785228055,-0.0093362591162007,0.8743648919793828,0.028929086543422633,
158,46,2,corrupt,True,0.9126302376390062,0.9145832276829355,0.9087539244449584,-0.0038763131940477,0.9133167821014017,-0.004562857656443264,
158,46,2,paraphrase,True,0.9126302376390062,0.9145832276829355,0.9087539244449584,-0.0038763131940477,0.913234829810306,-0.0044809053653476205,
158,46,2,corrupt_det,True,0.9126302376390062,0.9145832276829355,0.9087539244449584,-0.0038763131940477,0.9135021312182624,-0.004748206773304009,
158,46,2,offtopic,True,0.9126302376390062,0.9145832276829355,0.9087539244449584,-0.0038763131940477,0.8790762463655689,0.02967767807938948,
159,46,3,corrupt,True,0.9126302376390062,0.9145832276829355,0.697910603538792,-0.2147196341002142,0.9166861548991266,-0.21877555136033466,
159,46,3,paraphrase,True,0.9126302376390062,0.9145832276829355,0.697910603538792,-0.2147196341002142,0.9116325407085071,-0.2137219371697151,
159,46,3,corrupt_det,True,0.9126302376390062,0.9145832276829355,0.697910603538792,-0.2147196341002142,0.9082741553302025,-0.21036355179141053,
159,46,3,offtopic,True,0.9126302376390062,0.9145832276829355,0.697910603538792,-0.2147196341002142,0.7164070087556269,-0.018496405216834932,
160,47,0,corrupt,False,0.8929812449451633,0.8931650416796295,0.8909039684044239,-0.0020772765407394,,,
160,47,0,paraphrase,False,0.8929812449451633,0.8931650416796295,0.8909039684044239,-0.0020772765407394,,,
160,47,0,corrupt_det,True,0.8929812449451633,0.8931650416796295,0.8909039684044239,-0.0020772765407394,0.8937791334119574,-0.0028751650075334867,
160,47,0,offtopic,True,0.8929812449451633,0.8931650416796295,0.8909039684044239,-0.0020772765407394,0.8808502511384593,0.010053717265964601,
161,47,1,corrupt,True,0.8929812449451633,0.8931650416796295,0.8803791746000731,-0.0126020703450902,0.8933434599352338,-0.012964285335160697,
161,47,1,paraphrase,True,0.8929812449451633,0.8931650416796295,0.8803791746000731,-0.0126020703450902,0.8874149444314138,-0.007035769831340688,
161,47,1,corrupt_det,True,0.8929812449451633,0.8931650416796295,0.8803791746000731,-0.0126020703450902,0.8938593794124952,-0.01348020481242207,
161,47,1,offtopic,True,0.8929812449451633,0.8931650416796295,0.8803791746000731,-0.0126020703450902,0.8123091294201928,0.06807004517988025,
162,47,2,corrupt,True,0.8929812449451633,0.8931650416796295,0.8664496232353491,-0.0265316217098141,0.8920135965756081,-0.02556397334025895,
162,47,2,paraphrase,True,0.8929812449451633,0.8931650416796295,0.8664496232353491,-0.0265316217098141,0.8814431922156556,-0.01499356898030646,
162,47,2,corrupt_det,True,0.8929812449451633,0.8931650416796295,0.8664496232353491,-0.0265316217098141,0.8839998500507258,-0.017550226815376657,
162,47,2,offtopic,True,0.8929812449451633,0.8931650416796295,0.8664496232353491,-0.0265316217098141,0.5689565975692126,0.29749302566613656,
163,48,0,corrupt,True,0.8996911309373561,0.9005737687308702,0.8964249747263039,-0.0032661562110521,0.9002682316729917,-0.0038432569466878563,
163,48,0,paraphrase,True,0.8996911309373561,0.9005737687308702,0.8964249747263039,-0.0032661562110521,0.9050833970619007,-0.008658422335596772,
163,48,0,corrupt_det,True,0.8996911309373561,0.9005737687308702,0.8964249747263039,-0.0032661562110521,0.893746663555063,0.0026783111712408436,
163,48,0,offtopic,True,0.8996911309373561,0.9005737687308702,0.8964249747263039,-0.0032661562110521,0.9026898620058366,-0.0062648872795326715,
164,48,1,corrupt,True,0.8996911309373561,0.9005737687308702,0.9003053633122113,0.0006142323748552,0.899597271296961,0.00070809201525035,
164,48,1,paraphrase,True,0.8996911309373561,0.9005737687308702,0.9003053633122113,0.0006142323748552,0.8931724077866482,0.007132955525563145,
164,48,1,corrupt_det,True,0.8996911309373561,0.9005737687308702,0.9003053633122113,0.0006142323748552,0.9026424907302997,-0.002337127418088336,
164,48,1,offtopic,True,0.8996911309373561,0.9005737687308702,0.9003053633122113,0.0006142323748552,0.8203604747470032,0.0799448885652081,
165,48,2,corrupt,True,0.8996911309373561,0.9005737687308702,0.896165333175071,-0.0035257977622851,0.9013959603909076,-0.0052306272158366696,
165,48,2,paraphrase,True,0.8996911309373561,0.9005737687308702,0.896165333175071,-0.0035257977622851,0.8997132446443946,-0.00354791146932365,
165,48,2,corrupt_det,True,0.8996911309373561,0.9005737687308702,0.896165333175071,-0.0035257977622851,0.8977662785809402,-0.0016009454058691919,
165,48,2,offtopic,True,0.8996911309373561,0.9005737687308702,0.896165333175071,-0.0035257977622851,0.8679284109008993,0.028236922274171627,
166,48,3,corrupt,True,0.8996911309373561,0.9005737687308702,0.813364772016059,-0.0863263589212971,0.901499249164323,-0.08813447714826406,
166,48,3,paraphrase,True,0.8996911309373561,0.9005737687308702,0.813364772016059,-0.0863263589212971,0.9003931894545792,-0.0870284174385203,
166,48,3,corrupt_det,True,0.8996911309373561,0.9005737687308702,0.813364772016059,-0.0863263589212971,0.8963491821968369,-0.08298441018077796,
166,48,3,offtopic,True,0.8996911309373561,0.9005737687308702,0.813364772016059,-0.0863263589212971,0.8099328057839275,0.003431966232131489,
167,49,0,corrupt,True,0.8391334933586021,0.8350255624249207,0.8851288614417819,0.0459953680831798,0.8337975442510539,0.05133131719072803,
167,49,0,paraphrase,True,0.8391334933586021,0.8350255624249207,0.8851288614417819,0.0459953680831798,0.8480154476833421,0.037113413758439795,
167,49,0,corrupt_det,True,0.8391334933586021,0.8350255624249207,0.8851288614417819,0.0459953680831798,0.8348090432591971,0.0503198181825848,
167,49,0,offtopic,True,0.8391334933586021,0.8350255624249207,0.8851288614417819,0.0459953680831798,0.8622958937008219,0.022832967740959997,
168,49,1,corrupt,True,0.8391334933586021,0.8350255624249207,0.7992929324718827,-0.0398405608867193,0.8279309014532646,-0.028637968981381934,
168,49,1,paraphrase,True,0.8391334933586021,0.8350255624249207,0.7992929324718827,-0.0398405608867193,0.8703464671328249,-0.07105353466094222,
168,49,1,corrupt_det,True,0.8391334933586021,0.8350255624249207,0.7992929324718827,-0.0398405608867193,0.8340014444966615,-0.03470851202477876,
168,49,1,offtopic,True,0.8391334933586021,0.8350255624249207,0.7992929324718827,-0.0398405608867193,0.7849749923984558,0.014317940073426905,
169,49,2,corrupt,True,0.8391334933586021,0.8350255624249207,0.7312386053586544,-0.1078948879999477,0.8268430910644123,-0.09560448570575797,
169,49,2,paraphrase,True,0.8391334933586021,0.8350255624249207,0.7312386053586544,-0.1078948879999477,0.8355202659843686,-0.1042816606257142,
169,49,2,corrupt_det,True,0.8391334933586021,0.8350255624249207,0.7312386053586544,-0.1078948879999477,0.8324854976979325,-0.10124689233927808,
169,49,2,offtopic,True,0.8391334933586021,0.8350255624249207,0.7312386053586544,-0.1078948879999477,0.5632920395288834,0.16794656582977097,
170,50,0,corrupt,True,0.8940764736951006,0.8957148195836993,0.8845270674669381,-0.0095494062281624,0.8928920244348859,-0.008364956967947812,
170,50,0,paraphrase,True,0.8940764736951006,0.8957148195836993,0.8845270674669381,-0.0095494062281624,0.8886875901524353,-0.004160522685497159,
170,50,0,corrupt_det,True,0.8940764736951006,0.8957148195836993,0.8845270674669381,-0.0095494062281624,0.8937017434283766,-0.009174675961438505,
170,50,0,offtopic,True,0.8940764736951006,0.8957148195836993,0.8845270674669381,-0.0095494062281624,0.866994491115517,0.017532576351421136,
171,50,1,corrupt,True,0.8940764736951006,0.8957148195836993,0.8832868353521359,-0.0107896383429646,0.8926078735114757,-0.009321038159339823,
171,50,1,paraphrase,True,0.8940764736951006,0.8957148195836993,0.8832868353521359,-0.0107896383429646,0.8874598948715642,-0.004173059519428257,
171,50,1,corrupt_det,True,0.8940764736951006,0.8957148195836993,0.8832868353521359,-0.0107896383429646,0.8916942940948384,-0.008407458742702434,
171,50,1,offtopic,True,0.8940764736951006,0.8957148195836993,0.8832868353521359,-0.0107896383429646,0.8357539796381623,0.04753285571397359,
172,50,2,corrupt,True,0.8940764736951006,0.8957148195836993,0.6547891936606359,-0.2392872800344646,0.8948150269029841,-0.24002583324234816,
172,50,2,paraphrase,True,0.8940764736951006,0.8957148195836993,0.6547891936606359,-0.2392872800344646,0.8857134339490161,-0.2309242402883802,
172,50,2,corrupt_det,True,0.8940764736951006,0.8957148195836993,0.6547891936606359,-0.2392872800344646,0.8612466971632452,-0.20645750350260927,
172,50,2,offtopic,True,0.8940764736951006,0.8957148195836993,0.6547891936606359,-0.2392872800344646,0.47141334516061845,0.18337584850001748,
173,51,0,corrupt,True,0.8991241584243834,0.8965087796548566,0.8945528956689552,-0.0045712627554281,0.8957096299722361,-0.001156734303280893,
173,51,0,paraphrase,True,0.8991241584243834,0.8965087796548566,0.8945528956689552,-0.0045712627554281,0.9005134211922916,-0.0059605255233363685,
173,51,0,corrupt_det,False,0.8991241584243834,0.8965087796548566,0.8945528956689552,-0.0045712627554281,,,
173,51,0,offtopic,True,0.8991241584243834,0.8965087796548566,0.8945528956689552,-0.0045712627554281,0.8463921073276789,0.04816078834127635,
174,51,1,corrupt,True,0.8991241584243834,0.8965087796548566,0.8982505053719834,-0.0008736530524,0.897133855320891,0.001116650051092405,
174,51,1,paraphrase,True,0.8991241584243834,0.8965087796548566,0.8982505053719834,-0.0008736530524,0.900867214010932,-0.002616708638948584,
174,51,1,corrupt_det,True,0.8991241584243834,0.8965087796548566,0.8982505053719834,-0.0008736530524,0.8967018202351059,0.001548685136877448,
174,51,1,offtopic,True,0.8991241584243834,0.8965087796548566,0.8982505053719834,-0.0008736530524,0.8916000348235776,0.006650470548405729,
175,51,2,corrupt,True,0.8991241584243834,0.8965087796548566,0.8677960820137348,-0.0313280764106486,0.896042086839336,-0.028246004825601134,
175,51,2,paraphrase,True,0.8991241584243834,0.8965087796548566,0.8677960820137348,-0.0313280764106486,0.8917108490132949,-0.023914766999560078,
175,51,2,corrupt_det,True,0.8991241584243834,0.8965087796548566,0.8677960820137348,-0.0313280764106486,0.8823739169587883,-0.014577834945053492,
175,51,2,offtopic,True,0.8991241584243834,0.8965087796548566,0.8677960820137348,-0.0313280764106486,0.8554247537712254,0.012371328242509416,
176,51,3,corrupt,False,0.8991241584243834,0.8965087796548566,0.8934241953460035,-0.0056999630783799,,,
176,51,3,paraphrase,False,0.8991241584243834,0.8965087796548566,0.8934241953460035,-0.0056999630783799,,,
176,51,3,corrupt_det,True,0.8991241584243834,0.8965087796548566,0.8934241953460035,-0.0056999630783799,0.8955715935603015,-0.002147398214297991,
176,51,3,offtopic,True,0.8991241584243834,0.8965087796548566,0.8934241953460035,-0.0056999630783799,0.8888447470817491,0.004579448264254382,
177,52,0,corrupt,True,0.8549496520398193,0.849817134374637,0.8486448229268663,-0.006304829112953,0.8494837193334366,-0.0008388964065703108,
177,52,0,paraphrase,True,0.8549496520398193,0.849817134374637,0.8486448229268663,-0.006304829112953,0.8452134551327402,0.0034313677941261167,
177,52,0,corrupt_det,True,0.8549496520398193,0.849817134374637,0.8486448229268663,-0.006304829112953,0.8454616614114472,0.003183161515419086,
177,52,0,offtopic,True,0.8549496520398193,0.849817134374637,0.8486448229268663,-0.006304829112953,0.8404757969927541,0.008169025934112173,
178,52,1,corrupt,True,0.8549496520398193,0.849817134374637,0.8282980269627044,-0.0266516250771149,0.851040627131875,-0.022742600169170624,
178,52,1,paraphrase,True,0.8549496520398193,0.849817134374637,0.8282980269627044,-0.0266516250771149,0.8466259529103451,-0.018327925947640766,
178,52,1,corrupt_det,True,0.8549496520398193,0.849817134374637,0.8282980269627044,-0.0266516250771149,0.8501023315884576,-0.021804304625753224,
178,52,1,offtopic,True,0.8549496520398193,0.849817134374637,0.8282980269627044,-0.0266516250771149,0.8225516050087696,0.005746421953934822,
179,52,2,corrupt,True,0.8549496520398193,0.849817134374637,0.7376164182469293,-0.11733323379289,0.8401493942083442,-0.10253297596141497,
179,52,2,paraphrase,True,0.8549496520398193,0.849817134374637,0.7376164182469293,-0.11733323379289,0.8411318456316463,-0.10351542738471708,
179,52,2,corrupt_det,True,0.8549496520398193,0.849817134374637,0.7376164182469293,-0.11733323379289,0.8494706378079779,-0.11185421956104868,
179,52,2,offtopic,True,0.8549496520398193,0.849817134374637,0.7376164182469293,-0.11733323379289,0.47692158488292025,0.260694833364009,
180,53,0,corrupt,True,0.9140736077258252,0.915929210207856,0.9022720988540484,-0.0118015088717767,0.9158878136593989,-0.01361571480535051,
180,53,0,paraphrase,True,0.9140736077258252,0.915929210207856,0.9022720988540484,-0.0118015088717767,0.9106530383722228,-0.008380939518174424,
180,53,0,corrupt_det,True,0.9140736077258252,0.915929210207856,0.9022720988540484,-0.0118015088717767,0.9149541675534661,-0.012682068699417792,
180,53,0,offtopic,True,0.9140736077258252,0.915929210207856,0.9022720988540484,-0.0118015088717767,0.8919223630725338,0.010349735781514546,
181,53,1,corrupt,True,0.9140736077258252,0.915929210207856,0.9022165080181836,-0.0118570997076414,0.9162173909848469,-0.014000882966663242,
181,53,1,paraphrase,True,0.9140736077258252,0.915929210207856,0.9022165080181836,-0.0118570997076414,0.9122391377998533,-0.010022629781669679,
181,53,1,corrupt_det,True,0.9140736077258252,0.915929210207856,0.9022165080181836,-0.0118570997076414,0.9165413023074366,-0.014324794289252929,
181,53,1,offtopic,True,0.9140736077258252,0.915929210207856,0.9022165080181836,-0.0118570997076414,0.8825030591964702,0.019713448821713442,
182,53,2,corrupt,True,0.9140736077258252,0.915929210207856,0.8939485184056083,-0.0201250893202168,0.91714442430274,-0.02319590589713172,
182,53,2,paraphrase,True,0.9140736077258252,0.915929210207856,0.8939485184056083,-0.0201250893202168,0.9138509129283083,-0.01990239452270004,
182,53,2,corrupt_det,True,0.9140736077258252,0.915929210207856,0.8939485184056083,-0.0201250893202168,0.914698653093313,-0.020750134687704702,
182,53,2,offtopic,True,0.9140736077258252,0.915929210207856,0.8939485184056083,-0.0201250893202168,0.8713365607805124,0.022611957625095935,
183,54,0,corrupt,True,0.8647387305511626,0.8664916851248309,0.8425611938547328,-0.0221775366964297,0.860415373057008,-0.017854179202275167,
183,54,0,paraphrase,True,0.8647387305511626,0.8664916851248309,0.8425611938547328,-0.0221775366964297,0.857433699570936,-0.014872505716203133,
183,54,0,corrupt_det,True,0.8647387305511626,0.8664916851248309,0.8425611938547328,-0.0221775366964297,0.8659893367594668,-0.02342814290473394,
183,54,0,offtopic,True,0.8647387305511626,0.8664916851248309,0.8425611938547328,-0.0221775366964297,0.8237837655626323,0.018777428292100495,
184,54,1,corrupt,True,0.8647387305511626,0.8664916851248309,0.8479820301865041,-0.0167567003646584,0.8671397275812991,-0.019157697394795004,
184,54,1,paraphrase,True,0.8647387305511626,0.8664916851248309,0.8479820301865041,-0.0167567003646584,0.8641336213981062,-0.016151591211602145,
184,54,1,corrupt_det,True,0.8647387305511626,0.8664916851248309,0.8479820301865041,-0.0167567003646584,0.8649675280030824,-0.01698549781657832,
184,54,1,offtopic,True,0.8647387305511626,0.8664916851248309,0.8479820301865041,-0.0167567003646584,0.8230163167757331,0.02496571341077103,
185,54,2,corrupt,True,0.8647387305511626,0.8664916851248309,0.6218751569530712,-0.2428635735980914,0.8673076532244837,-0.2454324962714125,
185,54,2,paraphrase,True,0.8647387305511626,0.8664916851248309,0.6218751569530712,-0.2428635735980914,0.8618828500043424,-0.24000769305127123,
185,54,2,corrupt_det,True,0.8647387305511626,0.8664916851248309,0.6218751569530712,-0.2428635735980914,0.8239768006498678,-0.20210164369679662,
185,54,2,offtopic,True,0.8647387305511626,0.8664916851248309,0.6218751569530712,-0.2428635735980914,0.5664789066086556,0.05539625034441553,
186,55,0,corrupt,True,0.7994054719400961,0.8010593289815721,0.8062893857262092,0.006883913786113,0.8026569771854376,0.0036324085407716256,
186,55,0,paraphrase,True,0.7994054719400961,0.8010593289815721,0.8062893857262092,0.006883913786113,0.794175698552936,0.012113687173273213,
186,55,0,corrupt_det,False,0.7994054719400961,0.8010593289815721,0.8062893857262092,0.006883913786113,,,
186,55,0,offtopic,True,0.7994054719400961,0.8010593289815721,0.8062893857262092,0.006883913786113,0.8061797330437859,0.00010965268242335569,
187,55,1,corrupt,True,0.7994054719400961,0.8010593289815721,0.7522507669237173,-0.0471547050163788,0.8028684337863585,-0.05061766686264124,
187,55,1,paraphrase,True,0.7994054719400961,0.8010593289815721,0.7522507669237173,-0.0471547050163788,0.7874439647765492,-0.035193197852831926,
187,55,1,corrupt_det,True,0.7994054719400961,0.8010593289815721,0.7522507669237173,-0.0471547050163788,0.7994281015659398,-0.04717733464222251,
187,55,1,offtopic,True,0.7994054719400961,0.8010593289815721,0.7522507669237173,-0.0471547050163788,0.7338268217186414,0.018423945205075842,
188,55,2,corrupt,True,0.7994054719400961,0.8010593289815721,0.7168312931506728,-0.0825741787894233,0.8014718080063492,-0.08464051485567636,
188,55,2,paraphrase,True,0.7994054719400961,0.8010593289815721,0.7168312931506728,-0.0825741787894233,0.8053836117658111,-0.08855231861513824,
188,55,2,corrupt_det,True,0.7994054719400961,0.8010593289815721,0.7168312931506728,-0.0825741787894233,0.8046142109667699,-0.08778291781609704,
188,55,2,offtopic,True,0.7994054719400961,0.8010593289815721,0.7168312931506728,-0.0825741787894233,0.6296205658719757,0.08721072727869716,
189,56,0,corrupt,True,0.8189734233163892,0.8188491207122752,0.8197008588618658,0.0007274355454766,0.8172106294208712,0.00249022944099464,
189,56,0,paraphrase,True,0.8189734233163892,0.8188491207122752,0.8197008588618658,0.0007274355454766,0.8181558912175408,0.0015449676443249905,
189,56,0,corrupt_det,False,0.8189734233163892,0.8188491207122752,0.8197008588618658,0.0007274355454766,,,
189,56,0,offtopic,True,0.8189734233163892,0.8188491207122752,0.8197008588618658,0.0007274355454766,0.8093529582276202,0.010347900634245621,
190,56,1,corrupt,True,0.8189734233163892,0.8188491207122752,0.8046542101093398,-0.0143192132070494,0.8204068771156043,-0.015752667006264542,
190,56,1,paraphrase,True,0.8189734233163892,0.8188491207122752,0.8046542101093398,-0.0143192132070494,0.8091082904002386,-0.0044540802908987764,
190,56,1,corrupt_det,True,0.8189734233163892,0.8188491207122752,0.8046542101093398,-0.0143192132070494,0.8187779725083704,-0.01412376239903057,
190,56,1,offtopic,True,0.8189734233163892,0.8188491207122752,0.8046542101093398,-0.0143192132070494,0.7994853116224679,0.0051688984868718535,
191,56,2,corrupt,True,0.8189734233163892,0.8188491207122752,0.8152657055430917,-0.0037077177732974,0.8137867673517466,0.0014789381913451471,
191,56,2,paraphrase,True,0.8189734233163892,0.8188491207122752,0.8152657055430917,-0.0037077177732974,0.8120931873815741,0.0031725181615176457,
191,56,2,corrupt_det,False,0.8189734233163892,0.8188491207122752,0.8152657055430917,-0.0037077177732974,,,
191,56,2,offtopic,True,0.8189734233163892,0.8188491207122752,0.8152657055430917,-0.0037077177732974,0.8008936966114664,0.01437200893162538,
192,56,3,corrupt,True,0.8189734233163892,0.8188491207122752,0.7368958457381466,-0.0820775775782426,0.817015568438655,-0.08011972270050838,
192,56,3,paraphrase,True,0.8189734233163892,0.8188491207122752,0.7368958457381466,-0.0820775775782426,0.8102119747417974,-0.07331612900365081,
192,56,3,corrupt_det,True,0.8189734233163892,0.8188491207122752,0.7368958457381466,-0.0820775775782426,0.8109401848480393,-0.07404433910989272,
192,56,3,offtopic,True,0.8189734233163892,0.8188491207122752,0.7368958457381466,-0.0820775775782426,0.6993514285388481,0.03754441719929846,
193,56,4,corrupt,True,0.8189734233163892,0.8188491207122752,0.7301944522419846,-0.0887789710744045,0.8111717731028559,-0.08097732086087128,
193,56,4,paraphrase,True,0.8189734233163892,0.8188491207122752,0.7301944522419846,-0.0887789710744045,0.8148266853296667,-0.08463223308768208,
193,56,4,corrupt_det,False,0.8189734233163892,0.8188491207122752,0.7301944522419846,-0.0887789710744045,,,
193,56,4,offtopic,True,0.8189734233163892,0.8188491207122752,0.7301944522419846,-0.0887789710744045,0.632580736694275,0.0976137155477097,
194,57,0,corrupt,False,0.8977141976973927,0.8972842902644941,0.8804076878661993,-0.0173065098311934,,,
194,57,0,paraphrase,False,0.8977141976973927,0.8972842902644941,0.8804076878661993,-0.0173065098311934,,,
194,57,0,corrupt_det,True,0.8977141976973927,0.8972842902644941,0.8804076878661993,-0.0173065098311934,0.8981878302342443,-0.017780142368045038,
194,57,0,offtopic,True,0.8977141976973927,0.8972842902644941,0.8804076878661993,-0.0173065098311934,0.8819552228216403,-0.0015475349554410212,
195,57,1,corrupt,True,0.8977141976973927,0.8972842902644941,0.8991226138768106,0.0014084161794178,0.8963465543055146,0.002776059571296008,
195,57,1,paraphrase,True,0.8977141976973927,0.8972842902644941,0.8991226138768106,0.0014084161794178,0.896105149659847,0.0030174642169635835,
195,57,1,corrupt_det,True,0.8977141976973927,0.8972842902644941,0.8991226138768106,0.0014084161794178,0.8969100298425835,0.002212584034227083,
195,57,1,offtopic,True,0.8977141976973927,0.8972842902644941,0.8991226138768106,0.0014084161794178,0.9073854595824518,-0.008262845705641175,
196,57,2,corrupt,True,0.8977141976973927,0.8972842902644941,0.8932788650256347,-0.0044353326717579,0.8970185280188522,-0.003739662993217485,
196,57,2,paraphrase,True,0.8977141976973927,0.8972842902644941,0.8932788650256347,-0.0044353326717579,0.8919042935928051,0.0013745714328295966,
196,57,2,corrupt_det,False,0.8977141976973927,0.8972842902644941,0.8932788650256347,-0.0044353326717579,,,
196,57,2,offtopic,True,0.8977141976973927,0.8972842902644941,0.8932788650256347,-0.0044353326717579,0.8898359277779154,0.003442937247719269,
197,57,3,corrupt,True,0.8977141976973927,0.8972842902644941,0.87007934033509,-0.0276348573623026,0.8919838395395538,-0.0219044992044638,
197,57,3,paraphrase,True,0.8977141976973927,0.8972842902644941,0.87007934033509,-0.0276348573623026,0.8915867130212592,-0.0215073726861692,
197,57,3,corrupt_det,True,0.8977141976973927,0.8972842902644941,0.87007934033509,-0.0276348573623026,0.8963534555087657,-0.026274115173675616,
197,57,3,offtopic,True,0.8977141976973927,0.8972842902644941,0.87007934033509,-0.0276348573623026,0.4400929142746875,0.42998642606040255,
198,58,0,corrupt,True,0.8961252919911622,0.8989973241316727,0.8777001529017598,-0.0184251390894023,0.9010604248854943,-0.02336027198373447,
198,58,0,paraphrase,True,0.8961252919911622,0.8989973241316727,0.8777001529017598,-0.0184251390894023,0.8874250948115273,-0.00972494190976747,
198,58,0,corrupt_det,True,0.8961252919911622,0.8989973241316727,0.8777001529017598,-0.0184251390894023,0.9009311413961067,-0.023230988494346905,
198,58,0,offtopic,True,0.8961252919911622,0.8989973241316727,0.8777001529017598,-0.0184251390894023,0.8460677382483323,0.03163241465342759,
199,58,1,corrupt,True,0.8961252919911622,0.8989973241316727,0.8375922945900848,-0.0585329974010774,0.9037619447395628,-0.06616965014947807,
199,58,1,paraphrase,True,0.8961252919911622,0.8989973241316727,0.8375922945900848,-0.0585329974010774,0.8964777856942818,-0.05888549110419705,
199,58,1,corrupt_det,True,0.8961252919911622,0.8989973241316727,0.8375922945900848,-0.0585329974010774,0.895509227199541,-0.057916932609456184,
199,58,1,offtopic,True,0.8961252919911622,0.8989973241316727,0.8375922945900848,-0.0585329974010774,0.7685711735338449,0.06902112105623992,
200,58,2,corrupt,True,0.8961252919911622,0.8989973241316727,0.5940718998945996,-0.3020533920965625,0.9006579813580332,-0.3065860814634336,
200,58,2,paraphrase,True,0.8961252919911622,0.8989973241316727,0.5940718998945996,-0.3020533920965625,0.8991453530123618,-0.30507345311776213,
200,58,2,corrupt_det,True,0.8961252919911622,0.8989973241316727,0.5940718998945996,-0.3020533920965625,0.9111842475681237,-0.31711234767352403,
200,58,2,offtopic,True,0.8961252919911622,0.8989973241316727,0.5940718998945996,-0.3020533920965625,0.5936830452072208,0.00038885468737881457,
201,59,0,corrupt,True,0.8633531194606237,0.8626226060441033,0.8575717973330179,-0.0057813221276057,0.8617226300612382,-0.004150832728220255,
201,59,0,paraphrase,True,0.8633531194606237,0.8626226060441033,0.8575717973330179,-0.0057813221276057,0.856682577356538,0.0008892199764799491,
201,59,0,corrupt_det,True,0.8633531194606237,0.8626226060441033,0.8575717973330179,-0.0057813221276057,0.863420874615037,-0.005849077282019111,
201,59,0,offtopic,True,0.8633531194606237,0.8626226060441033,0.8575717973330179,-0.0057813221276057,0.8421337562737847,0.015438041059233187,
202,59,1,corrupt,True,0.8633531194606237,0.8626226060441033,0.8498138933321592,-0.0135392261284644,0.8623339832879634,-0.012520089955804226,
202,59,1,paraphrase,True,0.8633531194606237,0.8626226060441033,0.8498138933321592,-0.0135392261284644,0.8682816525572359,-0.018467759225076708,
202,59,1,corrupt_det,True,0.8633531194606237,0.8626226060441033,0.8498138933321592,-0.0135392261284644,0.8626226060441033,-0.01280871271194417,
202,59,1,offtopic,True,0.8633531194606237,0.8626226060441033,0.8498138933321592,-0.0135392261284644,0.8429158510370297,0.0068980422951294695,
203,59,2,corrupt,True,0.8633531194606237,0.8626226060441033,0.5106504389319075,-0.3527026805287161,0.8610376707162585,-0.35038723178435094,
203,59,2,paraphrase,True,0.8633531194606237,0.8626226060441033,0.5106504389319075,-0.3527026805287161,0.8620415140623866,-0.35139107513047907,
203,59,2,corrupt_det,False,0.8633531194606237,0.8626226060441033,0.5106504389319075,-0.3527026805287161,,,
203,59,2,offtopic,True,0.8633531194606237,0.8626226060441033,0.5106504389319075,-0.3527026805287161,0.5243858771809949,-0.013735438249087406,
204,60,0,corrupt,True,0.8909317153231097,0.8896287325047221,0.8907266787272333,-0.0002050365958763,0.8889601586268545,0.00176652010037881,
204,60,0,paraphrase,True,0.8909317153231097,0.8896287325047221,0.8907266787272333,-0.0002050365958763,0.8874181388553497,0.00330853987188362,
204,60,0,corrupt_det,False,0.8909317153231097,0.8896287325047221,0.8907266787272333,-0.0002050365958763,,,
204,60,0,offtopic,True,0.8909317153231097,0.8896287325047221,0.8907266787272333,-0.0002050365958763,0.886242951942512,0.004483726784721309,
205,60,1,corrupt,False,0.8909317153231097,0.8896287325047221,0.8378995025242072,-0.0530322127989024,,,
205,60,1,paraphrase,False,0.8909317153231097,0.8896287325047221,0.8378995025242072,-0.0530322127989024,,,
205,60,1,corrupt_det,True,0.8909317153231097,0.8896287325047221,0.8378995025242072,-0.0530322127989024,0.8885444865776615,-0.0506449840534543,
205,60,1,offtopic,True,0.8909317153231097,0.8896287325047221,0.8378995025242072,-0.0530322127989024,0.8098241647077419,0.028075337816465318,
206,60,2,corrupt,True,0.8909317153231097,0.8896287325047221,0.6866384051840003,-0.2042933101391093,0.8914663085622333,-0.20482790337823298,
206,60,2,paraphrase,True,0.8909317153231097,0.8896287325047221,0.6866384051840003,-0.2042933101391093,0.8870739128832152,-0.20043550769921492,
206,60,2,corrupt_det,True,0.8909317153231097,0.8896287325047221,0.6866384051840003,-0.2042933101391093,0.8777392822554685,-0.19110087707146817,
206,60,2,offtopic,True,0.8909317153231097,0.8896287325047221,0.6866384051840003,-0.2042933101391093,0.5056561981585908,0.18098220702540957,
207,61,0,corrupt,True,0.8937795982447434,0.8925674236279574,0.8892443566728995,-0.0045352415718439,0.8900974293666105,-0.0008530726937110433,
207,61,0,paraphrase,True,0.8937795982447434,0.8925674236279574,0.8892443566728995,-0.0045352415718439,0.885125749486256,0.004118607186643475,
207,61,0,corrupt_det,True,0.8937795982447434,0.8925674236279574,0.8892443566728995,-0.0045352415718439,0.8947969403636876,-0.005552583690788149,
207,61,0,offtopic,True,0.8937795982447434,0.8925674236279574,0.8892443566728995,-0.0045352415718439,0.8599749269077369,0.029269429765162558,
208,61,1,corrupt,True,0.8937795982447434,0.8925674236279574,0.8880677332771094,-0.0057118649676339,0.8919229198665193,-0.0038551865894098647,
208,61,1,paraphrase,True,0.8937795982447434,0.8925674236279574,0.8880677332771094,-0.0057118649676339,0.8925270534931836,-0.004459320216074203,
208,61,1,corrupt_det,False,0.8937795982447434,0.8925674236279574,0.8880677332771094,-0.0057118649676339,,,
208,61,1,offtopic,True,0.8937795982447434,0.8925674236279574,0.8880677332771094,-0.0057118649676339,0.8820190588162621,0.006048674460847336,
209,61,2,corrupt,True,0.8937795982447434,0.8925674236279574,0.8827938218113061,-0.0109857764334373,0.8934744186873834,-0.010680596876077364,
209,61,2,paraphrase,True,0.8937795982447434,0.8925674236279574,0.8827938218113061,-0.0109857764334373,0.8864415713948622,-0.0036477495835561813,
209,61,2,corrupt_det,True,0.8937795982447434,0.8925674236279574,0.8827938218113061,-0.0109857764334373,0.8938276865587524,-0.011033864747446387,
209,61,2,offtopic,True,0.8937795982447434,0.8925674236279574,0.8827938218113061,-0.0109857764334373,0.8260441421649825,0.0567496796463236,
210,61,3,corrupt,True,0.8937795982447434,0.8925674236279574,0.8163371882231155,-0.0774424100216278,0.8891915741358136,-0.0728543859126981,
210,61,3,paraphrase,True,0.8937795982447434,0.8925674236279574,0.8163371882231155,-0.0774424100216278,0.8765282957942351,-0.06019110757111956,
210,61,3,corrupt_det,True,0.8937795982447434,0.8925674236279574,0.8163371882231155,-0.0774424100216278,0.892744525813407,-0.0764073375902915,
210,61,3,offtopic,True,0.8937795982447434,0.8925674236279574,0.8163371882231155,-0.0774424100216278,0.7989182391138648,0.01741894910925068,
211,61,4,corrupt,True,0.8937795982447434,0.8925674236279574,0.868784962610197,-0.0249946356345464,0.8922415076835783,-0.023456545073381352,
211,61,4,paraphrase,True,0.8937795982447434,0.8925674236279574,0.868784962610197,-0.0249946356345464,0.8927150322728824,-0.023930069662685405,
211,61,4,corrupt_det,True,0.8937795982447434,0.8925674236279574,0.868784962610197,-0.0249946356345464,0.8908845887631193,-0.02209962615292227,
211,61,4,offtopic,True,0.8937795982447434,0.8925674236279574,0.868784962610197,-0.0249946356345464,0.8555870711894535,0.013197891420743457,
212,62,0,corrupt,True,0.925907818840253,0.9236042791334751,0.926585791916446,0.0006779730761929,0.9268200456042218,-0.00023425368777585387,
212,62,0,paraphrase,True,0.925907818840253,0.9236042791334751,0.926585791916446,0.0006779730761929,0.9218702849495798,0.004715506966866179,
212,62,0,corrupt_det,False,0.925907818840253,0.9236042791334751,0.926585791916446,0.0006779730761929,,,
212,62,0,offtopic,True,0.925907818840253,0.9236042791334751,0.926585791916446,0.0006779730761929,0.9229220937296868,0.0036636981867591567,
213,62,1,corrupt,True,0.925907818840253,0.9236042791334751,0.9026016938207648,-0.0233061250194881,0.923133548131171,-0.02053185431040616,
213,62,1,paraphrase,True,0.925907818840253,0.9236042791334751,0.9026016938207648,-0.0233061250194881,0.9139172680680102,-0.011315574247245386,
213,62,1,corrupt_det,True,0.925907818840253,0.9236042791334751,0.9026016938207648,-0.0233061250194881,0.923129350238811,-0.020527656418046214,
213,62,1,offtopic,True,0.925907818840253,0.9236042791334751,0.9026016938207648,-0.0233061250194881,0.8783600155040451,0.02424167831671975,
214,62,2,corrupt,True,0.925907818840253,0.9236042791334751,0.5102425976494238,-0.4156652211908291,0.9224453803212889,-0.41220278267186505,
214,62,2,paraphrase,True,0.925907818840253,0.9236042791334751,0.5102425976494238,-0.4156652211908291,0.9224584338733833,-0.4122158362239595,
214,62,2,corrupt_det,True,0.925907818840253,0.9236042791334751,0.5102425976494238,-0.4156652211908291,0.8468756526966077,-0.3366330550471839,
214,62,2,offtopic,True,0.925907818840253,0.9236042791334751,0.5102425976494238,-0.4156652211908291,0.4328925642574388,0.07735003339198498,
215,63,0,corrupt,True,0.9020529767698312,0.903422724044024,0.8814535007153664,-0.0205994760544646,0.904320087149184,-0.02286658643381756,
215,63,0,paraphrase,True,0.9020529767698312,0.903422724044024,0.8814535007153664,-0.0205994760544646,0.9014123993486207,-0.019958898633254285,
215,63,0,corrupt_det,False,0.9020529767698312,0.903422724044024,0.8814535007153664,-0.0205994760544646,,,
215,63,0,offtopic,True,0.9020529767698312,0.903422724044024,0.8814535007153664,-0.0205994760544646,0.8645931603288385,0.01686034038652795,
216,63,1,corrupt,True,0.9020529767698312,0.903422724044024,0.895684848534398,-0.006368128235433,0.9044880897805381,-0.00880324124614007,
216,63,1,paraphrase,True,0.9020529767698312,0.903422724044024,0.895684848534398,-0.006368128235433,0.8893976621558963,0.006287186378501675,
216,63,1,corrupt_det,True,0.9020529767698312,0.903422724044024,0.895684848534398,-0.006368128235433,0.9042316178236405,-0.008546769289242473,
216,63,1,offtopic,True,0.9020529767698312,0.903422724044024,0.895684848534398,-0.006368128235433,0.8607345438085123,0.03495030472588567,
217,63,2,corrupt,True,0.9020529767698312,0.903422724044024,0.6516269641918068,-0.2504260125780243,0.9030085873819291,-0.25138162319012236,
217,63,2,paraphrase,True,0.9020529767698312,0.903422724044024,0.6516269641918068,-0.2504260125780243,0.9028186931764167,-0.25119172898460995,
217,63,2,corrupt_det,False,0.9020529767698312,0.903422724044024,0.6516269641918068,-0.2504260125780243,,,
217,63,2,offtopic,True,0.9020529767698312,0.903422724044024,0.6516269641918068,-0.2504260125780243,0.6212103161355291,0.03041664805627764,
218,64,0,corrupt,True,0.906960351811116,0.904227705015572,0.9010230732161251,-0.005937278594991,0.9036714335147216,-0.002648360298596497,
218,64,0,paraphrase,True,0.906960351811116,0.904227705015572,0.9010230732161251,-0.005937278594991,0.9055592841804375,-0.004536210964312448,
218,64,0,corrupt_det,True,0.906960351811116,0.904227705015572,0.9010230732161251,-0.005937278594991,0.9023685372469754,-0.0013454640308503407,
218,64,0,offtopic,True,0.906960351811116,0.904227705015572,0.9010230732161251,-0.005937278594991,0.8886576500737224,0.012365423142402632,
219,64,1,corrupt,True,0.906960351811116,0.904227705015572,0.896608183933224,-0.0103521678778921,0.9046718397328665,-0.008063655799642522,
219,64,1,paraphrase,True,0.906960351811116,0.904227705015572,0.896608183933224,-0.0103521678778921,0.9010187354121995,-0.004410551478975511,
219,64,1,corrupt_det,True,0.906960351811116,0.904227705015572,0.896608183933224,-0.0103521678778921,0.9019023220259497,-0.00529413809272572,
219,64,1,offtopic,True,0.906960351811116,0.904227705015572,0.896608183933224,-0.0103521678778921,0.8532759862290225,0.04333219770420149,
220,64,2,corrupt,True,0.906960351811116,0.904227705015572,0.7124930515078173,-0.1944673003032988,0.9021826521961219,-0.18968960068830465,
220,64,2,paraphrase,True,0.906960351811116,0.904227705015572,0.7124930515078173,-0.1944673003032988,0.9009684910955116,-0.1884754395876943,
220,64,2,corrupt_det,True,0.906960351811116,0.904227705015572,0.7124930515078173,-0.1944673003032988,0.9043329930926446,-0.1918399415848273,
220,64,2,offtopic,True,0.906960351811116,0.904227705015572,0.7124930515078173,-0.1944673003032988,0.6112832473881319,0.10120980411968539,
221,65,0,corrupt,True,0.8709104170652038,0.8741557870475873,0.8655169425834327,-0.005393474481771,0.8772053815294729,-0.011688438946040214,
221,65,0,paraphrase,True,0.8709104170652038,0.8741557870475873,0.8655169425834327,-0.005393474481771,0.8693793912016113,-0.0038624486181786377,
221,65,0,corrupt_det,False,0.8709104170652038,0.8741557870475873,0.8655169425834327,-0.005393474481771,,,
221,65,0,offtopic,True,0.8709104170652038,0.8741557870475873,0.8655169425834327,-0.005393474481771,0.8406137381556321,0.024903204427800585,
222,65,1,corrupt,True,0.8709104170652038,0.8741557870475873,0.8761646512982936,0.0052542342330897,0.8729869277583922,0.0031777235399014225,
222,65,1,paraphrase,True,0.8709104170652038,0.8741557870475873,0.8761646512982936,0.0052542342330897,0.8628670461215677,0.013297605176725846,
222,65,1,corrupt_det,True,0.8709104170652038,0.8741557870475873,0.8761646512982936,0.0052542342330897,0.8743504040846228,0.0018142472136707388,
222,65,1,offtopic,True,0.8709104170652038,0.8741557870475873,0.8761646512982936,0.0052542342330897,0.8575125886932395,0.01865206260505403,
223,65,2,corrupt,True,0.8709104170652038,0.8741557870475873,0.5321506240484506,-0.3387597930167532,0.8737145161565872,-0.34156389210813665,
223,65,2,paraphrase,True,0.8709104170652038,0.8741557870475873,0.5321506240484506,-0.3387597930167532,0.8749967527917493,-0.3428461287432987,
223,65,2,corrupt_det,True,0.8709104170652038,0.8741557870475873,0.5321506240484506,-0.3387597930167532,0.8546164508517095,-0.32246582680325886,
223,65,2,offtopic,True,0.8709104170652038,0.8741557870475873,0.5321506240484506,-0.3387597930167532,0.5311776826158634,0.0009729414325871932,
224,66,0,corrupt,True,0.8872040192986572,0.8895895672660153,0.8850642161283957,-0.0021398031702615,0.889809212610604,-0.004744996482208275,
224,66,0,paraphrase,True,0.8872040192986572,0.8895895672660153,0.8850642161283957,-0.0021398031702615,0.8880457413896942,-0.0029815252612984677,
224,66,0,corrupt_det,True,0.8872040192986572,0.8895895672660153,0.8850642161283957,-0.0021398031702615,0.8896553192217894,-0.0045911030933937225,
224,66,0,offtopic,True,0.8872040192986572,0.8895895672660153,0.8850642161283957,-0.0021398031702615,0.8583619512174606,0.02670226491093508,
225,66,1,corrupt,True,0.8872040192986572,0.8895895672660153,0.8915229067457338,0.0043188874470765,0.8908821207689036,0.0006407859768301494,
225,66,1,paraphrase,True,0.8872040192986572,0.8895895672660153,0.8915229067457338,0.0043188874470765,0.8868655172981788,0.004657389447555005,
225,66,1,corrupt_det,True,0.8872040192986572,0.8895895672660153,0.8915229067457338,0.0043188874470765,0.8882437513659162,0.0032791553798176,
225,66,1,offtopic,True,0.8872040192986572,0.8895895672660153,0.8915229067457338,0.0043188874470765,0.8622237799244171,0.029299126821316634,
226,66,2,corrupt,True,0.8872040192986572,0.8895895672660153,0.8749990592270623,-0.0122049600715948,0.8896073415880398,-0.014608282360977443,
226,66,2,paraphrase,True,0.8872040192986572,0.8895895672660153,0.8749990592270623,-0.0122049600715948,0.8834788817591831,-0.008479822532120762,
226,66,2,corrupt_det,True,0.8872040192986572,0.8895895672660153,0.8749990592270623,-0.0122049600715948,0.8888822021009034,-0.01388314287384107,
226,66,2,offtopic,True,0.8872040192986572,0.8895895672660153,0.8749990592270623,-0.0122049600715948,0.8369566408128727,0.03804241841418965,
227,66,3,corrupt,True,0.8872040192986572,0.8895895672660153,0.869257299158877,-0.0179467201397802,0.8820771045177881,-0.01281980535891114,
227,66,3,paraphrase,True,0.8872040192986572,0.8895895672660153,0.869257299158877,-0.0179467201397802,0.8839415205071761,-0.014684221348299165,
227,66,3,corrupt_det,False,0.8872040192986572,0.8895895672660153,0.869257299158877,-0.0179467201397802,,,
227,66,3,offtopic,True,0.8872040192986572,0.8895895672660153,0.869257299158877,-0.0179467201397802,0.827824798575355,0.04143250058352199,
228,67,0,corrupt,True,0.8152549859747157,0.8174810635295358,0.8119227380537167,-0.0033322479209989,0.8178080317622632,-0.005885293708546513,
228,67,0,paraphrase,True,0.8152549859747157,0.8174810635295358,0.8119227380537167,-0.0033322479209989,0.8157858374749067,-0.0038630994211900083,
228,67,0,corrupt_det,False,0.8152549859747157,0.8174810635295358,0.8119227380537167,-0.0033322479209989,,,
228,67,0,offtopic,True,0.8152549859747157,0.8174810635295358,0.8119227380537167,-0.0033322479209989,0.764634536156339,0.0472882018973777,
229,67,1,corrupt,True,0.8152549859747157,0.8174810635295358,0.7948950361512125,-0.0203599498235032,0.8169464938497216,-0.022051457698509136,
229,67,1,paraphrase,True,0.8152549859747157,0.8174810635295358,0.7948950361512125,-0.0203599498235032,0.8070190158657766,-0.012123979714564137,
229,67,1,corrupt_det,True,0.8152549859747157,0.8174810635295358,0.7948950361512125,-0.0203599498235032,0.814380481873565,-0.019485445722352557,
229,67,1,offtopic,True,0.8152549859747157,0.8174810635295358,0.7948950361512125,-0.0203599498235032,0.7599966660813676,0.034898370069844864,
230,67,2,corrupt,False,0.8152549859747157,0.8174810635295358,0.8047340535030199,-0.0105209324716958,,,
230,67,2,paraphrase,False,0.8152549859747157,0.8174810635295358,0.8047340535030199,-0.0105209324716958,,,
230,67,2,corrupt_det,False,0.8152549859747157,0.8174810635295358,0.8047340535030199,-0.0105209324716958,,,
230,67,2,offtopic,True,0.8152549859747157,0.8174810635295358,0.8047340535030199,-0.0105209324716958,0.7726342722757323,0.032099781227287516,
231,67,3,corrupt,True,0.8152549859747157,0.8174810635295358,0.8134242518743867,-0.0018307341003289,0.816764757282686,-0.0033405054082993324,
231,67,3,paraphrase,True,0.8152549859747157,0.8174810635295358,0.8134242518743867,-0.0018307341003289,0.816652196860423,-0.0032279449860362908,
231,67,3,corrupt_det,True,0.8152549859747157,0.8174810635295358,0.8134242518743867,-0.0018307341003289,0.8073549502670367,0.006069301607349975,
231,67,3,offtopic,True,0.8152549859747157,0.8174810635295358,0.8134242518743867,-0.0018307341003289,0.7817145695076337,0.03170968236675298,
232,67,4,corrupt,False,0.8152549859747157,0.8174810635295358,0.8270390687135444,0.0117840827388286,,,
232,67,4,paraphrase,False,0.8152549859747157,0.8174810635295358,0.8270390687135444,0.0117840827388286,,,
232,67,4,corrupt_det,True,0.8152549859747157,0.8174810635295358,0.8270390687135444,0.0117840827388286,0.8162104058510399,0.010828662862504501,
232,67,4,offtopic,True,0.8152549859747157,0.8174810635295358,0.8270390687135444,0.0117840827388286,0.4324093056765152,0.3946297630370292,
233,68,0,corrupt,False,0.8677497710112528,0.8655082247726291,0.8559761955843473,-0.0117735754269054,,,
233,68,0,paraphrase,False,0.8677497710112528,0.8655082247726291,0.8559761955843473,-0.0117735754269054,,,
233,68,0,corrupt_det,True,0.8677497710112528,0.8655082247726291,0.8559761955843473,-0.0117735754269054,0.8646984070376753,-0.008722211453327966,
233,68,0,offtopic,True,0.8677497710112528,0.8655082247726291,0.8559761955843473,-0.0117735754269054,0.8276159407510493,0.02836025483329807,
234,68,1,corrupt,True,0.8677497710112528,0.8655082247726291,0.861042909960978,-0.0067068610502748,0.8645271673645224,-0.0034842574035444107,
234,68,1,paraphrase,True,0.8677497710112528,0.8655082247726291,0.861042909960978,-0.0067068610502748,0.8633536350282018,-0.002310725067223851,
234,68,1,corrupt_det,True,0.8677497710112528,0.8655082247726291,0.861042909960978,-0.0067068610502748,0.8666650261245962,-0.005622116163618185,
234,68,1,offtopic,True,0.8677497710112528,0.8655082247726291,0.861042909960978,-0.0067068610502748,0.834205201721827,0.026837708239150992,
235,68,2,corrupt,True,0.8677497710112528,0.8655082247726291,0.6494645582479744,-0.2182852127632784,0.864687616235917,-0.2152230579879425,
235,68,2,paraphrase,True,0.8677497710112528,0.8655082247726291,0.6494645582479744,-0.2182852127632784,0.8505587691758157,-0.2010942109278413,
235,68,2,corrupt_det,True,0.8677497710112528,0.8655082247726291,0.6494645582479744,-0.2182852127632784,0.8111097285853733,-0.1616451703373989,
235,68,2,offtopic,True,0.8677497710112528,0.8655082247726291,0.6494645582479744,-0.2182852127632784,0.6855376727811595,-0.03607311453318507,
236,69,0,corrupt,False,0.8693632494104001,0.8730144186056648,0.8734133256218711,0.004050076211471,,,
236,69,0,paraphrase,False,0.8693632494104001,0.8730144186056648,0.8734133256218711,0.004050076211471,,,
236,69,0,corrupt_det,True,0.8693632494104001,0.8730144186056648,0.8734133256218711,0.004050076211471,0.8787892832690496,-0.005375957647178464,
236,69,0,offtopic,True,0.8693632494104001,0.8730144186056648,0.8734133256218711,0.004050076211471,0.8201180429806293,0.05329528264124184,
237,69,1,corrupt,False,0.8693632494104001,0.8730144186056648,0.8433801807667901,-0.0259830686436099,,,
237,69,1,paraphrase,False,0.8693632494104001,0.8730144186056648,0.8433801807667901,-0.0259830686436099,,,
237,69,1,corrupt_det,True,0.8693632494104001,0.8730144186056648,0.8433801807667901,-0.0259830686436099,0.8746434012338934,-0.03126322046710328,
237,69,1,offtopic,True,0.8693632494104001,0.8730144186056648,0.8433801807667901,-0.0259830686436099,0.6797615046989869,0.16361867606780323,
238,69,2,corrupt,True,0.8693632494104001,0.8730144186056648,0.8620873330671183,-0.0072759163432818,0.8392660870681659,0.02282124599895241,
238,69,2,paraphrase,True,0.8693632494104001,0.8730144186056648,0.8620873330671183,-0.0072759163432818,0.8720072383827778,-0.00991990531565956,
238,69,2,corrupt_det,False,0.8693632494104001,0.8730144186056648,0.8620873330671183,-0.0072759163432818,,,
238,69,2,offtopic,True,0.8693632494104001,0.8730144186056648,0.8620873330671183,-0.0072759163432818,0.8004908226822042,0.061596510384914094,
239,69,3,corrupt,True,0.8693632494104001,0.8730144186056648,0.8470700427522435,-0.0222932066581565,0.8691510506267941,-0.022081007874550584,
239,69,3,paraphrase,True,0.8693632494104001,0.8730144186056648,0.8470700427522435,-0.0222932066581565,0.8643920039596653,-0.0173219612074218,
239,69,3,corrupt_det,True,0.8693632494104001,0.8730144186056648,0.8470700427522435,-0.0222932066581565,0.871446311778874,-0.02437626902663048,
239,69,3,offtopic,True,0.8693632494104001,0.8730144186056648,0.8470700427522435,-0.0222932066581565,0.7271046037033851,0.11996543904885837,
240,70,0,corrupt,True,0.9241751918755848,0.9215644857059109,0.9128929153465697,-0.011282276529015,0.9213331954196738,-0.008440280073104156,
240,70,0,paraphrase,True,0.9241751918755848,0.9215644857059109,0.9128929153465697,-0.011282276529015,0.9150324912391281,-0.0021395758925584207,
240,70,0,corrupt_det,True,0.9241751918755848,0.9215644857059109,0.9128929153465697,-0.011282276529015,0.918022450585186,-0.005129535238616256,
240,70,0,offtopic,True,0.9241751918755848,0.9215644857059109,0.9128929153465697,-0.011282276529015,0.9023915684743165,0.010501346872253237,
241,70,1,corrupt,True,0.9241751918755848,0.9215644857059109,0.8952026815423996,-0.0289725103331851,0.9218609183656107,-0.026658236823211112,
241,70,1,paraphrase,True,0.9241751918755848,0.9215644857059109,0.8952026815423996,-0.0289725103331851,0.9112507687641951,-0.016048087221795515,
241,70,1,corrupt_det,True,0.9241751918755848,0.9215644857059109,0.8952026815423996,-0.0289725103331851,0.9231215973592841,-0.02791891581688455,
241,70,1,offtopic,True,0.9241751918755848,0.9215644857059109,0.8952026815423996,-0.0289725103331851,0.8851182092077713,0.01008447233462828,
242,70,2,corrupt,True,0.9241751918755848,0.9215644857059109,0.6899493684496454,-0.2342258234259393,0.9212372525111225,-0.23128788406147716,
242,70,2,paraphrase,True,0.9241751918755848,0.9215644857059109,0.6899493684496454,-0.2342258234259393,0.9234941395692537,-0.23354477111960836,
242,70,2,corrupt_det,True,0.9241751918755848,0.9215644857059109,0.6899493684496454,-0.2342258234259393,0.9232380056365076,-0.2332886371868622,
242,70,2,offtopic,True,0.9241751918755848,0.9215644857059109,0.6899493684496454,-0.2342258234259393,0.5088682026334636,0.18108116581618183,
243,71,0,corrupt,True,0.8892084802435517,0.8886719655394895,0.8876067903994789,-0.0016016898440728,0.8885785432156827,-0.0009717528162038747,
243,71,0,paraphrase,True,0.8892084802435517,0.8886719655394895,0.8876067903994789,-0.0016016898440728,0.890353196624125,-0.0027464062246461696,
243,71,0,corrupt_det,False,0.8892084802435517,0.8886719655394895,0.8876067903994789,-0.0016016898440728,,,
243,71,0,offtopic,True,0.8892084802435517,0.8886719655394895,0.8876067903994789,-0.0016016898440728,0.8687858341832162,0.018820956216262674,
244,71,1,corrupt,True,0.8892084802435517,0.8886719655394895,0.8821581719921486,-0.007050308251403,0.8880548477411004,-0.005896675748951807,
244,71,1,paraphrase,True,0.8892084802435517,0.8886719655394895,0.8821581719921486,-0.007050308251403,0.8872055949821349,-0.005047422989986283,
244,71,1,corrupt_det,True,0.8892084802435517,0.8886719655394895,0.8821581719921486,-0.007050308251403,0.8882410028939396,-0.006082830901790959,
244,71,1,offtopic,True,0.8892084802435517,0.8886719655394895,0.8821581719921486,-0.007050308251403,0.8693560638081025,0.012802108184046146,
245,71,2,corrupt,True,0.8892084802435517,0.8886719655394895,0.8723737349493178,-0.0168347452942339,0.8873961322514959,-0.015022397302178137,
245,71,2,paraphrase,True,0.8892084802435517,0.8886719655394895,0.8723737349493178,-0.0168347452942339,0.8829692968625067,-0.010595561913188889,
245,71,2,corrupt_det,False,0.8892084802435517,0.8886719655394895,0.8723737349493178,-0.0168347452942339,,,
245,71,2,offtopic,True,0.8892084802435517,0.8886719655394895,0.8723737349493178,-0.0168347452942339,0.8322390113610156,0.04013472358830217,
246,71,3,corrupt,True,0.8892084802435517,0.8886719655394895,0.878880584949685,-0.0103278952938666,0.8873550698599784,-0.008474484910293345,
246,71,3,paraphrase,True,0.8892084802435517,0.8886719655394895,0.878880584949685,-0.0103278952938666,0.8883714965761812,-0.009490911626496179,
246,71,3,corrupt_det,False,0.8892084802435517,0.8886719655394895,0.878880584949685,-0.0103278952938666,,,
246,71,3,offtopic,True,0.8892084802435517,0.8886719655394895,0.878880584949685,-0.0103278952938666,0.8630078812116878,0.015872703737997207,
247,71,4,corrupt,True,0.8892084802435517,0.8886719655394895,0.8501685640207733,-0.0390399162227783,0.8879156563593853,-0.037747092338611954,
247,71,4,paraphrase,True,0.8892084802435517,0.8886719655394895,0.8501685640207733,-0.0390399162227783,0.8724625774427861,-0.02229401342201276,
247,71,4,corrupt_det,False,0.8892084802435517,0.8886719655394895,0.8501685640207733,-0.0390399162227783,,,
247,71,4,offtopic,True,0.8892084802435517,0.8886719655394895,0.8501685640207733,-0.0390399162227783,0.8071068092898914,0.04306175473088192,
248,71,5,corrupt,False,0.8892084802435517,0.8886719655394895,0.8877506599754853,-0.0014578202680664,,,
248,71,5,paraphrase,False,0.8892084802435517,0.8886719655394895,0.8877506599754853,-0.0014578202680664,,,
248,71,5,corrupt_det,False,0.8892084802435517,0.8886719655394895,0.8877506599754853,-0.0014578202680664,,,
248,71,5,offtopic,True,0.8892084802435517,0.8886719655394895,0.8877506599754853,-0.0014578202680664,0.5028711362487327,0.3848795237267526,
249,72,0,corrupt,True,0.9243353654254955,0.9220743246660947,0.9210404677112657,-0.0032948977142299,0.9217443572838673,-0.0007038895726015904,
249,72,0,paraphrase,True,0.9243353654254955,0.9220743246660947,0.9210404677112657,-0.0032948977142299,0.9207783630196873,0.0002621046915783909,
249,72,0,corrupt_det,True,0.9243353654254955,0.9220743246660947,0.9210404677112657,-0.0032948977142299,0.9215956612482951,-0.0005551935370293748,
249,72,0,offtopic,True,0.9243353654254955,0.9220743246660947,0.9210404677112657,-0.0032948977142299,0.8966461375640029,0.024394330147262777,
250,72,1,corrupt,True,0.9243353654254955,0.9220743246660947,0.8905726660446551,-0.0337626993808405,0.9206153711641528,-0.030042705119497692,
250,72,1,paraphrase,True,0.9243353654254955,0.9220743246660947,0.8905726660446551,-0.0337626993808405,0.9130755391074786,-0.022502873062823503,
250,72,1,corrupt_det,True,0.9243353654254955,0.9220743246660947,0.8905726660446551,-0.0337626993808405,0.9228743331558187,-0.03230166711116356,
250,72,1,offtopic,True,0.9243353654254955,0.9220743246660947,0.8905726660446551,-0.0337626993808405,0.884510926709398,0.00606173933525711,
251,72,2,corrupt,True,0.9243353654254955,0.9220743246660947,0.8821223953847931,-0.0422129700407025,0.922156292420064,-0.04003389703527094,
251,72,2,paraphrase,True,0.9243353654254955,0.9220743246660947,0.8821223953847931,-0.0422129700407025,0.9180094394100725,-0.035887044025279424,
251,72,2,corrupt_det,True,0.9243353654254955,0.9220743246660947,0.8821223953847931,-0.0422129700407025,0.9160185146878871,-0.033896119303094,
251,72,2,offtopic,True,0.9243353654254955,0.9220743246660947,0.8821223953847931,-0.0422129700407025,0.5323415645548726,0.3497808308299205,
252,73,0,corrupt,True,0.8158129468330602,0.7565127847207189,0.7749667401673708,-0.0408462066656893,0.7574240973257953,0.017542642841575473,
252,73,0,paraphrase,True,0.8158129468330602,0.7565127847207189,0.7749667401673708,-0.0408462066656893,0.7537456565265794,0.02122108364079134,
252,73,0,corrupt_det,True,0.8158129468330602,0.7565127847207189,0.7749667401673708,-0.0408462066656893,0.7608711174924548,0.01409562267491593,
252,73,0,offtopic,True,0.8158129468330602,0.7565127847207189,0.7749667401673708,-0.0408462066656893,0.7756105255245459,-0.0006437853571751306,
253,73,1,corrupt,True,0.8158129468330602,0.7565127847207189,0.7688784420361229,-0.0469345047969372,0.7631732068572316,0.005705235178891321,
253,73,1,paraphrase,True,0.8158129468330602,0.7565127847207189,0.7688784420361229,-0.0469345047969372,0.7559468202522668,0.012931621783856095,
253,73,1,corrupt_det,True,0.8158129468330602,0.7565127847207189,0.7688784420361229,-0.0469345047969372,0.7592668785116332,0.009611563524489664,
253,73,1,offtopic,True,0.8158129468330602,0.7565127847207189,0.7688784420361229,-0.0469345047969372,0.744537007133341,0.024341434902781844,
254,73,2,corrupt,True,0.8158129468330602,0.7565127847207189,0.739590577835627,-0.0762223689974331,0.7510144297350606,-0.011423851899433624,
254,73,2,paraphrase,True,0.8158129468330602,0.7565127847207189,0.739590577835627,-0.0762223689974331,0.7579204190251925,-0.018329841189565488,
254,73,2,corrupt_det,True,0.8158129468330602,0.7565127847207189,0.739590577835627,-0.0762223689974331,0.7607494855011833,-0.02115890766555628,
254,73,2,offtopic,True,0.8158129468330602,0.7565127847207189,0.739590577835627,-0.0762223689974331,0.7299533269304452,0.009637250905181749,
255,73,3,corrupt,False,0.8158129468330602,0.7565127847207189,0.7552959764024766,-0.0605169704305835,,,
255,73,3,paraphrase,False,0.8158129468330602,0.7565127847207189,0.7552959764024766,-0.0605169704305835,,,
255,73,3,corrupt_det,False,0.8158129468330602,0.7565127847207189,0.7552959764024766,-0.0605169704305835,,,
255,73,3,offtopic,True,0.8158129468330602,0.7565127847207189,0.7552959764024766,-0.0605169704305835,0.7185230435428818,0.03677293285959482,
256,73,4,corrupt,False,0.8158129468330602,0.7565127847207189,0.7431029626407816,-0.0727099841922785,,,
256,73,4,paraphrase,False,0.8158129468330602,0.7565127847207189,0.7431029626407816,-0.0727099841922785,,,
256,73,4,corrupt_det,True,0.8158129468330602,0.7565127847207189,0.7431029626407816,-0.0727099841922785,0.7565127847207189,-0.01340982207993735,
256,73,4,offtopic,True,0.8158129468330602,0.7565127847207189,0.7431029626407816,-0.0727099841922785,0.7079365572978131,0.03516640534296844,
257,73,5,corrupt,True,0.8158129468330602,0.7565127847207189,0.7425451886531831,-0.073267758179877,0.7614306379349846,-0.01888544928180147,
257,73,5,paraphrase,True,0.8158129468330602,0.7565127847207189,0.7425451886531831,-0.073267758179877,0.7560617055241763,-0.0135165168709932,
257,73,5,corrupt_det,True,0.8158129468330602,0.7565127847207189,0.7425451886531831,-0.073267758179877,0.7614767330652584,-0.01893154441207534,
257,73,5,offtopic,True,0.8158129468330602,0.7565127847207189,0.7425451886531831,-0.073267758179877,0.7464567517083809,-0.003911563055197798,
258,74,0,corrupt,True,0.938456135038686,0.9384793195100747,0.9248912999177706,-0.0135648351209152,0.9386510220781078,-0.013759722160337162,
258,74,0,paraphrase,True,0.938456135038686,0.9384793195100747,0.9248912999177706,-0.0135648351209152,0.9362928618233323,-0.01140156190556163,
258,74,0,corrupt_det,True,0.938456135038686,0.9384793195100747,0.9248912999177706,-0.0135648351209152,0.9385314672722912,-0.01364016735452056,
258,74,0,offtopic,True,0.938456135038686,0.9384793195100747,0.9248912999177706,-0.0135648351209152,0.8609209168750097,0.06397038304276093,
259,74,1,corrupt,False,0.938456135038686,0.9384793195100747,0.9266888296081802,-0.0117673054305056,,,
259,74,1,paraphrase,False,0.938456135038686,0.9384793195100747,0.9266888296081802,-0.0117673054305056,,,
259,74,1,corrupt_det,True,0.938456135038686,0.9384793195100747,0.9266888296081802,-0.0117673054305056,0.9370591935299998,-0.010370363921819559,
259,74,1,offtopic,True,0.938456135038686,0.9384793195100747,0.9266888296081802,-0.0117673054305056,0.917792247244662,0.008896582363518202,
260,74,2,corrupt,True,0.938456135038686,0.9384793195100747,0.87656153940733,-0.0618945956313559,0.9383685847038059,-0.06180704529647596,
260,74,2,paraphrase,True,0.938456135038686,0.9384793195100747,0.87656153940733,-0.0618945956313559,0.9367441291695024,-0.0601825897621725,
260,74,2,corrupt_det,True,0.938456135038686,0.9384793195100747,0.87656153940733,-0.0618945956313559,0.9383724086771725,-0.06181086926984258,
260,74,2,offtopic,True,0.938456135038686,0.9384793195100747,0.87656153940733,-0.0618945956313559,0.8210964470010894,0.055465092406240535,
261,75,0,corrupt,True,0.7981617598261463,0.8024470308723225,0.7940789816065859,-0.0040827782195604,0.8006243548546208,-0.006545373248034947,
261,75,0,paraphrase,True,0.7981617598261463,0.8024470308723225,0.7940789816065859,-0.0040827782195604,0.8066928916849538,-0.012613910078367985,
261,75,0,corrupt_det,True,0.7981617598261463,0.8024470308723225,0.7940789816065859,-0.0040827782195604,0.7999602749346604,-0.005881293328074522,
261,75,0,offtopic,True,0.7981617598261463,0.8024470308723225,0.7940789816065859,-0.0040827782195604,0.7835632890635703,0.010515692543015542,
262,75,1,corrupt,True,0.7981617598261463,0.8024470308723225,0.79602892881988,-0.0021328310062663,0.8032212685220973,-0.007192339702217332,
262,75,1,paraphrase,True,0.7981617598261463,0.8024470308723225,0.79602892881988,-0.0021328310062663,0.8020583922227174,-0.006029463402837387,
262,75,1,corrupt_det,True,0.7981617598261463,0.8024470308723225,0.79602892881988,-0.0021328310062663,0.799406673685479,-0.0033777448655990527,
262,75,1,offtopic,True,0.7981617598261463,0.8024470308723225,0.79602892881988,-0.0021328310062663,0.7831215753692116,0.012907353450668402,
263,75,2,corrupt,True,0.7981617598261463,0.8024470308723225,0.7402568651370715,-0.0579048946890748,0.8000948053447378,-0.05983794020766631,
263,75,2,paraphrase,True,0.7981617598261463,0.8024470308723225,0.7402568651370715,-0.0579048946890748,0.8099384530968713,-0.06968158795979984,
263,75,2,corrupt_det,True,0.7981617598261463,0.8024470308723225,0.7402568651370715,-0.0579048946890748,0.7977823696793881,-0.05752550454231664,
263,75,2,offtopic,True,0.7981617598261463,0.8024470308723225,0.7402568651370715,-0.0579048946890748,0.3341854214146387,0.40607144372243276,
264,76,0,corrupt,True,0.8165510187590126,0.8162346448007387,0.8047789748573834,-0.0117720439016292,0.8184806745878754,-0.013701699730492067,
264,76,0,paraphrase,True,0.8165510187590126,0.8162346448007387,0.8047789748573834,-0.0117720439016292,0.8140088547130273,-0.009229879855643941,
264,76,0,corrupt_det,False,0.8165510187590126,0.8162346448007387,0.8047789748573834,-0.0117720439016292,,,
264,76,0,offtopic,True,0.8165510187590126,0.8162346448007387,0.8047789748573834,-0.0117720439016292,0.8061527827412693,-0.001373807883885969,
265,76,1,corrupt,True,0.8165510187590126,0.8162346448007387,0.7987648999284495,-0.0177861188305631,0.8177448568691981,-0.01897995694074861,
265,76,1,paraphrase,True,0.8165510187590126,0.8162346448007387,0.7987648999284495,-0.0177861188305631,0.8116068952937604,-0.012841995365310943,
265,76,1,corrupt_det,True,0.8165510187590126,0.8162346448007387,0.7987648999284495,-0.0177861188305631,0.8141888907099181,-0.01542399078146861,
265,76,1,offtopic,True,0.8165510187590126,0.8162346448007387,0.7987648999284495,-0.0177861188305631,0.7494916018801758,0.04927329804827363,
266,76,2,corrupt,True,0.8165510187590126,0.8162346448007387,0.7237983186782578,-0.0927527000807547,0.8184163574314746,-0.09461803875321673,
266,76,2,paraphrase,True,0.8165510187590126,0.8162346448007387,0.7237983186782578,-0.0927527000807547,0.8153795101576691,-0.09158119147941124,
266,76,2,corrupt_det,True,0.8165510187590126,0.8162346448007387,0.7237983186782578,-0.0927527000807547,0.8116156807185075,-0.0878173620402497,
266,76,2,offtopic,True,0.8165510187590126,0.8162346448007387,0.7237983186782578,-0.0927527000807547,0.24858037397973226,0.4752179446985256,
267,77,0,corrupt,True,0.8530178711007769,0.8525374704248677,0.8294243915054851,-0.0235934795952917,0.8533338612404751,-0.023909469734989974,
267,77,0,paraphrase,True,0.8530178711007769,0.8525374704248677,0.8294243915054851,-0.0235934795952917,0.8384394879623052,-0.009015096456820082,
267,77,0,corrupt_det,False,0.8530178711007769,0.8525374704248677,0.8294243915054851,-0.0235934795952917,,,
267,77,0,offtopic,True,0.8530178711007769,0.8525374704248677,0.8294243915054851,-0.0235934795952917,0.821829887876397,0.00759450362908809,
268,77,1,corrupt,True,0.8530178711007769,0.8525374704248677,0.849713096249333,-0.0033047748514438,0.8521184940676471,-0.002405397818314059,
268,77,1,paraphrase,True,0.8530178711007769,0.8525374704248677,0.849713096249333,-0.0033047748514438,0.840414707347587,0.009298388901745946,
268,77,1,corrupt_det,True,0.8530178711007769,0.8525374704248677,0.849713096249333,-0.0033047748514438,0.8502375576013035,-0.0005244613519704844,
268,77,1,offtopic,True,0.8530178711007769,0.8525374704248677,0.849713096249333,-0.0033047748514438,0.7105043564614367,0.13920873978789627,
269,77,2,corrupt,True,0.8530178711007769,0.8525374704248677,0.6061542085598264,-0.2468636625409505,0.8514000363955585,-0.24524582783573212,
269,77,2,paraphrase,True,0.8530178711007769,0.8525374704248677,0.6061542085598264,-0.2468636625409505,0.8523415691817642,-0.2461873606219378,
269,77,2,corrupt_det,True,0.8530178711007769,0.8525374704248677,0.6061542085598264,-0.2468636625409505,0.8520307902228584,-0.24587658166303206,
269,77,2,offtopic,True,0.8530178711007769,0.8525374704248677,0.6061542085598264,-0.2468636625409505,0.5095126575996904,0.09664155096013594,
270,78,0,corrupt,True,0.7967841481608959,0.7986581815957496,0.782925181456291,-0.0138589667046049,0.793033378994606,-0.010108197538315045,
270,78,0,paraphrase,True,0.7967841481608959,0.7986581815957496,0.782925181456291,-0.0138589667046049,0.7971907633128011,-0.014265581856510168,
270,78,0,corrupt_det,True,0.7967841481608959,0.7986581815957496,0.782925181456291,-0.0138589667046049,0.7997949552841688,-0.0168697738278778,
270,78,0,offtopic,True,0.7967841481608959,0.7986581815957496,0.782925181456291,-0.0138589667046049,0.7830424363092102,-0.00011725485291924631,
271,78,1,corrupt,True,0.7967841481608959,0.7986581815957496,0.7761453304618946,-0.0206388176990013,0.8017042733121068,-0.025558942850212207,
271,78,1,paraphrase,True,0.7967841481608959,0.7986581815957496,0.7761453304618946,-0.0206388176990013,0.7969646793137131,-0.020819348851818464,
271,78,1,corrupt_det,True,0.7967841481608959,0.7986581815957496,0.7761453304618946,-0.0206388176990013,0.7964753362272503,-0.020330005765355708,
271,78,1,offtopic,True,0.7967841481608959,0.7986581815957496,0.7761453304618946,-0.0206388176990013,0.7531956027049318,0.0229497277569628,
272,78,2,corrupt,True,0.7967841481608959,0.7986581815957496,0.722579060209467,-0.0742050879514288,0.8029087876563362,-0.08032972744686917,
272,78,2,paraphrase,True,0.7967841481608959,0.7986581815957496,0.722579060209467,-0.0742050879514288,0.7972417695650738,-0.0746627093556067,
272,78,2,corrupt_det,True,0.7967841481608959,0.7986581815957496,0.722579060209467,-0.0742050879514288,0.796703739175033,-0.07412467896556596,
272,78,2,offtopic,True,0.7967841481608959,0.7986581815957496,0.722579060209467,-0.0742050879514288,0.6080089629198964,0.11457009728957068,
273,79,0,corrupt,True,0.8839908756785633,0.8829431992602728,0.8765886088595525,-0.0074022668190107,0.8810781318870953,-0.004489523027542797,
273,79,0,paraphrase,True,0.8839908756785633,0.8829431992602728,0.8765886088595525,-0.0074022668190107,0.8812722404496982,-0.0046836315901457315,
273,79,0,corrupt_det,True,0.8839908756785633,0.8829431992602728,0.8765886088595525,-0.0074022668190107,0.8842877895564077,-0.007699180696855268,
273,79,0,offtopic,True,0.8839908756785633,0.8829431992602728,0.8765886088595525,-0.0074022668190107,0.8490834726883655,0.027505136171186995,
274,79,1,corrupt,True,0.8839908756785633,0.8829431992602728,0.8683740287690791,-0.0156168469094841,0.881913447848212,-0.01353941907913292,
274,79,1,paraphrase,True,0.8839908756785633,0.8829431992602728,0.8683740287690791,-0.0156168469094841,0.8761394877063726,-0.0077654589372935234,
274,79,1,corrupt_det,True,0.8839908756785633,0.8829431992602728,0.8683740287690791,-0.0156168469094841,0.8860798232936667,-0.017705794524587648,
274,79,1,offtopic,True,0.8839908756785633,0.8829431992602728,0.8683740287690791,-0.0156168469094841,0.859251800240891,0.009122228528188114,
275,79,2,corrupt,True,0.8839908756785633,0.8829431992602728,0.8683216749044688,-0.0156692007740945,0.8789658881519963,-0.010644213247527512,
275,79,2,paraphrase,True,0.8839908756785633,0.8829431992602728,0.8683216749044688,-0.0156692007740945,0.8822585687533164,-0.013936893848847665,
275,79,2,corrupt_det,True,0.8839908756785633,0.8829431992602728,0.8683216749044688,-0.0156692007740945,0.8799998813755799,-0.011678206471111174,
275,79,2,offtopic,True,0.8839908756785633,0.8829431992602728,0.8683216749044688,-0.0156692007740945,0.5609002169302195,0.30742145797424925,
276,80,0,corrupt,True,0.9421320718734908,0.9389547379931953,0.9268499118464323,-0.0152821600270586,0.9399819971461969,-0.013132085299764618,
276,80,0,paraphrase,True,0.9421320718734908,0.9389547379931953,0.9268499118464323,-0.0152821600270586,0.9375443720492131,-0.010694460202780864,
276,80,0,corrupt_det,True,0.9421320718734908,0.9389547379931953,0.9268499118464323,-0.0152821600270586,0.9375317567714948,-0.010681844925062522,
276,80,0,offtopic,True,0.9421320718734908,0.9389547379931953,0.9268499118464323,-0.0152821600270586,0.9215825377464113,0.005267374100020983,
277,80,1,corrupt,True,0.9421320718734908,0.9389547379931953,0.9339040553826266,-0.0082280164908643,0.9383242767176837,-0.004420221335057151,
277,80,1,paraphrase,True,0.9421320718734908,0.9389547379931953,0.9339040553826266,-0.0082280164908643,0.9395787072893232,-0.005674651906696693,
277,80,1,corrupt_det,True,0.9421320718734908,0.9389547379931953,0.9339040553826266,-0.0082280164908643,0.9394863496514706,-0.005582294268844046,
277,80,1,offtopic,True,0.9421320718734908,0.9389547379931953,0.9339040553826266,-0.0082280164908643,0.928776045406955,0.0051280099756715325,
278,80,2,corrupt,True,0.9421320718734908,0.9389547379931953,0.8532546204959063,-0.0888774513775846,0.9379395396718078,-0.08468491917590149,
278,80,2,paraphrase,True,0.9421320718734908,0.9389547379931953,0.8532546204959063,-0.0888774513775846,0.9397136259583208,-0.08645900546241447,
278,80,2,corrupt_det,True,0.9421320718734908,0.9389547379931953,0.8532546204959063,-0.0888774513775846,0.927903229023425,-0.07464860852751876,
278,80,2,offtopic,True,0.9421320718734908,0.9389547379931953,0.8532546204959063,-0.0888774513775846,0.7806889454983355,0.07256567499757083,
279,81,0,corrupt,True,0.6792819898977669,0.6836425693375059,0.6631898147096231,-0.0160921751881437,0.6822937962119063,-0.019103981502283207,
279,81,0,paraphrase,True,0.6792819898977669,0.6836425693375059,0.6631898147096231,-0.0160921751881437,0.6784857316628352,-0.015295916953212085,
279,81,0,corrupt_det,True,0.6792819898977669,0.6836425693375059,0.6631898147096231,-0.0160921751881437,0.6792054289308193,-0.01601561422119613,
279,81,0,offtopic,True,0.6792819898977669,0.6836425693375059,0.6631898147096231,-0.0160921751881437,0.6805994798116081,-0.01740966510198494,
280,81,1,corrupt,True,0.6792819898977669,0.6836425693375059,0.6678815376157495,-0.0114004522820173,0.6787603189758731,-0.010878781360123546,
280,81,1,paraphrase,True,0.6792819898977669,0.6836425693375059,0.6678815376157495,-0.0114004522820173,0.6294258545573402,0.038455683058409296,
280,81,1,corrupt_det,True,0.6792819898977669,0.6836425693375059,0.6678815376157495,-0.0114004522820173,0.6838037919565287,-0.015922254340779207,
280,81,1,offtopic,True,0.6792819898977669,0.6836425693375059,0.6678815376157495,-0.0114004522820173,0.664349575682604,0.003531961933145533,
281,81,2,corrupt,True,0.6792819898977669,0.6836425693375059,0.4008954907659381,-0.2783864991318288,0.6727884730567907,-0.27189298229085257,
281,81,2,paraphrase,True,0.6792819898977669,0.6836425693375059,0.4008954907659381,-0.2783864991318288,0.676462853343835,-0.27556736257789693,
281,81,2,corrupt_det,True,0.6792819898977669,0.6836425693375059,0.4008954907659381,-0.2783864991318288,0.6847043785737231,-0.283808887807785,
281,81,2,offtopic,True,0.6792819898977669,0.6836425693375059,0.4008954907659381,-0.2783864991318288,0.5060982208737254,-0.10520273010778725,
282,82,0,corrupt,True,0.8091214132469876,0.8073086595832638,0.7991769384701657,-0.0099444747768219,0.8133192156868156,-0.014142277216649957,
282,82,0,paraphrase,True,0.8091214132469876,0.8073086595832638,0.7991769384701657,-0.0099444747768219,0.8031506535968117,-0.003973715126646016,
282,82,0,corrupt_det,False,0.8091214132469876,0.8073086595832638,0.7991769384701657,-0.0099444747768219,,,
282,82,0,offtopic,True,0.8091214132469876,0.8073086595832638,0.7991769384701657,-0.0099444747768219,0.8079992966597259,-0.008822358189560231,
283,82,1,corrupt,True,0.8091214132469876,0.8073086595832638,0.7984856713480146,-0.0106357418989729,0.8089802407475672,-0.010494569399552622,
283,82,1,paraphrase,True,0.8091214132469876,0.8073086595832638,0.7984856713480146,-0.0106357418989729,0.8131435878919555,-0.014657916543940885,
283,82,1,corrupt_det,True,0.8091214132469876,0.8073086595832638,0.7984856713480146,-0.0106357418989729,0.8063491638792595,-0.007863492531244853,
283,82,1,offtopic,True,0.8091214132469876,0.8073086595832638,0.7984856713480146,-0.0106357418989729,0.7830229165913745,0.015462754756640162,
284,82,2,corrupt,True,0.8091214132469876,0.8073086595832638,0.785033738319447,-0.0240876749275406,0.8079504768246729,-0.02291673850522591,
284,82,2,paraphrase,True,0.8091214132469876,0.8073086595832638,0.785033738319447,-0.0240876749275406,0.8072577119383649,-0.022223973618917925,
284,82,2,corrupt_det,True,0.8091214132469876,0.8073086595832638,0.785033738319447,-0.0240876749275406,0.806543003329972,-0.02150926501052497,
284,82,2,offtopic,True,0.8091214132469876,0.8073086595832638,0.785033738319447,-0.0240876749275406,0.7664528199103702,0.01858091840907683,
285,83,0,corrupt,True,0.9288348398295974,0.9297460030712259,0.9091482784117099,-0.0196865614178874,0.9298194747943861,-0.020671196382676227,
285,83,0,paraphrase,True,0.9288348398295974,0.9297460030712259,0.9091482784117099,-0.0196865614178874,0.9273855657858081,-0.018237287374098243,
285,83,0,corrupt_det,True,0.9288348398295974,0.9297460030712259,0.9091482784117099,-0.0196865614178874,0.929611243595649,-0.020462965183939086,
285,83,0,offtopic,True,0.9288348398295974,0.9297460030712259,0.9091482784117099,-0.0196865614178874,0.9113172051044008,-0.0021689266926909756,
286,83,1,corrupt,True,0.9288348398295974,0.9297460030712259,0.9204697938169535,-0.0083650460126438,0.9285084609897816,-0.008038667172828085,
286,83,1,paraphrase,True,0.9288348398295974,0.9297460030712259,0.9204697938169535,-0.0083650460126438,0.9288522981894911,-0.008382504372537625,
286,83,1,corrupt_det,True,0.9288348398295974,0.9297460030712259,0.9204697938169535,-0.0083650460126438,0.9291398032180125,-0.008670009401058998,
286,83,1,offtopic,True,0.9288348398295974,0.9297460030712259,0.9204697938169535,-0.0083650460126438,0.9130671808113632,0.007402613005590308,
287,83,2,corrupt,False,0.9288348398295974,0.9297460030712259,0.8678946452908546,-0.0609401945387427,,,
287,83,2,paraphrase,False,0.9288348398295974,0.9297460030712259,0.8678946452908546,-0.0609401945387427,,,
287,83,2,corrupt_det,True,0.9288348398295974,0.9297460030712259,0.8678946452908546,-0.0609401945387427,0.9290710319443853,-0.06117638665353076,
287,83,2,offtopic,True,0.9288348398295974,0.9297460030712259,0.8678946452908546,-0.0609401945387427,0.49732917038741137,0.3705654749034432,
288,84,0,corrupt,True,0.935528297211703,0.9344777237395853,0.9259147427207585,-0.0096135544909445,0.9333746950282164,-0.007459952307457884,
288,84,0,paraphrase,True,0.935528297211703,0.9344777237395853,0.9259147427207585,-0.0096135544909445,0.9313914162242196,-0.005476673503461149,
288,84,0,corrupt_det,False,0.935528297211703,0.9344777237395853,0.9259147427207585,-0.0096135544909445,,,
288,84,0,offtopic,True,0.935528297211703,0.9344777237395853,0.9259147427207585,-0.0096135544909445,0.9097905784686253,0.016124164252133144,
289,84,1,corrupt,True,0.935528297211703,0.9344777237395853,0.9210371718194544,-0.0144911253922486,0.9378712930515883,-0.016834121232133903,
289,84,1,paraphrase,True,0.935528297211703,0.9344777237395853,0.9210371718194544,-0.0144911253922486,0.9358477599018221,-0.014810588082367682,
289,84,1,corrupt_det,True,0.935528297211703,0.9344777237395853,0.9210371718194544,-0.0144911253922486,0.9347139540490315,-0.013676782229577022,
289,84,1,offtopic,True,0.935528297211703,0.9344777237395853,0.9210371718194544,-0.0144911253922486,0.9134659866336639,0.007571185185790585,
290,84,2,corrupt,True,0.935528297211703,0.9344777237395853,0.9170496266380659,-0.0184786705736371,0.9350256032860329,-0.017975976647967018,
290,84,2,paraphrase,True,0.935528297211703,0.9344777237395853,0.9170496266380659,-0.0184786705736371,0.9298686529939258,-0.012819026355859964,
290,84,2,corrupt_det,True,0.935528297211703,0.9344777237395853,0.9170496266380659,-0.0184786705736371,0.9234395377357693,-0.006389911097703371,
290,84,2,offtopic,True,0.935528297211703,0.9344777237395853,0.9170496266380659,-0.0184786705736371,0.9133774498963234,0.0036721767417424722,
291,85,0,corrupt,True,0.9251781633958068,0.9258491841731774,0.8935373425849471,-0.0316408208108598,0.9259423275940776,-0.03240498500913047,
291,85,0,paraphrase,True,0.9251781633958068,0.9258491841731774,0.8935373425849471,-0.0316408208108598,0.9122416437290706,-0.01870430114412347,
291,85,0,corrupt_det,True,0.9251781633958068,0.9258491841731774,0.8935373425849471,-0.0316408208108598,0.9259898317895896,-0.0324524892046425,
291,85,0,offtopic,True,0.9251781633958068,0.9258491841731774,0.8935373425849471,-0.0316408208108598,0.8963299577251085,-0.002792615140161381,
292,85,1,corrupt,True,0.9251781633958068,0.9258491841731774,0.9197010237074261,-0.0054771396883808,0.9247243990638381,-0.005023375356411952,
292,85,1,paraphrase,True,0.9251781633958068,0.9258491841731774,0.9197010237074261,-0.0054771396883808,0.9268486004082319,-0.007147576700805791,
292,85,1,corrupt_det,True,0.9251781633958068,0.9258491841731774,0.9197010237074261,-0.0054771396883808,0.9263547375623404,-0.0066537138549143116,
292,85,1,offtopic,True,0.9251781633958068,0.9258491841731774,0.9197010237074261,-0.0054771396883808,0.9083608634802329,0.011340160227193197,
293,85,2,corrupt,True,0.9251781633958068,0.9258491841731774,0.5751956769904505,-0.3499824864053564,0.9251608589750998,-0.3499651819846493,
293,85,2,paraphrase,True,0.9251781633958068,0.9258491841731774,0.5751956769904505,-0.3499824864053564,0.9242073104735498,-0.34901163348309927,
293,85,2,corrupt_det,True,0.9251781633958068,0.9258491841731774,0.5751956769904505,-0.3499824864053564,0.925116316922952,-0.34992063993250155,
293,85,2,offtopic,True,0.9251781633958068,0.9258491841731774,0.5751956769904505,-0.3499824864053564,0.5271443629846487,0.04805131400580176,
294,86,0,corrupt,False,0.8538310523407067,0.8504203521311342,0.8402266191810046,-0.013604433159702,,,
294,86,0,paraphrase,False,0.8538310523407067,0.8504203521311342,0.8402266191810046,-0.013604433159702,,,
294,86,0,corrupt_det,True,0.8538310523407067,0.8504203521311342,0.8402266191810046,-0.013604433159702,0.8464853737533612,-0.006258754572356584,
294,86,0,offtopic,True,0.8538310523407067,0.8504203521311342,0.8402266191810046,-0.013604433159702,0.7865821021390756,0.05364451704192896,
295,86,1,corrupt,True,0.8538310523407067,0.8504203521311342,0.8086114742194516,-0.0452195781212551,0.8481542765022114,-0.03954280228275986,
295,86,1,paraphrase,True,0.8538310523407067,0.8504203521311342,0.8086114742194516,-0.0452195781212551,0.8484220032465162,-0.03981052902706461,
295,86,1,corrupt_det,True,0.8538310523407067,0.8504203521311342,0.8086114742194516,-0.0452195781212551,0.8479462326863846,-0.03933475846693302,
295,86,1,offtopic,True,0.8538310523407067,0.8504203521311342,0.8086114742194516,-0.0452195781212551,0.7500740894871867,0.058537384732264885,
296,86,2,corrupt,True,0.8538310523407067,0.8504203521311342,0.678533980728677,-0.1752970716120296,0.8445894846188364,-0.16605550389015944,
296,86,2,paraphrase,True,0.8538310523407067,0.8504203521311342,0.678533980728677,-0.1752970716120296,0.8505444993993564,-0.1720105186706794,
296,86,2,corrupt_det,True,0.8538310523407067,0.8504203521311342,0.678533980728677,-0.1752970716120296,0.8507107097015107,-0.17217672897283376,
296,86,2,offtopic,True,0.8538310523407067,0.8504203521311342,0.678533980728677,-0.1752970716120296,0.3909431894195247,0.28759079130915227,
297,87,0,corrupt,True,0.905171649212226,0.9029884381886976,0.9056961960183945,0.0005245468061684,0.902684868396551,0.003011327621843418,
297,87,0,paraphrase,True,0.905171649212226,0.9029884381886976,0.9056961960183945,0.0005245468061684,0.9002404676415227,0.0054557283768718046,
297,87,0,corrupt_det,True,0.905171649212226,0.9029884381886976,0.9056961960183945,0.0005245468061684,0.9022256063651334,0.0034705896532610803,
297,87,0,offtopic,True,0.905171649212226,0.9029884381886976,0.9056961960183945,0.0005245468061684,0.8964912785658403,0.00920491745255414,
298,87,1,corrupt,True,0.905171649212226,0.9029884381886976,0.8848982837728515,-0.0202733654393745,0.9031285511798919,-0.018230267407040368,
298,87,1,paraphrase,True,0.905171649212226,0.9029884381886976,0.8848982837728515,-0.0202733654393745,0.8999437815873881,-0.015045497814536568,
298,87,1,corrupt_det,True,0.905171649212226,0.9029884381886976,0.8848982837728515,-0.0202733654393745,0.9029884381886976,-0.01809015441584605,
298,87,1,offtopic,True,0.905171649212226,0.9029884381886976,0.8848982837728515,-0.0202733654393745,0.8753677071943679,0.009530576578483663,
299,87,2,corrupt,True,0.905171649212226,0.9029884381886976,0.642153912315986,-0.2630177368962401,0.9015888899623274,-0.2594349776463415,
299,87,2,paraphrase,True,0.905171649212226,0.9029884381886976,0.642153912315986,-0.2630177368962401,0.9027521566988543,-0.2605982443828684,
299,87,2,corrupt_det,True,0.905171649212226,0.9029884381886976,0.642153912315986,-0.2630177368962401,0.9039264602955221,-0.2617725479795362,
299,87,2,offtopic,True,0.905171649212226,0.9029884381886976,0.642153912315986,-0.2630177368962401,0.5563968333622713,0.08575707895371465,
300,88,0,corrupt,True,0.8836902098915548,0.8813299890965534,0.8825451983217676,-0.0011450115697871,0.8835764212634679,-0.0010312229417003271,
300,88,0,paraphrase,True,0.8836902098915548,0.8813299890965534,0.8825451983217676,-0.0011450115697871,0.8781240633181904,0.0044211350035772146,
300,88,0,corrupt_det,True,0.8836902098915548,0.8813299890965534,0.8825451983217676,-0.0011450115697871,0.8829361091409339,-0.00039091081916631243,
300,88,0,offtopic,True,0.8836902098915548,0.8813299890965534,0.8825451983217676,-0.0011450115697871,0.7129924863634,0.16955271195836763,
301,88,1,corrupt,False,0.8836902098915548,0.8813299890965534,0.8750040125028437,-0.0086861973887111,,,
301,88,1,paraphrase,False,0.8836902098915548,0.8813299890965534,0.8750040125028437,-0.0086861973887111,,,
301,88,1,corrupt_det,True,0.8836902098915548,0.8813299890965534,0.8750040125028437,-0.0086861973887111,0.8802879083001202,-0.0052838957972765055,
301,88,1,offtopic,True,0.8836902098915548,0.8813299890965534,0.8750040125028437,-0.0086861973887111,0.8619614852483656,0.013042527254478076,
302,88,2,corrupt,True,0.8836902098915548,0.8813299890965534,0.8691390684575158,-0.014551141434039,0.8820390619958358,-0.012899993538320054,
302,88,2,paraphrase,True,0.8836902098915548,0.8813299890965534,0.8691390684575158,-0.014551141434039,0.8811302873797718,-0.011991218922256075,
302,88,2,corrupt_det,False,0.8836902098915548,0.8813299890965534,0.8691390684575158,-0.014551141434039,,,
302,88,2,offtopic,True,0.8836902098915548,0.8813299890965534,0.8691390684575158,-0.014551141434039,0.8660711709173947,0.003067897540121045,
303,88,3,corrupt,True,0.8836902098915548,0.8813299890965534,0.8735231671074759,-0.0101670427840788,0.8845409608027658,-0.01101779369528988,
303,88,3,paraphrase,True,0.8836902098915548,0.8813299890965534,0.8735231671074759,-0.0101670427840788,0.8830458437536668,-0.009522676646190886,
303,88,3,corrupt_det,True,0.8836902098915548,0.8813299890965534,0.8735231671074759,-0.0101670427840788,0.880367314528142,-0.00684414742066608,
303,88,3,offtopic,True,0.8836902098915548,0.8813299890965534,0.8735231671074759,-0.0101670427840788,0.8283892050417161,0.045133962065759814,
304,88,4,corrupt,True,0.8836902098915548,0.8813299890965534,0.8811037542199563,-0.0025864556715984,0.8799753900685398,0.0011283641514165943,
304,88,4,paraphrase,True,0.8836902098915548,0.8813299890965534,0.8811037542199563,-0.0025864556715984,0.8812846987692895,-0.00018094454933315074,
304,88,4,corrupt_det,False,0.8836902098915548,0.8813299890965534,0.8811037542199563,-0.0025864556715984,,,
304,88,4,offtopic,True,0.8836902098915548,0.8813299890965534,0.8811037542199563,-0.0025864556715984,0.6462959775261737,0.2348077766937826,
305,88,5,corrupt,True,0.8836902098915548,0.8813299890965534,0.8717827048235202,-0.0119075050680346,0.8837520556209112,-0.011969350797391032,
305,88,5,paraphrase,True,0.8836902098915548,0.8813299890965534,0.8717827048235202,-0.0119075050680346,0.8813654299116748,-0.009582725088154609,
305,88,5,corrupt_det,True,0.8836902098915548,0.8813299890965534,0.8717827048235202,-0.0119075050680346,0.8796367355979303,-0.007854030774410159,
305,88,5,offtopic,True,0.8836902098915548,0.8813299890965534,0.8717827048235202,-0.0119075050680346,0.8342343539159808,0.037548350907539385,
306,88,6,corrupt,False,0.8836902098915548,0.8813299890965534,0.8558749070981465,-0.0278153027934082,,,
306,88,6,paraphrase,False,0.8836902098915548,0.8813299890965534,0.8558749070981465,-0.0278153027934082,,,
306,88,6,corrupt_det,True,0.8836902098915548,0.8813299890965534,0.8558749070981465,-0.0278153027934082,0.8744789965803937,-0.018604089482247232,
306,88,6,offtopic,True,0.8836902098915548,0.8813299890965534,0.8558749070981465,-0.0278153027934082,0.8343249655782138,0.021549941519932725,
307,89,0,corrupt,True,0.8916832463944765,0.8927035777963822,0.8799698659167164,-0.01171338047776,0.8912797371813942,-0.011309871264677751,
307,89,0,paraphrase,True,0.8916832463944765,0.8927035777963822,0.8799698659167164,-0.01171338047776,0.8939865376750812,-0.01401667175836474,
307,89,0,corrupt_det,True,0.8916832463944765,0.8927035777963822,0.8799698659167164,-0.01171338047776,0.8931540044102526,-0.013184138493536168,
307,89,0,offtopic,True,0.8916832463944765,0.8927035777963822,0.8799698659167164,-0.01171338047776,0.8759831161425178,0.003986749774198661,
308,89,1,corrupt,True,0.8916832463944765,0.8927035777963822,0.8832420216371113,-0.0084412247573651,0.8929994246211096,-0.009757402983998298,
308,89,1,paraphrase,True,0.8916832463944765,0.8927035777963822,0.8832420216371113,-0.0084412247573651,0.8879269916070974,-0.00468496996998613,
308,89,1,corrupt_det,True,0.8916832463944765,0.8927035777963822,0.8832420216371113,-0.0084412247573651,0.8930596705062612,-0.00981764886914993,
308,89,1,offtopic,True,0.8916832463944765,0.8927035777963822,0.8832420216371113,-0.0084412247573651,0.8832945362302088,-5.251459309751905e-05,
309,89,2,corrupt,True,0.8916832463944765,0.8927035777963822,0.5983885180507613,-0.2932947283437151,0.8947602293260368,-0.2963717112752755,
309,89,2,paraphrase,True,0.8916832463944765,0.8927035777963822,0.5983885180507613,-0.2932947283437151,0.8875464211351963,-0.289157903084435,
309,89,2,corrupt_det,True,0.8916832463944765,0.8927035777963822,0.5983885180507613,-0.2932947283437151,0.8924336068609406,-0.2940450888101793,
309,89,2,offtopic,True,0.8916832463944765,0.8927035777963822,0.5983885180507613,-0.2932947283437151,0.5573070924681697,0.041081425582591646,
310,90,0,corrupt,True,0.8885074572422635,0.8901344822843787,0.8831883465644899,-0.0053191106777736,0.8891841046076365,-0.005995758043146671,
310,90,0,paraphrase,True,0.8885074572422635,0.8901344822843787,0.8831883465644899,-0.0053191106777736,0.8867892513442507,-0.0036009047797608273,
310,90,0,corrupt_det,True,0.8885074572422635,0.8901344822843787,0.8831883465644899,-0.0053191106777736,0.8915125689926422,-0.00832422242815234,
310,90,0,offtopic,True,0.8885074572422635,0.8901344822843787,0.8831883465644899,-0.0053191106777736,0.8613510140098736,0.021837332554616284,
311,90,1,corrupt,False,0.8885074572422635,0.8901344822843787,0.8631266204888287,-0.0253808367534348,,,
311,90,1,paraphrase,False,0.8885074572422635,0.8901344822843787,0.8631266204888287,-0.0253808367534348,,,
311,90,1,corrupt_det,True,0.8885074572422635,0.8901344822843787,0.8631266204888287,-0.0253808367534348,0.8900853686516744,-0.026958748162845714,
311,90,1,offtopic,True,0.8885074572422635,0.8901344822843787,0.8631266204888287,-0.0253808367534348,0.8071576477196646,0.05596897276916413,
312,90,2,corrupt,True,0.8885074572422635,0.8901344822843787,0.8087648567461803,-0.0797426004960832,0.8893366464184774,-0.08057178967229717,
312,90,2,paraphrase,True,0.8885074572422635,0.8901344822843787,0.8087648567461803,-0.0797426004960832,0.8861593284698261,-0.07739447172364589,
312,90,2,corrupt_det,True,0.8885074572422635,0.8901344822843787,0.8087648567461803,-0.0797426004960832,0.8889483786324188,-0.08018352188623856,
312,90,2,offtopic,True,0.8885074572422635,0.8901344822843787,0.8087648567461803,-0.0797426004960832,0.7144203978215627,0.09434445892461751,
313,91,0,corrupt,True,0.8898315713225826,0.8903829277055997,0.8863341245436372,-0.0034974467789453,0.8931180414670389,-0.006783916923401634,
313,91,0,paraphrase,True,0.8898315713225826,0.8903829277055997,0.8863341245436372,-0.0034974467789453,0.8906993968572832,-0.004365272313645918,
313,91,0,corrupt_det,True,0.8898315713225826,0.8903829277055997,0.8863341245436372,-0.0034974467789453,0.8922880548393193,-0.005953930295682031,
313,91,0,offtopic,True,0.8898315713225826,0.8903829277055997,0.8863341245436372,-0.0034974467789453,0.792431376452073,0.09390274809156429,
314,91,1,corrupt,True,0.8898315713225826,0.8903829277055997,0.8610538732090057,-0.0287776981135768,0.887844999387418,-0.026791126178412283,
314,91,1,paraphrase,True,0.8898315713225826,0.8903829277055997,0.8610538732090057,-0.0287776981135768,0.8861575124513041,-0.025103639242298414,
314,91,1,corrupt_det,True,0.8898315713225826,0.8903829277055997,0.8610538732090057,-0.0287776981135768,0.8899199304138815,-0.028866057204875784,
314,91,1,offtopic,True,0.8898315713225826,0.8903829277055997,0.8610538732090057,-0.0287776981135768,0.8139131908094732,0.04714068239953251,
315,91,2,corrupt,True,0.8898315713225826,0.8903829277055997,0.5361649561239773,-0.3536666151986053,0.8889579957584536,-0.3527930396344763,
315,91,2,paraphrase,True,0.8898315713225826,0.8903829277055997,0.5361649561239773,-0.3536666151986053,0.8851576955739099,-0.3489927394499326,
315,91,2,corrupt_det,True,0.8898315713225826,0.8903829277055997,0.5361649561239773,-0.3536666151986053,0.8883594090735915,-0.35219445294961416,
315,91,2,offtopic,True,0.8898315713225826,0.8903829277055997,0.5361649561239773,-0.3536666151986053,0.33877945689059485,0.19738549923338244,
316,92,0,corrupt,True,0.9057902970912708,0.904168755241453,0.9041303025414317,-0.001659994549839,0.9027454406615504,0.001384861879881294,
316,92,0,paraphrase,True,0.9057902970912708,0.904168755241453,0.9041303025414317,-0.001659994549839,0.9019565284122031,0.0021737741292285895,
316,92,0,corrupt_det,False,0.9057902970912708,0.904168755241453,0.9041303025414317,-0.001659994549839,,,
316,92,0,offtopic,True,0.9057902970912708,0.904168755241453,0.9041303025414317,-0.001659994549839,0.8877769489283109,0.016353353613120736,
317,92,1,corrupt,True,0.9057902970912708,0.904168755241453,0.897415822444596,-0.0083744746466747,0.9042271500957604,-0.006811327651164434,
317,92,1,paraphrase,True,0.9057902970912708,0.904168755241453,0.897415822444596,-0.0083744746466747,0.9009205234865065,-0.003504701041910585,
317,92,1,corrupt_det,True,0.9057902970912708,0.904168755241453,0.897415822444596,-0.0083744746466747,0.9015601534081448,-0.004144330963548826,
317,92,1,offtopic,True,0.9057902970912708,0.904168755241453,0.897415822444596,-0.0083744746466747,0.8945383866635558,0.0028774357810401607,
318,92,2,corrupt,True,0.9057902970912708,0.904168755241453,0.7049469770247414,-0.2008433200665292,0.7867274782490286,-0.08178050122428715,
318,92,2,paraphrase,True,0.9057902970912708,0.904168755241453,0.7049469770247414,-0.2008433200665292,0.899684316789547,-0.19473733976480556,
318,92,2,corrupt_det,True,0.9057902970912708,0.904168755241453,0.7049469770247414,-0.2008433200665292,0.8611525235526291,-0.15620554652788765,
318,92,2,offtopic,True,0.9057902970912708,0.904168755241453,0.7049469770247414,-0.2008433200665292,0.8087447593949425,-0.1037977823702011,
319,93,0,corrupt,True,0.8981409504146745,0.9012445950727201,0.8938483017083269,-0.0042926487063476,0.901952807198883,-0.00810450549055619,
319,93,0,paraphrase,True,0.8981409504146745,0.9012445950727201,0.8938483017083269,-0.0042926487063476,0.8889619389081609,0.0048863628001659665,
319,93,0,corrupt_det,True,0.8981409504146745,0.9012445950727201,0.8938483017083269,-0.0042926487063476,0.9011063911706335,-0.0072580894623066605,
319,93,0,offtopic,True,0.8981409504146745,0.9012445950727201,0.8938483017083269,-0.0042926487063476,0.8871743350073298,0.006673966700997069,
320,93,1,corrupt,True,0.8981409504146745,0.9012445950727201,0.8853991838035761,-0.0127417666110983,0.897280744694709,-0.011881560891132903,
320,93,1,paraphrase,True,0.8981409504146745,0.9012445950727201,0.8853991838035761,-0.0127417666110983,0.8936966708755734,-0.00829748707199729,
320,93,1,corrupt_det,True,0.8981409504146745,0.9012445950727201,0.8853991838035761,-0.0127417666110983,0.9014097641574793,-0.016010580353903237,
320,93,1,offtopic,True,0.8981409504146745,0.9012445950727201,0.8853991838035761,-0.0127417666110983,0.8477041222619603,0.037695061541615726,
321,93,2,corrupt,True,0.8981409504146745,0.9012445950727201,0.900555419482142,0.0024144690674675,0.896519804903028,0.004035614579114055,
321,93,2,paraphrase,True,0.8981409504146745,0.9012445950727201,0.900555419482142,0.0024144690674675,0.9024874833301146,-0.0019320638479726204,
321,93,2,corrupt_det,False,0.8981409504146745,0.9012445950727201,0.900555419482142,0.0024144690674675,,,
321,93,2,offtopic,True,0.8981409504146745,0.9012445950727201,0.900555419482142,0.0024144690674675,0.8292421468852869,0.07131327259685516,
322,93,3,corrupt,True,0.8981409504146745,0.9012445950727201,0.8947849069755226,-0.0033560434391518,0.8697694458698428,0.02501546110567976,
322,93,3,paraphrase,True,0.8981409504146745,0.9012445950727201,0.8947849069755226,-0.0033560434391518,0.9010885014248283,-0.006303594449305727,
322,93,3,corrupt_det,False,0.8981409504146745,0.9012445950727201,0.8947849069755226,-0.0033560434391518,,,
322,93,3,offtopic,True,0.8981409504146745,0.9012445950727201,0.8947849069755226,-0.0033560434391518,0.821250921290221,0.07353398568530156,
323,93,4,corrupt,True,0.8981409504146745,0.9012445950727201,0.8676973792286167,-0.0304435711860577,0.8978853382646921,-0.030187959036075407,
323,93,4,paraphrase,True,0.8981409504146745,0.9012445950727201,0.8676973792286167,-0.0304435711860577,0.891910651358539,-0.024213272129922303,
323,93,4,corrupt_det,True,0.8981409504146745,0.9012445950727201,0.8676973792286167,-0.0304435711860577,0.9007960617103523,-0.03309868248173564,
323,93,4,offtopic,True,0.8981409504146745,0.9012445950727201,0.8676973792286167,-0.0304435711860577,0.8689514700703269,-0.0012540908417102425,
324,94,0,corrupt,True,0.871936969390669,0.8753719101485916,0.8279354832860125,-0.0440014861046564,0.870430155529967,-0.042494672243954534,
324,94,0,paraphrase,True,0.871936969390669,0.8753719101485916,0.8279354832860125,-0.0440014861046564,0.8656207726896866,-0.037685289403674105,
324,94,0,corrupt_det,True,0.871936969390669,0.8753719101485916,0.8279354832860125,-0.0440014861046564,0.8726890695604992,-0.04475358627448667,
324,94,0,offtopic,True,0.871936969390669,0.8753719101485916,0.8279354832860125,-0.0440014861046564,0.7399497454184664,0.08798573786754615,
325,94,1,corrupt,True,0.871936969390669,0.8753719101485916,0.8397559513871872,-0.0321810180034818,0.8761791468706559,-0.03642319548346873,
325,94,1,paraphrase,True,0.871936969390669,0.8753719101485916,0.8397559513871872,-0.0321810180034818,0.8775621151781904,-0.03780616379100321,
325,94,1,corrupt_det,True,0.871936969390669,0.8753719101485916,0.8397559513871872,-0.0321810180034818,0.8728487903956706,-0.03309283900848348,
325,94,1,offtopic,True,0.871936969390669,0.8753719101485916,0.8397559513871872,-0.0321810180034818,0.7129959667012208,0.1267599846859664,
326,94,2,corrupt,True,0.871936969390669,0.8753719101485916,0.529087031085502,-0.3428499383051669,0.8570609724653337,-0.3279739413798317,
326,94,2,paraphrase,True,0.871936969390669,0.8753719101485916,0.529087031085502,-0.3428499383051669,0.8724323655055902,-0.3433453344200882,
326,94,2,corrupt_det,True,0.871936969390669,0.8753719101485916,0.529087031085502,-0.3428499383051669,0.841616999776018,-0.31252996869051597,
326,94,2,offtopic,True,0.871936969390669,0.8753719101485916,0.529087031085502,-0.3428499383051669,0.40298748760660896,0.12609954347889307,
327,95,0,corrupt,True,0.9066623617733168,0.9074961908567434,0.8979735560857879,-0.0086888056875288,0.904490328878709,-0.006516772792921066,
327,95,0,paraphrase,True,0.9066623617733168,0.9074961908567434,0.8979735560857879,-0.0086888056875288,0.905324223135409,-0.007350667049621062,
327,95,0,corrupt_det,False,0.9066623617733168,0.9074961908567434,0.8979735560857879,-0.0086888056875288,,,
327,95,0,offtopic,True,0.9066623617733168,0.9074961908567434,0.8979735560857879,-0.0086888056875288,0.8914063000901049,0.006567255995682975,
328,95,1,corrupt,True,0.9066623617733168,0.9074961908567434,0.8955407496694329,-0.0111216121038838,0.9076764338445052,-0.012135684175072381,
328,95,1,paraphrase,True,0.9066623617733168,0.9074961908567434,0.8955407496694329,-0.0111216121038838,0.9030184438316089,-0.0074776941621760296,
328,95,1,corrupt_det,True,0.9066623617733168,0.9074961908567434,0.8955407496694329,-0.0111216121038838,0.9060119497641227,-0.010471200094689825,
328,95,1,offtopic,True,0.9066623617733168,0.9074961908567434,0.8955407496694329,-0.0111216121038838,0.87129040949156,0.024250340177872864,
329,95,2,corrupt,True,0.9066623617733168,0.9074961908567434,0.8683933909361509,-0.0382689708371658,0.910973678360014,-0.042580287423863106,
329,95,2,paraphrase,True,0.9066623617733168,0.9074961908567434,0.8683933909361509,-0.0382689708371658,0.9064773035801966,-0.03808391264404576,
329,95,2,corrupt_det,True,0.9066623617733168,0.9074961908567434,0.8683933909361509,-0.0382689708371658,0.9075087663559878,-0.039115375419836895,
329,95,2,offtopic,True,0.9066623617733168,0.9074961908567434,0.8683933909361509,-0.0382689708371658,0.8658069951403745,0.002586395795776353,
330,96,0,corrupt,True,0.8597305561292348,0.8572705339782761,0.8472551776696369,-0.0124753784595978,0.8564120462156329,-0.009156868545996066,
330,96,0,paraphrase,True,0.8597305561292348,0.8572705339782761,0.8472551776696369,-0.0124753784595978,0.8571252027989582,-0.009870025129321336,
330,96,0,corrupt_det,False,0.8597305561292348,0.8572705339782761,0.8472551776696369,-0.0124753784595978,,,
330,96,0,offtopic,True,0.8597305561292348,0.8572705339782761,0.8472551776696369,-0.0124753784595978,0.8277614056161225,0.019493772053514324,
331,96,1,corrupt,True,0.8597305561292348,0.8572705339782761,0.834970870761519,-0.0247596853677157,0.8589511539527575,-0.02398028319123846,
331,96,1,paraphrase,True,0.8597305561292348,0.8572705339782761,0.834970870761519,-0.0247596853677157,0.8638466784574378,-0.028875807695918798,
331,96,1,corrupt_det,True,0.8597305561292348,0.8572705339782761,0.834970870761519,-0.0247596853677157,0.8578480193411208,-0.02287714857960177,
331,96,1,offtopic,True,0.8597305561292348,0.8572705339782761,0.834970870761519,-0.0247596853677157,0.7898493408594461,0.045121529902072854,
332,96,2,corrupt,False,0.8597305561292348,0.8572705339782761,0.7905045088104703,-0.0692260473187644,,,
332,96,2,paraphrase,False,0.8597305561292348,0.8572705339782761,0.7905045088104703,-0.0692260473187644,,,
332,96,2,corrupt_det,True,0.8597305561292348,0.8572705339782761,0.7905045088104703,-0.0692260473187644,0.8536233074093809,-0.06311879859891056,
332,96,2,offtopic,True,0.8597305561292348,0.8572705339782761,0.7905045088104703,-0.0692260473187644,0.545696314686256,0.24480819412421428,
333,97,0,corrupt,False,0.8639323374532557,0.8612002093351467,0.8545987226193327,-0.009333614833923,,,
333,97,0,paraphrase,False,0.8639323374532557,0.8612002093351467,0.8545987226193327,-0.009333614833923,,,
333,97,0,corrupt_det,True,0.8639323374532557,0.8612002093351467,0.8545987226193327,-0.009333614833923,0.8627117829733861,-0.008113060354053458,
333,97,0,offtopic,True,0.8639323374532557,0.8612002093351467,0.8545987226193327,-0.009333614833923,0.8449693603232125,0.009629362296120214,
334,97,1,corrupt,True,0.8639323374532557,0.8612002093351467,0.8374504894974781,-0.0264818479557775,0.8615573490239986,-0.024106859526520474,
334,97,1,paraphrase,True,0.8639323374532557,0.8612002093351467,0.8374504894974781,-0.0264818479557775,0.8479331518285674,-0.010482662331089299,
334,97,1,corrupt_det,True,0.8639323374532557,0.8612002093351467,0.8374504894974781,-0.0264818479557775,0.8588067907486291,-0.021356301251150955,
334,97,1,offtopic,True,0.8639323374532557,0.8612002093351467,0.8374504894974781,-0.0264818479557775,0.8075061744092834,0.02994431508819473,
335,97,2,corrupt,False,0.8639323374532557,0.8612002093351467,0.8424408621421272,-0.0214914753111284,,,
335,97,2,paraphrase,False,0.8639323374532557,0.8612002093351467,0.8424408621421272,-0.0214914753111284,,,
335,97,2,corrupt_det,True,0.8639323374532557,0.8612002093351467,0.8424408621421272,-0.0214914753111284,0.8615184590973978,-0.01907759695527056,
335,97,2,offtopic,True,0.8639323374532557,0.8612002093351467,0.8424408621421272,-0.0214914753111284,0.8279905045751756,0.014450357566951566,
336,97,3,corrupt,True,0.8639323374532557,0.8612002093351467,0.8614426468220087,-0.002489690631247,0.8602744506909817,0.0011681961310269218,
336,97,3,paraphrase,True,0.8639323374532557,0.8612002093351467,0.8614426468220087,-0.002489690631247,0.8569520249677028,0.004490621854305821,
336,97,3,corrupt_det,False,0.8639323374532557,0.8612002093351467,0.8614426468220087,-0.002489690631247,,,
336,97,3,offtopic,True,0.8639323374532557,0.8612002093351467,0.8614426468220087,-0.002489690631247,0.8489944590143088,0.012448187807699851,
337,97,4,corrupt,True,0.8639323374532557,0.8612002093351467,0.8602962445886629,-0.0036360928645927,0.8623695393924454,-0.0020732948037824883,
337,97,4,paraphrase,True,0.8639323374532557,0.8612002093351467,0.8602962445886629,-0.0036360928645927,0.865225868787348,-0.004929624198685034,
337,97,4,corrupt_det,True,0.8639323374532557,0.8612002093351467,0.8602962445886629,-0.0036360928645927,0.8606242521208164,-0.00032800753215345146,
337,97,4,offtopic,True,0.8639323374532557,0.8612002093351467,0.8602962445886629,-0.0036360928645927,0.8561173304761938,0.004178914112469179,
338,97,5,corrupt,True,0.8639323374532557,0.8612002093351467,0.8666241949745729,0.0026918575213171,0.8640145876016054,0.0026096073729674485,
338,97,5,paraphrase,True,0.8639323374532557,0.8612002093351467,0.8666241949745729,0.0026918575213171,0.8618731627340709,0.004751032240501996,
338,97,5,corrupt_det,True,0.8639323374532557,0.8612002093351467,0.8666241949745729,0.0026918575213171,0.8617647955388463,0.004859399435726552,
338,97,5,offtopic,True,0.8639323374532557,0.8612002093351467,0.8666241949745729,0.0026918575213171,0.8525285569033871,0.014095638071185745,
339,98,0,corrupt,True,0.8670939832591201,0.8680278485139634,0.861804109099127,-0.0052898741599931,0.8693107601386592,-0.007506651039532186,
339,98,0,paraphrase,True,0.8670939832591201,0.8680278485139634,0.861804109099127,-0.0052898741599931,0.8743422299880277,-0.012538120888900717,
339,98,0,corrupt_det,True,0.8670939832591201,0.8680278485139634,0.861804109099127,-0.0052898741599931,0.8666651293840667,-0.004861020284939732,
339,98,0,offtopic,True,0.8670939832591201,0.8680278485139634,0.861804109099127,-0.0052898741599931,0.8521144348784805,0.009689674220646483,
340,98,1,corrupt,True,0.8670939832591201,0.8680278485139634,0.8657172228468334,-0.0013767604122867,0.8662563728364611,-0.0005391499896276741,
340,98,1,paraphrase,True,0.8670939832591201,0.8680278485139634,0.8657172228468334,-0.0013767604122867,0.8672641307638242,-0.0015469079169908584,
340,98,1,corrupt_det,True,0.8670939832591201,0.8680278485139634,0.8657172228468334,-0.0013767604122867,0.8689259435888976,-0.0032087207420642416,
340,98,1,offtopic,True,0.8670939832591201,0.8680278485139634,0.8657172228468334,-0.0013767604122867,0.8525925833372326,0.013124639509600744,
341,98,2,corrupt,True,0.8670939832591201,0.8680278485139634,0.8546492463461027,-0.0124447369130173,0.8669815425903032,-0.012332296244200514,
341,98,2,paraphrase,True,0.8670939832591201,0.8680278485139634,0.8546492463461027,-0.0124447369130173,0.8618731542408284,-0.007223907894725712,
341,98,2,corrupt_det,False,0.8670939832591201,0.8680278485139634,0.8546492463461027,-0.0124447369130173,,,
341,98,2,offtopic,True,0.8670939832591201,0.8680278485139634,0.8546492463461027,-0.0124447369130173,0.8398461020221821,0.014803144323920603,
342,98,3,corrupt,False,0.8670939832591201,0.8680278485139634,0.8607088689350237,-0.0063851143240963,,,
342,98,3,paraphrase,False,0.8670939832591201,0.8680278485139634,0.8607088689350237,-0.0063851143240963,,,
342,98,3,corrupt_det,True,0.8670939832591201,0.8680278485139634,0.8607088689350237,-0.0063851143240963,0.8689882933629479,-0.008279424427924176,
342,98,3,offtopic,True,0.8670939832591201,0.8680278485139634,0.8607088689350237,-0.0063851143240963,0.6962749549391962,0.16443391399582752,
343,98,4,corrupt,True,0.8670939832591201,0.8680278485139634,0.8597787077515255,-0.0073152755075945,0.8652850154688847,-0.00550630771735916,
343,98,4,paraphrase,True,0.8670939832591201,0.8680278485139634,0.8597787077515255,-0.0073152755075945,0.8641491091523843,-0.004370401400858759,
343,98,4,corrupt_det,True,0.8670939832591201,0.8680278485139634,0.8597787077515255,-0.0073152755075945,0.8642202712047196,-0.00444156345319402,
343,98,4,offtopic,True,0.8670939832591201,0.8680278485139634,0.8597787077515255,-0.0073152755075945,0.7713432905634343,0.08843541718809123,
344,99,0,corrupt,True,0.9029124553877792,0.8995947460318777,0.8935585795228903,-0.0093538758648888,0.8984496690406274,-0.0048910895177370906,
344,99,0,paraphrase,True,0.9029124553877792,0.8995947460318777,0.8935585795228903,-0.0093538758648888,0.8961081540369537,-0.0025495745140633463,
344,99,0,corrupt_det,False,0.9029124553877792,0.8995947460318777,0.8935585795228903,-0.0093538758648888,,,
344,99,0,offtopic,True,0.9029124553877792,0.8995947460318777,0.8935585795228903,-0.0093538758648888,0.8824212983370923,0.011137281185798042,
345,99,1,corrupt,True,0.9029124553877792,0.8995947460318777,0.8821093523292272,-0.020803103058552,0.8974262450830658,-0.015316892753838629,
345,99,1,paraphrase,True,0.9029124553877792,0.8995947460318777,0.8821093523292272,-0.020803103058552,0.8881960159890062,-0.006086663659779057,
345,99,1,corrupt_det,True,0.9029124553877792,0.8995947460318777,0.8821093523292272,-0.020803103058552,0.8975218529892387,-0.015412500660011541,
345,99,1,offtopic,True,0.9029124553877792,0.8995947460318777,0.8821093523292272,-0.020803103058552,0.8841698817316981,-0.002060529402470923,
346,99,2,corrupt,True,0.9029124553877792,0.8995947460318777,0.8060639428750522,-0.0968485125127269,0.8984342496944974,-0.09237030681944514,
346,99,2,paraphrase,True,0.9029124553877792,0.8995947460318777,0.8060639428750522,-0.0968485125127269,0.8958876940668606,-0.08982375119180841,
346,99,2,corrupt_det,True,0.9029124553877792,0.8995947460318777,0.8060639428750522,-0.0968485125127269,0.8971074170704966,-0.09104347419544434,
346,99,2,offtopic,True,0.9029124553877792,0.8995947460318777,0.8060639428750522,-0.0968485125127269,0.47931120553068873,0.3267527373443635,
347,100,0,corrupt,True,0.8851544892279158,0.8852030506326465,0.8865294050804294,0.0013749158525135,0.8850077992792325,0.001521605801196979,
347,100,0,paraphrase,True,0.8851544892279158,0.8852030506326465,0.8865294050804294,0.0013749158525135,0.9015397690096408,-0.015010363929211401,
347,100,0,corrupt_det,True,0.8851544892279158,0.8852030506326465,0.8865294050804294,0.0013749158525135,0.8846544612194042,0.0018749438610252689,
347,100,0,offtopic,True,0.8851544892279158,0.8852030506326465,0.8865294050804294,0.0013749158525135,0.8817632663928314,0.004766138687598009,
348,100,1,corrupt,True,0.8851544892279158,0.8852030506326465,0.876283898573326,-0.0088705906545898,0.8853573514955426,-0.009073452922216618,
348,100,1,paraphrase,True,0.8851544892279158,0.8852030506326465,0.876283898573326,-0.0088705906545898,0.8814756418431337,-0.005191743269807647,
348,100,1,corrupt_det,True,0.8851544892279158,0.8852030506326465,0.876283898573326,-0.0088705906545898,0.8852030506326465,-0.008919152059320479,
348,100,1,offtopic,True,0.8851544892279158,0.8852030506326465,0.876283898573326,-0.0088705906545898,0.8034937572680743,0.07279014130525174,
349,100,2,corrupt,True,0.8851544892279158,0.8852030506326465,0.8158277243875901,-0.0693267648403257,0.8850204453741668,-0.0691927209865767,
349,100,2,paraphrase,True,0.8851544892279158,0.8852030506326465,0.8158277243875901,-0.0693267648403257,0.8803714214131819,-0.06454369702559182,
349,100,2,corrupt_det,True,0.8851544892279158,0.8852030506326465,0.8158277243875901,-0.0693267648403257,0.8872830474545963,-0.0714553230670062,
349,100,2,offtopic,True,0.8851544892279158,0.8852030506326465,0.8158277243875901,-0.0693267648403257,0.3731851161426252,0.44264260824496493,
350,101,0,corrupt,True,0.9157015132497454,0.9164935936984292,0.9034087911110513,-0.012292722138694,0.9154721525945417,-0.012063361483490409,
350,101,0,paraphrase,True,0.9157015132497454,0.9164935936984292,0.9034087911110513,-0.012292722138694,0.9131413941121068,-0.009732603001055495,
350,101,0,corrupt_det,True,0.9157015132497454,0.9164935936984292,0.9034087911110513,-0.012292722138694,0.9166891472396483,-0.013280356128597015,
350,101,0,offtopic,True,0.9157015132497454,0.9164935936984292,0.9034087911110513,-0.012292722138694,0.8875013860838268,0.01590740502722454,
351,101,1,corrupt,True,0.9157015132497454,0.9164935936984292,0.9057571790397582,-0.0099443342099871,0.9159417912272882,-0.010184612187530084,
351,101,1,paraphrase,True,0.9157015132497454,0.9164935936984292,0.9057571790397582,-0.0099443342099871,0.9057001003356325,5.707870412563487e-05,
351,101,1,corrupt_det,True,0.9157015132497454,0.9164935936984292,0.9057571790397582,-0.0099443342099871,0.9167734705153714,-0.011016291475613227,
351,101,1,offtopic,True,0.9157015132497454,0.9164935936984292,0.9057571790397582,-0.0099443342099871,0.8500806144964793,0.05567656454327885,
352,101,2,corrupt,True,0.9157015132497454,0.9164935936984292,0.854880751896167,-0.0608207613535783,0.9158783289699559,-0.060997577073788944,
352,101,2,paraphrase,True,0.9157015132497454,0.9164935936984292,0.854880751896167,-0.0608207613535783,0.8839051615852247,-0.02902440968905773,
352,101,2,corrupt_det,False,0.9157015132497454,0.9164935936984292,0.854880751896167,-0.0608207613535783,,,
352,101,2,offtopic,True,0.9157015132497454,0.9164935936984292,0.854880751896167,-0.0608207613535783,0.8334892882414953,0.021391463654671705,
353,102,0,corrupt,True,0.9017038694486288,0.903826109888618,0.8983292554589021,-0.0033746139897266,0.9043783604863833,-0.006049105027481239,
353,102,0,paraphrase,True,0.9017038694486288,0.903826109888618,0.8983292554589021,-0.0033746139897266,0.9010853109399986,-0.0027560554810964755,
353,102,0,corrupt_det,True,0.9017038694486288,0.903826109888618,0.8983292554589021,-0.0033746139897266,0.9012380569015549,-0.0029088014426528197,
353,102,0,offtopic,True,0.9017038694486288,0.903826109888618,0.8983292554589021,-0.0033746139897266,0.8928554315682339,0.005473823890668195,
354,102,1,corrupt,True,0.9017038694486288,0.903826109888618,0.9008177739368668,-0.0008860955117618,0.903147125075409,-0.0023293511385421573,
354,102,1,paraphrase,True,0.9017038694486288,0.903826109888618,0.9008177739368668,-0.0008860955117618,0.9046176140793163,-0.0037998401424494954,
354,102,1,corrupt_det,True,0.9017038694486288,0.903826109888618,0.9008177739368668,-0.0008860955117618,0.9041771474995006,-0.0033593735626338272,
354,102,1,offtopic,True,0.9017038694486288,0.903826109888618,0.9008177739368668,-0.0008860955117618,0.8953660162523053,0.00545175768456152,
355,102,2,corrupt,True,0.9017038694486288,0.903826109888618,0.8919366206581655,-0.0097672487904632,0.9046352936173245,-0.012698672959159052,
355,102,2,paraphrase,True,0.9017038694486288,0.903826109888618,0.8919366206581655,-0.0097672487904632,0.9034672280606183,-0.01153060740245282,
355,102,2,corrupt_det,True,0.9017038694486288,0.903826109888618,0.8919366206581655,-0.0097672487904632,0.9038151730601321,-0.011878552401966669,
355,102,2,offtopic,True,0.9017038694486288,0.903826109888618,0.8919366206581655,-0.0097672487904632,0.8936079700496588,-0.0016713493914932709,
356,102,3,corrupt,True,0.9017038694486288,0.903826109888618,0.8027794587551342,-0.0989244106934944,0.9074339344265544,-0.10465447567142017,
356,102,3,paraphrase,True,0.9017038694486288,0.903826109888618,0.8027794587551342,-0.0989244106934944,0.8878858469262376,-0.08510638817110339,
356,102,3,corrupt_det,True,0.9017038694486288,0.903826109888618,0.8027794587551342,-0.0989244106934944,0.902903450213341,-0.10012399145820672,
356,102,3,offtopic,True,0.9017038694486288,0.903826109888618,0.8027794587551342,-0.0989244106934944,0.4347470413884154,0.3680324173667188,
357,103,0,corrupt,True,0.8927301864260383,0.8924153500742098,0.8513663409700547,-0.0413638454559835,0.8923039846014351,-0.040937643631380416,
357,103,0,paraphrase,True,0.8927301864260383,0.8924153500742098,0.8513663409700547,-0.0413638454559835,0.8920849284874925,-0.04071858751743784,
357,103,0,corrupt_det,False,0.8927301864260383,0.8924153500742098,0.8513663409700547,-0.0413638454559835,,,
357,103,0,offtopic,True,0.8927301864260383,0.8924153500742098,0.8513663409700547,-0.0413638454559835,0.7725739461179554,0.07879239485209932,
358,103,1,corrupt,True,0.8927301864260383,0.8924153500742098,0.8892394454627067,-0.0034907409633315,0.892458174698331,-0.0032187292356242736,
358,103,1,paraphrase,True,0.8927301864260383,0.8924153500742098,0.8892394454627067,-0.0034907409633315,0.8918056571281505,-0.002566211665443796,
358,103,1,corrupt_det,True,0.8927301864260383,0.8924153500742098,0.8892394454627067,-0.0034907409633315,0.8926435068067237,-0.00340406134401694,
358,103,1,offtopic,True,0.8927301864260383,0.8924153500742098,0.8892394454627067,-0.0034907409633315,0.8698230407989029,0.019416404663803788,
359,103,2,corrupt,True,0.8927301864260383,0.8924153500742098,0.8796315788267617,-0.0130986075992766,0.8738590707795589,0.005772508047202751,
359,103,2,paraphrase,True,0.8927301864260383,0.8924153500742098,0.8796315788267617,-0.0130986075992766,0.8952660041138274,-0.015634425287065712,
359,103,2,corrupt_det,False,0.8927301864260383,0.8924153500742098,0.8796315788267617,-0.0130986075992766,,,
359,103,2,offtopic,True,0.8927301864260383,0.8924153500742098,0.8796315788267617,-0.0130986075992766,0.8684623699019179,0.011169208924843743,
360,103,3,corrupt,True,0.8927301864260383,0.8924153500742098,0.5206769296963405,-0.3720532567296978,0.880422449625727,-0.3597455199293865,
360,103,3,paraphrase,True,0.8927301864260383,0.8924153500742098,0.5206769296963405,-0.3720532567296978,0.8922714493404641,-0.3715945196441236,
360,103,3,corrupt_det,False,0.8927301864260383,0.8924153500742098,0.5206769296963405,-0.3720532567296978,,,
360,103,3,offtopic,True,0.8927301864260383,0.8924153500742098,0.5206769296963405,-0.3720532567296978,0.45698544685933,0.06369148283701048,
361,104,0,corrupt,True,0.8688086894865119,0.8697055492897684,0.8613619667172833,-0.0074467227692286,0.8688301503241002,-0.007468183606816892,
361,104,0,paraphrase,True,0.8688086894865119,0.8697055492897684,0.8613619667172833,-0.0074467227692286,0.8641074853820343,-0.0027455186647510343,
361,104,0,corrupt_det,False,0.8688086894865119,0.8697055492897684,0.8613619667172833,-0.0074467227692286,,,
361,104,0,offtopic,True,0.8688086894865119,0.8697055492897684,0.8613619667172833,-0.0074467227692286,0.8603960641172151,0.0009659026000681248,
362,104,1,corrupt,True,0.8688086894865119,0.8697055492897684,0.871009415342831,0.0022007258563191,0.8667134776404635,0.0042959377023675804,
362,104,1,paraphrase,True,0.8688086894865119,0.8697055492897684,0.871009415342831,0.0022007258563191,0.8652748639543438,0.005734551388487219,
362,104,1,corrupt_det,True,0.8688086894865119,0.8697055492897684,0.871009415342831,0.0022007258563191,0.8705991032471575,0.0004103120956735484,
362,104,1,offtopic,True,0.8688086894865119,0.8697055492897684,0.871009415342831,0.0022007258563191,0.8585575760956595,0.012451839247171526,
363,104,2,corrupt,True,0.8688086894865119,0.8697055492897684,0.8101047065135537,-0.0587039829729582,0.8673653015591589,-0.05726059504560521,
363,104,2,paraphrase,True,0.8688086894865119,0.8697055492897684,0.8101047065135537,-0.0587039829729582,0.8468933028504351,-0.03678859633688136,
363,104,2,corrupt_det,True,0.8688086894865119,0.8697055492897684,0.8101047065135537,-0.0587039829729582,0.8725779274168207,-0.06247322090326701,
363,104,2,offtopic,True,0.8688086894865119,0.8697055492897684,0.8101047065135537,-0.0587039829729582,0.7849982597154403,0.025106446798113358,
364,105,0,corrupt,False,0.9197639529033972,0.9216806038059261,0.9065617323506375,-0.0132022205527597,,,
364,105,0,paraphrase,False,0.9197639529033972,0.9216806038059261,0.9065617323506375,-0.0132022205527597,,,
364,105,0,corrupt_det,False,0.9197639529033972,0.9216806038059261,0.9065617323506375,-0.0132022205527597,,,
364,105,0,offtopic,True,0.9197639529033972,0.9216806038059261,0.9065617323506375,-0.0132022205527597,0.9089034885227589,-0.002341756172121401,
365,105,1,corrupt,True,0.9197639529033972,0.9216806038059261,0.9094555448081808,-0.0103084080952164,0.9211451477847362,-0.011689602976555413,
365,105,1,paraphrase,True,0.9197639529033972,0.9216806038059261,0.9094555448081808,-0.0103084080952164,0.9111313236726701,-0.0016757788644893301,
365,105,1,corrupt_det,True,0.9197639529033972,0.9216806038059261,0.9094555448081808,-0.0103084080952164,0.9207124141625639,-0.011256869354383081,
365,105,1,offtopic,True,0.9197639529033972,0.9216806038059261,0.9094555448081808,-0.0103084080952164,0.869525275769427,0.03993026903875385,
366,105,2,corrupt,True,0.9197639529033972,0.9216806038059261,0.7867194794882441,-0.1330444734151532,0.9149801343772886,-0.1282606548890446,
366,105,2,paraphrase,True,0.9197639529033972,0.9216806038059261,0.7867194794882441,-0.1330444734151532,0.9211834280744654,-0.13446394858622135,
366,105,2,corrupt_det,True,0.9197639529033972,0.9216806038059261,0.7867194794882441,-0.1330444734151532,0.9066666174257519,-0.11994713793750789,
366,105,2,offtopic,True,0.9197639529033972,0.9216806038059261,0.7867194794882441,-0.1330444734151532,0.48403772708023407,0.30268175240801,
367,106,0,corrupt,True,0.902221072333644,0.9032956435608321,0.9044369816693156,0.0022159093356715,0.9025393210340908,0.001897660635224785,
367,106,0,paraphrase,True,0.902221072333644,0.9032956435608321,0.9044369816693156,0.0022159093356715,0.9003897869650843,0.004047194704231316,
367,106,0,corrupt_det,True,0.902221072333644,0.9032956435608321,0.9044369816693156,0.0022159093356715,0.9026116451061394,0.001825336563176183,
367,106,0,offtopic,True,0.902221072333644,0.9032956435608321,0.9044369816693156,0.0022159093356715,0.8980806094630486,0.006356372206267058,
368,106,1,corrupt,True,0.902221072333644,0.9032956435608321,0.8908530326107392,-0.0113680397229048,0.8992831767030944,-0.008430144092355207,
368,106,1,paraphrase,True,0.902221072333644,0.9032956435608321,0.8908530326107392,-0.0113680397229048,0.8983368993657075,-0.00748386675496826,
368,106,1,corrupt_det,True,0.902221072333644,0.9032956435608321,0.8908530326107392,-0.0113680397229048,0.9032560155548606,-0.012402982944121344,
368,106,1,offtopic,True,0.902221072333644,0.9032956435608321,0.8908530326107392,-0.0113680397229048,0.852594068884525,0.03825896372621418,
369,106,2,corrupt,True,0.902221072333644,0.9032956435608321,0.8752525144748071,-0.026968557858837,0.9000939371907569,-0.0248414227159498,
369,106,2,paraphrase,True,0.902221072333644,0.9032956435608321,0.8752525144748071,-0.026968557858837,0.9021764380674199,-0.026923923592612753,
369,106,2,corrupt_det,True,0.902221072333644,0.9032956435608321,0.8752525144748071,-0.026968557858837,0.9028177566230146,-0.027565242148207436,
369,106,2,offtopic,True,0.902221072333644,0.9032956435608321,0.8752525144748071,-0.026968557858837,0.48452508759077556,0.39072742688403156,
370,107,0,corrupt,True,0.9074540899319063,0.9079263357459085,0.9015088201229848,-0.0059452698089216,0.9080245791664109,-0.00651575904342605,
370,107,0,paraphrase,True,0.9074540899319063,0.9079263357459085,0.9015088201229848,-0.0059452698089216,0.907043793541794,-0.005534973418809153,
370,107,0,corrupt_det,True,0.9074540899319063,0.9079263357459085,0.9015088201229848,-0.0059452698089216,0.9071939520185544,-0.005685131895569517,
370,107,0,offtopic,True,0.9074540899319063,0.9079263357459085,0.9015088201229848,-0.0059452698089216,0.8639242033607878,0.03758461676219704,
371,107,1,corrupt,True,0.9074540899319063,0.9079263357459085,0.8914386061089635,-0.0160154838229429,0.9083278952471776,-0.01688928913821408,
371,107,1,paraphrase,True,0.9074540899319063,0.9079263357459085,0.8914386061089635,-0.0160154838229429,0.9059895094344325,-0.014550903325468934,
371,107,1,corrupt_det,True,0.9074540899319063,0.9079263357459085,0.8914386061089635,-0.0160154838229429,0.9079003002696971,-0.01646169416073362,
371,107,1,offtopic,True,0.9074540899319063,0.9079263357459085,0.8914386061089635,-0.0160154838229429,0.8588012434303074,0.032637362678656134,
372,107,2,corrupt,True,0.9074540899319063,0.9079263357459085,0.4611706123981286,-0.4462834775337778,0.9051248576993991,-0.4439542453012705,
372,107,2,paraphrase,True,0.9074540899319063,0.9079263357459085,0.4611706123981286,-0.4462834775337778,0.9030726716603646,-0.441902059262236,
372,107,2,corrupt_det,True,0.9074540899319063,0.9079263357459085,0.4611706123981286,-0.4462834775337778,0.9021139922605563,-0.4409433798624277,
372,107,2,offtopic,True,0.9074540899319063,0.9079263357459085,0.4611706123981286,-0.4462834775337778,0.406589638562811,0.054580973835317625,
373,108,0,corrupt,True,0.879589613575141,0.879490881323028,0.879711321270228,0.000121707695087,0.8807834283939135,-0.0010721071236855506,
373,108,0,paraphrase,True,0.879589613575141,0.879490881323028,0.879711321270228,0.000121707695087,0.8791059004336672,0.0006054208365607883,
373,108,0,corrupt_det,False,0.879589613575141,0.879490881323028,0.879711321270228,0.000121707695087,,,
373,108,0,offtopic,True,0.879589613575141,0.879490881323028,0.879711321270228,0.000121707695087,0.8681864283114304,0.01152489295879755,
374,108,1,corrupt,False,0.879589613575141,0.879490881323028,0.8559667206162707,-0.0236228929588703,,,
374,108,1,paraphrase,False,0.879589613575141,0.879490881323028,0.8559667206162707,-0.0236228929588703,,,
374,108,1,corrupt_det,True,0.879589613575141,0.879490881323028,0.8559667206162707,-0.0236228929588703,0.8803434710038264,-0.024376750387555712,
374,108,1,offtopic,True,0.879589613575141,0.879490881323028,0.8559667206162707,-0.0236228929588703,0.8357982869300906,0.020168433686180043,
375,108,2,corrupt,True,0.879589613575141,0.879490881323028,0.716911917472814,-0.1626776961023269,0.8697402088864993,-0.15282829141368526,
375,108,2,paraphrase,True,0.879589613575141,0.879490881323028,0.716911917472814,-0.1626776961023269,0.8786280082607018,-0.16171609078788773,
375,108,2,corrupt_det,False,0.879589613575141,0.879490881323028,0.716911917472814,-0.1626776961023269,,,
375,108,2,offtopic,True,0.879589613575141,0.879490881323028,0.716911917472814,-0.1626776961023269,0.5401395381745573,0.17677237929825673,
376,109,0,corrupt,True,0.8641835947990718,0.8640767453172878,0.8624042093062423,-0.0017793854928295,0.863111151402627,-0.0007069420963846662,
376,109,0,paraphrase,True,0.8641835947990718,0.8640767453172878,0.8624042093062423,-0.0017793854928295,0.864763584703542,-0.00235937539729969,
376,109,0,corrupt_det,True,0.8641835947990718,0.8640767453172878,0.8624042093062423,-0.0017793854928295,0.8644574400752499,-0.0020532307690076523,
376,109,0,offtopic,True,0.8641835947990718,0.8640767453172878,0.8624042093062423,-0.0017793854928295,0.860976654417049,0.0014275548891933276,
377,109,1,corrupt,True,0.8641835947990718,0.8640767453172878,0.8608391220661287,-0.0033444727329431,0.8667085002420147,-0.005869378175886064,
377,109,1,paraphrase,True,0.8641835947990718,0.8640767453172878,0.8608391220661287,-0.0033444727329431,0.8628848581522688,-0.0020457360861401153,
377,109,1,corrupt_det,True,0.8641835947990718,0.8640767453172878,0.8608391220661287,-0.0033444727329431,0.8640767453172878,-0.003237623251159172,
377,109,1,offtopic,True,0.8641835947990718,0.8640767453172878,0.8608391220661287,-0.0033444727329431,0.8594711216227536,0.0013680004433750392,
378,109,2,corrupt,True,0.8641835947990718,0.8640767453172878,0.8334025365934642,-0.0307810582056076,0.8652146700850006,-0.03181213349153644,
378,109,2,paraphrase,True,0.8641835947990718,0.8640767453172878,0.8334025365934642,-0.0307810582056076,0.865909120642437,-0.032506584048972775,
378,109,2,corrupt_det,True,0.8641835947990718,0.8640767453172878,0.8334025365934642,-0.0307810582056076,0.8625702202073203,-0.029167683613856132,
378,109,2,offtopic,True,0.8641835947990718,0.8640767453172878,0.8334025365934642,-0.0307810582056076,0.5019669734623377,0.33143556313112654,
379,110,0,corrupt,False,0.8688460975130029,0.8719180873285054,0.8635803479127522,-0.0052657496002507,,,
379,110,0,paraphrase,False,0.8688460975130029,0.8719180873285054,0.8635803479127522,-0.0052657496002507,,,
379,110,0,corrupt_det,True,0.8688460975130029,0.8719180873285054,0.8635803479127522,-0.0052657496002507,0.8726502951054931,-0.009069947192740901,
379,110,0,offtopic,True,0.8688460975130029,0.8719180873285054,0.8635803479127522,-0.0052657496002507,0.8516406818776893,0.011939666035062912,
380,110,1,corrupt,True,0.8688460975130029,0.8719180873285054,0.8327290488099283,-0.0361170487030746,0.8715384074145766,-0.03880935860464829,
380,110,1,paraphrase,True,0.8688460975130029,0.8719180873285054,0.8327290488099283,-0.0361170487030746,0.8670204236818241,-0.03429137487189582,
380,110,1,corrupt_det,True,0.8688460975130029,0.8719180873285054,0.8327290488099283,-0.0361170487030746,0.8690793022969564,-0.03635025348702814,
380,110,1,offtopic,True,0.8688460975130029,0.8719180873285054,0.8327290488099283,-0.0361170487030746,0.7628923664340616,0.06983668237586671,
381,110,2,corrupt,True,0.8688460975130029,0.8719180873285054,0.6137124961519089,-0.255133601361094,0.8689703551971204,-0.2552578590452115,
381,110,2,paraphrase,True,0.8688460975130029,0.8719180873285054,0.6137124961519089,-0.255133601361094,0.8660207943938727,-0.25230829824196377,
381,110,2,corrupt_det,False,0.8688460975130029,0.8719180873285054,0.6137124961519089,-0.255133601361094,,,
381,110,2,offtopic,True,0.8688460975130029,0.8719180873285054,0.6137124961519089,-0.255133601361094,0.3235405012336028,0.29017199491830614,
382,111,0,corrupt,True,0.8324446589130039,0.8260071033132789,0.8345677825275366,0.0021231236145327,0.8250443089469822,0.009523473580554387,
382,111,0,paraphrase,True,0.8324446589130039,0.8260071033132789,0.8345677825275366,0.0021231236145327,0.8154111170732254,0.01915666545431116,
382,111,0,corrupt_det,True,0.8324446589130039,0.8260071033132789,0.8345677825275366,0.0021231236145327,0.8219864928120683,0.012581289715468347,
382,111,0,offtopic,True,0.8324446589130039,0.8260071033132789,0.8345677825275366,0.0021231236145327,0.7631482501436015,0.07141953238393506,
383,111,1,corrupt,True,0.8324446589130039,0.8260071033132789,0.8043209217530497,-0.0281237371599542,0.8256492435775459,-0.021328321824496177,
383,111,1,paraphrase,True,0.8324446589130039,0.8260071033132789,0.8043209217530497,-0.0281237371599542,0.8260362580606265,-0.021715336307576827,
383,111,1,corrupt_det,True,0.8324446589130039,0.8260071033132789,0.8043209217530497,-0.0281237371599542,0.824792471837537,-0.02047155008448731,
383,111,1,offtopic,True,0.8324446589130039,0.8260071033132789,0.8043209217530497,-0.0281237371599542,0.764508994276304,0.03981192747674567,
384,111,2,corrupt,True,0.8324446589130039,0.8260071033132789,0.5875376196615435,-0.2449070392514604,0.8247395973134358,-0.23720197765189233,
384,111,2,paraphrase,True,0.8324446589130039,0.8260071033132789,0.5875376196615435,-0.2449070392514604,0.8251926765982404,-0.23765505693669686,
384,111,2,corrupt_det,True,0.8324446589130039,0.8260071033132789,0.5875376196615435,-0.2449070392514604,0.8251263687814353,-0.2375887491198918,
384,111,2,offtopic,True,0.8324446589130039,0.8260071033132789,0.5875376196615435,-0.2449070392514604,0.5983904853731398,-0.010852865711596271,
385,112,0,corrupt,True,0.9158290738245534,0.9166465926970538,0.9063523412551141,-0.0094767325694392,0.9184614639005622,-0.012109122645448056,
385,112,0,paraphrase,True,0.9158290738245534,0.9166465926970538,0.9063523412551141,-0.0094767325694392,0.9136670097142091,-0.007314668459095008,
385,112,0,corrupt_det,True,0.9158290738245534,0.9166465926970538,0.9063523412551141,-0.0094767325694392,0.9167694139163965,-0.010417072661282445,
385,112,0,offtopic,True,0.9158290738245534,0.9166465926970538,0.9063523412551141,-0.0094767325694392,0.9013647221026052,0.004987619152508893,
386,112,1,corrupt,True,0.9158290738245534,0.9166465926970538,0.9083387155117046,-0.0074903583128487,0.9157324331402531,-0.007393717628548457,
386,112,1,paraphrase,True,0.9158290738245534,0.9166465926970538,0.9083387155117046,-0.0074903583128487,0.9168754596595542,-0.008536744147849551,
386,112,1,corrupt_det,True,0.9158290738245534,0.9166465926970538,0.9083387155117046,-0.0074903583128487,0.9152497828623565,-0.006911067350651834,
386,112,1,offtopic,True,0.9158290738245534,0.9166465926970538,0.9083387155117046,-0.0074903583128487,0.9004985026638125,0.007840212847892158,
387,112,2,corrupt,False,0.9158290738245534,0.9166465926970538,0.6848000283218972,-0.2310290455026561,,,
387,112,2,paraphrase,False,0.9158290738245534,0.9166465926970538,0.6848000283218972,-0.2310290455026561,,,
387,112,2,corrupt_det,True,0.9158290738245534,0.9166465926970538,0.6848000283218972,-0.2310290455026561,0.9151972909979652,-0.23039726267606797,
387,112,2,offtopic,True,0.9158290738245534,0.9166465926970538,0.6848000283218972,-0.2310290455026561,0.4353140513370971,0.24948597698480013,
388,113,0,corrupt,True,0.9019248050295584,0.8997902925747989,0.9199665599664227,0.0180417549368643,0.9050932545012358,0.014873305465186948,
388,113,0,paraphrase,True,0.9019248050295584,0.8997902925747989,0.9199665599664227,0.0180417549368643,0.9018445251015234,0.018122034864899383,
388,113,0,corrupt_det,True,0.9019248050295584,0.8997902925747989,0.9199665599664227,0.0180417549368643,0.9095207895640727,0.010445770402350063,
388,113,0,offtopic,True,0.9019248050295584,0.8997902925747989,0.9199665599664227,0.0180417549368643,0.9033722194046401,0.01659434056178266,
389,113,1,corrupt,True,0.9019248050295584,0.8997902925747989,0.9031312308631193,0.0012064258335608,0.900010943426098,0.0031202874370213074,
389,113,1,paraphrase,True,0.9019248050295584,0.8997902925747989,0.9031312308631193,0.0012064258335608,0.9110331798289648,-0.007901948965845507,
389,113,1,corrupt_det,True,0.9019248050295584,0.8997902925747989,0.9031312308631193,0.0012064258335608,0.901092571184561,0.002038659678558319,
389,113,1,offtopic,True,0.9019248050295584,0.8997902925747989,0.9031312308631193,0.0012064258335608,0.8656860130127625,0.037445217850356816,
390,113,2,corrupt,True,0.9019248050295584,0.8997902925747989,0.8842821394672019,-0.0176426655623564,0.8253675781623399,0.058914561304862056,
390,113,2,paraphrase,True,0.9019248050295584,0.8997902925747989,0.8842821394672019,-0.0176426655623564,0.900119395016064,-0.01583725554886206,
390,113,2,corrupt_det,True,0.9019248050295584,0.8997902925747989,0.8842821394672019,-0.0176426655623564,0.8904986553075874,-0.006216515840385517,
390,113,2,offtopic,True,0.9019248050295584,0.8997902925747989,0.8842821394672019,-0.0176426655623564,0.6514471551281792,0.23283498433902272,
391,113,3,corrupt,True,0.9019248050295584,0.8997902925747989,0.8810340502746379,-0.0208907547549205,0.89982227137802,-0.018788221103382075,
391,113,3,paraphrase,True,0.9019248050295584,0.8997902925747989,0.8810340502746379,-0.0208907547549205,0.8997518410025516,-0.018717790727913686,
391,113,3,corrupt_det,True,0.9019248050295584,0.8997902925747989,0.8810340502746379,-0.0208907547549205,0.8985738101874743,-0.017539759912836406,
391,113,3,offtopic,True,0.9019248050295584,0.8997902925747989,0.8810340502746379,-0.0208907547549205,0.8785966404727228,0.0024374098019150914,
392,114,0,corrupt,True,0.9010468338847172,0.8948713497300185,0.8905212379123824,-0.0105255959723347,0.8945197768110739,-0.003998538898691506,
392,114,0,paraphrase,True,0.9010468338847172,0.8948713497300185,0.8905212379123824,-0.0105255959723347,0.894071585107232,-0.00355034719484959,
392,114,0,corrupt_det,True,0.9010468338847172,0.8948713497300185,0.8905212379123824,-0.0105255959723347,0.8949074420473037,-0.004386204134921301,
392,114,0,offtopic,True,0.9010468338847172,0.8948713497300185,0.8905212379123824,-0.0105255959723347,0.8887468095946212,0.0017744283177612008,
393,114,1,corrupt,True,0.9010468338847172,0.8948713497300185,0.8689051703466614,-0.0321416635380557,0.8951796433306505,-0.026274472983989106,
393,114,1,paraphrase,True,0.9010468338847172,0.8948713497300185,0.8689051703466614,-0.0321416635380557,0.8842942003857988,-0.015389030039137386,
393,114,1,corrupt_det,True,0.9010468338847172,0.8948713497300185,0.8689051703466614,-0.0321416635380557,0.8971797245622358,-0.028274554215574454,
393,114,1,offtopic,True,0.9010468338847172,0.8948713497300185,0.8689051703466614,-0.0321416635380557,0.8485857794448457,0.02031939090181567,
394,114,2,corrupt,True,0.9010468338847172,0.8948713497300185,0.571799020581578,-0.329247813303139,0.8952358052470463,-0.3234367846654682,
394,114,2,paraphrase,True,0.9010468338847172,0.8948713497300185,0.571799020581578,-0.329247813303139,0.892659228768779,-0.32086020818720096,
394,114,2,corrupt_det,True,0.9010468338847172,0.8948713497300185,0.571799020581578,-0.329247813303139,0.8945287974362786,-0.3227297768547005,
394,114,2,offtopic,True,0.9010468338847172,0.8948713497300185,0.571799020581578,-0.329247813303139,0.4985577699827788,0.07324125059879927,
395,115,0,corrupt,True,0.9051700277289,0.9043561917886016,0.898155249449404,-0.0070147782794961,0.9055751971917978,-0.007419947742393851,
395,115,0,paraphrase,True,0.9051700277289,0.9043561917886016,0.898155249449404,-0.0070147782794961,0.9047051964437135,-0.006549946994309552,
395,115,0,corrupt_det,False,0.9051700277289,0.9043561917886016,0.898155249449404,-0.0070147782794961,,,
395,115,0,offtopic,True,0.9051700277289,0.9043561917886016,0.898155249449404,-0.0070147782794961,0.895909681008337,0.0022455684410669363,
396,115,1,corrupt,True,0.9051700277289,0.9043561917886016,0.8817068655673065,-0.0234631621615936,0.9037761758222277,-0.022069310254921204,
396,115,1,paraphrase,True,0.9051700277289,0.9043561917886016,0.8817068655673065,-0.0234631621615936,0.8878432135637888,-0.0061363479964823275,
396,115,1,corrupt_det,True,0.9051700277289,0.9043561917886016,0.8817068655673065,-0.0234631621615936,0.9044152453070721,-0.022708379739765583,
396,115,1,offtopic,True,0.9051700277289,0.9043561917886016,0.8817068655673065,-0.0234631621615936,0.8478203146985704,0.03388655086873604,
397,115,2,corrupt,True,0.9051700277289,0.9043561917886016,0.8724770078442415,-0.0326930198846585,0.9049886181844873,-0.032511610340245745,
397,115,2,paraphrase,True,0.9051700277289,0.9043561917886016,0.8724770078442415,-0.0326930198846585,0.8551893733187856,0.017287634525455897,
397,115,2,corrupt_det,True,0.9051700277289,0.9043561917886016,0.8724770078442415,-0.0326930198846585,0.9048327402628754,-0.032355732418633876,
397,115,2,offtopic,True,0.9051700277289,0.9043561917886016,0.8724770078442415,-0.0326930198846585,0.4423848053324267,0.43009220251181485,
398,116,0,corrupt,True,0.913337887213444,0.9139787734495802,0.9113746059725025,-0.0019632812409415,0.9132015357278355,-0.00182692975533294,
398,116,0,paraphrase,True,0.913337887213444,0.9139787734495802,0.9113746059725025,-0.0019632812409415,0.9108981767799561,0.0004764291925464237,
398,116,0,corrupt_det,True,0.913337887213444,0.9139787734495802,0.9113746059725025,-0.0019632812409415,0.9142650187268485,-0.0028904127543459834,
398,116,0,offtopic,True,0.913337887213444,0.9139787734495802,0.9113746059725025,-0.0019632812409415,0.8981421291626901,0.013232476809812432,
399,116,1,corrupt,True,0.913337887213444,0.9139787734495802,0.8908571840070975,-0.0224807032063466,0.9139332637252204,-0.023076079718122977,
399,116,1,paraphrase,True,0.913337887213444,0.9139787734495802,0.8908571840070975,-0.0224807032063466,0.9171993087376769,-0.026342124730579397,
399,116,1,corrupt_det,True,0.913337887213444,0.9139787734495802,0.8908571840070975,-0.0224807032063466,0.9158164292555286,-0.024959245248431183,
399,116,1,offtopic,True,0.913337887213444,0.9139787734495802,0.8908571840070975,-0.0224807032063466,0.8387833403353084,0.05207384367178902,
400,116,2,corrupt,True,0.913337887213444,0.9139787734495802,0.8215440424321588,-0.0917938447812852,0.9146689727615882,-0.09312493032942937,
400,116,2,paraphrase,True,0.913337887213444,0.9139787734495802,0.8215440424321588,-0.0917938447812852,0.8904462230033635,-0.06890218057120467,
400,116,2,corrupt_det,True,0.913337887213444,0.9139787734495802,0.8215440424321588,-0.0917938447812852,0.914293135452447,-0.09274909302028811,
400,116,2,offtopic,True,0.913337887213444,0.9139787734495802,0.8215440424321588,-0.0917938447812852,0.46238475678295127,0.35915928564920757,
401,117,0,corrupt,True,0.8959252553986603,0.897727195900486,0.8651250070582251,-0.0308002483404351,0.8890667356565066,-0.023941728598281475,
401,117,0,paraphrase,True,0.8959252553986603,0.897727195900486,0.8651250070582251,-0.0308002483404351,0.8956357411819456,-0.030510734123720407,
401,117,0,corrupt_det,True,0.8959252553986603,0.897727195900486,0.8651250070582251,-0.0308002483404351,0.8977658253193515,-0.0326408182611263,
401,117,0,offtopic,True,0.8959252553986603,0.897727195900486,0.8651250070582251,-0.0308002483404351,0.8763959951599246,-0.011270988101699464,
402,117,1,corrupt,True,0.8959252553986603,0.897727195900486,0.894343076765184,-0.0015821786334763,0.8935326148515745,0.0008104619136094504,
402,117,1,paraphrase,True,0.8959252553986603,0.897727195900486,0.894343076765184,-0.0015821786334763,0.9004059848729608,-0.0060629081077767655,
402,117,1,corrupt_det,True,0.8959252553986603,0.897727195900486,0.894343076765184,-0.0015821786334763,0.8978399778088328,-0.003496901043648859,
402,117,1,offtopic,True,0.8959252553986603,0.897727195900486,0.894343076765184,-0.0015821786334763,0.8688186684346079,0.02552440833057612,
403,117,2,corrupt,True,0.8959252553986603,0.897727195900486,0.8246653855811836,-0.0712598698174766,0.8977087377885066,-0.07304335220732294,
403,117,2,paraphrase,True,0.8959252553986603,0.897727195900486,0.8246653855811836,-0.0712598698174766,0.8988241728315326,-0.07415878725034897,
403,117,2,corrupt_det,True,0.8959252553986603,0.897727195900486,0.8246653855811836,-0.0712598698174766,0.8976973572319756,-0.073031971650792,
403,117,2,offtopic,True,0.8959252553986603,0.897727195900486,0.8246653855811836,-0.0712598698174766,0.8044417576159394,0.02022362796524424,
404,118,0,corrupt,True,0.8628375938735265,0.8614316915568416,0.8482177215259209,-0.0146198723476056,0.8615563383505865,-0.013338616824665639,
404,118,0,paraphrase,True,0.8628375938735265,0.8614316915568416,0.8482177215259209,-0.0146198723476056,0.8597070607662927,-0.011489339240371765,
404,118,0,corrupt_det,True,0.8628375938735265,0.8614316915568416,0.8482177215259209,-0.0146198723476056,0.8631386973219063,-0.014920975795985392,
404,118,0,offtopic,True,0.8628375938735265,0.8614316915568416,0.8482177215259209,-0.0146198723476056,0.8588370844785364,-0.010619362952615452,
405,118,1,corrupt,True,0.8628375938735265,0.8614316915568416,0.8474061407967,-0.0154314530768265,0.8628599571656788,-0.015453816368978801,
405,118,1,paraphrase,True,0.8628375938735265,0.8614316915568416,0.8474061407967,-0.0154314530768265,0.8586997513316286,-0.011293610534928611,
405,118,1,corrupt_det,True,0.8628375938735265,0.8614316915568416,0.8474061407967,-0.0154314530768265,0.8637653603300637,-0.016359219533363722,
405,118,1,offtopic,True,0.8628375938735265,0.8614316915568416,0.8474061407967,-0.0154314530768265,0.7902909333595884,0.057115207437111515,
406,118,2,corrupt,True,0.8628375938735265,0.8614316915568416,0.6367191989687244,-0.2261183949048021,0.8626934292976229,-0.22597423032889852,
406,118,2,paraphrase,True,0.8628375938735265,0.8614316915568416,0.6367191989687244,-0.2261183949048021,0.8603963215063756,-0.22367712253765115,
406,118,2,corrupt_det,True,0.8628375938735265,0.8614316915568416,0.6367191989687244,-0.2261183949048021,0.8703435998317457,-0.23362440086302128,
406,118,2,offtopic,True,0.8628375938735265,0.8614316915568416,0.6367191989687244,-0.2261183949048021,0.3714521704841321,0.2652670284845923,
407,119,0,corrupt,True,0.8769603088237321,0.8745600852710087,0.8766104486005767,-0.0003498602231554,0.8742313072579576,0.0023791413426190733,
407,119,0,paraphrase,True,0.8769603088237321,0.8745600852710087,0.8766104486005767,-0.0003498602231554,0.8764037869660842,0.00020666163449245545,
407,119,0,corrupt_det,True,0.8769603088237321,0.8745600852710087,0.8766104486005767,-0.0003498602231554,0.8726162006929531,0.003994247907623594,
407,119,0,offtopic,True,0.8769603088237321,0.8745600852710087,0.8766104486005767,-0.0003498602231554,0.8631765454471683,0.013433903153408422,
408,119,1,corrupt,True,0.8769603088237321,0.8745600852710087,0.8495447951764944,-0.0274155136472377,0.8725509751145274,-0.023006179938033,
408,119,1,paraphrase,True,0.8769603088237321,0.8745600852710087,0.8495447951764944,-0.0274155136472377,0.8750409387883016,-0.025496143611807187,
408,119,1,corrupt_det,True,0.8769603088237321,0.8745600852710087,0.8495447951764944,-0.0274155136472377,0.8736949416164397,-0.024150146439945286,
408,119,1,offtopic,True,0.8769603088237321,0.8745600852710087,0.8495447951764944,-0.0274155136472377,0.8066922751159213,0.04285252006057305,
409,119,2,corrupt,True,0.8769603088237321,0.8745600852710087,0.8502438037350403,-0.0267165050886918,0.8702043183200067,-0.019960514584966393,
409,119,2,paraphrase,True,0.8769603088237321,0.8745600852710087,0.8502438037350403,-0.0267165050886918,0.8737549921061151,-0.023511188371074798,
409,119,2,corrupt_det,True,0.8769603088237321,0.8745600852710087,0.8502438037350403,-0.0267165050886918,0.8776830259566119,-0.02743922222157158,
409,119,2,offtopic,True,0.8769603088237321,0.8745600852710087,0.8502438037350403,-0.0267165050886918,0.8707742628612286,-0.02053045912618834,
410,120,0,corrupt,True,0.8793253036354206,0.8734207301745668,0.8540927022008258,-0.0252326014345948,0.8733807680528842,-0.019288065852058445,
410,120,0,paraphrase,True,0.8793253036354206,0.8734207301745668,0.8540927022008258,-0.0252326014345948,0.8681297372127155,-0.014037035011889687,
410,120,0,corrupt_det,True,0.8793253036354206,0.8734207301745668,0.8540927022008258,-0.0252326014345948,0.8741315708799428,-0.020038868679116972,
410,120,0,offtopic,True,0.8793253036354206,0.8734207301745668,0.8540927022008258,-0.0252326014345948,0.8671564328464554,-0.013063730645629601,
411,120,1,corrupt,True,0.8793253036354206,0.8734207301745668,0.8403583063197196,-0.0389669973157009,0.8724457246926868,-0.032087418372967136,
411,120,1,paraphrase,True,0.8793253036354206,0.8734207301745668,0.8403583063197196,-0.0389669973157009,0.8754057459653577,-0.03504743964563806,
411,120,1,corrupt_det,True,0.8793253036354206,0.8734207301745668,0.8403583063197196,-0.0389669973157009,0.8712165544191479,-0.030858248099428276,
411,120,1,offtopic,True,0.8793253036354206,0.8734207301745668,0.8403583063197196,-0.0389669973157009,0.7852384843044342,0.055119822015285425,
412,120,2,corrupt,True,0.8793253036354206,0.8734207301745668,0.5558078033440069,-0.3235175002914137,0.8739042375584198,-0.3180964342144129,
412,120,2,paraphrase,True,0.8793253036354206,0.8734207301745668,0.5558078033440069,-0.3235175002914137,0.8775800916173244,-0.3217722882733175,
412,120,2,corrupt_det,True,0.8793253036354206,0.8734207301745668,0.5558078033440069,-0.3235175002914137,0.8728806939522115,-0.31707289060820454,
412,120,2,offtopic,True,0.8793253036354206,0.8734207301745668,0.5558078033440069,-0.3235175002914137,0.4630062865300896,0.09280151681391735,
413,121,0,corrupt,True,0.9021923295943186,0.9012901289094641,0.8973849800463443,-0.0048073495479743,0.9006906687551304,-0.003305688708786114,
413,121,0,paraphrase,True,0.9021923295943186,0.9012901289094641,0.8973849800463443,-0.0048073495479743,0.898900532254334,-0.0015155522079897121,
413,121,0,corrupt_det,False,0.9021923295943186,0.9012901289094641,0.8973849800463443,-0.0048073495479743,,,
413,121,0,offtopic,True,0.9021923295943186,0.9012901289094641,0.8973849800463443,-0.0048073495479743,0.8755268848478922,0.021858095198452054,
414,121,1,corrupt,True,0.9021923295943186,0.9012901289094641,0.8756118011327533,-0.0265805284615653,0.9026337817651338,-0.027021980632380482,
414,121,1,paraphrase,True,0.9021923295943186,0.9012901289094641,0.8756118011327533,-0.0265805284615653,0.8945923991500438,-0.018980598017290573,
414,121,1,corrupt_det,True,0.9021923295943186,0.9012901289094641,0.8756118011327533,-0.0265805284615653,0.9008910582736108,-0.025279257140857547,
414,121,1,offtopic,True,0.9021923295943186,0.9012901289094641,0.8756118011327533,-0.0265805284615653,0.8743510131903186,0.0012607879424346713,
415,121,2,corrupt,True,0.9021923295943186,0.9012901289094641,0.5828727302803857,-0.3193195993139329,0.8958876100705576,-0.31301487979017195,
415,121,2,paraphrase,True,0.9021923295943186,0.9012901289094641,0.5828727302803857,-0.3193195993139329,0.8967153962131375,-0.3138426659327518,
415,121,2,corrupt_det,True,0.9021923295943186,0.9012901289094641,0.5828727302803857,-0.3193195993139329,0.9014373529519959,-0.31856462267161023,
415,121,2,offtopic,True,0.9021923295943186,0.9012901289094641,0.5828727302803857,-0.3193195993139329,0.4061279422700917,0.17674478801029397,
416,122,0,corrupt,True,0.8471802088303045,0.8460667905451095,0.8427281351084998,-0.0044520737218047,0.8460785862823991,-0.003350451173899316,
416,122,0,paraphrase,True,0.8471802088303045,0.8460667905451095,0.8427281351084998,-0.0044520737218047,0.8406315891333728,0.0020965459751269844,
416,122,0,corrupt_det,True,0.8471802088303045,0.8460667905451095,0.8427281351084998,-0.0044520737218047,0.847918558078026,-0.005190422969526209,
416,122,0,offtopic,True,0.8471802088303045,0.8460667905451095,0.8427281351084998,-0.0044520737218047,0.7890042192264226,0.053723915882077145,
417,122,1,corrupt,True,0.8471802088303045,0.8460667905451095,0.8480657466444369,0.0008855378141323,0.8480453165395901,2.0430104846758113e-05,
417,122,1,paraphrase,True,0.8471802088303045,0.8460667905451095,0.8480657466444369,0.0008855378141323,0.8449894554391513,0.0030762912052856306,
417,122,1,corrupt_det,True,0.8471802088303045,0.8460667905451095,0.8480657466444369,0.0008855378141323,0.8466615946861907,0.0014041519582461692,
417,122,1,offtopic,True,0.8471802088303045,0.8460667905451095,0.8480657466444369,0.0008855378141323,0.8473429327822533,0.0007228138621836466,
418,122,2,corrupt,True,0.8471802088303045,0.8460667905451095,0.7647962361737133,-0.0823839726565912,0.8454395726119374,-0.08064333643822408,
418,122,2,paraphrase,True,0.8471802088303045,0.8460667905451095,0.7647962361737133,-0.0823839726565912,0.8471451788040933,-0.08234894263038006,
418,122,2,corrupt_det,True,0.8471802088303045,0.8460667905451095,0.7647962361737133,-0.0823839726565912,0.8458458880999087,-0.0810496519261954,
418,122,2,offtopic,True,0.8471802088303045,0.8460667905451095,0.7647962361737133,-0.0823839726565912,0.4269525349127925,0.3378437012609208,
419,123,0,corrupt,True,0.9114355866431232,0.9129546861654972,0.9145555590404336,0.0031199723973104,0.9122392304654929,0.0023163285749406848,
419,123,0,paraphrase,True,0.9114355866431232,0.9129546861654972,0.9145555590404336,0.0031199723973104,0.9096873887153321,0.004868170325101562,
419,123,0,corrupt_det,True,0.9114355866431232,0.9129546861654972,0.9145555590404336,0.0031199723973104,0.9130618896546864,0.0014936693857472427,
419,123,0,offtopic,True,0.9114355866431232,0.9129546861654972,0.9145555590404336,0.0031199723973104,0.909777193328647,0.004778365711786581,
420,123,1,corrupt,True,0.9114355866431232,0.9129546861654972,0.8870175654057586,-0.0244180212373645,0.9101806422372445,-0.023163076831485885,
420,123,1,paraphrase,True,0.9114355866431232,0.9129546861654972,0.8870175654057586,-0.0244180212373645,0.9114850093963126,-0.024467443990554005,
420,123,1,corrupt_det,True,0.9114355866431232,0.9129546861654972,0.8870175654057586,-0.0244180212373645,0.9143269777107497,-0.027309412304991065,
420,123,1,offtopic,True,0.9114355866431232,0.9129546861654972,0.8870175654057586,-0.0244180212373645,0.8139269277736905,0.07309063763206813,
421,123,2,corrupt,True,0.9114355866431232,0.9129546861654972,0.8392284778425326,-0.0722071088005905,0.9104166348551997,-0.07118815701266712,
421,123,2,paraphrase,True,0.9114355866431232,0.9129546861654972,0.8392284778425326,-0.0722071088005905,0.9112744136021828,-0.07204593575965013,
421,123,2,corrupt_det,True,0.9114355866431232,0.9129546861654972,0.8392284778425326,-0.0722071088005905,0.9124870238632469,-0.07325854602071424,
421,123,2,offtopic,True,0.9114355866431232,0.9129546861654972,0.8392284778425326,-0.0722071088005905,0.8409163107998272,-0.0016878329572945772,
422,124,0,corrupt,True,0.8840491072969107,0.8844733181372582,0.8934715145616399,0.0094224072647292,0.8868295089324155,0.006642005629224346,
422,124,0,paraphrase,True,0.8840491072969107,0.8844733181372582,0.8934715145616399,0.0094224072647292,0.8804515008667378,0.013020013694902022,
422,124,0,corrupt_det,False,0.8840491072969107,0.8844733181372582,0.8934715145616399,0.0094224072647292,,,
422,124,0,offtopic,True,0.8840491072969107,0.8844733181372582,0.8934715145616399,0.0094224072647292,0.8653682070920383,0.028103307469601546,
423,124,1,corrupt,True,0.8840491072969107,0.8844733181372582,0.8762706079437257,-0.0077784993531849,0.8789209213203002,-0.002650313376574509,
423,124,1,paraphrase,True,0.8840491072969107,0.8844733181372582,0.8762706079437257,-0.0077784993531849,0.8818628812950053,-0.005592273351279653,
423,124,1,corrupt_det,True,0.8840491072969107,0.8844733181372582,0.8762706079437257,-0.0077784993531849,0.8825868974463988,-0.006316289502673156,
423,124,1,offtopic,True,0.8840491072969107,0.8844733181372582,0.8762706079437257,-0.0077784993531849,0.8678207688807413,0.008449839062984354,
424,124,2,corrupt,True,0.8840491072969107,0.8844733181372582,0.8739183272371528,-0.0101307800597578,0.8831137243899516,-0.009195397152798823,
424,124,2,paraphrase,True,0.8840491072969107,0.8844733181372582,0.8739183272371528,-0.0101307800597578,0.8815487657774255,-0.007630438540272677,
424,124,2,corrupt_det,False,0.8840491072969107,0.8844733181372582,0.8739183272371528,-0.0101307800597578,,,
424,124,2,offtopic,True,0.8840491072969107,0.8844733181372582,0.8739183272371528,-0.0101307800597578,0.8563086626548844,0.017609664582268425,
425,124,3,corrupt,True,0.8840491072969107,0.8844733181372582,0.7793267956190708,-0.1047223116778398,0.8843107419989429,-0.10498394637987207,
425,124,3,paraphrase,True,0.8840491072969107,0.8844733181372582,0.7793267956190708,-0.1047223116778398,0.8742136936424276,-0.09488689802335681,
425,124,3,corrupt_det,True,0.8840491072969107,0.8844733181372582,0.7793267956190708,-0.1047223116778398,0.8810877549740301,-0.10176095935495932,
425,124,3,offtopic,True,0.8840491072969107,0.8844733181372582,0.7793267956190708,-0.1047223116778398,0.49503411586568513,0.2842926797533857,
426,125,0,corrupt,True,0.8533871672516117,0.8497863383770485,0.7668736270057558,-0.0865135402458558,0.8513902987595199,-0.0845166717537641,
426,125,0,paraphrase,True,0.8533871672516117,0.8497863383770485,0.7668736270057558,-0.0865135402458558,0.8457541290288743,-0.07888050202311847,
426,125,0,corrupt_det,False,0.8533871672516117,0.8497863383770485,0.7668736270057558,-0.0865135402458558,,,
426,125,0,offtopic,True,0.8533871672516117,0.8497863383770485,0.7668736270057558,-0.0865135402458558,0.7213211519687847,0.04555247503697113,
427,125,1,corrupt,True,0.8533871672516117,0.8497863383770485,0.8282746484941061,-0.0251125187575055,0.8479188602326444,-0.019644211738538253,
427,125,1,paraphrase,True,0.8533871672516117,0.8497863383770485,0.8282746484941061,-0.0251125187575055,0.8469894958755531,-0.01871484738144691,
427,125,1,corrupt_det,True,0.8533871672516117,0.8497863383770485,0.8282746484941061,-0.0251125187575055,0.8490125884364232,-0.020737939942317096,
427,125,1,offtopic,True,0.8533871672516117,0.8497863383770485,0.8282746484941061,-0.0251125187575055,0.793568733242767,0.03470591525133915,
428,125,2,corrupt,True,0.8533871672516117,0.8497863383770485,0.5327000787989434,-0.3206870884526682,0.8462934004441843,-0.3135933216452409,
428,125,2,paraphrase,True,0.8533871672516117,0.8497863383770485,0.5327000787989434,-0.3206870884526682,0.8453255117398331,-0.3126254329408896,
428,125,2,corrupt_det,True,0.8533871672516117,0.8497863383770485,0.5327000787989434,-0.3206870884526682,0.844483764012455,-0.3117836852135115,
428,125,2,offtopic,True,0.8533871672516117,0.8497863383770485,0.5327000787989434,-0.3206870884526682,0.21495780405626305,0.31774227474268035,
429,126,0,corrupt,True,0.87194837729231,0.8746681725629842,0.8517924727307625,-0.0201559045615474,0.873263481682537,-0.02147100895177445,
429,126,0,paraphrase,True,0.87194837729231,0.8746681725629842,0.8517924727307625,-0.0201559045615474,0.8716158905383776,-0.019823417807615096,
429,126,0,corrupt_det,True,0.87194837729231,0.8746681725629842,0.8517924727307625,-0.0201559045615474,0.873246646055482,-0.02145417332471944,
429,126,0,offtopic,True,0.87194837729231,0.8746681725629842,0.8517924727307625,-0.0201559045615474,0.8481207643528909,0.003671708377871674,
430,126,1,corrupt,True,0.87194837729231,0.8746681725629842,0.8748341293841981,0.0028857520918881,0.8796536535406687,-0.004819524156470578,
430,126,1,paraphrase,True,0.87194837729231,0.8746681725629842,0.8748341293841981,0.0028857520918881,0.8759745468306036,-0.0011404174464054728,
430,126,1,corrupt_det,True,0.87194837729231,0.8746681725629842,0.8748341293841981,0.0028857520918881,0.8713726251980756,0.003461504186122566,
430,126,1,offtopic,True,0.87194837729231,0.8746681725629842,0.8748341293841981,0.0028857520918881,0.8222237030344128,0.0526104263497853,
431,126,2,corrupt,True,0.87194837729231,0.8746681725629842,0.813341990612998,-0.058606386679312,0.869514220499617,-0.056172229886619074,
431,126,2,paraphrase,True,0.87194837729231,0.8746681725629842,0.813341990612998,-0.058606386679312,0.8705846473789457,-0.05724265676594775,
431,126,2,corrupt_det,True,0.87194837729231,0.8746681725629842,0.813341990612998,-0.058606386679312,0.8742260892429276,-0.060884098629929606,
431,126,2,offtopic,True,0.87194837729231,0.8746681725629842,0.813341990612998,-0.058606386679312,0.7745517449182681,0.038790245694729886,
432,127,0,corrupt,True,0.9152670107783298,0.9146671053069961,0.9067417815723462,-0.0085252292059836,0.9127241511711003,-0.005982369598754089,
432,127,0,paraphrase,True,0.9152670107783298,0.9146671053069961,0.9067417815723462,-0.0085252292059836,0.9116248636729685,-0.004883082100622271,
432,127,0,corrupt_det,True,0.9152670107783298,0.9146671053069961,0.9067417815723462,-0.0085252292059836,0.9140065427058074,-0.007264761133461195,
432,127,0,offtopic,True,0.9152670107783298,0.9146671053069961,0.9067417815723462,-0.0085252292059836,0.8855758448126044,0.021165936759741766,
433,127,1,corrupt,True,0.9152670107783298,0.9146671053069961,0.8983111137982219,-0.0169558969801079,0.9132271657851309,-0.01491605198690893,
433,127,1,paraphrase,True,0.9152670107783298,0.9146671053069961,0.8983111137982219,-0.0169558969801079,0.9067163837041781,-0.008405269905956136,
433,127,1,corrupt_det,True,0.9152670107783298,0.9146671053069961,0.8983111137982219,-0.0169558969801079,0.9146671053069961,-0.016355991508774204,
433,127,1,offtopic,True,0.9152670107783298,0.9146671053069961,0.8983111137982219,-0.0169558969801079,0.8648394770534734,0.03347163674474851,
434,127,2,corrupt,False,0.9152670107783298,0.9146671053069961,0.8080125598264881,-0.1072544509518417,,,
434,127,2,paraphrase,False,0.9152670107783298,0.9146671053069961,0.8080125598264881,-0.1072544509518417,,,
434,127,2,corrupt_det,True,0.9152670107783298,0.9146671053069961,0.8080125598264881,-0.1072544509518417,0.9174887273719076,-0.10947616754541944,
434,127,2,offtopic,True,0.9152670107783298,0.9146671053069961,0.8080125598264881,-0.1072544509518417,0.5549427730326323,0.25306978679385583,
435,128,0,corrupt,True,0.918499494198178,0.9178578774136236,0.906603393142487,-0.011896101055691,0.9153665516297652,-0.008763158487278266,
435,128,0,paraphrase,True,0.918499494198178,0.9178578774136236,0.906603393142487,-0.011896101055691,0.9188799864411669,-0.012276593298679916,
435,128,0,corrupt_det,True,0.918499494198178,0.9178578774136236,0.906603393142487,-0.011896101055691,0.9164436422805852,-0.009840249138098223,
435,128,0,offtopic,True,0.918499494198178,0.9178578774136236,0.906603393142487,-0.011896101055691,0.9076547315231117,-0.0010513383806247667,
436,128,1,corrupt,True,0.918499494198178,0.9178578774136236,0.8989800243525404,-0.0195194698456375,0.9133879412267077,-0.014407916874167315,
436,128,1,paraphrase,True,0.918499494198178,0.9178578774136236,0.8989800243525404,-0.0195194698456375,0.9150151758475829,-0.01603515149504242,
436,128,1,corrupt_det,True,0.918499494198178,0.9178578774136236,0.8989800243525404,-0.0195194698456375,0.9160624847990776,-0.017082460446537162,
436,128,1,offtopic,True,0.918499494198178,0.9178578774136236,0.8989800243525404,-0.0195194698456375,0.8882627545443927,0.01071726980814769,
437,128,2,corrupt,True,0.918499494198178,0.9178578774136236,0.8771509871787315,-0.0413485070194464,0.9158674407975782,-0.03871645361884668,
437,128,2,paraphrase,True,0.918499494198178,0.9178578774136236,0.8771509871787315,-0.0413485070194464,0.9107461865756765,-0.033595199396945,
437,128,2,corrupt_det,True,0.918499494198178,0.9178578774136236,0.8771509871787315,-0.0413485070194464,0.9166541533717045,-0.039503166192973005,
437,128,2,offtopic,True,0.918499494198178,0.9178578774136236,0.8771509871787315,-0.0413485070194464,0.851249773803179,0.025901213375552512,
438,129,0,corrupt,True,0.8332392602637032,0.8306298989775236,0.8210452138165735,-0.0121940464471297,0.8331226634623666,-0.012077449645793159,
438,129,0,paraphrase,True,0.8332392602637032,0.8306298989775236,0.8210452138165735,-0.0121940464471297,0.8269508846257864,-0.005905670809212893,
438,129,0,corrupt_det,False,0.8332392602637032,0.8306298989775236,0.8210452138165735,-0.0121940464471297,,,
438,129,0,offtopic,True,0.8332392602637032,0.8306298989775236,0.8210452138165735,-0.0121940464471297,0.7891432945207975,0.031901919295776016,
439,129,1,corrupt,True,0.8332392602637032,0.8306298989775236,0.8225693502362375,-0.0106699100274657,0.8303531623376117,-0.007783812101374243,
439,129,1,paraphrase,True,0.8332392602637032,0.8306298989775236,0.8225693502362375,-0.0106699100274657,0.8242526067522996,-0.0016832565160621593,
439,129,1,corrupt_det,True,0.8332392602637032,0.8306298989775236,0.8225693502362375,-0.0106699100274657,0.8303702454185993,-0.007800895182361822,
439,129,1,offtopic,True,0.8332392602637032,0.8306298989775236,0.8225693502362375,-0.0106699100274657,0.8097584779726701,0.012810872263567363,
440,129,2,corrupt,True,0.8332392602637032,0.8306298989775236,0.7203628065266775,-0.1128764537370257,0.8325926176721049,-0.1122298111454274,
440,129,2,paraphrase,True,0.8332392602637032,0.8306298989775236,0.7203628065266775,-0.1128764537370257,0.8214237845188576,-0.10106097799218006,
440,129,2,corrupt_det,True,0.8332392602637032,0.8306298989775236,0.7203628065266775,-0.1128764537370257,0.8051922392552148,-0.08482943272853727,
440,129,2,offtopic,True,0.8332392602637032,0.8306298989775236,0.7203628065266775,-0.1128764537370257,0.7783025330216216,-0.057939726494944055,
441,130,0,corrupt,True,0.9160329404056764,0.9148242301079539,0.9083188368091466,-0.0077141035965296,0.9162918488341742,-0.007973012025027648,
441,130,0,paraphrase,True,0.9160329404056764,0.9148242301079539,0.9083188368091466,-0.0077141035965296,0.9090056107368427,-0.000686773927696116,
441,130,0,corrupt_det,False,0.9160329404056764,0.9148242301079539,0.9083188368091466,-0.0077141035965296,,,
441,130,0,offtopic,True,0.9160329404056764,0.9148242301079539,0.9083188368091466,-0.0077141035965296,0.904026296605216,0.0042925402039305505,
442,130,1,corrupt,True,0.9160329404056764,0.9148242301079539,0.9109443845160846,-0.0050885558895916,0.9153938204495405,-0.004449435933455925,
442,130,1,paraphrase,True,0.9160329404056764,0.9148242301079539,0.9109443845160846,-0.0050885558895916,0.9133329899420465,-0.002388605425961865,
442,130,1,corrupt_det,True,0.9160329404056764,0.9148242301079539,0.9109443845160846,-0.0050885558895916,0.9143243615216682,-0.0033799770055835676,
442,130,1,offtopic,True,0.9160329404056764,0.9148242301079539,0.9109443845160846,-0.0050885558895916,0.8963558748063729,0.014588509709711706,
443,130,2,corrupt,True,0.9160329404056764,0.9148242301079539,0.9047161142783535,-0.0113168261273227,0.915264696694115,-0.01054858241576151,
443,130,2,paraphrase,True,0.9160329404056764,0.9148242301079539,0.9047161142783535,-0.0113168261273227,0.9101837686539217,-0.005467654375568176,
443,130,2,corrupt_det,False,0.9160329404056764,0.9148242301079539,0.9047161142783535,-0.0113168261273227,,,
443,130,2,offtopic,True,0.9160329404056764,0.9148242301079539,0.9047161142783535,-0.0113168261273227,0.8991734423879698,0.00554267189038371,
444,130,3,corrupt,False,0.9160329404056764,0.9148242301079539,0.906920716666617,-0.0091122237390592,,,
444,130,3,paraphrase,False,0.9160329404056764,0.9148242301079539,0.906920716666617,-0.0091122237390592,,,
444,130,3,corrupt_det,True,0.9160329404056764,0.9148242301079539,0.906920716666617,-0.0091122237390592,0.9138686273225739,-0.0069479106559569015,
444,130,3,offtopic,True,0.9160329404056764,0.9148242301079539,0.906920716666617,-0.0091122237390592,0.8806494138116207,0.026271302854996348,
445,130,4,corrupt,True,0.9160329404056764,0.9148242301079539,0.9065487845879056,-0.0094841558177707,0.915381462377393,-0.008832677789487486,
445,130,4,paraphrase,True,0.9160329404056764,0.9148242301079539,0.9065487845879056,-0.0094841558177707,0.9147070639900718,-0.00815827940216629,
445,130,4,corrupt_det,False,0.9160329404056764,0.9148242301079539,0.9065487845879056,-0.0094841558177707,,,
445,130,4,offtopic,True,0.9160329404056764,0.9148242301079539,0.9065487845879056,-0.0094841558177707,0.42159661855342473,0.4849521660344808,
446,131,0,corrupt,True,0.8193717256599727,0.8186682878977516,0.798780362072091,-0.0205913635878817,0.8159212459771439,-0.01714088390505286,
446,131,0,paraphrase,True,0.8193717256599727,0.8186682878977516,0.798780362072091,-0.0205913635878817,0.8198238306702561,-0.021043468598165083,
446,131,0,corrupt_det,True,0.8193717256599727,0.8186682878977516,0.798780362072091,-0.0205913635878817,0.8198287493191296,-0.021048387247038614,
446,131,0,offtopic,True,0.8193717256599727,0.8186682878977516,0.798780362072091,-0.0205913635878817,0.8051995010065807,-0.006419138934489643,
447,131,1,corrupt,True,0.8193717256599727,0.8186682878977516,0.774786736520554,-0.0445849891394187,0.817783026913366,-0.04299629039281205,
447,131,1,paraphrase,True,0.8193717256599727,0.8186682878977516,0.774786736520554,-0.0445849891394187,0.8161371724107245,-0.04135043589017051,
447,131,1,corrupt_det,True,0.8193717256599727,0.8186682878977516,0.774786736520554,-0.0445849891394187,0.8210223710074106,-0.046235634486856636,
447,131,1,offtopic,True,0.8193717256599727,0.8186682878977516,0.774786736520554,-0.0445849891394187,0.7146927535603367,0.060093982960217285,
448,131,2,corrupt,True,0.8193717256599727,0.8186682878977516,0.5806745833074209,-0.2386971423525518,0.7453805936272718,-0.16470601031985088,
448,131,2,paraphrase,True,0.8193717256599727,0.8186682878977516,0.5806745833074209,-0.2386971423525518,0.8000969701733299,-0.21942238686590898,
448,131,2,corrupt_det,False,0.8193717256599727,0.8186682878977516,0.5806745833074209,-0.2386971423525518,,,
448,131,2,offtopic,True,0.8193717256599727,0.8186682878977516,0.5806745833074209,-0.2386971423525518,0.5310811243908469,0.049593458916574074,
449,132,0,corrupt,True,0.9329782556800508,0.9313874480633733,0.9092107473689031,-0.0237675083111478,0.9314727657423449,-0.022262018373441883,
449,132,0,paraphrase,True,0.9329782556800508,0.9313874480633733,0.9092107473689031,-0.0237675083111478,0.9266066574369296,-0.017395910068026543,
449,132,0,corrupt_det,True,0.9329782556800508,0.9313874480633733,0.9092107473689031,-0.0237675083111478,0.9315106648050863,-0.022299917436183203,
449,132,0,offtopic,True,0.9329782556800508,0.9313874480633733,0.9092107473689031,-0.0237675083111478,0.894225279228701,0.014985468140202074,
450,132,1,corrupt,True,0.9329782556800508,0.9313874480633733,0.9260513990336418,-0.0069268566464091,0.9271276810837898,-0.0010762820501480919,
450,132,1,paraphrase,True,0.9329782556800508,0.9313874480633733,0.9260513990336418,-0.0069268566464091,0.9333449745803093,-0.007293575546667541,
450,132,1,corrupt_det,True,0.9329782556800508,0.9313874480633733,0.9260513990336418,-0.0069268566464091,0.9328430043023699,-0.006791605268728129,
450,132,1,offtopic,True,0.9329782556800508,0.9313874480633733,0.9260513990336418,-0.0069268566464091,0.878962669176478,0.047088729857163725,
451,132,2,corrupt,True,0.9329782556800508,0.9313874480633733,0.8767155914064977,-0.0562626642735532,0.9310010801871308,-0.05428548878063311,
451,132,2,paraphrase,True,0.9329782556800508,0.9313874480633733,0.8767155914064977,-0.0562626642735532,0.9305310931403938,-0.053815501733896154,
451,132,2,corrupt_det,True,0.9329782556800508,0.9313874480633733,0.8767155914064977,-0.0562626642735532,0.9292283647095845,-0.05251277330308679,
451,132,2,offtopic,True,0.9329782556800508,0.9313874480633733,0.8767155914064977,-0.0562626642735532,0.8900949381790197,-0.01337934677252206,
452,133,0,corrupt,True,0.9142826284386372,0.914114928079791,0.8986089828485412,-0.015673645590096,0.9149473821590577,-0.016338399310516505,
452,133,0,paraphrase,True,0.9142826284386372,0.914114928079791,0.8986089828485412,-0.015673645590096,0.9059408978732107,-0.007331915024669566,
452,133,0,corrupt_det,True,0.9142826284386372,0.914114928079791,0.8986089828485412,-0.015673645590096,0.9086792333531262,-0.010070250504584988,
452,133,0,offtopic,True,0.9142826284386372,0.914114928079791,0.8986089828485412,-0.015673645590096,0.8904019226337657,0.008207060214775463,
453,133,1,corrupt,False,0.9142826284386372,0.914114928079791,0.9009147071542095,-0.0133679212844277,,,
453,133,1,paraphrase,False,0.9142826284386372,0.914114928079791,0.9009147071542095,-0.0133679212844277,,,
453,133,1,corrupt_det,True,0.9142826284386372,0.914114928079791,0.9009147071542095,-0.0133679212844277,0.9130183425051138,-0.012103635350904307,
453,133,1,offtopic,True,0.9142826284386372,0.914114928079791,0.9009147071542095,-0.0133679212844277,0.8992950674446746,0.0016196397095349369,
454,133,2,corrupt,True,0.9142826284386372,0.914114928079791,0.9082847925846771,-0.0059978358539601,0.9094244903908789,-0.0011396978062018226,
454,133,2,paraphrase,True,0.9142826284386372,0.914114928079791,0.9082847925846771,-0.0059978358539601,0.9144575929013458,-0.00617280031666867,
454,133,2,corrupt_det,True,0.9142826284386372,0.914114928079791,0.9082847925846771,-0.0059978358539601,0.9090579409042702,-0.0007731483195930755,
454,133,2,offtopic,True,0.9142826284386372,0.914114928079791,0.9082847925846771,-0.0059978358539601,0.5892604174280852,0.3190243751565919,
455,134,0,corrupt,True,0.8971884566463244,0.9029926266751397,0.88946088004249,-0.0077275766038343,0.9049851021321124,-0.015524222089622342,
455,134,0,paraphrase,True,0.8971884566463244,0.9029926266751397,0.88946088004249,-0.0077275766038343,0.8974398412792671,-0.007978961236777105,
455,134,0,corrupt_det,True,0.8971884566463244,0.9029926266751397,0.88946088004249,-0.0077275766038343,0.9048409171580297,-0.015380037115539702,
455,134,0,offtopic,True,0.8971884566463244,0.9029926266751397,0.88946088004249,-0.0077275766038343,0.872850459233048,0.016610420809441973,
456,134,1,corrupt,True,0.8971884566463244,0.9029926266751397,0.8828805424176847,-0.0143079142286397,0.9019121292822717,-0.019031586864587058,
456,134,1,paraphrase,True,0.8971884566463244,0.9029926266751397,0.8828805424176847,-0.0143079142286397,0.8915653052972815,-0.008684762879596852,
456,134,1,corrupt_det,True,0.8971884566463244,0.9029926266751397,0.8828805424176847,-0.0143079142286397,0.9045853523926615,-0.021704809974976813,
456,134,1,offtopic,True,0.8971884566463244,0.9029926266751397,0.8828805424176847,-0.0143079142286397,0.8756232766378471,0.007257265779837541,
457,134,2,corrupt,True,0.8971884566463244,0.9029926266751397,0.8336543347310138,-0.0635341219153106,0.8979524210870995,-0.06429808635608569,
457,134,2,paraphrase,True,0.8971884566463244,0.9029926266751397,0.8336543347310138,-0.0635341219153106,0.897820885193661,-0.06416655046264719,
457,134,2,corrupt_det,True,0.8971884566463244,0.9029926266751397,0.8336543347310138,-0.0635341219153106,0.862776107071499,-0.029121772340485186,
457,134,2,offtopic,True,0.8971884566463244,0.9029926266751397,0.8336543347310138,-0.0635341219153106,0.2695511307176939,0.5641032040133199,
458,135,0,corrupt,True,0.9020259253976408,0.9025078017275789,0.904354684447324,0.0023287590496831,0.9028036048876106,0.001551079559713453,
458,135,0,paraphrase,True,0.9020259253976408,0.9025078017275789,0.904354684447324,0.0023287590496831,0.9034146549188792,0.0009400295284448523,
458,135,0,corrupt_det,True,0.9020259253976408,0.9025078017275789,0.904354684447324,0.0023287590496831,0.9021615785154189,0.002193105931905137,
458,135,0,offtopic,True,0.9020259253976408,0.9025078017275789,0.904354684447324,0.0023287590496831,0.8935990332454512,0.010755651201872829,
459,135,1,corrupt,True,0.9020259253976408,0.9025078017275789,0.8885456482857497,-0.0134802771118912,0.9017059396746208,-0.013160291388871093,
459,135,1,paraphrase,True,0.9020259253976408,0.9025078017275789,0.8885456482857497,-0.0134802771118912,0.9008686632552855,-0.012323014969535806,
459,135,1,corrupt_det,True,0.9020259253976408,0.9025078017275789,0.8885456482857497,-0.0134802771118912,0.9009013404558538,-0.012355692170104127,
459,135,1,offtopic,True,0.9020259253976408,0.9025078017275789,0.8885456482857497,-0.0134802771118912,0.7573104244322166,0.13123522385353303,
460,135,2,corrupt,True,0.9020259253976408,0.9025078017275789,0.7661380391525653,-0.1358878862450756,0.8997371091181979,-0.13359906996563264,
460,135,2,paraphrase,True,0.9020259253976408,0.9025078017275789,0.7661380391525653,-0.1358878862450756,0.8888462362631643,-0.122708197110599,
460,135,2,corrupt_det,False,0.9020259253976408,0.9025078017275789,0.7661380391525653,-0.1358878862450756,,,
460,135,2,offtopic,True,0.9020259253976408,0.9025078017275789,0.7661380391525653,-0.1358878862450756,0.7677453746823117,-0.0016073355297464564,
461,136,0,corrupt,True,0.7847762112434621,0.7835982239445861,0.7544164695781895,-0.0303597416652725,0.7808299749196748,-0.026413505341485233,
461,136,0,paraphrase,True,0.7847762112434621,0.7835982239445861,0.7544164695781895,-0.0303597416652725,0.780397298112322,-0.025980828534132416,
461,136,0,corrupt_det,True,0.7847762112434621,0.7835982239445861,0.7544164695781895,-0.0303597416652725,0.7807161171725782,-0.02629964759438863,
461,136,0,offtopic,True,0.7847762112434621,0.7835982239445861,0.7544164695781895,-0.0303597416652725,0.7671488961082457,-0.012732426530056129,
462,136,1,corrupt,True,0.7847762112434621,0.7835982239445861,0.7494569824245806,-0.0353192288188815,0.7798493860666329,-0.030392403642052312,
462,136,1,paraphrase,True,0.7847762112434621,0.7835982239445861,0.7494569824245806,-0.0353192288188815,0.7769062478653852,-0.027449265440804616,
462,136,1,corrupt_det,True,0.7847762112434621,0.7835982239445861,0.7494569824245806,-0.0353192288188815,0.7786690137732568,-0.029212031348676226,
462,136,1,offtopic,True,0.7847762112434621,0.7835982239445861,0.7494569824245806,-0.0353192288188815,0.7478181538058841,0.001638828618696464,
463,136,2,corrupt,True,0.7847762112434621,0.7835982239445861,0.6962966187572656,-0.0884795924861965,0.7765904798542523,-0.08029386109698677,
463,136,2,paraphrase,True,0.7847762112434621,0.7835982239445861,0.6962966187572656,-0.0884795924861965,0.7823645658647104,-0.08606794710744481,
463,136,2,corrupt_det,True,0.7847762112434621,0.7835982239445861,0.6962966187572656,-0.0884795924861965,0.7809481931727873,-0.08465157441552174,
463,136,2,offtopic,True,0.7847762112434621,0.7835982239445861,0.6962966187572656,-0.0884795924861965,0.5885154365642951,0.1077811821929705,
464,137,0,corrupt,True,0.8901798521815971,0.8896348299248923,0.8874278204497579,-0.0027520317318392,0.8892996927743595,-0.00187187232460162,
464,137,0,paraphrase,True,0.8901798521815971,0.8896348299248923,0.8874278204497579,-0.0027520317318392,0.8881025166146119,-0.0006746961648540495,
464,137,0,corrupt_det,True,0.8901798521815971,0.8896348299248923,0.8874278204497579,-0.0027520317318392,0.8897398336050937,-0.0023120131553358014,
464,137,0,offtopic,True,0.8901798521815971,0.8896348299248923,0.8874278204497579,-0.0027520317318392,0.876838574668651,0.01058924578110687,
465,137,1,corrupt,True,0.8901798521815971,0.8896348299248923,0.8730810545688769,-0.0170987976127202,0.8901032054964387,-0.017022150927561874,
465,137,1,paraphrase,True,0.8901798521815971,0.8896348299248923,0.8730810545688769,-0.0170987976127202,0.8866467243618136,-0.013565669792936719,
465,137,1,corrupt_det,True,0.8901798521815971,0.8896348299248923,0.8730810545688769,-0.0170987976127202,0.889838129356977,-0.01675707478810018,
465,137,1,offtopic,True,0.8901798521815971,0.8896348299248923,0.8730810545688769,-0.0170987976127202,0.8492080044600133,0.023873050108863536,
466,137,2,corrupt,True,0.8901798521815971,0.8896348299248923,0.88785338233739,-0.0023264698442071,0.8869160781420685,0.0009373041953214534,
466,137,2,paraphrase,True,0.8901798521815971,0.8896348299248923,0.88785338233739,-0.0023264698442071,0.887194918333648,0.0006584640037419209,
466,137,2,corrupt_det,True,0.8901798521815971,0.8896348299248923,0.88785338233739,-0.0023264698442071,0.8894593238822275,-0.001605941544837508,
466,137,2,offtopic,True,0.8901798521815971,0.8896348299248923,0.88785338233739,-0.0023264698442071,0.86380282756874,0.024050554768649923,
467,137,3,corrupt,False,0.8901798521815971,0.8896348299248923,0.8842312042860452,-0.0059486478955519,,,
467,137,3,paraphrase,False,0.8901798521815971,0.8896348299248923,0.8842312042860452,-0.0059486478955519,,,
467,137,3,corrupt_det,True,0.8901798521815971,0.8896348299248923,0.8842312042860452,-0.0059486478955519,0.8896179959660465,-0.005386791680001335,
467,137,3,offtopic,True,0.8901798521815971,0.8896348299248923,0.8842312042860452,-0.0059486478955519,0.4815054316299131,0.4027257726561321,
468,137,4,corrupt,False,0.8901798521815971,0.8896348299248923,0.8811304874165339,-0.0090493647650632,,,
468,137,4,paraphrase,False,0.8901798521815971,0.8896348299248923,0.8811304874165339,-0.0090493647650632,,,
468,137,4,corrupt_det,True,0.8901798521815971,0.8896348299248923,0.8811304874165339,-0.0090493647650632,0.8893626996320713,-0.008232212215537382,
468,137,4,offtopic,True,0.8901798521815971,0.8896348299248923,0.8811304874165339,-0.0090493647650632,0.8717595402914932,0.009370947125040718,
469,138,0,corrupt,True,0.8127081133470961,0.8137457262625087,0.8010355087180817,-0.0116726046290144,0.8155837265984126,-0.014548217880330894,
469,138,0,paraphrase,True,0.8127081133470961,0.8137457262625087,0.8010355087180817,-0.0116726046290144,0.8032514882731785,-0.002215979555096781,
469,138,0,corrupt_det,True,0.8127081133470961,0.8137457262625087,0.8010355087180817,-0.0116726046290144,0.8150018112947574,-0.013966302576675638,
469,138,0,offtopic,True,0.8127081133470961,0.8137457262625087,0.8010355087180817,-0.0116726046290144,0.8050002901687208,-0.003964781450639054,
470,138,1,corrupt,False,0.8127081133470961,0.8137457262625087,0.7860284192171497,-0.0266796941299464,,,
470,138,1,paraphrase,False,0.8127081133470961,0.8137457262625087,0.7860284192171497,-0.0266796941299464,,,
470,138,1,corrupt_det,True,0.8127081133470961,0.8137457262625087,0.7860284192171497,-0.0266796941299464,0.8137807243934042,-0.027752305176254488,
470,138,1,offtopic,True,0.8127081133470961,0.8137457262625087,0.7860284192171497,-0.0266796941299464,0.7354264792145839,0.05060194000256579,
471,138,2,corrupt,True,0.8127081133470961,0.8137457262625087,0.7540782895779891,-0.058629823769107,0.8146569002755543,-0.060578610697565205,
471,138,2,paraphrase,True,0.8127081133470961,0.8137457262625087,0.7540782895779891,-0.058629823769107,0.7924321763055074,-0.03835388672751838,
471,138,2,corrupt_det,True,0.8127081133470961,0.8137457262625087,0.7540782895779891,-0.058629823769107,0.8140413573316695,-0.05996306775368043,
471,138,2,offtopic,True,0.8127081133470961,0.8137457262625087,0.7540782895779891,-0.058629823769107,0.7714959228932163,-0.017417633315227277,
472,139,0,corrupt,True,0.9621672875997088,0.9605542014652122,0.9587877460238408,-0.003379541575868,0.959912623746991,-0.001124877723150286,
472,139,0,paraphrase,True,0.9621672875997088,0.9605542014652122,0.9587877460238408,-0.003379541575868,0.9595123955910635,-0.0007246495672227349,
472,139,0,corrupt_det,True,0.9621672875997088,0.9605542014652122,0.9587877460238408,-0.003379541575868,0.9606801317574797,-0.0018923857336389238,
472,139,0,offtopic,True,0.9621672875997088,0.9605542014652122,0.9587877460238408,-0.003379541575868,0.9419500010479213,0.0168377449759195,
473,139,1,corrupt,True,0.9621672875997088,0.9605542014652122,0.9353284716672043,-0.0268388159325044,0.9593631517932385,-0.024034680126034158,
473,139,1,paraphrase,True,0.9621672875997088,0.9605542014652122,0.9353284716672043,-0.0268388159325044,0.9555144898131824,-0.02018601814597809,
473,139,1,corrupt_det,True,0.9621672875997088,0.9605542014652122,0.9353284716672043,-0.0268388159325044,0.9602328187866567,-0.02490434711945233,
473,139,1,offtopic,True,0.9621672875997088,0.9605542014652122,0.9353284716672043,-0.0268388159325044,0.8867136793538064,0.048614792313397936,
474,139,2,corrupt,True,0.9621672875997088,0.9605542014652122,0.692205211463,-0.2699620761367088,0.9603728081629531,-0.26816759669995316,
474,139,2,paraphrase,True,0.9621672875997088,0.9605542014652122,0.692205211463,-0.2699620761367088,0.9573362901358222,-0.26513107867282226,
474,139,2,corrupt_det,True,0.9621672875997088,0.9605542014652122,0.692205211463,-0.2699620761367088,0.9232920489160784,-0.23108683745307845,
474,139,2,offtopic,True,0.9621672875997088,0.9605542014652122,0.692205211463,-0.2699620761367088,0.7580305663212803,-0.06582535485828034,
475,140,0,corrupt,True,0.8914699055144052,0.8905715128023405,0.8849026846914764,-0.0065672208229288,0.8917142715282568,-0.006811586836780403,
475,140,0,paraphrase,True,0.8914699055144052,0.8905715128023405,0.8849026846914764,-0.0065672208229288,0.8891906606671931,-0.004287975975716729,
475,140,0,corrupt_det,False,0.8914699055144052,0.8905715128023405,0.8849026846914764,-0.0065672208229288,,,
475,140,0,offtopic,True,0.8914699055144052,0.8905715128023405,0.8849026846914764,-0.0065672208229288,0.8587226610760711,0.02618002361540528,
476,140,1,corrupt,True,0.8914699055144052,0.8905715128023405,0.8767124258152255,-0.0147574796991797,0.8884151740942147,-0.011702748278989206,
476,140,1,paraphrase,True,0.8914699055144052,0.8905715128023405,0.8767124258152255,-0.0147574796991797,0.8845583657863302,-0.00784593997110472,
476,140,1,corrupt_det,True,0.8914699055144052,0.8905715128023405,0.8767124258152255,-0.0147574796991797,0.8901500474027233,-0.013437621587497839,
476,140,1,offtopic,True,0.8914699055144052,0.8905715128023405,0.8767124258152255,-0.0147574796991797,0.7673868730564422,0.1093255527587833,
477,140,2,corrupt,True,0.8914699055144052,0.8905715128023405,0.8636494232354434,-0.0278204822789618,0.8910122763646555,-0.02736285312921216,
477,140,2,paraphrase,True,0.8914699055144052,0.8905715128023405,0.8636494232354434,-0.0278204822789618,0.8908227543004432,-0.02717333106499986,
477,140,2,corrupt_det,True,0.8914699055144052,0.8905715128023405,0.8636494232354434,-0.0278204822789618,0.8872558846140337,-0.02360646137859035,
477,140,2,offtopic,True,0.8914699055144052,0.8905715128023405,0.8636494232354434,-0.0278204822789618,0.4484198778694685,0.41522954536597484,
478,141,0,corrupt,True,0.8873071523390885,0.8866511710770699,0.8747957603162985,-0.01251139202279,0.8872384681219877,-0.012442707805689235,
478,141,0,paraphrase,True,0.8873071523390885,0.8866511710770699,0.8747957603162985,-0.01251139202279,0.8818974718308137,-0.007101711514515219,
478,141,0,corrupt_det,False,0.8873071523390885,0.8866511710770699,0.8747957603162985,-0.01251139202279,,,
478,141,0,offtopic,True,0.8873071523390885,0.8866511710770699,0.8747957603162985,-0.01251139202279,0.8585507206713964,0.016245039644902093,
479,141,1,corrupt,True,0.8873071523390885,0.8866511710770699,0.8732152875297758,-0.0140918648093126,0.8864960403101748,-0.013280752780398974,
479,141,1,paraphrase,True,0.8873071523390885,0.8866511710770699,0.8732152875297758,-0.0140918648093126,0.8870783348397525,-0.013863047309976673,
479,141,1,corrupt_det,True,0.8873071523390885,0.8866511710770699,0.8732152875297758,-0.0140918648093126,0.8871304919202334,-0.01391520439045757,
479,141,1,offtopic,True,0.8873071523390885,0.8866511710770699,0.8732152875297758,-0.0140918648093126,0.8613451811359131,0.011870106393862767,
480,141,2,corrupt,True,0.8873071523390885,0.8866511710770699,0.8413475966143721,-0.0459595557247164,0.880878497436322,-0.03953090082194988,
480,141,2,paraphrase,True,0.8873071523390885,0.8866511710770699,0.8413475966143721,-0.0459595557247164,0.8747315718509509,-0.03338397523657877,
480,141,2,corrupt_det,True,0.8873071523390885,0.8866511710770699,0.8413475966143721,-0.0459595557247164,0.8844298507907291,-0.04308225417635703,
480,141,2,offtopic,True,0.8873071523390885,0.8866511710770699,0.8413475966143721,-0.0459595557247164,0.587265919093966,0.2540816775204061,
481,142,0,corrupt,True,0.8936654440042254,0.8947340823787456,0.8860096489820654,-0.00765579502216,0.8932138088164171,-0.007204159834351742,
481,142,0,paraphrase,True,0.8936654440042254,0.8947340823787456,0.8860096489820654,-0.00765579502216,0.8872839524105439,-0.0012743034284785626,
481,142,0,corrupt_det,True,0.8936654440042254,0.8947340823787456,0.8860096489820654,-0.00765579502216,0.8950160414589077,-0.009006392476842318,
481,142,0,offtopic,True,0.8936654440042254,0.8947340823787456,0.8860096489820654,-0.00765579502216,0.8591049631174829,0.0269046858645825,
482,142,1,corrupt,False,0.8936654440042254,0.8947340823787456,0.8694056759603582,-0.0242597680438672,,,
482,142,1,paraphrase,False,0.8936654440042254,0.8947340823787456,0.8694056759603582,-0.0242597680438672,,,
482,142,1,corrupt_det,True,0.8936654440042254,0.8947340823787456,0.8694056759603582,-0.0242597680438672,0.8949832194541237,-0.02557754349376551,
482,142,1,offtopic,True,0.8936654440042254,0.8947340823787456,0.8694056759603582,-0.0242597680438672,0.8500499460401092,0.019355729920249032,
483,142,2,corrupt,True,0.8936654440042254,0.8947340823787456,0.8478088188082503,-0.0458566251959751,0.8926720466101983,-0.04486322780194796,
483,142,2,paraphrase,True,0.8936654440042254,0.8947340823787456,0.8478088188082503,-0.0458566251959751,0.8949616955346706,-0.04715287672642032,
483,142,2,corrupt_det,True,0.8936654440042254,0.8947340823787456,0.8478088188082503,-0.0458566251959751,0.9007579555357451,-0.052949136727494794,
483,142,2,offtopic,True,0.8936654440042254,0.8947340823787456,0.8478088188082503,-0.0458566251959751,0.5067428621930784,0.3410659566151719,
484,143,0,corrupt,True,0.9083740210407428,0.9065911990242247,0.8983376403282245,-0.0100363807125182,0.9058908314039575,-0.007553191075733046,
484,143,0,paraphrase,True,0.9083740210407428,0.9065911990242247,0.8983376403282245,-0.0100363807125182,0.8985631993031729,-0.00022555897494835886,
484,143,0,corrupt_det,True,0.9083740210407428,0.9065911990242247,0.8983376403282245,-0.0100363807125182,0.9069692997279457,-0.008631659399721214,
484,143,0,offtopic,True,0.9083740210407428,0.9065911990242247,0.8983376403282245,-0.0100363807125182,0.8740157480149295,0.024321892313294957,
485,143,1,corrupt,True,0.9083740210407428,0.9065911990242247,0.8995327446901961,-0.0088412763505466,0.9071811700409155,-0.007648425350719412,
485,143,1,paraphrase,True,0.9083740210407428,0.9065911990242247,0.8995327446901961,-0.0088412763505466,0.9001045739788542,-0.0005718292886581766,
485,143,1,corrupt_det,True,0.9083740210407428,0.9065911990242247,0.8995327446901961,-0.0088412763505466,0.9068911337947387,-0.007358389104542673,
485,143,1,offtopic,True,0.9083740210407428,0.9065911990242247,0.8995327446901961,-0.0088412763505466,0.8762646171917395,0.023268127498456526,
486,143,2,corrupt,True,0.9083740210407428,0.9065911990242247,0.720835534774934,-0.1875384862658087,0.9073585384986234,-0.18652300372368935,
486,143,2,paraphrase,True,0.9083740210407428,0.9065911990242247,0.720835534774934,-0.1875384862658087,0.9034758728012237,-0.18264033802628965,
486,143,2,corrupt_det,True,0.9083740210407428,0.9065911990242247,0.720835534774934,-0.1875384862658087,0.9022612134674204,-0.18142567869248638,
486,143,2,offtopic,True,0.9083740210407428,0.9065911990242247,0.720835534774934,-0.1875384862658087,0.7932867092281438,-0.07245117445320981,
487,144,0,corrupt,True,0.8247890184424578,0.8265701487326882,0.8201873033862478,-0.0046017150562099,0.8265553419435324,-0.006368038557284628,
487,144,0,paraphrase,True,0.8247890184424578,0.8265701487326882,0.8201873033862478,-0.0046017150562099,0.8366736562355126,-0.016486352849264807,
487,144,0,corrupt_det,False,0.8247890184424578,0.8265701487326882,0.8201873033862478,-0.0046017150562099,,,
487,144,0,offtopic,True,0.8247890184424578,0.8265701487326882,0.8201873033862478,-0.0046017150562099,0.8176729191635972,0.002514384222650601,
488,144,1,corrupt,True,0.8247890184424578,0.8265701487326882,0.8078033733790843,-0.0169856450633735,0.8299297149027738,-0.02212634152368953,
488,144,1,paraphrase,True,0.8247890184424578,0.8265701487326882,0.8078033733790843,-0.0169856450633735,0.8108037275459463,-0.0030003541668620626,
488,144,1,corrupt_det,True,0.8247890184424578,0.8265701487326882,0.8078033733790843,-0.0169856450633735,0.8281211949101422,-0.02031782153105799,
488,144,1,offtopic,True,0.8247890184424578,0.8265701487326882,0.8078033733790843,-0.0169856450633735,0.7925270644564267,0.015276308922657522,
489,144,2,corrupt,True,0.8247890184424578,0.8265701487326882,0.8212266185819211,-0.0035623998605366,0.8207971331688824,0.0004294854130387771,
489,144,2,paraphrase,True,0.8247890184424578,0.8265701487326882,0.8212266185819211,-0.0035623998605366,0.8187773778344543,0.0024492407474668854,
489,144,2,corrupt_det,False,0.8247890184424578,0.8265701487326882,0.8212266185819211,-0.0035623998605366,,,
489,144,2,offtopic,True,0.8247890184424578,0.8265701487326882,0.8212266185819211,-0.0035623998605366,0.7919742185307536,0.029252400051167582,
490,144,3,corrupt,True,0.8247890184424578,0.8265701487326882,0.7932039766141964,-0.0315850418282613,0.8259454917496868,-0.032741515135490395,
490,144,3,paraphrase,True,0.8247890184424578,0.8265701487326882,0.7932039766141964,-0.0315850418282613,0.8234577180227758,-0.030253741408579393,
490,144,3,corrupt_det,True,0.8247890184424578,0.8265701487326882,0.7932039766141964,-0.0315850418282613,0.8138181704721317,-0.02061419385793528,
490,144,3,offtopic,True,0.8247890184424578,0.8265701487326882,0.7932039766141964,-0.0315850418282613,0.7898473677704325,0.0033566088437638752,
491,144,4,corrupt,True,0.8247890184424578,0.8265701487326882,0.8231596178798348,-0.0016294005626229,0.8242972693784926,-0.0011376514986577435,
491,144,4,paraphrase,True,0.8247890184424578,0.8265701487326882,0.8231596178798348,-0.0016294005626229,0.8297829783587796,-0.00662336047894474,
491,144,4,corrupt_det,True,0.8247890184424578,0.8265701487326882,0.8231596178798348,-0.0016294005626229,0.8265701487326882,-0.003410530852853366,
491,144,4,offtopic,True,0.8247890184424578,0.8265701487326882,0.8231596178798348,-0.0016294005626229,0.8144996720667399,0.008659945813094927,
492,145,0,corrupt,True,0.8646711882143121,0.8660564004550024,0.8491493361901131,-0.0155218520241989,0.8685735390726285,-0.01942420288251534,
492,145,0,paraphrase,True,0.8646711882143121,0.8660564004550024,0.8491493361901131,-0.0155218520241989,0.8574747274130731,-0.008325391222959944,
492,145,0,corrupt_det,True,0.8646711882143121,0.8660564004550024,0.8491493361901131,-0.0155218520241989,0.8662156776131797,-0.017066341423066622,
492,145,0,offtopic,True,0.8646711882143121,0.8660564004550024,0.8491493361901131,-0.0155218520241989,0.8555472286015234,-0.006397892411410311,
493,145,1,corrupt,True,0.8646711882143121,0.8660564004550024,0.8431528050337187,-0.0215183831805934,0.8651852455572244,-0.022032440523505725,
493,145,1,paraphrase,True,0.8646711882143121,0.8660564004550024,0.8431528050337187,-0.0215183831805934,0.8542768737213287,-0.011124068687609956,
493,145,1,corrupt_det,True,0.8646711882143121,0.8660564004550024,0.8431528050337187,-0.0215183831805934,0.8649452311190513,-0.021792426085332606,
493,145,1,offtopic,True,0.8646711882143121,0.8660564004550024,0.8431528050337187,-0.0215183831805934,0.825877298952252,0.017275506081466663,
494,145,2,corrupt,True,0.8646711882143121,0.8660564004550024,0.8151863440177551,-0.0494848441965569,0.8677071571105934,-0.05252081309283829,
494,145,2,paraphrase,True,0.8646711882143121,0.8660564004550024,0.8151863440177551,-0.0494848441965569,0.8507546945169032,-0.03556835049914808,
494,145,2,corrupt_det,True,0.8646711882143121,0.8660564004550024,0.8151863440177551,-0.0494848441965569,0.8635546631160131,-0.048368319098258006,
494,145,2,offtopic,True,0.8646711882143121,0.8660564004550024,0.8151863440177551,-0.0494848441965569,0.4839403866110066,0.33124595740674856,
495,146,0,corrupt,True,0.9341455002882671,0.9342864608958681,0.9271823343833481,-0.0069631659049191,0.9338636715713334,-0.006681337187985359,
495,146,0,paraphrase,True,0.9341455002882671,0.9342864608958681,0.9271823343833481,-0.0069631659049191,0.9342147239985484,-0.007032389615200363,
495,146,0,corrupt_det,True,0.9341455002882671,0.9342864608958681,0.9271823343833481,-0.0069631659049191,0.9342754833049366,-0.007093148921588521,
495,146,0,offtopic,True,0.9341455002882671,0.9342864608958681,0.9271823343833481,-0.0069631659049191,0.9061400207392827,0.02104231364406539,
496,146,1,corrupt,True,0.9341455002882671,0.9342864608958681,0.909028523750412,-0.0251169765378552,0.9340869687500513,-0.025058444999639273,
496,146,1,paraphrase,True,0.9341455002882671,0.9342864608958681,0.909028523750412,-0.0251169765378552,0.9335247769855886,-0.02449625323517657,
496,146,1,corrupt_det,True,0.9341455002882671,0.9342864608958681,0.909028523750412,-0.0251169765378552,0.9338436171779839,-0.024815093427571933,
496,146,1,offtopic,True,0.9341455002882671,0.9342864608958681,0.909028523750412,-0.0251169765378552,0.7779024318654294,0.1311260918849826,
497,146,2,corrupt,True,0.9341455002882671,0.9342864608958681,0.9149372566819801,-0.0192082436062871,0.9320572644325875,-0.017120007750607402,
497,146,2,paraphrase,True,0.9341455002882671,0.9342864608958681,0.9149372566819801,-0.0192082436062871,0.9324329977804425,-0.017495741098462414,
497,146,2,corrupt_det,False,0.9341455002882671,0.9342864608958681,0.9149372566819801,-0.0192082436062871,,,
497,146,2,offtopic,True,0.9341455002882671,0.9342864608958681,0.9149372566819801,-0.0192082436062871,0.5939063986589319,0.3210308580230482,
498,147,0,corrupt,True,0.9067909056946184,0.9046602851003999,0.9083409022284843,0.0015499965338658,0.9035765108245297,0.004764391403954571,
498,147,0,paraphrase,True,0.9067909056946184,0.9046602851003999,0.9083409022284843,0.0015499965338658,0.9011917252968188,0.007149176931665502,
498,147,0,corrupt_det,True,0.9067909056946184,0.9046602851003999,0.9083409022284843,0.0015499965338658,0.9049403800679968,0.0034005221604874736,
498,147,0,offtopic,True,0.9067909056946184,0.9046602851003999,0.9083409022284843,0.0015499965338658,0.8928958215526595,0.01544508067582484,
499,147,1,corrupt,True,0.9067909056946184,0.9046602851003999,0.882327376830927,-0.0244635288636914,0.9046944731677341,-0.022367096336807113,
499,147,1,paraphrase,True,0.9067909056946184,0.9046602851003999,0.882327376830927,-0.0244635288636914,0.8980277702553381,-0.015700393424411097,
499,147,1,corrupt_det,True,0.9067909056946184,0.9046602851003999,0.882327376830927,-0.0244635288636914,0.9031870663951749,-0.020859689564247885,
499,147,1,offtopic,True,0.9067909056946184,0.9046602851003999,0.882327376830927,-0.0244635288636914,0.8841492897447031,-0.0018219129137760914,
500,147,2,corrupt,True,0.9067909056946184,0.9046602851003999,0.8113697676660057,-0.0954211380286127,0.9004251799209104,-0.08905541225490476,
500,147,2,paraphrase,True,0.9067909056946184,0.9046602851003999,0.8113697676660057,-0.0954211380286127,0.8984158674662962,-0.08704609980029054,
500,147,2,corrupt_det,True,0.9067909056946184,0.9046602851003999,0.8113697676660057,-0.0954211380286127,0.8971076396821618,-0.08573787201615612,
500,147,2,offtopic,True,0.9067909056946184,0.9046602851003999,0.8113697676660057,-0.0954211380286127,0.8617756870873605,-0.05040591942135486,
501,148,0,corrupt,True,0.8263336908754233,0.8279952825019888,0.8294199554477536,0.0030862645723302,0.8277606446007826,0.0016593108469710183,
501,148,0,paraphrase,True,0.8263336908754233,0.8279952825019888,0.8294199554477536,0.0030862645723302,0.8237219414810197,0.005698013966733861,
501,148,0,corrupt_det,True,0.8263336908754233,0.8279952825019888,0.8294199554477536,0.0030862645723302,0.8277670499319795,0.001652905515774128,
501,148,0,offtopic,True,0.8263336908754233,0.8279952825019888,0.8294199554477536,0.0030862645723302,0.8143217438059939,0.015098211641759729,
502,148,1,corrupt,True,0.8263336908754233,0.8279952825019888,0.8050639781721151,-0.0212697127033082,0.8256015304542662,-0.02053755228215115,
502,148,1,paraphrase,True,0.8263336908754233,0.8279952825019888,0.8050639781721151,-0.0212697127033082,0.8283051246318407,-0.023241146459725637,
502,148,1,corrupt_det,True,0.8263336908754233,0.8279952825019888,0.8050639781721151,-0.0212697127033082,0.8314289619917773,-0.026364983819662235,
502,148,1,offtopic,True,0.8263336908754233,0.8279952825019888,0.8050639781721151,-0.0212697127033082,0.776675089398327,0.02838888877378809,
503,148,2,corrupt,True,0.8263336908754233,0.8279952825019888,0.5775539220981644,-0.2487797687772589,0.8280787616398609,-0.2505248395416966,
503,148,2,paraphrase,True,0.8263336908754233,0.8279952825019888,0.5775539220981644,-0.2487797687772589,0.8254658330704147,-0.2479119109722503,
503,148,2,corrupt_det,True,0.8263336908754233,0.8279952825019888,0.5775539220981644,-0.2487797687772589,0.8243106970403172,-0.24675677494215287,
503,148,2,offtopic,True,0.8263336908754233,0.8279952825019888,0.5775539220981644,-0.2487797687772589,0.5518933526335899,0.025660569464574512,
504,149,0,corrupt,True,0.9625658066153824,0.9616515961242385,0.9568699795372781,-0.0056958270781042,0.9618884749037039,-0.005018495366425735,
504,149,0,paraphrase,True,0.9625658066153824,0.9616515961242385,0.9568699795372781,-0.0056958270781042,0.9594909954134868,-0.0026210158762086655,
504,149,0,corrupt_det,False,0.9625658066153824,0.9616515961242385,0.9568699795372781,-0.0056958270781042,,,
504,149,0,offtopic,True,0.9625658066153824,0.9616515961242385,0.9568699795372781,-0.0056958270781042,0.9567139758617178,0.00015600367556034556,
505,149,1,corrupt,True,0.9625658066153824,0.9616515961242385,0.9615506540764708,-0.0010151525389116,0.9622399926416965,-0.0006893385652256834,
505,149,1,paraphrase,True,0.9625658066153824,0.9616515961242385,0.9615506540764708,-0.0010151525389116,0.9624414185551765,-0.0008907644787057301,
505,149,1,corrupt_det,True,0.9625658066153824,0.9616515961242385,0.9615506540764708,-0.0010151525389116,0.9615608331007421,-1.0179024271361747e-05,
505,149,1,offtopic,True,0.9625658066153824,0.9616515961242385,0.9615506540764708,-0.0010151525389116,0.961062851867382,0.00048780220908872796,
506,149,2,corrupt,True,0.9625658066153824,0.9616515961242385,0.9526569179477363,-0.009908888667646,0.9614042536811006,-0.008747335733364281,
506,149,2,paraphrase,True,0.9625658066153824,0.9616515961242385,0.9526569179477363,-0.009908888667646,0.9543180156897203,-0.0016610977419839745,
506,149,2,corrupt_det,True,0.9625658066153824,0.9616515961242385,0.9526569179477363,-0.009908888667646,0.9620225267352738,-0.00936560878753745,
506,149,2,offtopic,True,0.9625658066153824,0.9616515961242385,0.9526569179477363,-0.009908888667646,0.9535863283056198,-0.00092941035788352,
507,149,3,corrupt,True,0.9625658066153824,0.9616515961242385,0.9460812013911747,-0.0164846052242076,0.9622958556896989,-0.0162146542985242,
507,149,3,paraphrase,True,0.9625658066153824,0.9616515961242385,0.9460812013911747,-0.0164846052242076,0.9610907030234105,-0.0150095016322358,
507,149,3,corrupt_det,True,0.9625658066153824,0.9616515961242385,0.9460812013911747,-0.0164846052242076,0.9235089436388293,0.022572257752345393,
507,149,3,offtopic,True,0.9625658066153824,0.9616515961242385,0.9460812013911747,-0.0164846052242076,0.9381010190098629,0.007980182381311818,
508,150,0,corrupt,True,0.9289029653903452,0.9291664048736707,0.925498910555164,-0.0034040548351811,0.9285181007086516,-0.0030191901534876164,
508,150,0,paraphrase,True,0.9289029653903452,0.9291664048736707,0.925498910555164,-0.0034040548351811,0.9266979662161964,-0.0011990556610324,
508,150,0,corrupt_det,True,0.9289029653903452,0.9291664048736707,0.925498910555164,-0.0034040548351811,0.9277820480253639,-0.002283137470199925,
508,150,0,offtopic,True,0.9289029653903452,0.9291664048736707,0.925498910555164,-0.0034040548351811,0.9210245916261736,0.004474318928990417,
509,150,1,corrupt,True,0.9289029653903452,0.9291664048736707,0.9231746502355862,-0.0057283151547589,0.9292163266855763,-0.0060416764499900966,
509,150,1,paraphrase,True,0.9289029653903452,0.9291664048736707,0.9231746502355862,-0.0057283151547589,0.9282576513412016,-0.005083001105615437,
509,150,1,corrupt_det,True,0.9289029653903452,0.9291664048736707,0.9231746502355862,-0.0057283151547589,0.9286124015311193,-0.005437751295533144,
509,150,1,offtopic,True,0.9289029653903452,0.9291664048736707,0.9231746502355862,-0.0057283151547589,0.8745125696058025,0.04866208062978372,
510,150,2,corrupt,True,0.9289029653903452,0.9291664048736707,0.7349543850356153,-0.1939485803547298,0.9262990653334846,-0.19134468029786933,
510,150,2,paraphrase,True,0.9289029653903452,0.9291664048736707,0.7349543850356153,-0.1939485803547298,0.9290133732732518,-0.19405898823763656,
510,150,2,corrupt_det,False,0.9289029653903452,0.9291664048736707,0.7349543850356153,-0.1939485803547298,,,
510,150,2,offtopic,True,0.9289029653903452,0.9291664048736707,0.7349543850356153,-0.1939485803547298,0.7728334965369468,-0.0378791115013315,
511,151,0,corrupt,True,0.9096310777940992,0.9097921102182522,0.9052929510508938,-0.0043381267432054,0.909626169471058,-0.004333218420164209,
511,151,0,paraphrase,True,0.9096310777940992,0.9097921102182522,0.9052929510508938,-0.0043381267432054,0.9069132640319766,-0.0016203129810827832,
511,151,0,corrupt_det,False,0.9096310777940992,0.9097921102182522,0.9052929510508938,-0.0043381267432054,,,
511,151,0,offtopic,True,0.9096310777940992,0.9097921102182522,0.9052929510508938,-0.0043381267432054,0.9012633756547681,0.004029575396125695,
512,151,1,corrupt,True,0.9096310777940992,0.9097921102182522,0.8809372284643393,-0.0286938493297599,0.9069226811735855,-0.025985452709246237,
512,151,1,paraphrase,True,0.9096310777940992,0.9097921102182522,0.8809372284643393,-0.0286938493297599,0.9015028389240943,-0.020565610459755024,
512,151,1,corrupt_det,True,0.9096310777940992,0.9097921102182522,0.8809372284643393,-0.0286938493297599,0.9097885591958467,-0.028851330731507363,
512,151,1,offtopic,True,0.9096310777940992,0.9097921102182522,0.8809372284643393,-0.0286938493297599,0.8504269487850626,0.030510279679276664,
513,151,2,corrupt,True,0.9096310777940992,0.9097921102182522,0.8642487075841008,-0.0453823702099984,0.9129822580679976,-0.048733550483896826,
513,151,2,paraphrase,True,0.9096310777940992,0.9097921102182522,0.8642487075841008,-0.0453823702099984,0.9064906112929603,-0.042241903708859496,
513,151,2,corrupt_det,True,0.9096310777940992,0.9097921102182522,0.8642487075841008,-0.0453823702099984,0.9175266438985212,-0.05327793631442046,
513,151,2,offtopic,True,0.9096310777940992,0.9097921102182522,0.8642487075841008,-0.0453823702099984,0.43187410781009633,0.43237459977400444,
514,152,0,corrupt,True,0.8977440975216446,0.899631904711647,0.8921330771568077,-0.0056110203648369,0.8998238891547679,-0.0076908119979601786,
514,152,0,paraphrase,True,0.8977440975216446,0.899631904711647,0.8921330771568077,-0.0056110203648369,0.8999322331059685,-0.0077991559491608076,
514,152,0,corrupt_det,True,0.8977440975216446,0.899631904711647,0.8921330771568077,-0.0056110203648369,0.8979929254487091,-0.005859848291901448,
514,152,0,offtopic,True,0.8977440975216446,0.899631904711647,0.8921330771568077,-0.0056110203648369,0.8935632680288684,-0.0014301908720607548,
515,152,1,corrupt,True,0.8977440975216446,0.899631904711647,0.8885250907564803,-0.0092190067651642,0.9007458981731877,-0.012220807416707391,
515,152,1,paraphrase,True,0.8977440975216446,0.899631904711647,0.8885250907564803,-0.0092190067651642,0.8963378287673562,-0.007812738010875897,
515,152,1,corrupt_det,True,0.8977440975216446,0.899631904711647,0.8885250907564803,-0.0092190067651642,0.8995206235489747,-0.010995532792494322,
515,152,1,offtopic,True,0.8977440975216446,0.899631904711647,0.8885250907564803,-0.0092190067651642,0.8553763685359768,0.03314872222050358,
516,152,2,corrupt,True,0.8977440975216446,0.899631904711647,0.7988886373907729,-0.0988554601308717,0.8927077866262585,-0.09381914923548562,
516,152,2,paraphrase,True,0.8977440975216446,0.899631904711647,0.7988886373907729,-0.0988554601308717,0.8995304206880839,-0.100641783297311,
516,152,2,corrupt_det,True,0.8977440975216446,0.899631904711647,0.7988886373907729,-0.0988554601308717,0.9008648194524775,-0.10197618206170467,
516,152,2,offtopic,True,0.8977440975216446,0.899631904711647,0.7988886373907729,-0.0988554601308717,0.48530545349943105,0.3135831838913418,
517,153,0,corrupt,True,0.8859772861442085,0.882910021349204,0.8823085247238535,-0.0036687614203549,0.8816084404088318,0.0007000843150216651,
517,153,0,paraphrase,True,0.8859772861442085,0.882910021349204,0.8823085247238535,-0.0036687614203549,0.8875016277078285,-0.005193102983975018,
517,153,0,corrupt_det,True,0.8859772861442085,0.882910021349204,0.8823085247238535,-0.0036687614203549,0.8821513933436905,0.0001571313801629337,
517,153,0,offtopic,True,0.8859772861442085,0.882910021349204,0.8823085247238535,-0.0036687614203549,0.8664891517090589,0.015819373014794524,
518,153,1,corrupt,True,0.8859772861442085,0.882910021349204,0.882733565696374,-0.0032437204478344,0.8830649097678297,-0.0003313440714557414,
518,153,1,paraphrase,True,0.8859772861442085,0.882910021349204,0.882733565696374,-0.0032437204478344,0.8829931535369218,-0.0002595878405478036,
518,153,1,corrupt_det,True,0.8859772861442085,0.882910021349204,0.882733565696374,-0.0032437204478344,0.8820266421543435,0.000706923542030502,
518,153,1,offtopic,True,0.8859772861442085,0.882910021349204,0.882733565696374,-0.0032437204478344,0.8724332168216321,0.01030034887474185,
519,153,2,corrupt,False,0.8859772861442085,0.882910021349204,0.8718098381239077,-0.0141674480203007,,,
519,153,2,paraphrase,False,0.8859772861442085,0.882910021349204,0.8718098381239077,-0.0141674480203007,,,
519,153,2,corrupt_det,True,0.8859772861442085,0.882910021349204,0.8718098381239077,-0.0141674480203007,0.882348700504405,-0.010538862380497283,
519,153,2,offtopic,True,0.8859772861442085,0.882910021349204,0.8718098381239077,-0.0141674480203007,0.8507170996131347,0.02109273851077298,
520,153,3,corrupt,True,0.8859772861442085,0.882910021349204,0.5628703267508847,-0.3231069593933238,0.8817791686438108,-0.3189088418929261,
520,153,3,paraphrase,True,0.8859772861442085,0.882910021349204,0.5628703267508847,-0.3231069593933238,0.8807693217572526,-0.317898995006368,
520,153,3,corrupt_det,True,0.8859772861442085,0.882910021349204,0.5628703267508847,-0.3231069593933238,0.8828391691548694,-0.3199688424039847,
520,153,3,offtopic,True,0.8859772861442085,0.882910021349204,0.5628703267508847,-0.3231069593933238,0.539820529180288,0.023049797570596664,
521,154,0,corrupt,True,0.7939600912485353,0.7933319674765951,0.7796423423894167,-0.0143177488591186,0.7925237611487359,-0.012881418759319252,
521,154,0,paraphrase,True,0.7939600912485353,0.7933319674765951,0.7796423423894167,-0.0143177488591186,0.7913425667586507,-0.011700224369234014,
521,154,0,corrupt_det,True,0.7939600912485353,0.7933319674765951,0.7796423423894167,-0.0143177488591186,0.7908029882954221,-0.011160645906005406,
521,154,0,offtopic,True,0.7939600912485353,0.7933319674765951,0.7796423423894167,-0.0143177488591186,0.7321687253681189,0.04747361702129771,
522,154,1,corrupt,True,0.7939600912485353,0.7933319674765951,0.7729168753113789,-0.0210432159371564,0.7921307637795084,-0.019213888468129547,
522,154,1,paraphrase,True,0.7939600912485353,0.7933319674765951,0.7729168753113789,-0.0210432159371564,0.7762225834190987,-0.003305708107719796,
522,154,1,corrupt_det,True,0.7939600912485353,0.7933319674765951,0.7729168753113789,-0.0210432159371564,0.7888467489526926,-0.015929873641313708,
522,154,1,offtopic,True,0.7939600912485353,0.7933319674765951,0.7729168753113789,-0.0210432159371564,0.6648832755761453,0.10803359973523352,
523,154,2,corrupt,True,0.7939600912485353,0.7933319674765951,0.6407380823158009,-0.1532220089327344,0.7925880382558378,-0.15184995594003692,
523,154,2,paraphrase,True,0.7939600912485353,0.7933319674765951,0.6407380823158009,-0.1532220089327344,0.7759534526414077,-0.13521537032560682,
523,154,2,corrupt_det,False,0.7939600912485353,0.7933319674765951,0.6407380823158009,-0.1532220089327344,,,
523,154,2,offtopic,True,0.7939600912485353,0.7933319674765951,0.6407380823158009,-0.1532220089327344,0.3589981140181024,0.2817399682976985,
524,155,0,corrupt,True,0.9005202260376267,0.9002647452749715,0.8953430238530882,-0.0051772021845385,0.9011964556995318,-0.005853431846443602,
524,155,0,paraphrase,True,0.9005202260376267,0.9002647452749715,0.8953430238530882,-0.0051772021845385,0.8995168578839448,-0.0041738340308565824,
524,155,0,corrupt_det,True,0.9005202260376267,0.9002647452749715,0.8953430238530882,-0.0051772021845385,0.9000875399378955,-0.004744516084807304,
524,155,0,offtopic,True,0.9005202260376267,0.9002647452749715,0.8953430238530882,-0.0051772021845385,0.8904751733734578,0.004867850479630342,
525,155,1,corrupt,True,0.9005202260376267,0.9002647452749715,0.9001331833634721,-0.0003870426741545,0.8998625586669522,0.0002706246965199499,
525,155,1,paraphrase,True,0.9005202260376267,0.9002647452749715,0.9001331833634721,-0.0003870426741545,0.8990496815473411,0.0010835018161310384,
525,155,1,corrupt_det,True,0.9005202260376267,0.9002647452749715,0.9001331833634721,-0.0003870426741545,0.8998306605911908,0.00030252277228137725,
525,155,1,offtopic,True,0.9005202260376267,0.9002647452749715,0.9001331833634721,-0.0003870426741545,0.8773600295254939,0.02277315383797829,
526,155,2,corrupt,True,0.9005202260376267,0.9002647452749715,0.8728076481256909,-0.0277125779119358,0.8996518278353838,-0.026844179709692884,
526,155,2,paraphrase,True,0.9005202260376267,0.9002647452749715,0.8728076481256909,-0.0277125779119358,0.8817763589151991,-0.008968710789508227,
526,155,2,corrupt_det,True,0.9005202260376267,0.9002647452749715,0.8728076481256909,-0.0277125779119358,0.8999078506843722,-0.027100202558681286,
526,155,2,offtopic,True,0.9005202260376267,0.9002647452749715,0.8728076481256909,-0.0277125779119358,0.8227798905578229,0.050027757567868036,
527,155,3,corrupt,True,0.9005202260376267,0.9002647452749715,0.5914446575397458,-0.3090755684978808,0.8980077483378495,-0.3065630907981036,
527,155,3,paraphrase,True,0.9005202260376267,0.9002647452749715,0.5914446575397458,-0.3090755684978808,0.8956299448750514,-0.3041852873353056,
527,155,3,corrupt_det,True,0.9005202260376267,0.9002647452749715,0.5914446575397458,-0.3090755684978808,0.9008681928790988,-0.30942353533935296,
527,155,3,offtopic,True,0.9005202260376267,0.9002647452749715,0.5914446575397458,-0.3090755684978808,0.426081315075876,0.16536334246386986,
528,156,0,corrupt,True,0.8424208733745383,0.8408937197510676,0.8369712724166942,-0.005449600957844,0.8419312153112899,-0.00495994289459567,
528,156,0,paraphrase,True,0.8424208733745383,0.8408937197510676,0.8369712724166942,-0.005449600957844,0.8422726062753082,-0.005301333858613977,
528,156,0,corrupt_det,True,0.8424208733745383,0.8408937197510676,0.8369712724166942,-0.005449600957844,0.8394207587779461,-0.0024494863612518625,
528,156,0,offtopic,True,0.8424208733745383,0.8408937197510676,0.8369712724166942,-0.005449600957844,0.7745005596553349,0.06247071276135929,
529,156,1,corrupt,True,0.8424208733745383,0.8408937197510676,0.7566539472572158,-0.0857669261173225,0.837921065103821,-0.08126711784660523,
529,156,1,paraphrase,True,0.8424208733745383,0.8408937197510676,0.7566539472572158,-0.0857669261173225,0.8346917078925276,-0.07803776063531176,
529,156,1,corrupt_det,True,0.8424208733745383,0.8408937197510676,0.7566539472572158,-0.0857669261173225,0.8400495764864523,-0.08339562922923649,
529,156,1,offtopic,True,0.8424208733745383,0.8408937197510676,0.7566539472572158,-0.0857669261173225,0.7637414636489296,-0.0070875163917137884,
530,156,2,corrupt,True,0.8424208733745383,0.8408937197510676,0.788682858208564,-0.0537380151659743,0.8378093757416175,-0.049126517533053526,
530,156,2,paraphrase,True,0.8424208733745383,0.8408937197510676,0.788682858208564,-0.0537380151659743,0.8396716504352942,-0.05098879222673025,
530,156,2,corrupt_det,True,0.8424208733745383,0.8408937197510676,0.788682858208564,-0.0537380151659743,0.8406039722232498,-0.0519211140146858,
530,156,2,offtopic,True,0.8424208733745383,0.8408937197510676,0.788682858208564,-0.0537380151659743,0.4021268052485605,0.3865560529600035,
531,157,0,corrupt,True,0.9179487936400336,0.9170287875559042,0.9065077274540849,-0.0114410661859487,0.9181567817284823,-0.01164905427439733,
531,157,0,paraphrase,True,0.9179487936400336,0.9170287875559042,0.9065077274540849,-0.0114410661859487,0.9123260566180517,-0.00581832916396674,
531,157,0,corrupt_det,True,0.9179487936400336,0.9170287875559042,0.9065077274540849,-0.0114410661859487,0.9179796756474379,-0.011471948193352954,
531,157,0,offtopic,True,0.9179487936400336,0.9170287875559042,0.9065077274540849,-0.0114410661859487,0.9177652468028967,-0.011257519348811806,
532,157,1,corrupt,True,0.9179487936400336,0.9170287875559042,0.90119308963279,-0.0167557040072436,0.9166659819844822,-0.015472892351692247,
532,157,1,paraphrase,True,0.9179487936400336,0.9170287875559042,0.90119308963279,-0.0167557040072436,0.9168431714476267,-0.015650081814836736,
532,157,1,corrupt_det,True,0.9179487936400336,0.9170287875559042,0.90119308963279,-0.0167557040072436,0.9147274626925428,-0.013534373059752802,
532,157,1,offtopic,True,0.9179487936400336,0.9170287875559042,0.90119308963279,-0.0167557040072436,0.8896531879664334,0.011539901666356545,
533,157,2,corrupt,True,0.9179487936400336,0.9170287875559042,0.7332612016603082,-0.1846875919797255,0.9157832444968362,-0.18252204283652806,
533,157,2,paraphrase,True,0.9179487936400336,0.9170287875559042,0.7332612016603082,-0.1846875919797255,0.9168798206091889,-0.18361861894888076,
533,157,2,corrupt_det,True,0.9179487936400336,0.9170287875559042,0.7332612016603082,-0.1846875919797255,0.9175572363332845,-0.18429603467297628,
533,157,2,offtopic,True,0.9179487936400336,0.9170287875559042,0.7332612016603082,-0.1846875919797255,0.427819122080512,0.3054420795797962,
534,158,0,corrupt,True,0.8667564623040475,0.8642447325404432,0.8610441372906787,-0.0057123250133687,0.8660537722921519,-0.005009635001473112,
534,158,0,paraphrase,True,0.8667564623040475,0.8642447325404432,0.8610441372906787,-0.0057123250133687,0.8629599101757851,-0.0019157728851063593,
534,158,0,corrupt_det,True,0.8667564623040475,0.8642447325404432,0.8610441372906787,-0.0057123250133687,0.8650762736224008,-0.004032136331722058,
534,158,0,offtopic,True,0.8667564623040475,0.8642447325404432,0.8610441372906787,-0.0057123250133687,0.8528267706965357,0.008217366594143072,
535,158,1,corrupt,True,0.8667564623040475,0.8642447325404432,0.8415311592364483,-0.0252253030675991,0.8600685062398989,-0.018537347003450666,
535,158,1,paraphrase,True,0.8667564623040475,0.8642447325404432,0.8415311592364483,-0.0252253030675991,0.866028013572744,-0.02449685433629567,
535,158,1,corrupt_det,True,0.8667564623040475,0.8642447325404432,0.8415311592364483,-0.0252253030675991,0.8640676631311104,-0.022536503894662108,
535,158,1,offtopic,True,0.8667564623040475,0.8642447325404432,0.8415311592364483,-0.0252253030675991,0.7350612546463671,0.10646990459008121,
536,158,2,corrupt,True,0.8667564623040475,0.8642447325404432,0.7630872531051585,-0.103669209198889,0.8633273207156519,-0.10024006761049342,
536,158,2,paraphrase,True,0.8667564623040475,0.8642447325404432,0.7630872531051585,-0.103669209198889,0.8611877886400259,-0.09810053553486742,
536,158,2,corrupt_det,True,0.8667564623040475,0.8642447325404432,0.7630872531051585,-0.103669209198889,0.8607341965358739,-0.09764694343071545,
536,158,2,offtopic,True,0.8667564623040475,0.8642447325404432,0.7630872531051585,-0.103669209198889,0.4464670235350196,0.31662022957013886,
537,159,0,corrupt,True,0.9033892069465512,0.9058085708301185,0.8726093089168474,-0.0307798980297038,0.9061517435403756,-0.03354243462352824,
537,159,0,paraphrase,True,0.9033892069465512,0.9058085708301185,0.8726093089168474,-0.0307798980297038,0.9012675351297472,-0.028658226212899818,
537,159,0,corrupt_det,True,0.9033892069465512,0.9058085708301185,0.8726093089168474,-0.0307798980297038,0.9045564053869866,-0.03194709647013916,
537,159,0,offtopic,True,0.9033892069465512,0.9058085708301185,0.8726093089168474,-0.0307798980297038,0.8876218740827239,-0.015012565165876457,
538,159,1,corrupt,True,0.9033892069465512,0.9058085708301185,0.9050714606581305,0.0016822537115792,0.9047567833877355,0.00031467727039502513,
538,159,1,paraphrase,True,0.9033892069465512,0.9058085708301185,0.9050714606581305,0.0016822537115792,0.9004172502547274,0.004654210403403081,
538,159,1,corrupt_det,True,0.9033892069465512,0.9058085708301185,0.9050714606581305,0.0016822537115792,0.9034166010960888,0.0016548595620416995,
538,159,1,offtopic,True,0.9033892069465512,0.9058085708301185,0.9050714606581305,0.0016822537115792,0.8775809090692638,0.027490551588866707,
539,159,2,corrupt,True,0.9033892069465512,0.9058085708301185,0.8713149737273413,-0.0320742332192098,0.906892793140131,-0.0355778194127897,
539,159,2,paraphrase,True,0.9033892069465512,0.9058085708301185,0.8713149737273413,-0.0320742332192098,0.9064159586300341,-0.035100984902692756,
539,159,2,corrupt_det,True,0.9033892069465512,0.9058085708301185,0.8713149737273413,-0.0320742332192098,0.907021749651549,-0.03570677592420768,
539,159,2,offtopic,True,0.9033892069465512,0.9058085708301185,0.8713149737273413,-0.0320742332192098,0.8530925721462199,0.018222401581121428,
540,160,0,corrupt,True,0.8889499505732108,0.889582031173558,0.8806285005288651,-0.0083214500443457,0.889767608324684,-0.009139107795818946,
540,160,0,paraphrase,True,0.8889499505732108,0.889582031173558,0.8806285005288651,-0.0083214500443457,0.8849355296111162,-0.004307029082251113,
540,160,0,corrupt_det,True,0.8889499505732108,0.889582031173558,0.8806285005288651,-0.0083214500443457,0.8871102488442189,-0.0064817483153537525,
540,160,0,offtopic,True,0.8889499505732108,0.889582031173558,0.8806285005288651,-0.0083214500443457,0.8821247249290486,-0.001496224400183488,
541,160,1,corrupt,True,0.8889499505732108,0.889582031173558,0.8812030699493932,-0.0077468806238175,0.8910698524615135,-0.009866782512120253,
541,160,1,paraphrase,True,0.8889499505732108,0.889582031173558,0.8812030699493932,-0.0077468806238175,0.8868871144527005,-0.005684044503307284,
541,160,1,corrupt_det,True,0.8889499505732108,0.889582031173558,0.8812030699493932,-0.0077468806238175,0.8915065087038694,-0.010303438754476146,
541,160,1,offtopic,True,0.8889499505732108,0.889582031173558,0.8812030699493932,-0.0077468806238175,0.8764814992524119,0.004721570696981314,
542,160,2,corrupt,True,0.8889499505732108,0.889582031173558,0.8812320674708138,-0.0077178831023969,0.8846265928772378,-0.0033945254064239316,
542,160,2,paraphrase,True,0.8889499505732108,0.889582031173558,0.8812320674708138,-0.0077178831023969,0.8884877028511773,-0.0072556353803634455,
542,160,2,corrupt_det,False,0.8889499505732108,0.889582031173558,0.8812320674708138,-0.0077178831023969,,,
542,160,2,offtopic,True,0.8889499505732108,0.889582031173558,0.8812320674708138,-0.0077178831023969,0.8752101257424583,0.006021941728355573,
543,160,3,corrupt,True,0.8889499505732108,0.889582031173558,0.7506875493968708,-0.13826240117634,0.8897000133290605,-0.1390124639321897,
543,160,3,paraphrase,True,0.8889499505732108,0.889582031173558,0.7506875493968708,-0.13826240117634,0.8899502170091562,-0.13926266761228545,
543,160,3,corrupt_det,True,0.8889499505732108,0.889582031173558,0.7506875493968708,-0.13826240117634,0.8914484278945245,-0.14076087849765373,
543,160,3,offtopic,True,0.8889499505732108,0.889582031173558,0.7506875493968708,-0.13826240117634,0.8318396839731218,-0.08115213457625103,
544,161,0,corrupt,True,0.936598271574322,0.9361025269202861,0.9358228585558528,-0.000775413018469,0.9357824428561168,4.041569973600723e-05,
544,161,0,paraphrase,True,0.936598271574322,0.9361025269202861,0.9358228585558528,-0.000775413018469,0.9382489222066733,-0.0024260636508205424,
544,161,0,corrupt_det,False,0.936598271574322,0.9361025269202861,0.9358228585558528,-0.000775413018469,,,
544,161,0,offtopic,True,0.936598271574322,0.9361025269202861,0.9358228585558528,-0.000775413018469,0.9275011286843353,0.00832172987151747,
545,161,1,corrupt,True,0.936598271574322,0.9361025269202861,0.9202431957265914,-0.0163550758477304,0.9344823820315166,-0.014239186304925155,
545,161,1,paraphrase,True,0.936598271574322,0.9361025269202861,0.9202431957265914,-0.0163550758477304,0.9347568095481003,-0.014513613821508842,
545,161,1,corrupt_det,True,0.936598271574322,0.9361025269202861,0.9202431957265914,-0.0163550758477304,0.9339699787060206,-0.013726782979429197,
545,161,1,offtopic,True,0.936598271574322,0.9361025269202861,0.9202431957265914,-0.0163550758477304,0.915874259232991,0.004368936493600373,
546,161,2,corrupt,True,0.936598271574322,0.9361025269202861,0.7104921971011444,-0.2261060744731774,0.9359210248215787,-0.22542882772043427,
546,161,2,paraphrase,True,0.936598271574322,0.9361025269202861,0.7104921971011444,-0.2261060744731774,0.933786685086985,-0.22329448798584062,
546,161,2,corrupt_det,True,0.936598271574322,0.9361025269202861,0.7104921971011444,-0.2261060744731774,0.9358825981011603,-0.22539040100001584,
546,161,2,offtopic,True,0.936598271574322,0.9361025269202861,0.7104921971011444,-0.2261060744731774,0.5445394428321283,0.16595275426901612,
547,162,0,corrupt,True,0.932809381344513,0.9319288485706003,0.9394635772740018,0.0066541959294887,0.9319598721183878,0.007503705155613938,
547,162,0,paraphrase,True,0.932809381344513,0.9319288485706003,0.9394635772740018,0.0066541959294887,0.9272273611256573,0.01223621614834447,
547,162,0,corrupt_det,True,0.932809381344513,0.9319288485706003,0.9394635772740018,0.0066541959294887,0.9324677875872699,0.006995789686731868,
547,162,0,offtopic,True,0.932809381344513,0.9319288485706003,0.9394635772740018,0.0066541959294887,0.932575105259017,0.00688847201498477,
548,162,1,corrupt,True,0.932809381344513,0.9319288485706003,0.9309666440376275,-0.0018427373068854,0.9338032678033911,-0.0028366237657635462,
548,162,1,paraphrase,True,0.932809381344513,0.9319288485706003,0.9309666440376275,-0.0018427373068854,0.9346679767732248,-0.0037013327355972514,
548,162,1,corrupt_det,True,0.932809381344513,0.9319288485706003,0.9309666440376275,-0.0018427373068854,0.9308780072423255,8.863679530202173e-05,
548,162,1,offtopic,True,0.932809381344513,0.9319288485706003,0.9309666440376275,-0.0018427373068854,0.9332300041419056,-0.002263360104278078,
549,162,2,corrupt,True,0.932809381344513,0.9319288485706003,0.90595138362543,-0.0268579977190829,0.9321656720929723,-0.026214288467542257,
549,162,2,paraphrase,True,0.932809381344513,0.9319288485706003,0.90595138362543,-0.0268579977190829,0.9283368549161853,-0.0223854712907553,
549,162,2,corrupt_det,True,0.932809381344513,0.9319288485706003,0.90595138362543,-0.0268579977190829,0.9336862472345193,-0.027734863609089278,
549,162,2,offtopic,True,0.932809381344513,0.9319288485706003,0.90595138362543,-0.0268579977190829,0.5265042570938722,0.3794471265315579,
550,163,0,corrupt,True,0.8839294496882174,0.8857314638002067,0.8829788002750867,-0.0009506494131307,0.8872989987485606,-0.0043201984734738685,
550,163,0,paraphrase,True,0.8839294496882174,0.8857314638002067,0.8829788002750867,-0.0009506494131307,0.8789601813604813,0.004018618914605421,
550,163,0,corrupt_det,True,0.8839294496882174,0.8857314638002067,0.8829788002750867,-0.0009506494131307,0.8853874164467928,-0.0024086161717060683,
550,163,0,offtopic,True,0.8839294496882174,0.8857314638002067,0.8829788002750867,-0.0009506494131307,0.8682667671418992,0.014712033133187474,
551,163,1,corrupt,False,0.8839294496882174,0.8857314638002067,0.8764280467890977,-0.0075014028991197,,,
551,163,1,paraphrase,False,0.8839294496882174,0.8857314638002067,0.8764280467890977,-0.0075014028991197,,,
551,163,1,corrupt_det,True,0.8839294496882174,0.8857314638002067,0.8764280467890977,-0.0075014028991197,0.8792544655485521,-0.002826418759454441,
551,163,1,offtopic,True,0.8839294496882174,0.8857314638002067,0.8764280467890977,-0.0075014028991197,0.8429641473414308,0.03346389944766692,
552,163,2,corrupt,True,0.8839294496882174,0.8857314638002067,0.8619130259995041,-0.0220164236887132,0.8874923493543037,-0.02557932335479951,
552,163,2,paraphrase,True,0.8839294496882174,0.8857314638002067,0.8619130259995041,-0.0220164236887132,0.8803930190937723,-0.018479993094268177,
552,163,2,corrupt_det,True,0.8839294496882174,0.8857314638002067,0.8619130259995041,-0.0220164236887132,0.8849996885404132,-0.023086662540909075,
552,163,2,offtopic,True,0.8839294496882174,0.8857314638002067,0.8619130259995041,-0.0220164236887132,0.8369179126920244,0.02499511330747972,
553,164,0,corrupt,True,0.7185959653579632,0.7159451741481766,0.708334697855952,-0.0102612675020111,0.717064314727192,-0.008729616871239965,
553,164,0,paraphrase,True,0.7185959653579632,0.7159451741481766,0.708334697855952,-0.0102612675020111,0.7096981935241001,-0.0013634956681480848,
553,164,0,corrupt_det,True,0.7185959653579632,0.7159451741481766,0.708334697855952,-0.0102612675020111,0.7156738275543917,-0.007339129698439639,
553,164,0,offtopic,True,0.7185959653579632,0.7159451741481766,0.708334697855952,-0.0102612675020111,0.7093654144544097,-0.0010307165984576594,
554,164,1,corrupt,True,0.7185959653579632,0.7159451741481766,0.7231799512910061,0.0045839859330428,0.7118874180905161,0.011292533200489951,
554,164,1,paraphrase,True,0.7185959653579632,0.7159451741481766,0.7231799512910061,0.0045839859330428,0.710905353789654,0.01227459750135207,
554,164,1,corrupt_det,True,0.7185959653579632,0.7159451741481766,0.7231799512910061,0.0045839859330428,0.7188856640859562,0.004294287205049874,
554,164,1,offtopic,True,0.7185959653579632,0.7159451741481766,0.7231799512910061,0.0045839859330428,0.7286315269734401,-0.00545157568243404,
555,164,2,corrupt,False,0.7185959653579632,0.7159451741481766,0.7151139284183831,-0.0034820369395801,,,
555,164,2,paraphrase,False,0.7185959653579632,0.7159451741481766,0.7151139284183831,-0.0034820369395801,,,
555,164,2,corrupt_det,True,0.7185959653579632,0.7159451741481766,0.7151139284183831,-0.0034820369395801,0.7149737084277692,0.0001402199906138657,
555,164,2,offtopic,True,0.7185959653579632,0.7159451741481766,0.7151139284183831,-0.0034820369395801,0.6714711481154418,0.04364278030294122,
556,164,3,corrupt,True,0.7185959653579632,0.7159451741481766,0.5585113172365587,-0.1600846481214045,0.7168786570029544,-0.15836733976639572,
556,164,3,paraphrase,True,0.7185959653579632,0.7159451741481766,0.5585113172365587,-0.1600846481214045,0.6869885446651519,-0.12847722742859324,
556,164,3,corrupt_det,True,0.7185959653579632,0.7159451741481766,0.5585113172365587,-0.1600846481214045,0.7188854898067604,-0.1603741725702017,
556,164,3,offtopic,True,0.7185959653579632,0.7159451741481766,0.5585113172365587,-0.1600846481214045,0.4358988693784063,0.1226124478581524,
557,165,0,corrupt,True,0.896738184698408,0.8969051685571742,0.9004863837767636,0.0037481990783555,0.8971446915361049,0.0033416922406587224,
557,165,0,paraphrase,True,0.896738184698408,0.8969051685571742,0.9004863837767636,0.0037481990783555,0.8951638296913647,0.005322554085398945,
557,165,0,corrupt_det,True,0.896738184698408,0.8969051685571742,0.9004863837767636,0.0037481990783555,0.89706570902917,0.003420674747593555,
557,165,0,offtopic,True,0.896738184698408,0.8969051685571742,0.9004863837767636,0.0037481990783555,0.85237001599529,0.048116367781473546,
558,165,1,corrupt,True,0.896738184698408,0.8969051685571742,0.8817191621200893,-0.0150190225783187,0.896978167185904,-0.01525900506581468,
558,165,1,paraphrase,True,0.896738184698408,0.8969051685571742,0.8817191621200893,-0.0150190225783187,0.8888039473069878,-0.007084785186898479,
558,165,1,corrupt_det,True,0.896738184698408,0.8969051685571742,0.8817191621200893,-0.0150190225783187,0.8992953315166822,-0.0175761693965929,
558,165,1,offtopic,True,0.896738184698408,0.8969051685571742,0.8817191621200893,-0.0150190225783187,0.840056959112347,0.04166220300774226,
559,165,2,corrupt,True,0.896738184698408,0.8969051685571742,0.6694372702818333,-0.2273009144165747,0.8931877043670248,-0.22375043408519146,
559,165,2,paraphrase,True,0.896738184698408,0.8969051685571742,0.6694372702818333,-0.2273009144165747,0.8818975858993561,-0.21246031561752277,
559,165,2,corrupt_det,True,0.896738184698408,0.8969051685571742,0.6694372702818333,-0.2273009144165747,0.897238626041641,-0.22780135575980764,
559,165,2,offtopic,True,0.896738184698408,0.8969051685571742,0.6694372702818333,-0.2273009144165747,0.4455238005070251,0.2239134697748082,
560,166,0,corrupt,True,0.8138459147205434,0.8145685033047011,0.7739801415500264,-0.0398657731705169,0.8158692956995135,-0.04188915414948713,
560,166,0,paraphrase,True,0.8138459147205434,0.8145685033047011,0.7739801415500264,-0.0398657731705169,0.8128346731842537,-0.03885453163422736,
560,166,0,corrupt_det,True,0.8138459147205434,0.8145685033047011,0.7739801415500264,-0.0398657731705169,0.8146347033266169,-0.04065456177659055,
560,166,0,offtopic,True,0.8138459147205434,0.8145685033047011,0.7739801415500264,-0.0398657731705169,0.7349962895467196,0.038983852003306785,
561,166,1,corrupt,True,0.8138459147205434,0.8145685033047011,0.785483543245594,-0.0283623714749493,0.8138878146062389,-0.02840427136064494,
561,166,1,paraphrase,True,0.8138459147205434,0.8145685033047011,0.785483543245594,-0.0283623714749493,0.8093562062577371,-0.02387266301214308,
561,166,1,corrupt_det,True,0.8138459147205434,0.8145685033047011,0.785483543245594,-0.0283623714749493,0.815261528628528,-0.02977798538293397,
561,166,1,offtopic,True,0.8138459147205434,0.8145685033047011,0.785483543245594,-0.0283623714749493,0.7305398414944849,0.054943701751109075,
562,166,2,corrupt,True,0.8138459147205434,0.8145685033047011,0.8015077835258683,-0.012338131194675,0.8055532123735636,-0.00404542884769532,
562,166,2,paraphrase,True,0.8138459147205434,0.8145685033047011,0.8015077835258683,-0.012338131194675,0.8072620137141686,-0.005754230188300347,
562,166,2,corrupt_det,True,0.8138459147205434,0.8145685033047011,0.8015077835258683,-0.012338131194675,0.7934633190749817,0.00804446445088658,
562,166,2,offtopic,True,0.8138459147205434,0.8145685033047011,0.8015077835258683,-0.012338131194675,0.687827706497329,0.11368007702853922,
563,166,3,corrupt,False,0.8138459147205434,0.8145685033047011,0.7919218230932998,-0.0219240916272435,,,
563,166,3,paraphrase,False,0.8138459147205434,0.8145685033047011,0.7919218230932998,-0.0219240916272435,,,
563,166,3,corrupt_det,True,0.8138459147205434,0.8145685033047011,0.7919218230932998,-0.0219240916272435,0.8133706762117469,-0.02144885311844702,
563,166,3,offtopic,True,0.8138459147205434,0.8145685033047011,0.7919218230932998,-0.0219240916272435,0.7809264322063948,0.010995390886905043,
564,167,0,corrupt,True,0.910938917918878,0.9119292540037863,0.8880670772926975,-0.0228718406261804,0.898620969300013,-0.01055389200731549,
564,167,0,paraphrase,True,0.910938917918878,0.9119292540037863,0.8880670772926975,-0.0228718406261804,0.9092549246136197,-0.02118784732092216,
564,167,0,corrupt_det,True,0.910938917918878,0.9119292540037863,0.8880670772926975,-0.0228718406261804,0.912686052724044,-0.0246189754313465,
564,167,0,offtopic,True,0.910938917918878,0.9119292540037863,0.8880670772926975,-0.0228718406261804,0.8757483699350629,0.012318707357634628,
565,167,1,corrupt,True,0.910938917918878,0.9119292540037863,0.8921220095642216,-0.0188169083546563,0.9084774474411199,-0.016355437876898304,
565,167,1,paraphrase,True,0.910938917918878,0.9119292540037863,0.8921220095642216,-0.0188169083546563,0.9096036065991531,-0.017481597034931462,
565,167,1,corrupt_det,True,0.910938917918878,0.9119292540037863,0.8921220095642216,-0.0188169083546563,0.9102220824255434,-0.01810007286132176,
565,167,1,offtopic,True,0.910938917918878,0.9119292540037863,0.8921220095642216,-0.0188169083546563,0.871718014992114,0.02040399457210762,
566,167,2,corrupt,True,0.910938917918878,0.9119292540037863,0.7039427787467355,-0.2069961391721424,0.9083810699567492,-0.20443829121001367,
566,167,2,paraphrase,True,0.910938917918878,0.9119292540037863,0.7039427787467355,-0.2069961391721424,0.9071455743909196,-0.2032027956441841,
566,167,2,corrupt_det,True,0.910938917918878,0.9119292540037863,0.7039427787467355,-0.2069961391721424,0.9117260612257021,-0.2077832824789666,
566,167,2,offtopic,True,0.910938917918878,0.9119292540037863,0.7039427787467355,-0.2069961391721424,0.45618654868749425,0.24775623005924124,
567,168,0,corrupt,True,0.9160499448691368,0.9168265475790836,0.8703297293594869,-0.04572021550965,0.9164131971632843,-0.04608346780379735,
567,168,0,paraphrase,True,0.9160499448691368,0.9168265475790836,0.8703297293594869,-0.04572021550965,0.9130903809107083,-0.04276065155122133,
567,168,0,corrupt_det,False,0.9160499448691368,0.9168265475790836,0.8703297293594869,-0.04572021550965,,,
567,168,0,offtopic,True,0.9160499448691368,0.9168265475790836,0.8703297293594869,-0.04572021550965,0.8527393109765099,0.017590418382977036,
568,168,1,corrupt,True,0.9160499448691368,0.9168265475790836,0.9116359148122382,-0.0044140300568987,0.9152809387862448,-0.003645023974006678,
568,168,1,paraphrase,True,0.9160499448691368,0.9168265475790836,0.9116359148122382,-0.0044140300568987,0.9155426074827522,-0.003906692670514023,
568,168,1,corrupt_det,True,0.9160499448691368,0.9168265475790836,0.9116359148122382,-0.0044140300568987,0.9170720667007185,-0.005436151888480345,
568,168,1,offtopic,True,0.9160499448691368,0.9168265475790836,0.9116359148122382,-0.0044140300568987,0.8928444947566818,0.01879142005555634,
569,168,2,corrupt,True,0.9160499448691368,0.9168265475790836,0.8660167896748552,-0.0500331551942817,0.9104606158536321,-0.04444382617877696,
569,168,2,paraphrase,True,0.9160499448691368,0.9168265475790836,0.8660167896748552,-0.0500331551942817,0.9177801317729632,-0.05176334209810807,
569,168,2,corrupt_det,True,0.9160499448691368,0.9168265475790836,0.8660167896748552,-0.0500331551942817,0.9166946889259565,-0.05067789925110133,
569,168,2,offtopic,True,0.9160499448691368,0.9168265475790836,0.8660167896748552,-0.0500331551942817,0.5942470654370249,0.2717697242378303,
570,169,0,corrupt,True,0.9533332633883294,0.9520697979646353,0.9424681003712996,-0.0108651630170297,0.9508434519791171,-0.00837535160781755,
570,169,0,paraphrase,True,0.9533332633883294,0.9520697979646353,0.9424681003712996,-0.0108651630170297,0.9498074546148612,-0.00733935424356158,
570,169,0,corrupt_det,True,0.9533332633883294,0.9520697979646353,0.9424681003712996,-0.0108651630170297,0.9497247921385245,-0.0072566917672248765,
570,169,0,offtopic,True,0.9533332633883294,0.9520697979646353,0.9424681003712996,-0.0108651630170297,0.9443248357360043,-0.0018567353647047646,
571,169,1,corrupt,True,0.9533332633883294,0.9520697979646353,0.9390810700209334,-0.0142521933673959,0.9525671275609658,-0.013486057540032403,
571,169,1,paraphrase,True,0.9533332633883294,0.9520697979646353,0.9390810700209334,-0.0142521933673959,0.9502255042768433,-0.01114443425590983,
571,169,1,corrupt_det,True,0.9533332633883294,0.9520697979646353,0.9390810700209334,-0.0142521933673959,0.9520604984373466,-0.012979428416413197,
571,169,1,offtopic,True,0.9533332633883294,0.9520697979646353,0.9390810700209334,-0.0142521933673959,0.9339132100574791,0.005167859963454369,
572,169,2,corrupt,True,0.9533332633883294,0.9520697979646353,0.8993856264781035,-0.0539476369102258,0.9528502707444271,-0.05346464426632358,
572,169,2,paraphrase,True,0.9533332633883294,0.9520697979646353,0.8993856264781035,-0.0539476369102258,0.9494687305963663,-0.05008310411826278,
572,169,2,corrupt_det,True,0.9533332633883294,0.9520697979646353,0.8993856264781035,-0.0539476369102258,0.9322340608651158,-0.03284843438701235,
572,169,2,offtopic,True,0.9533332633883294,0.9520697979646353,0.8993856264781035,-0.0539476369102258,0.3554573230386689,0.5439283034394347,
573,170,0,corrupt,True,0.906095090841974,0.9033483817513265,0.894661377414832,-0.011433713427142,0.902282545943318,-0.007621168528486044,
573,170,0,paraphrase,True,0.906095090841974,0.9033483817513265,0.894661377414832,-0.011433713427142,0.9035208291912071,-0.008859451776375149,
573,170,0,corrupt_det,True,0.906095090841974,0.9033483817513265,0.894661377414832,-0.011433713427142,0.902943745352002,-0.008282367937169965,
573,170,0,offtopic,True,0.906095090841974,0.9033483817513265,0.894661377414832,-0.011433713427142,0.8909360011565928,0.0037253762582392103,
574,170,1,corrupt,True,0.906095090841974,0.9033483817513265,0.9019398654336485,-0.0041552254083255,0.9005013214252432,0.0014385440084052625,
574,170,1,paraphrase,True,0.906095090841974,0.9033483817513265,0.9019398654336485,-0.0041552254083255,0.9017687599299677,0.00017110550368071298,
574,170,1,corrupt_det,True,0.906095090841974,0.9033483817513265,0.9019398654336485,-0.0041552254083255,0.9031354630437691,-0.001195597610120669,
574,170,1,offtopic,True,0.906095090841974,0.9033483817513265,0.9019398654336485,-0.0041552254083255,0.8597282300675719,0.04221163536607653,
575,170,2,corrupt,True,0.906095090841974,0.9033483817513265,0.725434491212923,-0.180660599629051,0.8986993714479621,-0.17326488023503905,
575,170,2,paraphrase,True,0.906095090841974,0.9033483817513265,0.725434491212923,-0.180660599629051,0.9030599543861512,-0.17762546317322814,
575,170,2,corrupt_det,True,0.906095090841974,0.9033483817513265,0.725434491212923,-0.180660599629051,0.8799280253044696,-0.15449353409154654,
575,170,2,offtopic,True,0.906095090841974,0.9033483817513265,0.725434491212923,-0.180660599629051,0.43263294812869035,0.2928015430842327,
576,171,0,corrupt,True,0.8652746646088209,0.8683766683935228,0.856718321396146,-0.0085563432126748,0.8670340669864554,-0.010315745590309344,
576,171,0,paraphrase,True,0.8652746646088209,0.8683766683935228,0.856718321396146,-0.0085563432126748,0.8661400496721141,-0.0094217282759681,
576,171,0,corrupt_det,True,0.8652746646088209,0.8683766683935228,0.856718321396146,-0.0085563432126748,0.8695392012996893,-0.012820879903543303,
576,171,0,offtopic,True,0.8652746646088209,0.8683766683935228,0.856718321396146,-0.0085563432126748,0.8546929226750448,0.0020253987211011903,
577,171,1,corrupt,True,0.8652746646088209,0.8683766683935228,0.8493159294696192,-0.0159587351392016,0.868421423650292,-0.019105494180672755,
577,171,1,paraphrase,True,0.8652746646088209,0.8683766683935228,0.8493159294696192,-0.0159587351392016,0.8643543438685359,-0.015038414398916733,
577,171,1,corrupt_det,True,0.8652746646088209,0.8683766683935228,0.8493159294696192,-0.0159587351392016,0.8695771891663228,-0.02026125969670356,
577,171,1,offtopic,True,0.8652746646088209,0.8683766683935228,0.8493159294696192,-0.0159587351392016,0.8558652504615565,-0.00654932099193728,
578,171,2,corrupt,True,0.8652746646088209,0.8683766683935228,0.7662170857794208,-0.0990575788294,0.8726602345744973,-0.10644314879507644,
578,171,2,paraphrase,True,0.8652746646088209,0.8683766683935228,0.7662170857794208,-0.0990575788294,0.8661176172126867,-0.09990053143326583,
578,171,2,corrupt_det,True,0.8652746646088209,0.8683766683935228,0.7662170857794208,-0.0990575788294,0.8690140641961748,-0.10279697841675395,
578,171,2,offtopic,True,0.8652746646088209,0.8683766683935228,0.7662170857794208,-0.0990575788294,0.41427213147034214,0.3519449543090787,
579,172,0,corrupt,True,0.9240371641915288,0.9229899721898415,0.9207791485760493,-0.0032580156154796,0.9229170004250397,-0.002137851848990402,
579,172,0,paraphrase,True,0.9240371641915288,0.9229899721898415,0.9207791485760493,-0.0032580156154796,0.919828455157749,0.0009506934183002302,
579,172,0,corrupt_det,True,0.9240371641915288,0.9229899721898415,0.9207791485760493,-0.0032580156154796,0.9229052673931443,-0.002126118817095013,
579,172,0,offtopic,True,0.9240371641915288,0.9229899721898415,0.9207791485760493,-0.0032580156154796,0.9123213696678653,0.008457778908184,
580,172,1,corrupt,True,0.9240371641915288,0.9229899721898415,0.9277095335649513,0.0036723693734224,0.9228081658104378,0.0049013677545135526,
580,172,1,paraphrase,True,0.9240371641915288,0.9229899721898415,0.9277095335649513,0.0036723693734224,0.9240736537227245,0.003635879842226797,
580,172,1,corrupt_det,True,0.9240371641915288,0.9229899721898415,0.9277095335649513,0.0036723693734224,0.9231033307456276,0.004606202819323779,
580,172,1,offtopic,True,0.9240371641915288,0.9229899721898415,0.9277095335649513,0.0036723693734224,0.9252478950533999,0.002461638511551456,
581,172,2,corrupt,True,0.9240371641915288,0.9229899721898415,0.9199352286035962,-0.0041019355879327,0.9231408162266632,-0.0032055876230669966,
581,172,2,paraphrase,True,0.9240371641915288,0.9229899721898415,0.9199352286035962,-0.0041019355879327,0.9225994824214361,-0.0026642538178398567,
581,172,2,corrupt_det,True,0.9240371641915288,0.9229899721898415,0.9199352286035962,-0.0041019355879327,0.9226387169927661,-0.0027034883891698946,
581,172,2,offtopic,True,0.9240371641915288,0.9229899721898415,0.9199352286035962,-0.0041019355879327,0.8886748780553545,0.03126035054824172,
582,172,3,corrupt,True,0.9240371641915288,0.9229899721898415,0.8305325506429795,-0.0935046135485494,0.9233607641875176,-0.09282821354453807,
582,172,3,paraphrase,True,0.9240371641915288,0.9229899721898415,0.8305325506429795,-0.0935046135485494,0.9202046447061256,-0.08967209406314613,
582,172,3,corrupt_det,True,0.9240371641915288,0.9229899721898415,0.8305325506429795,-0.0935046135485494,0.9145098530539795,-0.08397730241099999,
582,172,3,offtopic,True,0.9240371641915288,0.9229899721898415,0.8305325506429795,-0.0935046135485494,0.8320720824677871,-0.001539531824807594,
583,173,0,corrupt,True,0.901927342017018,0.901540114026997,0.8986260442957488,-0.003301297721269,0.9014013694171252,-0.0027753251213764596,
583,173,0,paraphrase,True,0.901927342017018,0.901540114026997,0.8986260442957488,-0.003301297721269,0.9036980249822429,-0.005071980686494171,
583,173,0,corrupt_det,True,0.901927342017018,0.901540114026997,0.8986260442957488,-0.003301297721269,0.9008069492696205,-0.002180904973871689,
583,173,0,offtopic,True,0.901927342017018,0.901540114026997,0.8986260442957488,-0.003301297721269,0.8494041316413607,0.04922191265438802,
584,173,1,corrupt,True,0.901927342017018,0.901540114026997,0.8810289328587698,-0.020898409158248,0.9015311504111454,-0.02050221755237558,
584,173,1,paraphrase,True,0.901927342017018,0.901540114026997,0.8810289328587698,-0.020898409158248,0.8933856954133265,-0.012356762554556644,
584,173,1,corrupt_det,True,0.901927342017018,0.901540114026997,0.8810289328587698,-0.020898409158248,0.899512558726961,-0.01848362586819119,
584,173,1,offtopic,True,0.901927342017018,0.901540114026997,0.8810289328587698,-0.020898409158248,0.8744239529772737,0.006604979881496109,
585,173,2,corrupt,True,0.901927342017018,0.901540114026997,0.8853630298535679,-0.01656431216345,0.9006667805132784,-0.015303750659710569,
585,173,2,paraphrase,True,0.901927342017018,0.901540114026997,0.8853630298535679,-0.01656431216345,0.8951417421278695,-0.009778712274301604,
585,173,2,corrupt_det,True,0.901927342017018,0.901540114026997,0.8853630298535679,-0.01656431216345,0.9016844641956236,-0.016321434342055796,
585,173,2,offtopic,True,0.901927342017018,0.901540114026997,0.8853630298535679,-0.01656431216345,0.7574651553261251,0.12789787452744272,
586,174,0,corrupt,True,0.8163772489571718,0.8172447271834332,0.8189106632962884,0.0025334143391165,0.8187806313331667,0.00013003196312166843,
586,174,0,paraphrase,True,0.8163772489571718,0.8172447271834332,0.8189106632962884,0.0025334143391165,0.8152165896598206,0.0036940736364677873,
586,174,0,corrupt_det,True,0.8163772489571718,0.8172447271834332,0.8189106632962884,0.0025334143391165,0.812682766187014,0.006227897109274405,
586,174,0,offtopic,True,0.8163772489571718,0.8172447271834332,0.8189106632962884,0.0025334143391165,0.7707740298476232,0.048136633448665145,
587,174,1,corrupt,True,0.8163772489571718,0.8172447271834332,0.8081566639926965,-0.0082205849644753,0.8173644085801042,-0.009207744587407696,
587,174,1,paraphrase,True,0.8163772489571718,0.8172447271834332,0.8081566639926965,-0.0082205849644753,0.817049971240732,-0.008893307248035498,
587,174,1,corrupt_det,True,0.8163772489571718,0.8172447271834332,0.8081566639926965,-0.0082205849644753,0.8168280589408066,-0.00867139494811009,
587,174,1,offtopic,True,0.8163772489571718,0.8172447271834332,0.8081566639926965,-0.0082205849644753,0.7992977245029697,0.008858939489726825,
588,174,2,corrupt,False,0.8163772489571718,0.8172447271834332,0.7969616220025751,-0.0194156269545966,,,
588,174,2,paraphrase,False,0.8163772489571718,0.8172447271834332,0.7969616220025751,-0.0194156269545966,,,
588,174,2,corrupt_det,True,0.8163772489571718,0.8172447271834332,0.7969616220025751,-0.0194156269545966,0.8172003717813284,-0.020238749778753284,
588,174,2,offtopic,True,0.8163772489571718,0.8172447271834332,0.7969616220025751,-0.0194156269545966,0.7728876710126809,0.02407395098989429,
589,174,3,corrupt,True,0.8163772489571718,0.8172447271834332,0.52852082811325,-0.2878564208439218,0.817156760364162,-0.288635932250912,
589,174,3,paraphrase,True,0.8163772489571718,0.8172447271834332,0.52852082811325,-0.2878564208439218,0.8174665922183947,-0.2889457641051447,
589,174,3,corrupt_det,True,0.8163772489571718,0.8172447271834332,0.52852082811325,-0.2878564208439218,0.8184493454978872,-0.2899285173846372,
589,174,3,offtopic,True,0.8163772489571718,0.8172447271834332,0.52852082811325,-0.2878564208439218,0.4771732549931132,0.05134757312013677,
590,175,0,corrupt,True,0.8492495845878457,0.8552140539783675,0.8830965220939103,0.0338469375060646,0.8557637570114279,0.02733276508248239,
590,175,0,paraphrase,True,0.8492495845878457,0.8552140539783675,0.8830965220939103,0.0338469375060646,0.8709330454167595,0.012163476677150786,
590,175,0,corrupt_det,True,0.8492495845878457,0.8552140539783675,0.8830965220939103,0.0338469375060646,0.856978618642497,0.026117903451413294,
590,175,0,offtopic,True,0.8492495845878457,0.8552140539783675,0.8830965220939103,0.0338469375060646,0.8582792624187848,0.02481725967512549,
591,175,1,corrupt,True,0.8492495845878457,0.8552140539783675,0.8168702627405456,-0.0323793218473,0.8588455104257112,-0.041975247685165584,
591,175,1,paraphrase,True,0.8492495845878457,0.8552140539783675,0.8168702627405456,-0.0323793218473,0.8322681207524162,-0.015397858011870547,
591,175,1,corrupt_det,True,0.8492495845878457,0.8552140539783675,0.8168702627405456,-0.0323793218473,0.8551969973302066,-0.03832673458966096,
591,175,1,offtopic,True,0.8492495845878457,0.8552140539783675,0.8168702627405456,-0.0323793218473,0.7767702292791373,0.040100033461408335,
592,175,2,corrupt,False,0.8492495845878457,0.8552140539783675,0.7371866262984647,-0.112062958289381,,,
592,175,2,paraphrase,False,0.8492495845878457,0.8552140539783675,0.7371866262984647,-0.112062958289381,,,
592,175,2,corrupt_det,True,0.8492495845878457,0.8552140539783675,0.7371866262984647,-0.112062958289381,0.8354942073890591,-0.09830758109059445,
592,175,2,offtopic,True,0.8492495845878457,0.8552140539783675,0.7371866262984647,-0.112062958289381,0.5849770957686614,0.15220953052980324,
593,176,0,corrupt,True,0.8908611083702643,0.8926573669539661,0.847691999458268,-0.0431691089119963,0.8925565196541336,-0.04486452019586562,
593,176,0,paraphrase,True,0.8908611083702643,0.8926573669539661,0.847691999458268,-0.0431691089119963,0.8928441467885376,-0.04515214733026962,
593,176,0,corrupt_det,False,0.8908611083702643,0.8926573669539661,0.847691999458268,-0.0431691089119963,,,
593,176,0,offtopic,True,0.8908611083702643,0.8926573669539661,0.847691999458268,-0.0431691089119963,0.8399600473214219,0.007731952136846076,
594,176,1,corrupt,True,0.8908611083702643,0.8926573669539661,0.8859722584550708,-0.0048888499151935,0.8978932780885749,-0.011921019633504115,
594,176,1,paraphrase,True,0.8908611083702643,0.8926573669539661,0.8859722584550708,-0.0048888499151935,0.8832234390394518,0.002748819415618997,
594,176,1,corrupt_det,True,0.8908611083702643,0.8926573669539661,0.8859722584550708,-0.0048888499151935,0.8923099898239324,-0.006337731368861621,
594,176,1,offtopic,True,0.8908611083702643,0.8926573669539661,0.8859722584550708,-0.0048888499151935,0.8424861301383479,0.04348612831672283,
595,176,2,corrupt,True,0.8908611083702643,0.8926573669539661,0.7140437669442719,-0.1768173414259924,0.8915965015531352,-0.17755273460886334,
595,176,2,paraphrase,True,0.8908611083702643,0.8926573669539661,0.7140437669442719,-0.1768173414259924,0.8812118716606282,-0.16716810471635635,
595,176,2,corrupt_det,True,0.8908611083702643,0.8926573669539661,0.7140437669442719,-0.1768173414259924,0.8701530316197283,-0.1561092646754565,
595,176,2,offtopic,True,0.8908611083702643,0.8926573669539661,0.7140437669442719,-0.1768173414259924,0.520294501303585,0.19374926564068684,
596,177,0,corrupt,True,0.9284301856371584,0.9276798987814595,0.902550145219654,-0.0258800404175042,0.9279993136525737,-0.025449168432919667,
596,177,0,paraphrase,True,0.9284301856371584,0.9276798987814595,0.902550145219654,-0.0258800404175042,0.9282111531983703,-0.025661007978716288,
596,177,0,corrupt_det,True,0.9284301856371584,0.9276798987814595,0.902550145219654,-0.0258800404175042,0.9246173565013518,-0.02206721128169775,
596,177,0,offtopic,True,0.9284301856371584,0.9276798987814595,0.902550145219654,-0.0258800404175042,0.9102353351557021,-0.0076851899360480536,
597,177,1,corrupt,True,0.9284301856371584,0.9276798987814595,0.9115000026760246,-0.0169301829611336,0.9267010643522171,-0.015201061676192507,
597,177,1,paraphrase,True,0.9284301856371584,0.9276798987814595,0.9115000026760246,-0.0169301829611336,0.9239986125886784,-0.012498609912653835,
597,177,1,corrupt_det,True,0.9284301856371584,0.9276798987814595,0.9115000026760246,-0.0169301829611336,0.926568783920545,-0.01506878124452038,
597,177,1,offtopic,True,0.9284301856371584,0.9276798987814595,0.9115000026760246,-0.0169301829611336,0.8949008115340056,0.01659919114201902,
598,177,2,corrupt,True,0.9284301856371584,0.9276798987814595,0.7359753289719663,-0.192454856665192,0.8715821119393963,-0.13560678296743,
598,177,2,paraphrase,True,0.9284301856371584,0.9276798987814595,0.7359753289719663,-0.192454856665192,0.9165106550774624,-0.18053532610549616,
598,177,2,corrupt_det,True,0.9284301856371584,0.9276798987814595,0.7359753289719663,-0.192454856665192,0.9283818656953045,-0.19240653672333818,
598,177,2,offtopic,True,0.9284301856371584,0.9276798987814595,0.7359753289719663,-0.192454856665192,0.3751266753385227,0.3608486536334436,
599,178,0,corrupt,True,0.8345001342402306,0.8353833477718561,0.8284406555549192,-0.0060594786853114,0.8354948549482181,-0.007054199393298877,
599,178,0,paraphrase,True,0.8345001342402306,0.8353833477718561,0.8284406555549192,-0.0060594786853114,0.8416682104554822,-0.013227554900563043,
599,178,0,corrupt_det,False,0.8345001342402306,0.8353833477718561,0.8284406555549192,-0.0060594786853114,,,
599,178,0,offtopic,True,0.8345001342402306,0.8353833477718561,0.8284406555549192,-0.0060594786853114,0.804057161801307,0.02438349375361215,
600,178,1,corrupt,True,0.8345001342402306,0.8353833477718561,0.807590031529345,-0.0269101027108855,0.8376098007482328,-0.030019769218887715,
600,178,1,paraphrase,True,0.8345001342402306,0.8353833477718561,0.807590031529345,-0.0269101027108855,0.8359629722662005,-0.02837294073685548,
600,178,1,corrupt_det,False,0.8345001342402306,0.8353833477718561,0.807590031529345,-0.0269101027108855,,,
600,178,1,offtopic,True,0.8345001342402306,0.8353833477718561,0.807590031529345,-0.0269101027108855,0.7977068810600008,0.009883150469344293,
601,178,2,corrupt,True,0.8345001342402306,0.8353833477718561,0.8161738410232019,-0.0183262932170287,0.8371489719542483,-0.020975130931046415,
601,178,2,paraphrase,True,0.8345001342402306,0.8353833477718561,0.8161738410232019,-0.0183262932170287,0.8335735205914304,-0.01739967956822852,
601,178,2,corrupt_det,False,0.8345001342402306,0.8353833477718561,0.8161738410232019,-0.0183262932170287,,,
601,178,2,offtopic,True,0.8345001342402306,0.8353833477718561,0.8161738410232019,-0.0183262932170287,0.691976475547438,0.12419736547576388,
602,179,0,corrupt,True,0.8712666771788659,0.8711707094256156,0.8331473977205018,-0.038119279458364,0.8727107921108592,-0.03956339439035739,
602,179,0,paraphrase,True,0.8712666771788659,0.8711707094256156,0.8331473977205018,-0.038119279458364,0.8725629194948954,-0.03941552177439356,
602,179,0,corrupt_det,False,0.8712666771788659,0.8711707094256156,0.8331473977205018,-0.038119279458364,,,
602,179,0,offtopic,True,0.8712666771788659,0.8711707094256156,0.8331473977205018,-0.038119279458364,0.8747505727547236,-0.04160317503422173,
603,179,1,corrupt,True,0.8712666771788659,0.8711707094256156,0.8771322855361753,0.0058656083573094,0.8725398514993467,0.00459243403682863,
603,179,1,paraphrase,True,0.8712666771788659,0.8711707094256156,0.8771322855361753,0.0058656083573094,0.8666231988853158,0.010509086650859478,
603,179,1,corrupt_det,True,0.8712666771788659,0.8711707094256156,0.8771322855361753,0.0058656083573094,0.872104503303429,0.005027782232746247,
603,179,1,offtopic,True,0.8712666771788659,0.8711707094256156,0.8771322855361753,0.0058656083573094,0.8668980318073708,0.010234253728804488,
604,179,2,corrupt,True,0.8712666771788659,0.8711707094256156,0.49649395589726114,-0.3747727212816047,0.8502802100004396,-0.3537862541031785,
604,179,2,paraphrase,True,0.8712666771788659,0.8711707094256156,0.49649395589726114,-0.3747727212816047,0.8672208291557874,-0.3707268732585262,
604,179,2,corrupt_det,True,0.8712666771788659,0.8711707094256156,0.49649395589726114,-0.3747727212816047,0.8664837428879576,-0.36998978699069646,
604,179,2,offtopic,True,0.8712666771788659,0.8711707094256156,0.49649395589726114,-0.3747727212816047,0.4519017686743656,0.04459218722289554,
605,180,0,corrupt,True,0.8138537163815842,0.8123261206140211,0.7847998303312527,-0.0290538860503315,0.8075165585925558,-0.02271672826130311,
605,180,0,paraphrase,True,0.8138537163815842,0.8123261206140211,0.7847998303312527,-0.0290538860503315,0.8066607131015359,-0.021860882770283196,
605,180,0,corrupt_det,False,0.8138537163815842,0.8123261206140211,0.7847998303312527,-0.0290538860503315,,,
605,180,0,offtopic,True,0.8138537163815842,0.8123261206140211,0.7847998303312527,-0.0290538860503315,0.7298374125878455,0.054962417743407155,
606,180,1,corrupt,True,0.8138537163815842,0.8123261206140211,0.8103499947813823,-0.0035037216002019,0.8094957506102557,0.0008542441711265614,
606,180,1,paraphrase,True,0.8138537163815842,0.8123261206140211,0.8103499947813823,-0.0035037216002019,0.8106753687311039,-0.00032537394972165234,
606,180,1,corrupt_det,False,0.8138537163815842,0.8123261206140211,0.8103499947813823,-0.0035037216002019,,,
606,180,1,offtopic,True,0.8138537163815842,0.8123261206140211,0.8103499947813823,-0.0035037216002019,0.7973685977986086,0.012981396982773674,
607,180,2,corrupt,False,0.8138537163815842,0.8123261206140211,0.7878134108239699,-0.0260403055576142,,,
607,180,2,paraphrase,False,0.8138537163815842,0.8123261206140211,0.7878134108239699,-0.0260403055576142,,,
607,180,2,corrupt_det,True,0.8138537163815842,0.8123261206140211,0.7878134108239699,-0.0260403055576142,0.8126616748013042,-0.024848263977334306,
607,180,2,offtopic,True,0.8138537163815842,0.8123261206140211,0.7878134108239699,-0.0260403055576142,0.7281180681446348,0.059695342679335184,
608,180,3,corrupt,True,0.8138537163815842,0.8123261206140211,0.6446260478810286,-0.1692276685005556,0.811139438954259,-0.16651339107323038,
608,180,3,paraphrase,True,0.8138537163815842,0.8123261206140211,0.6446260478810286,-0.1692276685005556,0.8015852356543246,-0.15695918777329598,
608,180,3,corrupt_det,True,0.8138537163815842,0.8123261206140211,0.6446260478810286,-0.1692276685005556,0.8092137326224776,-0.16458768474144903,
608,180,3,offtopic,True,0.8138537163815842,0.8123261206140211,0.6446260478810286,-0.1692276685005556,0.5850810975183628,0.05954495036266583,
609,181,0,corrupt,True,0.9028918830772028,0.8985028805764179,0.9169094549762923,0.0140175718990893,0.8985008812167257,0.018408573759566615,
609,181,0,paraphrase,True,0.9028918830772028,0.8985028805764179,0.9169094549762923,0.0140175718990893,0.8906654942426402,0.026243960733652094,
609,181,0,corrupt_det,True,0.9028918830772028,0.8985028805764179,0.9169094549762923,0.0140175718990893,0.8982824498643127,0.018627005111979567,
609,181,0,offtopic,True,0.9028918830772028,0.8985028805764179,0.9169094549762923,0.0140175718990893,0.8957893624225441,0.021120092553748138,
610,181,1,corrupt,True,0.9028918830772028,0.8985028805764179,0.9002758200144167,-0.0026160630627861,0.8979500308340002,0.002325789180416593,
610,181,1,paraphrase,True,0.9028918830772028,0.8985028805764179,0.9002758200144167,-0.0026160630627861,0.8963380972667931,0.0039377227476236065,
610,181,1,corrupt_det,True,0.9028918830772028,0.8985028805764179,0.9002758200144167,-0.0026160630627861,0.8935033423588741,0.006772477655542675,
610,181,1,offtopic,True,0.9028918830772028,0.8985028805764179,0.9002758200144167,-0.0026160630627861,0.8788849220652734,0.021390897949143395,
611,181,2,corrupt,True,0.9028918830772028,0.8985028805764179,0.8260661944783072,-0.0768256885988957,0.8988432932992617,-0.07277709882095451,
611,181,2,paraphrase,True,0.9028918830772028,0.8985028805764179,0.8260661944783072,-0.0768256885988957,0.8940348239198365,-0.06796862944152926,
611,181,2,corrupt_det,True,0.9028918830772028,0.8985028805764179,0.8260661944783072,-0.0768256885988957,0.8960403069297783,-0.06997411245147112,
611,181,2,offtopic,True,0.9028918830772028,0.8985028805764179,0.8260661944783072,-0.0768256885988957,0.4735737295408032,0.352492464937504,
612,182,0,corrupt,True,0.8931599333133075,0.8933282591987608,0.8716173378154918,-0.0215425954978156,0.8928456084096451,-0.02122827059415333,
612,182,0,paraphrase,True,0.8931599333133075,0.8933282591987608,0.8716173378154918,-0.0215425954978156,0.8894401900747408,-0.017822852259249067,
612,182,0,corrupt_det,True,0.8931599333133075,0.8933282591987608,0.8716173378154918,-0.0215425954978156,0.882350720868332,-0.010733383052840217,
612,182,0,offtopic,True,0.8931599333133075,0.8933282591987608,0.8716173378154918,-0.0215425954978156,0.8551690113616287,0.01644832645386307,
613,182,1,corrupt,True,0.8931599333133075,0.8933282591987608,0.8787466002621932,-0.0144133330511142,0.8886981482406988,-0.009951547978505615,
613,182,1,paraphrase,True,0.8931599333133075,0.8933282591987608,0.8787466002621932,-0.0144133330511142,0.8910020809193098,-0.012255480657116569,
613,182,1,corrupt_det,True,0.8931599333133075,0.8933282591987608,0.8787466002621932,-0.0144133330511142,0.8938364949975893,-0.015089894735396125,
613,182,1,offtopic,True,0.8931599333133075,0.8933282591987608,0.8787466002621932,-0.0144133330511142,0.8494077827090406,0.029338817553152596,
614,182,2,corrupt,True,0.8931599333133075,0.8933282591987608,0.8503419391914444,-0.042817994121863,0.8919399995096561,-0.04159806031821167,
614,182,2,paraphrase,True,0.8931599333133075,0.8933282591987608,0.8503419391914444,-0.042817994121863,0.8923800905695232,-0.04203815137807876,
614,182,2,corrupt_det,True,0.8931599333133075,0.8933282591987608,0.8503419391914444,-0.042817994121863,0.8935872201412227,-0.04324528094977831,
614,182,2,offtopic,True,0.8931599333133075,0.8933282591987608,0.8503419391914444,-0.042817994121863,0.38238999282600333,0.4679519463654411,
615,183,0,corrupt,True,0.9427064972307378,0.9409023162896435,0.9397795746357891,-0.0029269225949487,0.9394907249067316,0.0002888497290575165,
615,183,0,paraphrase,True,0.9427064972307378,0.9409023162896435,0.9397795746357891,-0.0029269225949487,0.9406491184146594,-0.0008695437788702742,
615,183,0,corrupt_det,False,0.9427064972307378,0.9409023162896435,0.9397795746357891,-0.0029269225949487,,,
615,183,0,offtopic,True,0.9427064972307378,0.9409023162896435,0.9397795746357891,-0.0029269225949487,0.9292743415020783,0.010505233133710767,
616,183,1,corrupt,True,0.9427064972307378,0.9409023162896435,0.9100265343591185,-0.0326799628716193,0.9380740789131157,-0.02804754455399716,
616,183,1,paraphrase,True,0.9427064972307378,0.9409023162896435,0.9100265343591185,-0.0326799628716193,0.9374123822046917,-0.027385847845573186,
616,183,1,corrupt_det,True,0.9427064972307378,0.9409023162896435,0.9100265343591185,-0.0326799628716193,0.9403704366513098,-0.030343902292191305,
616,183,1,offtopic,True,0.9427064972307378,0.9409023162896435,0.9100265343591185,-0.0326799628716193,0.9081940054943296,0.001832528864788907,
617,183,2,corrupt,True,0.9427064972307378,0.9409023162896435,0.8344799346571083,-0.1082265625736295,0.9402364021590259,-0.10575646750191758,
617,183,2,paraphrase,True,0.9427064972307378,0.9409023162896435,0.8344799346571083,-0.1082265625736295,0.9399860851724812,-0.10550615051537282,
617,183,2,corrupt_det,True,0.9427064972307378,0.9409023162896435,0.8344799346571083,-0.1082265625736295,0.9277803304289273,-0.09330039577181892,
617,183,2,offtopic,True,0.9427064972307378,0.9409023162896435,0.8344799346571083,-0.1082265625736295,0.5415625045182004,0.2929174301389079,
618,184,0,corrupt,False,0.8872834227206049,0.887024196882896,0.8842959896946282,-0.0029874330259767,,,
618,184,0,paraphrase,False,0.8872834227206049,0.887024196882896,0.8842959896946282,-0.0029874330259767,,,
618,184,0,corrupt_det,True,0.8872834227206049,0.887024196882896,0.8842959896946282,-0.0029874330259767,0.8883624923387409,-0.0040665026441126795,
618,184,0,offtopic,True,0.8872834227206049,0.887024196882896,0.8842959896946282,-0.0029874330259767,0.8864628379728452,-0.002166848278217004,
619,184,1,corrupt,True,0.8872834227206049,0.887024196882896,0.8656067167556398,-0.021676705964965,0.8859412938264821,-0.020334577070842297,
619,184,1,paraphrase,True,0.8872834227206049,0.887024196882896,0.8656067167556398,-0.021676705964965,0.887405002155468,-0.0217982853998282,
619,184,1,corrupt_det,True,0.8872834227206049,0.887024196882896,0.8656067167556398,-0.021676705964965,0.8841821999886244,-0.018575483232984524,
619,184,1,offtopic,True,0.8872834227206049,0.887024196882896,0.8656067167556398,-0.021676705964965,0.8652983359636188,0.0003083807920210013,
620,184,2,corrupt,True,0.8872834227206049,0.887024196882896,0.8674814906812035,-0.0198019320394013,0.8844583371962444,-0.016976846515040944,
620,184,2,paraphrase,True,0.8872834227206049,0.887024196882896,0.8674814906812035,-0.0198019320394013,0.886719356733603,-0.01923786605239952,
620,184,2,corrupt_det,True,0.8872834227206049,0.887024196882896,0.8674814906812035,-0.0198019320394013,0.8876388909474071,-0.020157400266203607,
620,184,2,offtopic,True,0.8872834227206049,0.887024196882896,0.8674814906812035,-0.0198019320394013,0.8628241453026727,0.004657345378530797,
621,184,3,corrupt,False,0.8872834227206049,0.887024196882896,0.8756799912032908,-0.0116034315173141,,,
621,184,3,paraphrase,False,0.8872834227206049,0.887024196882896,0.8756799912032908,-0.0116034315173141,,,
621,184,3,corrupt_det,True,0.8872834227206049,0.887024196882896,0.8756799912032908,-0.0116034315173141,0.886673101770976,-0.01099311056768526,
621,184,3,offtopic,True,0.8872834227206049,0.887024196882896,0.8756799912032908,-0.0116034315173141,0.8459347067756181,0.029745284427672658,
622,185,0,corrupt,True,0.8713721687769267,0.873525614475614,0.8789495833635607,0.0075774145866339,0.8718672327267668,0.007082350636793855,
622,185,0,paraphrase,True,0.8713721687769267,0.873525614475614,0.8789495833635607,0.0075774145866339,0.867947422434282,0.011002160929278637,
622,185,0,corrupt_det,True,0.8713721687769267,0.873525614475614,0.8789495833635607,0.0075774145866339,0.8703968834184339,0.008552699945126752,
622,185,0,offtopic,True,0.8713721687769267,0.873525614475614,0.8789495833635607,0.0075774145866339,0.8479175435563912,0.03103203980716951,
623,185,1,corrupt,True,0.8713721687769267,0.873525614475614,0.8695544833614244,-0.0018176854155023,0.8737808260344818,-0.004226342673057437,
623,185,1,paraphrase,True,0.8713721687769267,0.873525614475614,0.8695544833614244,-0.0018176854155023,0.8719905034903307,-0.0024360201289063133,
623,185,1,corrupt_det,True,0.8713721687769267,0.873525614475614,0.8695544833614244,-0.0018176854155023,0.8769581246057218,-0.0074036412442973765,
623,185,1,offtopic,True,0.8713721687769267,0.873525614475614,0.8695544833614244,-0.0018176854155023,0.8092100533553717,0.06034443000605272,
624,185,2,corrupt,True,0.8713721687769267,0.873525614475614,0.7725931257504282,-0.0987790430264985,0.8749266231639093,-0.10233349741348119,
624,185,2,paraphrase,True,0.8713721687769267,0.873525614475614,0.7725931257504282,-0.0987790430264985,0.8729711074864346,-0.10037798173600643,
624,185,2,corrupt_det,True,0.8713721687769267,0.873525614475614,0.7725931257504282,-0.0987790430264985,0.8750695658184283,-0.10247644006800016,
624,185,2,offtopic,True,0.8713721687769267,0.873525614475614,0.7725931257504282,-0.0987790430264985,0.7385549036775001,0.03403822207292806,
625,186,0,corrupt,True,0.8894164536086431,0.8900500817965001,0.8831612456459632,-0.0062552079626798,0.890055657275152,-0.006894411629188801,
625,186,0,paraphrase,True,0.8894164536086431,0.8900500817965001,0.8831612456459632,-0.0062552079626798,0.895355554436735,-0.012194308790771768,
625,186,0,corrupt_det,False,0.8894164536086431,0.8900500817965001,0.8831612456459632,-0.0062552079626798,,,
625,186,0,offtopic,True,0.8894164536086431,0.8900500817965001,0.8831612456459632,-0.0062552079626798,0.8760433576716463,0.007117887974316894,
626,186,1,corrupt,True,0.8894164536086431,0.8900500817965001,0.8695250827995061,-0.0198913708091369,0.8862038828463463,-0.016678800046840192,
626,186,1,paraphrase,True,0.8894164536086431,0.8900500817965001,0.8695250827995061,-0.0198913708091369,0.8774370806641052,-0.007911997864599063,
626,186,1,corrupt_det,True,0.8894164536086431,0.8900500817965001,0.8695250827995061,-0.0198913708091369,0.8914079341094665,-0.02188285130996037,
626,186,1,offtopic,True,0.8894164536086431,0.8900500817965001,0.8695250827995061,-0.0198913708091369,0.840246410645669,0.02927867215383717,
627,186,2,corrupt,True,0.8894164536086431,0.8900500817965001,0.8201975333682097,-0.0692189202404334,0.8905603066113641,-0.07036277324315443,
627,186,2,paraphrase,True,0.8894164536086431,0.8900500817965001,0.8201975333682097,-0.0692189202404334,0.8870380986322958,-0.0668405652640861,
627,186,2,corrupt_det,True,0.8894164536086431,0.8900500817965001,0.8201975333682097,-0.0692189202404334,0.8651018602653896,-0.044904326897179936,
627,186,2,offtopic,True,0.8894164536086431,0.8900500817965001,0.8201975333682097,-0.0692189202404334,0.3861256973383937,0.43407183602981597,
628,187,0,corrupt,False,0.9419940667536388,0.9432985063481826,0.9372403075219806,-0.0047537592316582,,,
628,187,0,paraphrase,False,0.9419940667536388,0.9432985063481826,0.9372403075219806,-0.0047537592316582,,,
628,187,0,corrupt_det,True,0.9419940667536388,0.9432985063481826,0.9372403075219806,-0.0047537592316582,0.9396218213569999,-0.0023815138350192777,
628,187,0,offtopic,True,0.9419940667536388,0.9432985063481826,0.9372403075219806,-0.0047537592316582,0.9328274916064138,0.004412815915566859,
629,187,1,corrupt,True,0.9419940667536388,0.9432985063481826,0.9331990851663943,-0.0087949815872445,0.9417067786914975,-0.008507693525103277,
629,187,1,paraphrase,True,0.9419940667536388,0.9432985063481826,0.9331990851663943,-0.0087949815872445,0.9407660512182886,-0.0075669660518943305,
629,187,1,corrupt_det,True,0.9419940667536388,0.9432985063481826,0.9331990851663943,-0.0087949815872445,0.9427323373123566,-0.009533252145962345,
629,187,1,offtopic,True,0.9419940667536388,0.9432985063481826,0.9331990851663943,-0.0087949815872445,0.9171009607842335,0.01609812438216074,
630,187,2,corrupt,True,0.9419940667536388,0.9432985063481826,0.7908415684640614,-0.1511524982895774,0.9420699412579959,-0.15122837279393453,
630,187,2,paraphrase,True,0.9419940667536388,0.9432985063481826,0.7908415684640614,-0.1511524982895774,0.9408856564051886,-0.15004408794112722,
630,187,2,corrupt_det,True,0.9419940667536388,0.9432985063481826,0.7908415684640614,-0.1511524982895774,0.9426725551065721,-0.1518309866425107,
630,187,2,offtopic,True,0.9419940667536388,0.9432985063481826,0.7908415684640614,-0.1511524982895774,0.7431855162883364,0.047656052175724994,
631,188,0,corrupt,True,0.7689345928145156,0.7665422670708959,0.7596873213042675,-0.009247271510248,0.765860537172703,-0.006173215868435444,
631,188,0,paraphrase,True,0.7689345928145156,0.7665422670708959,0.7596873213042675,-0.009247271510248,0.7663997134186683,-0.006712392114400778,
631,188,0,corrupt_det,False,0.7689345928145156,0.7665422670708959,0.7596873213042675,-0.009247271510248,,,
631,188,0,offtopic,True,0.7689345928145156,0.7665422670708959,0.7596873213042675,-0.009247271510248,0.7495587071836337,0.010128614120633816,
632,188,1,corrupt,True,0.7689345928145156,0.7665422670708959,0.7575619481057817,-0.0113726447087338,0.7677896609946082,-0.010227712888826512,
632,188,1,paraphrase,True,0.7689345928145156,0.7665422670708959,0.7575619481057817,-0.0113726447087338,0.7717689490993617,-0.014207000993579966,
632,188,1,corrupt_det,True,0.7689345928145156,0.7665422670708959,0.7575619481057817,-0.0113726447087338,0.7648236605607087,-0.007261712454927016,
632,188,1,offtopic,True,0.7689345928145156,0.7665422670708959,0.7575619481057817,-0.0113726447087338,0.7435894898643813,0.013972458241400365,
633,188,2,corrupt,True,0.7689345928145156,0.7665422670708959,0.6755376015537061,-0.0933969912608094,0.7699003470738376,-0.09436274552013146,
633,188,2,paraphrase,True,0.7689345928145156,0.7665422670708959,0.6755376015537061,-0.0933969912608094,0.7249282138839691,-0.049390612330262984,
633,188,2,corrupt_det,True,0.7689345928145156,0.7665422670708959,0.6755376015537061,-0.0933969912608094,0.7685884761585693,-0.09305087460486317,
633,188,2,offtopic,True,0.7689345928145156,0.7665422670708959,0.6755376015537061,-0.0933969912608094,0.6691460363714928,0.006391565182213288,
634,189,0,corrupt,True,0.8944654821075234,0.8947386056173172,0.8845412198446343,-0.0099242622628891,0.8954186617302913,-0.01087744188565698,
634,189,0,paraphrase,True,0.8944654821075234,0.8947386056173172,0.8845412198446343,-0.0099242622628891,0.8895908055945335,-0.005049585749899221,
634,189,0,corrupt_det,True,0.8944654821075234,0.8947386056173172,0.8845412198446343,-0.0099242622628891,0.8934306193928025,-0.008889399548168253,
634,189,0,offtopic,True,0.8944654821075234,0.8947386056173172,0.8845412198446343,-0.0099242622628891,0.8687630949741842,0.01577812487045005,
635,189,1,corrupt,True,0.8944654821075234,0.8947386056173172,0.8865597089262002,-0.0079057731813232,0.8914678390316684,-0.0049081301054682,
635,189,1,paraphrase,True,0.8944654821075234,0.8947386056173172,0.8865597089262002,-0.0079057731813232,0.892930364435143,-0.00637065550894278,
635,189,1,corrupt_det,True,0.8944654821075234,0.8947386056173172,0.8865597089262002,-0.0079057731813232,0.8946443773745124,-0.008084668448312238,
635,189,1,offtopic,True,0.8944654821075234,0.8947386056173172,0.8865597089262002,-0.0079057731813232,0.8732837029913811,0.013276005934819035,
636,189,2,corrupt,False,0.8944654821075234,0.8947386056173172,0.8721451032215959,-0.0223203788859275,,,
636,189,2,paraphrase,False,0.8944654821075234,0.8947386056173172,0.8721451032215959,-0.0223203788859275,,,
636,189,2,corrupt_det,True,0.8944654821075234,0.8947386056173172,0.8721451032215959,-0.0223203788859275,0.8609498511817301,0.011195252039865822,
636,189,2,offtopic,True,0.8944654821075234,0.8947386056173172,0.8721451032215959,-0.0223203788859275,0.824088590473196,0.04805651274839984,
637,190,0,corrupt,True,0.9288441812885642,0.9294086657913885,0.9245940296701575,-0.0042501516184066,0.9296495581209979,-0.005055528450840452,
637,190,0,paraphrase,True,0.9288441812885642,0.9294086657913885,0.9245940296701575,-0.0042501516184066,0.9286158365873196,-0.004021806917162141,
637,190,0,corrupt_det,True,0.9288441812885642,0.9294086657913885,0.9245940296701575,-0.0042501516184066,0.9274177825109047,-0.0028237528407472068,
637,190,0,offtopic,True,0.9288441812885642,0.9294086657913885,0.9245940296701575,-0.0042501516184066,0.9024332313890007,0.0221607982811568,
638,190,1,corrupt,True,0.9288441812885642,0.9294086657913885,0.8818145183997335,-0.0470296628888307,0.9285123455768192,-0.046697827177085705,
638,190,1,paraphrase,True,0.9288441812885642,0.9294086657913885,0.8818145183997335,-0.0470296628888307,0.9219039460717608,-0.04008942767202739,
638,190,1,corrupt_det,True,0.9288441812885642,0.9294086657913885,0.8818145183997335,-0.0470296628888307,0.9281422486006357,-0.046327730200902195,
638,190,1,offtopic,True,0.9288441812885642,0.9294086657913885,0.8818145183997335,-0.0470296628888307,0.8473288777225584,0.03448564067717508,
639,190,2,corrupt,True,0.9288441812885642,0.9294086657913885,0.825779911305426,-0.1030642699831381,0.9254885422041164,-0.09970863089869031,
639,190,2,paraphrase,True,0.9288441812885642,0.9294086657913885,0.825779911305426,-0.1030642699831381,0.9283653201215464,-0.10258540881612033,
639,190,2,corrupt_det,True,0.9288441812885642,0.9294086657913885,0.825779911305426,-0.1030642699831381,0.9135927210670169,-0.0878128097615909,
639,190,2,offtopic,True,0.9288441812885642,0.9294086657913885,0.825779911305426,-0.1030642699831381,0.7775847321337782,0.04819517917164784,
640,191,0,corrupt,True,0.8108748146967543,0.8135133036404522,0.8062859482198075,-0.0045888664769467,0.813632266404118,-0.00734631818431053,
640,191,0,paraphrase,True,0.8108748146967543,0.8135133036404522,0.8062859482198075,-0.0045888664769467,0.8170378053961158,-0.010751857176308333,
640,191,0,corrupt_det,False,0.8108748146967543,0.8135133036404522,0.8062859482198075,-0.0045888664769467,,,
640,191,0,offtopic,True,0.8108748146967543,0.8135133036404522,0.8062859482198075,-0.0045888664769467,0.8047578584841194,0.0015280897356880763,
641,191,1,corrupt,True,0.8108748146967543,0.8135133036404522,0.7709097920573441,-0.0399650226394101,0.8131541636932325,-0.042244371635888345,
641,191,1,paraphrase,True,0.8108748146967543,0.8135133036404522,0.7709097920573441,-0.0399650226394101,0.788020676625797,-0.01711088456845289,
641,191,1,corrupt_det,True,0.8108748146967543,0.8135133036404522,0.7709097920573441,-0.0399650226394101,0.7991716052278558,-0.028261813170511685,
641,191,1,offtopic,True,0.8108748146967543,0.8135133036404522,0.7709097920573441,-0.0399650226394101,0.6510287767234987,0.11988101533384543,
642,191,2,corrupt,True,0.8108748146967543,0.8135133036404522,0.732765047188504,-0.0781097675082502,0.8122366921578914,-0.07947164496938741,
642,191,2,paraphrase,True,0.8108748146967543,0.8135133036404522,0.732765047188504,-0.0781097675082502,0.8080695223024814,-0.07530447511397742,
642,191,2,corrupt_det,True,0.8108748146967543,0.8135133036404522,0.732765047188504,-0.0781097675082502,0.8114952232665529,-0.07873017607804889,
642,191,2,offtopic,True,0.8108748146967543,0.8135133036404522,0.732765047188504,-0.0781097675082502,0.282081930447516,0.450683116740988,
643,192,0,corrupt,True,0.9396834343563952,0.9398164239715049,0.9369367830396013,-0.002746651316794,0.939573090859158,-0.0026363078195567047,
643,192,0,paraphrase,True,0.9396834343563952,0.9398164239715049,0.9369367830396013,-0.002746651316794,0.9359416721384259,0.0009951109011753223,
643,192,0,corrupt_det,True,0.9396834343563952,0.9398164239715049,0.9369367830396013,-0.002746651316794,0.939678183806458,-0.002741400766856694,
643,192,0,offtopic,True,0.9396834343563952,0.9398164239715049,0.9369367830396013,-0.002746651316794,0.87898171640751,0.05795506663209127,
644,192,1,corrupt,True,0.9396834343563952,0.9398164239715049,0.9356685577097044,-0.0040148766466909,0.9387880066360772,-0.0031194489263728364,
644,192,1,paraphrase,True,0.9396834343563952,0.9398164239715049,0.9356685577097044,-0.0040148766466909,0.9405874903942063,-0.004918932684501942,
644,192,1,corrupt_det,True,0.9396834343563952,0.9398164239715049,0.9356685577097044,-0.0040148766466909,0.9400446363007707,-0.004376078591066368,
644,192,1,offtopic,True,0.9396834343563952,0.9398164239715049,0.9356685577097044,-0.0040148766466909,0.9219289342787099,0.013739623430994441,
645,192,2,corrupt,True,0.9396834343563952,0.9398164239715049,0.9316446775647257,-0.0080387567916696,0.9402396040280416,-0.008594926463315944,
645,192,2,paraphrase,True,0.9396834343563952,0.9398164239715049,0.9316446775647257,-0.0080387567916696,0.939649571661094,-0.008004894096368287,
645,192,2,corrupt_det,False,0.9396834343563952,0.9398164239715049,0.9316446775647257,-0.0080387567916696,,,
645,192,2,offtopic,True,0.9396834343563952,0.9398164239715049,0.9316446775647257,-0.0080387567916696,0.9264219926825383,0.005222684882187356,
646,192,3,corrupt,True,0.9396834343563952,0.9398164239715049,0.9367571944129299,-0.0029262399434654,0.9387489184343261,-0.001991724021396135,
646,192,3,paraphrase,True,0.9396834343563952,0.9398164239715049,0.9367571944129299,-0.0029262399434654,0.940469878861451,-0.0037126844485210198,
646,192,3,corrupt_det,True,0.9396834343563952,0.9398164239715049,0.9367571944129299,-0.0029262399434654,0.9367035423849089,5.365202802098956e-05,
646,192,3,offtopic,True,0.9396834343563952,0.9398164239715049,0.9367571944129299,-0.0029262399434654,0.927186598520908,0.009570595892021916,
647,192,4,corrupt,True,0.9396834343563952,0.9398164239715049,0.9336172014756255,-0.0060662328807697,0.939303311104668,-0.0056861096290424795,
647,192,4,paraphrase,True,0.9396834343563952,0.9398164239715049,0.9336172014756255,-0.0060662328807697,0.9371935514826016,-0.0035763500069760923,
647,192,4,corrupt_det,False,0.9396834343563952,0.9398164239715049,0.9336172014756255,-0.0060662328807697,,,
647,192,4,offtopic,True,0.9396834343563952,0.9398164239715049,0.9336172014756255,-0.0060662328807697,0.9253651279581632,0.008252073517462377,
648,193,0,corrupt,False,0.8979559908642112,0.897070300899915,0.8857369353632529,-0.0122190555009582,,,
648,193,0,paraphrase,False,0.8979559908642112,0.897070300899915,0.8857369353632529,-0.0122190555009582,,,
648,193,0,corrupt_det,False,0.8979559908642112,0.897070300899915,0.8857369353632529,-0.0122190555009582,,,
648,193,0,offtopic,True,0.8979559908642112,0.897070300899915,0.8857369353632529,-0.0122190555009582,0.8748123896275036,0.010924545735749303,
649,193,1,corrupt,True,0.8979559908642112,0.897070300899915,0.8955664130419698,-0.0023895778222413,0.8958749330266578,-0.0003085199846879494,
649,193,1,paraphrase,True,0.8979559908642112,0.897070300899915,0.8955664130419698,-0.0023895778222413,0.894825195882503,0.0007412171594668449,
649,193,1,corrupt_det,True,0.8979559908642112,0.897070300899915,0.8955664130419698,-0.0023895778222413,0.8974743986934492,-0.001907985651479427,
649,193,1,offtopic,True,0.8979559908642112,0.897070300899915,0.8955664130419698,-0.0023895778222413,0.8729276746750105,0.022638738366959288,
650,193,2,corrupt,True,0.8979559908642112,0.897070300899915,0.835320453167067,-0.0626355376971441,0.888511667906699,-0.05319121473963195,
650,193,2,paraphrase,True,0.8979559908642112,0.897070300899915,0.835320453167067,-0.0626355376971441,0.8940726473248415,-0.05875219415777444,
650,193,2,corrupt_det,True,0.8979559908642112,0.897070300899915,0.835320453167067,-0.0626355376971441,0.8505610652756277,-0.015240612108560647,
650,193,2,offtopic,True,0.8979559908642112,0.897070300899915,0.835320453167067,-0.0626355376971441,0.8210291952809227,0.014291257886144382,
651,194,0,corrupt,True,0.7998918292842319,0.7969572300294558,0.8014503078567274,0.0015584785724955,0.8015497148794326,-9.940702270516688e-05,
651,194,0,paraphrase,True,0.7998918292842319,0.7969572300294558,0.8014503078567274,0.0015584785724955,0.7841267917305685,0.0173235161261589,
651,194,0,corrupt_det,True,0.7998918292842319,0.7969572300294558,0.8014503078567274,0.0015584785724955,0.7976338569935408,0.0038164508631866045,
651,194,0,offtopic,True,0.7998918292842319,0.7969572300294558,0.8014503078567274,0.0015584785724955,0.7809228490457992,0.020527458810928212,
652,194,1,corrupt,True,0.7998918292842319,0.7969572300294558,0.7759725781748801,-0.0239192511093517,0.795453611256648,-0.019481033081767962,
652,194,1,paraphrase,True,0.7998918292842319,0.7969572300294558,0.7759725781748801,-0.0239192511093517,0.7904735403488293,-0.01450096217394925,
652,194,1,corrupt_det,True,0.7998918292842319,0.7969572300294558,0.7759725781748801,-0.0239192511093517,0.7927520265121596,-0.016779448337279512,
652,194,1,offtopic,True,0.7998918292842319,0.7969572300294558,0.7759725781748801,-0.0239192511093517,0.752089584665853,0.023882993509027117,
653,194,2,corrupt,True,0.7998918292842319,0.7969572300294558,0.7315521573262639,-0.0683396719579679,0.7950707924284397,-0.06351863510217581,
653,194,2,paraphrase,True,0.7998918292842319,0.7969572300294558,0.7315521573262639,-0.0683396719579679,0.796094743382412,-0.06454258605614815,
653,194,2,corrupt_det,True,0.7998918292842319,0.7969572300294558,0.7315521573262639,-0.0683396719579679,0.7988285130954632,-0.06727635576919933,
653,194,2,offtopic,True,0.7998918292842319,0.7969572300294558,0.7315521573262639,-0.0683396719579679,0.5308797482447604,0.20067240908150352,
654,195,0,corrupt,True,0.8510677382603385,0.8472337417921746,0.7888896890989943,-0.0621780491613442,0.8449445753199873,-0.05605488622099308,
654,195,0,paraphrase,True,0.8510677382603385,0.8472337417921746,0.7888896890989943,-0.0621780491613442,0.831441506159894,-0.04255181706089972,
654,195,0,corrupt_det,True,0.8510677382603385,0.8472337417921746,0.7888896890989943,-0.0621780491613442,0.8277359821295147,-0.03884629303052045,
654,195,0,offtopic,True,0.8510677382603385,0.8472337417921746,0.7888896890989943,-0.0621780491613442,0.8219810310172598,-0.03309134191826557,
655,195,1,corrupt,True,0.8510677382603385,0.8472337417921746,0.8211811891625935,-0.029886549097745,0.8457862234371267,-0.0246050342745332,
655,195,1,paraphrase,True,0.8510677382603385,0.8472337417921746,0.8211811891625935,-0.029886549097745,0.8254325397748055,-0.004251350612211935,
655,195,1,corrupt_det,True,0.8510677382603385,0.8472337417921746,0.8211811891625935,-0.029886549097745,0.8491112296278779,-0.027930040465284356,
655,195,1,offtopic,True,0.8510677382603385,0.8472337417921746,0.8211811891625935,-0.029886549097745,0.7593063217957243,0.0618748673668692,
656,195,2,corrupt,True,0.8510677382603385,0.8472337417921746,0.6617097328904212,-0.1893580053699173,0.8426071096464813,-0.1808973767560601,
656,195,2,paraphrase,True,0.8510677382603385,0.8472337417921746,0.6617097328904212,-0.1893580053699173,0.8506784710060239,-0.18896873811560266,
656,195,2,corrupt_det,True,0.8510677382603385,0.8472337417921746,0.6617097328904212,-0.1893580053699173,0.846351542061345,-0.18464180917092377,
656,195,2,offtopic,True,0.8510677382603385,0.8472337417921746,0.6617097328904212,-0.1893580053699173,0.4141365566202933,0.24757317627012793,
657,196,0,corrupt,True,0.8834351287941226,0.8824446564663594,0.8775739988142821,-0.0058611299798404,0.8821408741331391,-0.004566875318857022,
657,196,0,paraphrase,True,0.8834351287941226,0.8824446564663594,0.8775739988142821,-0.0058611299798404,0.8830892489722205,-0.005515250157938412,
657,196,0,corrupt_det,True,0.8834351287941226,0.8824446564663594,0.8775739988142821,-0.0058611299798404,0.8836687475688556,-0.006094748754573498,
657,196,0,offtopic,True,0.8834351287941226,0.8824446564663594,0.8775739988142821,-0.0058611299798404,0.8543331647998569,0.023240834014425227,
658,196,1,corrupt,True,0.8834351287941226,0.8824446564663594,0.8783617660490917,-0.0050733627450308,0.8828012483860057,-0.004439482336914047,
658,196,1,paraphrase,True,0.8834351287941226,0.8824446564663594,0.8783617660490917,-0.0050733627450308,0.8818489039198929,-0.003487137870801238,
658,196,1,corrupt_det,True,0.8834351287941226,0.8824446564663594,0.8783617660490917,-0.0050733627450308,0.8824866306904533,-0.004124864641361636,
658,196,1,offtopic,True,0.8834351287941226,0.8824446564663594,0.8783617660490917,-0.0050733627450308,0.786789418161174,0.09157234788791768,
659,196,2,corrupt,True,0.8834351287941226,0.8824446564663594,0.8061940264474582,-0.0772411023466643,0.882970404019269,-0.07677637757181077,
659,196,2,paraphrase,True,0.8834351287941226,0.8824446564663594,0.8061940264474582,-0.0772411023466643,0.8796323699779007,-0.07343834353044254,
659,196,2,corrupt_det,True,0.8834351287941226,0.8824446564663594,0.8061940264474582,-0.0772411023466643,0.8829249397007835,-0.07673091325332526,
659,196,2,offtopic,True,0.8834351287941226,0.8824446564663594,0.8061940264474582,-0.0772411023466643,0.3953443387020557,0.4108496877454025,
660,197,0,corrupt,True,0.931139098537984,0.9302282149977547,0.9283769299961729,-0.0027621685418109,0.9309025557503843,-0.002525625754211336,
660,197,0,paraphrase,True,0.931139098537984,0.9302282149977547,0.9283769299961729,-0.0027621685418109,0.9293292241247099,-0.0009522941285369235,
660,197,0,corrupt_det,True,0.931139098537984,0.9302282149977547,0.9283769299961729,-0.0027621685418109,0.9301109671497533,-0.0017340371535803367,
660,197,0,offtopic,True,0.931139098537984,0.9302282149977547,0.9283769299961729,-0.0027621685418109,0.9201986622048568,0.00817826779131614,
661,197,1,corrupt,True,0.931139098537984,0.9302282149977547,0.910647842307101,-0.0204912562308828,0.9295467379080044,-0.018898895600903298,
661,197,1,paraphrase,True,0.931139098537984,0.9302282149977547,0.910647842307101,-0.0204912562308828,0.9229533197384393,-0.012305477431338252,
661,197,1,corrupt_det,True,0.931139098537984,0.9302282149977547,0.910647842307101,-0.0204912562308828,0.929307460580884,-0.01865961827378293,
661,197,1,offtopic,True,0.931139098537984,0.9302282149977547,0.910647842307101,-0.0204912562308828,0.876851552278308,0.03379629002879303,
662,197,2,corrupt,True,0.931139098537984,0.9302282149977547,0.6676139210223854,-0.2635251775155985,0.9272464083659321,-0.2596324873435467,
662,197,2,paraphrase,True,0.931139098537984,0.9302282149977547,0.6676139210223854,-0.2635251775155985,0.9279019943818848,-0.26028807335949944,
662,197,2,corrupt_det,False,0.931139098537984,0.9302282149977547,0.6676139210223854,-0.2635251775155985,,,
662,197,2,offtopic,True,0.931139098537984,0.9302282149977547,0.6676139210223854,-0.2635251775155985,0.5788545798466481,0.08875934117573725,
663,198,0,corrupt,True,0.8918385403594774,0.8890351182180122,0.8957162161412828,0.0038776757818054,0.8907623269271079,0.004953889214174945,
663,198,0,paraphrase,True,0.8918385403594774,0.8890351182180122,0.8957162161412828,0.0038776757818054,0.8898283210009887,0.005887895140294086,
663,198,0,corrupt_det,False,0.8918385403594774,0.8890351182180122,0.8957162161412828,0.0038776757818054,,,
663,198,0,offtopic,True,0.8918385403594774,0.8890351182180122,0.8957162161412828,0.0038776757818054,0.8762054835855568,0.019510732555725996,
664,198,1,corrupt,True,0.8918385403594774,0.8890351182180122,0.8928875387648436,0.0010489984053662,0.8914152632054351,0.0014722755594085424,
664,198,1,paraphrase,True,0.8918385403594774,0.8890351182180122,0.8928875387648436,0.0010489984053662,0.8888617166029669,0.0040258221618767465,
664,198,1,corrupt_det,True,0.8918385403594774,0.8890351182180122,0.8928875387648436,0.0010489984053662,0.8897204368426872,0.0031671019221564123,
664,198,1,offtopic,True,0.8918385403594774,0.8890351182180122,0.8928875387648436,0.0010489984053662,0.8737691175270494,0.01911842123779417,
665,198,2,corrupt,True,0.8918385403594774,0.8890351182180122,0.8719447677855016,-0.0198937725739758,0.8880510668262179,-0.016106299040716365,
665,198,2,paraphrase,True,0.8918385403594774,0.8890351182180122,0.8719447677855016,-0.0198937725739758,0.8910225851565973,-0.019077817371095707,
665,198,2,corrupt_det,True,0.8918385403594774,0.8890351182180122,0.8719447677855016,-0.0198937725739758,0.8866953781121545,-0.014750610326652924,
665,198,2,offtopic,True,0.8918385403594774,0.8890351182180122,0.8719447677855016,-0.0198937725739758,0.8696448677353301,0.002299900050171444,
666,198,3,corrupt,True,0.8918385403594774,0.8890351182180122,0.8143860728156794,-0.0774524675437979,0.8634629148379507,-0.04907684202227125,
666,198,3,paraphrase,True,0.8918385403594774,0.8890351182180122,0.8143860728156794,-0.0774524675437979,0.882384467043801,-0.0679983942281216,
666,198,3,corrupt_det,True,0.8918385403594774,0.8890351182180122,0.8143860728156794,-0.0774524675437979,0.8804159644138779,-0.0660298915981985,
666,198,3,offtopic,True,0.8918385403594774,0.8890351182180122,0.8143860728156794,-0.0774524675437979,0.6904779862704739,0.12390808654520558,
667,199,0,corrupt,True,0.9201978505110014,0.920480185043225,0.9110640540189345,-0.0091337964920669,0.9187783039201888,-0.007714249901254244,
667,199,0,paraphrase,True,0.9201978505110014,0.920480185043225,0.9110640540189345,-0.0091337964920669,0.915056573176157,-0.0039925191572224294,
667,199,0,corrupt_det,True,0.9201978505110014,0.920480185043225,0.9110640540189345,-0.0091337964920669,0.9207227816634096,-0.009658727644475062,
667,199,0,offtopic,True,0.9201978505110014,0.920480185043225,0.9110640540189345,-0.0091337964920669,0.8979470553268242,0.01311699869211036,
668,199,1,corrupt,False,0.9201978505110014,0.920480185043225,0.9145701101737086,-0.0056277403372928,,,
668,199,1,paraphrase,False,0.9201978505110014,0.920480185043225,0.9145701101737086,-0.0056277403372928,,,
668,199,1,corrupt_det,True,0.9201978505110014,0.920480185043225,0.9145701101737086,-0.0056277403372928,0.9204034643152308,-0.005833354141522196,
668,199,1,offtopic,True,0.9201978505110014,0.920480185043225,0.9145701101737086,-0.0056277403372928,0.910172320172775,0.0043977900009335436,
669,199,2,corrupt,False,0.9201978505110014,0.920480185043225,0.9229770823830772,0.0027792318720757,,,
669,199,2,paraphrase,False,0.9201978505110014,0.920480185043225,0.9229770823830772,0.0027792318720757,,,
669,199,2,corrupt_det,True,0.9201978505110014,0.920480185043225,0.9229770823830772,0.0027792318720757,0.9208293935602682,0.002147688822809024,
669,199,2,offtopic,True,0.9201978505110014,0.920480185043225,0.9229770823830772,0.0027792318720757,0.8701056162678685,0.052871466115208654,
670,199,3,corrupt,True,0.9201978505110014,0.920480185043225,0.8978519413911981,-0.0223459091198033,0.9191901659824746,-0.021338224591276544,
670,199,3,paraphrase,True,0.9201978505110014,0.920480185043225,0.8978519413911981,-0.0223459091198033,0.9183560165989664,-0.020504075207768313,
670,199,3,corrupt_det,True,0.9201978505110014,0.920480185043225,0.8978519413911981,-0.0223459091198033,0.9208506046605573,-0.022998663269359287,
670,199,3,offtopic,True,0.9201978505110014,0.920480185043225,0.8978519413911981,-0.0223459091198033,0.878295380075476,0.019556561315722032,
