stim_idx,doc_idx,split,token_str,token_type,entropy_nats,top1_prob,topic_true_raw,topic_true,topic_foreign,foreign_stim_idx,topic_in_default_explanation,cos_topic_true,cos_topic_foreign,cos_own_explanation_s1,cos_empty_s1,cos_confident,cos_uncertain,cos_torn,cos_clear,cos_filler1,cos_filler2,s_topic,s_conf,s_conflict,repe_s_diff,repe_cos_true_centred,repe_cos_foreign_centred,repe_cos_true_raw,repe_cos_foreign_raw,repe_cos_mu_true_mu_foreign,cos_ar_true_ar_foreign
0,391,pilot,fall,word_piece,2.2600488662719727,0.2630232870578766,Tropical Storm Brenda ( 1960 ),Tropical Storm Brenda (1960),Politics of Croatia,100,False,0.32687638310668354,0.21414571287383638,0.9037843794874332,0.189612725178903,0.12035376111061465,0.12073381409451722,0.12014645578903478,0.15027349234422455,0.18730490842748213,0.18629604354947843,0.11273067023284716,-0.00038005298390257625,-0.030127036555189765,0.16488604280126767,0.15963498560714814,-0.07749980275252087,0.2418708928275082,0.16825636870168098,0.8992302065468994,0.7983308498415598
1,358,pilot, of,word_initial,0.0164404828101396,0.9977473616600036,Hoover Dam,Hoover Dam,DuMont Television Network,101,False,0.18360584662171875,0.16867759659430198,0.8197721761736144,0.1534447475696528,0.12304416229584847,0.12569157231575506,0.06787180558410445,0.11971999513224726,0.14160287813431924,0.15689177915502195,0.014928250027416767,-0.002647410019906593,-0.05184818954814281,0.06847633394028174,0.05955892596363442,-0.03680852523160849,0.1263962131248028,0.11394298740896325,0.9378346535224551,0.839910375495427
2,601,pilot,ym,word_piece,4.562889575958252,0.1296535283327102,Cape lobster,Cape lobster,Sarnia,102,False,0.3983210201591816,0.4023437090482649,0.9551085174545656,0.3769455391194011,0.2930252283497472,0.29805276145738985,0.2368724466139944,0.29730443207978186,0.3300014374977637,0.382014177375528,-0.0040226888890833035,-0.0050275331076426455,-0.06043198546578746,0.10420940729047413,0.13729052697031371,0.001450159191161427,0.3014281793792945,0.26582551817557065,0.9353113924764714,0.8740661238555751
3,452,pilot,ats,word_piece,0.0004315572732593,0.9999643564224244,June 1941 uprising in eastern Herzegovina,June 1941 uprising in eastern Herzegovina,Why Does It Hurt So Bad,103,False,0.26507962312114347,0.19139576426042715,0.8738534404539006,0.1789672315352897,0.17012803469975418,0.1610338336886257,0.13819792472063544,0.17125012324920377,0.15347596808500427,0.18069336881188758,0.07368385886071632,0.009094201011128483,-0.03305219852856833,0.090109931104657,0.0612877215924672,-0.07162026289537529,0.13314223244883416,0.0949755560196981,0.8614094653233048,0.7275146603151831
4,354,pilot, plot,word_initial,1.5777641534805298,0.5676732659339905,Pokiri,Pokiri,Martin Keamy,104,False,0.39869759580325276,0.39302054000984593,0.9391552864990332,0.3708906821022327,0.26982951095352614,0.2861191745711034,0.22870883539892542,0.28721145063856773,0.38490505425961147,0.38930145683775363,0.005677055793406827,-0.016289663617577277,-0.058502615239642314,0.08873905496201054,0.09490121471808911,-0.009766506520109302,0.4265547631728378,0.4078111907094748,0.9657905840624403,0.9444310940983396
5,147,pilot, Up,word_initial,1.0472400188446045,0.6507105231285095,Rebbie Jackson,Rebbie Jackson,New Year's Eve (Up All Night),105,False,0.29849614788170536,0.3160043814003519,0.9065484872402004,0.2420945259039963,0.19334391696111342,0.20591640129809805,0.16070239543802298,0.19660539265710955,0.23805175890738045,0.24739161319793848,-0.017508233518646554,-0.01257248433698463,-0.035902997219086574,-0.0017242765317715871,0.018923045640225303,0.019439132797610482,0.23897438573632399,0.231329043489544,0.9098312739822592,0.7991340446138099
6,553,pilot, Atlantic,word_initial,0.6736147999763489,0.649621307849884,Missouri River,Missouri River,Brandon Minor,106,False,0.16293046752146745,0.12181593889133785,0.8088752239783188,0.1348276374448917,0.07864485697696344,0.0919357138003409,0.08289772076959477,0.10309402261689832,0.11327561143948328,0.13350943834792303,0.0411145286301296,-0.013290856823377467,-0.020196301847303547,0.06100747797814087,0.07833018025232934,-0.013429786987415645,0.1256493641423901,0.10216635148903115,0.9236479534973984,0.8665206190306469
7,293,pilot, practices,word_initial,1.4981670379638672,0.4929230809211731,Etymology of Wicca,Etymology of Wicca,The Archaeology of Ritual and Magic,107,False,0.4114385281855948,0.3949390519498382,0.8796824805517404,0.3258867457657302,0.20311397698003877,0.20679803481001743,0.17331676500655077,0.24343041310900304,0.30585443497845105,0.3372085171955425,0.016499476235756594,-0.0036840578299786597,-0.07011364810245227,-0.0758854323458371,0.15035700540483216,0.20816067122646573,0.3564530595841866,0.3703735802867778,0.9359954978508942,0.9353452302625059
8,42,pilot, those,word_initial,0.0505593940615654,0.9944583177566528,Coldrum Long Barrow,Coldrum Long Barrow,Dangerously in Love Tour,108,False,0.3087828910903724,0.2668215573521391,0.9146871224114556,0.2816447650071756,0.17101112849152716,0.18780326650913418,0.13610150418866238,0.1975768573514355,0.2932658607169543,0.2842139058156038,0.0419613337382333,-0.01679213801760701,-0.06147535316277311,0.21497129136611542,0.16610119594499576,-0.18567964254895006,0.313297023720241,0.23712144776584568,0.8763095779949683,0.7717585028499139
9,229,pilot," ,",punctuation,0.0821495503187179,0.9840564727783204,Rocky Mountain Horse,Rocky Mountain Horse,M-5 (Michigan highway),109,False,0.2037061108298782,0.22268711605050415,0.7848176541400378,0.1809722545629569,0.21661367274921675,0.21802982443667987,0.18674332378284106,0.19959459029789156,0.1852500188320622,0.18862311596768483,-0.018981005220625957,-0.0014161516874631186,-0.012851266515050502,-0.03945081022114529,0.017918128631011034,0.06664419923324445,0.184497967895177,0.19582468439642214,0.926384059946239,0.8880915856565941
10,74,pilot,on,word_piece,2.0102651119232178,0.5152744650840759,"Galveston , Texas","Galveston, Texas",Protein,110,False,0.5069544830484443,0.36268228742123054,0.8584160898919533,0.34517484663307,0.23514653476617428,0.2479445679190402,0.20408224590015955,0.24537487453689819,0.3252769931350073,0.3460358667820048,0.14427219562721372,-0.012798033152865929,-0.04129262863673863,0.1068836265642835,0.15971544752957323,0.0021208009171621595,0.39681951462981363,0.34205203959715597,0.9153955218758856,0.8556210848683186
11,399,pilot, and,word_initial,2.725916624069214,0.2919479310512543,G.I. Joe : Retaliation,G.I. Joe: Retaliation,2013 – 14 York City F.C. season,111,False,0.3862131699679704,0.35046300652169987,0.8938113981180289,0.3099190765861841,0.22876228664038997,0.23940607744931808,0.1974791939019707,0.23801782992091183,0.29622194335261154,0.3031583484879735,0.03575016344627052,-0.010643790808928105,-0.04053863601894114,0.02853213291065973,0.10591856827993033,0.059151090690004696,0.385571758235616,0.3614650472012446,0.8941034794180329,0.6107538986460566
12,457,pilot, and,word_initial,3.95900559425354,0.190037727355957,"Strand , London","Strand, London",2 / 4th Machine Gun Battalion (Australia),112,False,0.48751612113119924,0.4365157133917346,0.9401713122204304,0.4565237350408099,0.277636544354433,0.3004515167783716,0.214905613375004,0.28256909069195707,0.43686665037544575,0.4438180822221631,0.051000407739464626,-0.022814972423938595,-0.06766347731695307,0.08447211806868295,0.08369187805811934,-0.039719374803648566,0.4253421702442981,0.3905260034730766,0.924766869521309,0.803318146281442
13,117,pilot,1,word_piece,0.3701225519180298,0.9318063259124756,USS Breese ( DD @-@ 122 ),USS Breese (DD-122),Hadji Ali,113,False,0.5513375965509856,0.43743042004261473,0.9221163383205818,0.4115762781017497,0.3251120141666455,0.32604478022029426,0.25060103774622566,0.3381087872564845,0.37594052640573106,0.4169381070397153,0.11390717650837084,-0.0009327660536487814,-0.08750774951025886,0.15624566045310823,0.223144851855081,0.021463612516227793,0.3966551712287321,0.34060810842011185,0.931425353912245,0.7827498849910967
14,472,pilot, the,word_initial,2.158792495727539,0.482130765914917,Bath Assembly Rooms,Bath Assembly Rooms,Christmas 1994 nor 'easter,114,False,0.5293306748781876,0.4554149132348621,0.9349974426457645,0.4553495194949969,0.3159703208875784,0.3351706190452019,0.27533001156732784,0.33275842617043877,0.4348929270196554,0.4531952776678973,0.07391576164332553,-0.019200298157623474,-0.05742841460311093,0.21676756939272376,0.284609527997543,-0.10109762990362706,0.4696516823091589,0.38432990200874134,0.8596303321299974,0.7024089427512578
15,454,pilot, way,word_initial,0.9287801384925842,0.7803570628166199,Odyssey Number Five,Odyssey Number Five,Clocks (song),115,False,0.20633262117158535,0.23313695772006054,0.8982661786648177,0.2045919564390511,0.11745596302960938,0.13437891718702052,0.10972047952095385,0.1723381683949914,0.20268962728397846,0.1994958477456841,-0.026804336548475194,-0.016922954157411144,-0.06261768887403754,0.16278475457840844,0.14986188945068893,-0.11780971867337013,0.22068770652348438,0.1692740408556999,0.8821908672652926,0.8722046291978058
16,167,pilot," ,",punctuation,1.9025710821151731,0.4528270363807678,Harold Innis,Harold Innis,Trials and Tribble-ations,116,False,0.5286232181229586,0.43788121219035253,0.8820226317726803,0.4486935881982484,0.34051292834651625,0.35780397139837355,0.27005962295745317,0.33586893621239206,0.4390696094421389,0.4514237511783029,0.09074200593260612,-0.017291043051857302,-0.06580931325493888,0.09999704460636813,0.16991120379737995,0.014070683019042175,0.479478529575298,0.43781622916384444,0.9058669390571458,0.6481205138530048
17,100,pilot, ap,word_initial,0.0073320255614817,0.9992210865020752,World War Z,World War Z,Marauders (Star Trek: Enterprise),117,False,0.5060374024244623,0.45978201723850504,0.9275991143947512,0.4218450495331077,0.323074914076226,0.33008124411634077,0.2557548541757752,0.32859439473516894,0.4049407721640296,0.42224821980060645,0.04625538518595723,-0.00700633004011475,-0.07283954055939373,0.03771562071428123,0.12364970795246882,0.0811618720248298,0.4276679241399437,0.4158242020120302,0.9247530470028238,0.8893310500126117
18,353,pilot, as,word_initial,0.9795437455177308,0.6917588710784912,Boise National Forest,Boise National Forest,Sang Pencerah,118,False,0.34449229373482887,0.25181160897150245,0.8913616395173302,0.2447622531240744,0.15323255388160742,0.16442192407960082,0.1253399990303247,0.17620828784863227,0.24815762715318054,0.24582645480891685,0.09268068476332642,-0.011189370197993403,-0.05086828881830757,0.14791021482315236,0.21256775998049,-0.040271927595965006,0.3206207534826088,0.24892628239767275,0.9088728311940221,0.784120706486603
19,592,pilot, support,word_initial,3.5610437393188477,0.2699418067932129,"Richard Nixon presidential campaign , 1968","Richard Nixon presidential campaign, 1968",Mogadishu,119,False,0.3408986469765471,0.2558927636684612,0.9093434584934846,0.2538552006392791,0.17860338186215136,0.18591823436742508,0.1409349864254593,0.18707411804643875,0.2580585758312128,0.25992178682337125,0.0850058833080859,-0.007314852505273722,-0.04613913162097946,0.03495371368103617,0.0229533471230195,-0.023821817060635738,0.27211923706202734,0.2576352212361016,0.933819435635189,0.8031146688557814
20,270,pilot," ,",punctuation,2.0040857791900635,0.573467493057251,Battle of Hubbardton,Battle of Hubbardton,Chapter 1 (House of Cards),120,False,0.40076542624630757,0.32659286785586117,0.8866964212357636,0.3002390754426556,0.21798459991380084,0.23742737028262423,0.20871632860390096,0.23660683790135412,0.29427155122664356,0.29894743586194844,0.0741725583904464,-0.019442770368823387,-0.027890509297453153,-0.09079395825261195,0.012201486136337689,0.11592818622969443,0.3333003550588047,0.33135852591022147,0.8920607574328352,0.8711246898565982
21,459,pilot, ,punctuation,0.0113097410649061,0.9987207055091858,Dave Sisler,Dave Sisler,The Stolen Eagle,121,False,0.5196510168808787,0.4714211777039131,0.8840700223043975,0.4720907569772791,0.33190544010461426,0.34948911192632803,0.26750994913528237,0.33836307706203,0.4402817517326075,0.4656465415356428,0.04822983917696555,-0.017583671821713776,-0.07085312792674764,0.023279956545556726,0.1756837369039247,0.1146355024585977,0.4497421023941297,0.4235224690671881,0.9149818760189866,0.8781236647189199
22,536,pilot, Baltimore,word_initial,2.6546504497528076,0.2423190027475357,"George Calvert , 1st Baron Baltimore","George Calvert, 1st Baron Baltimore",History of Braathens SAFE (1946 – 93),122,False,0.6428987668431451,0.41727616674395773,0.853309744571527,0.3808807713476936,0.3152120816246461,0.3235899513827839,0.28230178861541577,0.3338209034335143,0.36451689480094757,0.3784193103305398,0.22562260009918733,-0.008377869758137813,-0.05151911481809851,0.11303620964171528,0.21714059671714087,0.008708160881094598,0.4597978448522192,0.38747608266769534,0.899703630973675,0.6605213480122574
23,83,pilot, heavy,word_initial,2.0269291400909424,0.4743763506412506,Hemmema,Hemmema,Loverboy (Mariah Carey song),123,False,0.344595620925348,0.30505377121708827,0.9224282416131006,0.3190551163506699,0.22871357120035601,0.22767646207829956,0.1642702037666488,0.22598447252435658,0.29403317649040894,0.3205477807442206,0.039541849708259746,0.0010371091220564566,-0.061714268757707774,0.17497130536183553,0.04394222321621331,-0.21251234610695274,0.2794138314304383,0.2223620059726501,0.8811081248787054,0.8055473095030169
24,524,pilot, the,word_initial,0.3472168147563934,0.9585904479026794,Far Away Places ( Mad Men ),Far Away Places (Mad Men),Stefan Wever,124,False,0.4445340143784181,0.40174334019318103,0.9041422427443224,0.4367903245488341,0.30262925944532976,0.32273139341014045,0.21797918587977552,0.28962313202093576,0.4258134684263029,0.42343119062613105,0.042790674185237076,-0.020102133964810698,-0.07164394614116024,0.022828600407895982,0.02946600838546202,-0.002830943138620639,0.37430126770079925,0.3565595895657045,0.8784537475306095,0.8508715480723403
25,18,pilot, was,word_initial,2.9643795490264893,0.3092239201068878,John Cullen,John Cullen,Corpus Christi Bay,125,False,0.3354935697122913,0.3307397183498922,0.9126156837004096,0.3311145374103458,0.18283479292449192,0.2057456962390854,0.16947230950477815,0.21449341825702228,0.3357548043129942,0.31476665893310074,0.004753851362399086,-0.022910903314593473,-0.04502110875224413,0.09564444208060413,0.16600662263883845,0.03023153898287034,0.32558944804678214,0.2919930986951259,0.9244467461720018,0.8833859778208171
26,134,pilot, between,word_initial,2.4979560375213623,0.2783614993095398,Mega Man & Bass,Mega Man & Bass,1998 National League Wild Card tie-breaker game,126,False,0.42772192500960804,0.3949408705782905,0.9058118201207964,0.3185375842798061,0.22350359547829277,0.2431422928345798,0.19612794545369722,0.24999852399644382,0.30573743461051417,0.30873701744416976,0.03278105443131751,-0.019638697356287038,-0.0538705785427466,0.16986743828639814,0.16320207269366266,-0.07242348218323647,0.40057227884979135,0.3414004383564435,0.9161134254120189,0.682098114552005
27,265,pilot, IOC,word_initial,0.0843539163470268,0.9838617444038392,Rio de Janeiro bid for the 2016 Summer Olympics,Rio de Janeiro bid for the 2016 Summer Olympics,The Good Terrorist,127,False,0.45035011127488384,0.31820972710832274,0.9131462232734604,0.350401460563363,0.27614713431563664,0.2762803474185202,0.21495039281089365,0.2698775716345712,0.3188074294092497,0.3404618954568442,0.1321403841665611,-0.00013321310288355592,-0.054927178823677564,-0.008814847586727832,0.03434043799633687,0.045446176401750304,0.3160870003958781,0.3092037332496354,0.886738262477643,0.7366952534608716
28,109,pilot,ess,word_piece,0.0097101535648107,0.9991324543952942,The Importance of Being Earnest,The Importance of Being Earnest,Arikamedu,128,False,0.39871219376632344,0.424539399210648,0.8619692295153444,0.3885527865330387,0.30577746826336066,0.31704095053037584,0.2533483268075122,0.31093091766398495,0.3619562771080143,0.38449351425310047,-0.02582720544432454,-0.011263482267015179,-0.05758259085647277,0.015433124047855268,0.04686129042167034,0.024723646701649088,0.35013508445138325,0.33974921173584827,0.9102866440527742,0.8598161388928054
29,111,pilot, mi,word_initial,0.0005905817379243,0.9999544620513916,HMS Boreas ( H77 ),HMS Boreas (H77),"West Hendford Cricket Ground, Yeovil",129,False,0.2505969417025024,0.225598254025567,0.7934917735082035,0.2396272296743817,0.21038514409461248,0.20224636202165375,0.16989987989983346,0.2223231193984548,0.20693994966855236,0.24802007978747342,0.024998687676935416,0.008138782072958733,-0.05242323949862135,0.014579673351880583,0.06189277168782527,0.05037333085166213,0.189219443563753,0.19709778797358057,0.9178971236710188,0.7593728549114873
30,126,pilot, of,word_initial,0.7587460875511169,0.7352622747421265,St Nazaire Raid,St Nazaire Raid,Johnson – Corey – Chaykovsky reaction,130,False,0.22786978142735537,0.19242164683135135,0.8849677179886848,0.1266483103516131,0.1463082393562153,0.1407866703314846,0.11755889774585443,0.14118927455920177,0.1287573371010751,0.1284501815328191,0.035448134596004016,0.005521569024730721,-0.023630376813347342,0.17547659497700063,0.1660320930718487,-0.08278388323813524,0.17755658733624713,0.09151649805613929,0.9066914148567625,0.6304054957190449
31,442,pilot, The,word_initial,2.536816120147705,0.3855282068252563,Ouw Peh Tjoa,Ouw Peh Tjoa,Hydnellum peckii,131,False,0.44109415902564053,0.4564601308444545,0.9395076679533976,0.4778324278361696,0.32338461835743576,0.35436559386692085,0.2934963364512197,0.338120313307457,0.46192745584781864,0.4640994167755804,-0.015365971818813995,-0.030980975509485087,-0.04462397685623731,0.08904511847506592,0.1656738524301077,0.02670948836188574,0.44976728258457116,0.42782914528340327,0.9326056359027125,0.8608074310342945
32,545,pilot, Gi,word_initial,0.4540977478027344,0.9159618020057678,Principe Amedeo @-@ class ironclad,Principe Amedeo-class ironclad,The One I Love (manga),132,False,0.43176025522356887,0.37471582426627215,0.9637360001133244,0.3959777421241626,0.26092446036882927,0.26445733068014127,0.21138593251319682,0.2830566482283486,0.3492179695025168,0.3816409574449731,0.05704443095729672,-0.0035328703113119975,-0.07167071571515177,0.2066107609136422,0.08723088831489045,-0.1791488411470678,0.3306668207093536,0.2675666099978313,0.9075262187606177,0.7373240171583261
33,168,pilot, a,word_initial,2.9224278926849365,0.2237372100353241,Hurricane Lorenzo ( 2007 ),Hurricane Lorenzo (2007),Otra Nota,133,False,0.39171973850938013,0.3577226377001859,0.9256380498548304,0.4181365887784907,0.2606424786254385,0.28884584541558883,0.20293254983835338,0.25760869549740406,0.4099790123020114,0.40407920678757475,0.033997100809194214,-0.02820336679015034,-0.054676145659050684,-0.001053105990437332,0.06780217468114469,0.056480942973970605,0.34576271915675943,0.3315344406290446,0.8900006264145015,0.7826949109003953
34,152,pilot,o,word_piece,4.544137482298538e-05,0.9999971389770508,Weather buoy,Weather buoy,"Papal conclave, 1769",134,False,0.4696859588156527,0.39462506776745815,0.8721292975890945,0.3832546237103641,0.3053754794908484,0.3107181680740978,0.25915204304487854,0.30094944051864847,0.34548311289506006,0.3762094844681802,0.07506089104819458,-0.0053426885832493776,-0.041797397473769926,0.20287301050836884,0.12315921517864628,-0.14058007863719427,0.3456007443789826,0.28606959413961236,0.9214889018606724,0.7784077394907988
35,228,pilot, ,punctuation,1.0943089723587036,0.4957204461097717,HMS Hostile ( H55 ),HMS Hostile (H55),Devin Townsend,135,False,0.4977176024781574,0.4538499663718424,0.9355693404990044,0.4242346757980195,0.327167087456178,0.3325867689804328,0.26233431733575435,0.32437385608564817,0.39190328699066473,0.42719635179176024,0.043867636106315,-0.005419681524254816,-0.06203953874989382,0.2081609777151795,0.23359390408795672,-0.08919556069183679,0.43053438968444263,0.3649279913228336,0.8840395167439308,0.7398336987210282
36,64,pilot,all,word_piece,1.365152359008789,0.5475308895111084,"Saint Leonard Catholic Church ( Madison , Nebraska )","Saint Leonard Catholic Church (Madison, Nebraska)",Hurricane Omar (2008),136,False,0.45409326640044606,0.4345068038748587,0.8776994557850186,0.3937638986135522,0.2783618862699734,0.2730550803210221,0.21823675967935655,0.3089064808139685,0.3535319675834011,0.3954492133489463,0.019586462525587378,0.0053068059489512764,-0.09066972113461194,0.10022335958084229,0.025333316078341557,-0.09727111249514851,0.39590450075113565,0.3730593482850709,0.9419028974590379,0.8183382370990541
37,171,pilot," ,",punctuation,2.430962324142456,0.465893030166626,First Battle of Maryang San,First Battle of Maryang San,"Waterfall Gully, South Australia",137,False,0.4612975935523049,0.43085013173626446,0.8578541046282586,0.3515523421649009,0.26472583466137467,0.2770741156170203,0.27366235738909617,0.28333294145206445,0.33275353232750615,0.33625240469012124,0.03044746181604041,-0.012348280955645607,-0.00967058406296828,-0.0009595358184006276,0.12227205328855495,0.1236729638119249,0.42540052298663256,0.4062108798368572,0.9220295107549783,0.8640799751301115
38,244,pilot,2,word_piece,6.668844889645698e-07,1.0,"No result , Pts","No result, Pts",Laurence Olivier,138,False,0.4907163583709636,0.47356076885125453,0.9057941825241568,0.4608515262113237,0.3858923188871401,0.38884792010345964,0.2959151237593399,0.3722073933263715,0.4176430334320253,0.4626980567218451,0.01715558951970908,-0.0029556012163195478,-0.07629226956703156,-0.10267896663597426,-0.0824152196777621,0.08841116431891541,0.38727545143547126,0.4160995966876084,0.681602952999195,0.7219284463455613
39,51,pilot, though,word_initial,3.080897808074951,0.405274361371994,Grammy Award for Best Concept Music Video,Grammy Award for Best Concept Music Video,Corythosaurus,139,False,0.34573740232868316,0.30535515443763817,0.8895330079303785,0.2832617778496775,0.20319623577213092,0.21681827948028087,0.22540736466807046,0.2457159330843582,0.26657010992958013,0.279934783609836,0.040382247891045,-0.013622043708149956,-0.020308568416287753,0.03188263688507242,0.0028637627931485153,-0.04866227598199836,0.355952133911624,0.32919697409582477,0.9219879757649789,0.6809814539357322
40,598,eval,ium,word_piece,1.4529850482940674,0.5131252408027649,Europium,Europium,The Litigators,140,True,0.3797692765707636,0.29759615729817634,0.8764560881634189,0.3150814987095445,0.2262203593514451,0.23223222791336187,0.1801022363269311,0.2272436422416415,0.3077389776847476,0.31664681344227685,0.08217311927258725,-0.006011868561916767,-0.047141405914710416,0.10246806232326564,0.20888275569301107,0.03559805470540325,0.36588798445463044,0.31273290653965463,0.8899513253851576,0.9039767135094623
41,351,eval," 
",punctuation,2.383472442626953,0.3440355062484741,Species ( film ),Species (film),Sclerodermatineae,141,False,0.574994236169098,0.4472309992345561,0.8451522502372644,0.5117262745363628,0.5845647973623473,0.6016476912946183,0.5227338069091013,0.5425491171991753,0.5129793465400008,0.5452460028032474,0.12776323693454184,-0.017082893932270915,-0.019815310290073995,-0.04233321021849341,-0.022627959415362966,0.04487395322600309,0.5772196418323845,0.534324488719448,0.8789160420580505,0.7559240237987048
42,377,eval, game,word_initial,1.916647791862488,0.4965201914310455,Blackwyche,Blackwyche,Norman Finkelstein,142,False,0.2975837225573491,0.28198631508090805,0.9022261455224688,0.298296919470521,0.2267627372752417,0.23218648370269213,0.1908169677459132,0.2520595661639228,0.2881450080233341,0.30843881090991754,0.01559740747644106,-0.0054237464274504155,-0.06124259841800958,0.09492501285926142,0.13338877108768774,-0.00976148897287439,0.3291708838437317,0.28990892202005925,0.920004962498128,0.9150331807903488
43,512,eval, book,word_initial,0.8250468373298645,0.8883256912231445,Liu Kang,Liu Kang,Frederick Reines,143,False,0.3238611957750846,0.336065383921569,0.8973881994501998,0.3324820607724267,0.21869335913655158,0.23264280227538447,0.1950629087150428,0.24604015014471567,0.30861833807347666,0.343546419010099,-0.012204188146484385,-0.013949443138832895,-0.05097724142967286,0.01430748278422234,-0.008347046164963257,-0.022887469135082234,0.32536369818492816,0.32070850369039355,0.9637302208486637,0.8677221753942704
44,554,eval, of,word_initial,1.139962077140808,0.7733356952667236,Monty Can 't Buy Me Love,Monty Can 't Buy Me Love,Mycena galericulata,144,False,0.3196115885801807,0.3109015550135543,0.8839904725358461,0.3269152521106221,0.20037631768221387,0.21566564094160745,0.15521428942857268,0.20396453991743152,0.3142633700453335,0.31999976739533714,0.008710033566626363,-0.015289323259393583,-0.04875025048885884,0.018216566395094967,0.0034600270221191863,-0.02496645375340268,0.29424297910893843,0.27301666905514427,0.89899166650967,0.6889527944617265
45,202,eval,0,word_piece,0.1209475845098495,0.9740098118782043,Truth in Numbers ?,Truth in Numbers?,Tropical Storm Abby (1964),145,False,0.4139549789937434,0.449910200651475,0.8848661629056508,0.423460472673918,0.32904039132454765,0.33197020517042003,0.30210443154385386,0.35598455751912816,0.3689306954244172,0.4199004472291449,-0.03595522165773163,-0.0029298138458723755,-0.05388012597527431,0.03477724445521738,0.04444434336304853,0.0013803477368795796,0.34373211025782063,0.34338806380918224,0.8331264998773026,0.7668017904747996
46,493,eval, pioneer,word_initial,3.138413667678833,0.2466432750225067,Henry Hoʻolulu Pitman,Henry Hoʻolulu Pitman,Perry the Platypus,146,False,0.4230713399175162,0.39038191950766415,0.9126302376390062,0.3578929068550008,0.23758663263895324,0.24971441718050796,0.19476327635486299,0.2481867524010898,0.3382778561613928,0.3506898177266921,0.032689420409852066,-0.01212778454155472,-0.053423476046226825,0.17038842835713092,0.24590740258778152,0.044798150884263414,0.37192716478436566,0.32452091077515227,0.9292320761606682,0.8877437481497842
47,436,eval, Sm,word_initial,0.0002889754541683,0.999980092048645,Gregory Helms,Gregory Helms,Battle of Merville Gun Battery,147,False,0.3531999884532828,0.3146495331203844,0.8929812449451633,0.3542080002511649,0.27741550807092125,0.2747115616989173,0.2210256434928261,0.2784571146655173,0.2971753246689137,0.34075064391022086,0.038550455332898415,0.0027039463720039403,-0.057431471172691206,0.06191095244601746,0.04263642371164314,-0.06258877912750316,0.2862731610540864,0.28603953848704755,0.911473936776021,0.8249086866624417
48,32,eval, in,word_initial,0.8085936307907104,0.6619076132774353,Elephanta Caves,Elephanta Caves,Road to the North Pole,148,True,0.5434836981591373,0.48928267029655265,0.8996911309373561,0.4512734289423395,0.3188033624141569,0.3405388537024551,0.26304266030555334,0.3364322819050655,0.42832359037164947,0.4441075706005961,0.05420102786258468,-0.021735491288298214,-0.07338962159951218,0.043418517356517805,0.1876733132907058,0.13640026479691011,0.4528206511011127,0.422158712404924,0.9322245472549359,0.8409547325499344
49,606,eval, who,word_initial,0.1704185456037521,0.9754687547683716,Irresistible ( The X @-@ Files ),Irresistible (The X-Files),M-108 (Michigan highway),149,False,0.40340123567788305,0.34134358477103066,0.8391334933586021,0.3578881472248295,0.2473010192891823,0.2565201267680568,0.19808780017774383,0.23874592632072067,0.3322386461637657,0.34678434274501235,0.06205765090685239,-0.0092191074788745,-0.04065812614297684,0.012143436703088284,-0.036684672104118805,-0.05311776916847247,0.3595315821054792,0.3494706842733754,0.9265404100414796,0.8038777807755496
50,611,eval, Time,word_initial,0.0006557432352565,0.9999505281448364,The General in His Labyrinth,The General in His Labyrinth,T30 Howitzer Motor Carriage,150,False,0.4303447777767246,0.3257443054059476,0.8940764736951006,0.3744466482442854,0.31641135261800446,0.33356198019667527,0.2657737982122915,0.3223578069378839,0.3696187514493986,0.4002993324528934,0.10460047237077696,-0.017150627578670807,-0.05658400872559238,0.13147981430974418,0.11787911742832623,-0.06495247364491152,0.3578624693712846,0.30416087896156935,0.9003335648409244,0.810344252446658
51,571,eval,ological,word_piece,1.59312641620636,0.3687428832054138,Subtropical Storm Alpha ( 1972 ),Subtropical Storm Alpha (1972),Richard Cresswell,151,False,0.44769998501611846,0.31918026071712524,0.8991241584243834,0.3344392745782137,0.3014103483639841,0.315388878399428,0.24200109913099052,0.2747126649670996,0.33778842811232634,0.359871505153943,0.12851972429899322,-0.013978530035443859,-0.0327115658361091,0.1372594359964332,0.21673808435833217,0.020242775783996105,0.39806626000042744,0.327820797821881,0.9060464992279414,0.7971740819001342
52,154,eval, Unit,word_initial,1.4152908325195312,0.7088471055030823,766th Independent Infantry Regiment ( North Korea ),766th Independent Infantry Regiment (North Korea),Ulysses (poem),152,False,0.4884105194445629,0.3532287709688356,0.8549496520398193,0.3238476332819247,0.22140622933886725,0.22708522377256385,0.20144100066040138,0.25307924615953176,0.30270682280634803,0.3294653861830254,0.13518174847572728,-0.005678994433696599,-0.051638245499130375,0.21394369361369067,0.09093107628111909,-0.18803240874996652,0.3833156439521719,0.3132146092103176,0.9310726520622408,0.6890028175779848
53,575,eval, the,word_initial,1.254785418510437,0.5004655718803406,M @-@ 47 ( Michigan highway ),M-47 (Michigan highway),Wilhelm Busch,153,False,0.47467482522094856,0.42081532830533086,0.9140736077258252,0.4358817204496998,0.2930894385676377,0.3182381479927631,0.24654614168766523,0.31375499412549995,0.3944780420331811,0.4236170528447937,0.0538594969156177,-0.025148709425125426,-0.06720885243783473,-0.026876757243519196,0.010138587819903322,0.05876107908277467,0.37302355712407825,0.3615599654523727,0.9004348657386345,0.8313984645103123
54,316,eval, Carter,word_initial,1.554167866706848,0.7458299398422241,Stanley Green,Stanley Green,Xenon,154,False,0.3730188077460411,0.28722039849650904,0.8647387305511626,0.2879307070974284,0.20467261334451362,0.21894970319307325,0.19910341096021192,0.23635158205633683,0.25367667774743646,0.28972115609195986,0.08579840924953208,-0.014277089848559632,-0.03724817109612491,0.19805108160983384,0.24286671669567447,-0.034694786566710815,0.31905983789055614,0.2534443663668254,0.9336602810117491,0.9053614308145108
55,395,eval, ',punctuation,0.0022126410622149,0.9998475313186646,2007 Hawaii Bowl,2007 Hawaii Bowl,1986 Peach Bowl,155,False,0.43658291066648597,0.4625635955552858,0.7994054719400961,0.4396995762299512,0.40454327451058875,0.4004320230704527,0.35412305016089224,0.42198012651289046,0.4107813911623477,0.4506276916380108,-0.025980684888799843,0.004111251440136021,-0.06785707635199822,-0.04289904263248762,-0.06510687334698372,-0.048247886072638045,0.36654206890477936,0.36374715022139287,0.9833931876829393,0.9453253326064208
56,214,eval, ',punctuation,0.0050640804693102,0.9996567964553832,Andrew Johnston ( singer ),Andrew Johnston (singer),President Evil,156,False,0.5190822367819524,0.4966868682748437,0.8189734233163892,0.4567057788704074,0.44050275336474526,0.43718214005776274,0.4124612746702984,0.47567262213198563,0.41119620138971896,0.47007833937110133,0.022395368507108715,0.0033206133069825228,-0.06321134746168722,0.005942558973134559,0.03502492005938548,0.02038724583234321,0.4328908349752341,0.4055486697328868,0.893497948337309,0.8543910439691278
57,309,eval, are,word_initial,2.347626209259033,0.2692330479621887,Jane 's Attack Squadron,Jane's Attack Squadron,Yo-Yo (Nicola Roberts song),157,False,0.3692029618355062,0.3447220533070641,0.8977141976973927,0.3404552560868106,0.24647204745361193,0.26261417235929263,0.21585190305374355,0.27658351857233865,0.37835332290761575,0.34344112076719646,0.02448090852844209,-0.016142124905680705,-0.0607316155185951,0.20857444358705038,0.20351208385812053,-0.13802909009696476,0.37648515186451975,0.30769351396758626,0.8812188721747412,0.7844636841375715
58,107,eval, towards,word_initial,1.1735230684280396,0.5733717083930969,Rachel Green,Rachel Green,SMS Zrínyi,158,False,0.42716983404543335,0.3977379755744055,0.8961252919911622,0.3624086766927258,0.3046651826068585,0.3070727599954172,0.2746323797355352,0.31775278450243954,0.3508828471627788,0.3635658726794227,0.02943185847102786,-0.002407577388558735,-0.04312040476690432,0.12128900428142542,0.13199309894762873,-0.04476876334561395,0.4343745512228086,0.3878691161216642,0.9032512146533181,0.7848210365409856
59,437,eval, aforementioned,word_initial,1.6282777786254885,0.6712231040000916,New York State Route 38,New York State Route 38,Sweet Love (Chris Brown song),159,False,0.369575815558878,0.30036909697773895,0.8633531194606237,0.3123092630241489,0.2019322225137349,0.21993504256688085,0.18220272612990124,0.24159910320836425,0.31035986499591006,0.30927172905414557,0.06920671858113903,-0.018002820053145935,-0.059396377078463014,0.16993727330961303,-0.01845828829827552,-0.21218495484416394,0.30002554892973365,0.23640924035821498,0.9007015587439006,0.7841610126477151
60,133,eval, American,word_initial,0.3820071816444397,0.8946942687034607,Old Baltimore Pike,Old Baltimore Pike,Development of Fez,160,False,0.329143216720043,0.31696267233243913,0.8909317153231097,0.3003787798552016,0.21055686143978386,0.22385853958170326,0.1648255711889951,0.207801035853503,0.2847641444682721,0.3011089544022231,0.012180544387603853,-0.013301678141919404,-0.04297546466450791,0.03450104335320694,0.0675793841252248,0.02904101161485482,0.27668717559933487,0.27645779544351456,0.9388022947750545,0.8695154441530677
61,330,eval,s,word_piece,1.4649159908294678,0.6189698576927185,"Baltimore mayoral election , 1999","Baltimore mayoral election, 1999",Species of Allosaurus,161,False,0.4036141480406225,0.3290695288352833,0.8937795982447434,0.3446153082744176,0.20979354341349815,0.22453676325115313,0.15625580327012428,0.20828884855305216,0.3153562556999523,0.3317857365734151,0.07454461920533922,-0.014743219837654975,-0.052033045282927876,-0.08761838121856749,-0.0384692273252559,0.09765946488170534,0.2906899679113294,0.29425628989323893,0.9105522772592995,0.792447764673873
62,215,eval, Saul,word_initial,0.08770552277565,0.989667534828186,Illinois ( Sufjan Stevens album ),Illinois (Sufjan Stevens album),My Boo (Usher and Alicia Keys song),162,False,0.35474319192872045,0.3406053463313011,0.925907818840253,0.327997006174867,0.22774683297973355,0.24226764733032255,0.19723649101799634,0.24509563529940437,0.2939037959805094,0.32872139496405,0.014137845597419374,-0.014520814350588995,-0.04785914428140803,0.04708101126966895,-0.07367754138052672,-0.11110445597746416,0.2404477739382146,0.22624043407997407,0.97018514426867,0.8852154658645265
63,311,eval, and,word_initial,4.461923122406006,0.0947116240859031,NoitulovE,NoitulovE,Jin – Song Wars,163,False,0.3158402007224923,0.3460002721380776,0.9020529767698312,0.3483693742973612,0.2395733152592085,0.24124575659406233,0.2050570970756678,0.26780094938377114,0.3150392626792086,0.33347766128744866,-0.0301600714155853,-0.0016724413348538358,-0.06274385230810334,-0.12039357774278049,-0.03258569755165336,0.1429637550029099,0.35357650111349054,0.367181603978225,0.9026550409589427,0.8250731187291258
64,431,eval, met,word_initial,1.3895195722579956,0.4682337343692779,Simon de Montfort 's Parliament,Simon de Montfort's Parliament,Mitsuyo Maeda,164,False,0.397132348990187,0.28713498317492525,0.906960351811116,0.312931702996565,0.2006949887825585,0.21658902755326995,0.1949714303214663,0.23142963161450197,0.29801556734176643,0.3182610191801687,0.10999736581526176,-0.01589403877071144,-0.036458201293035675,0.10331059765819951,0.17539293549504126,0.047282217072194724,0.3253703726103021,0.29236425778595926,0.9416725611700666,0.8196787488859819
65,505,eval, Destiny,word_initial,0.0781406164169311,0.990386724472046,Cater 2 U,Cater 2 U,Leanne Del Toso,165,False,0.4338808366325457,0.37971580837516833,0.8709104170652038,0.31888991310501,0.2531359897054922,0.2554948098708397,0.2322695942287995,0.2769607514383784,0.29339901586186284,0.31575737953455396,0.054165028257377346,-0.002358820165347497,-0.04469115720957889,0.030025217209058538,0.07795271200752331,0.06161474108797214,0.34697845668368404,0.3212972917000211,0.8948824405175917,0.816393437629601
66,487,eval, but,word_initial,3.708322048187256,0.2059734165668487,Kitsune,Kitsune,Directed acyclic graph,166,False,0.38663858941507384,0.36501102902810567,0.8872040192986572,0.3762663061272306,0.2733501438608579,0.29278331607195224,0.2806448394147679,0.3186433990845401,0.3608317354093646,0.37609920125626833,0.02162756038696817,-0.019433172211094363,-0.03799855966977217,0.08108358261010347,0.07682137908912477,-0.028446415926999726,0.4324713896593139,0.40904207838350304,0.9231287598715966,0.7380950240826769
67,24,eval,1,word_piece,0.2918754518032074,0.914836287498474,Geopyxis carbonaria,Geopyxis carbonaria,Adams River (British Columbia),167,False,0.5557086111397761,0.5688920074767573,0.8152549859747157,0.5006135001273221,0.4628578160748393,0.45141472148676964,0.43038719480338067,0.5060044130678447,0.4578768753930375,0.5103380849777289,-0.013183396336981179,0.011443094588069636,-0.07561721826446405,0.09299765684664824,0.159316904077824,0.05240339307660161,0.5024715934380792,0.48264552098585123,0.9409475546777523,0.8194586830754801
68,248,eval,gi,word_piece,0.0010782397584989,0.99991774559021,Texas A & M Singing Cadets,Texas A & M Singing Cadets,Stop!! Hibari-kun!,168,False,0.3594534701862085,0.21721365711126678,0.8677497710112528,0.2231071666410455,0.18692507022445604,0.17816576034535955,0.12430837414145562,0.18096891894707912,0.20417724057884443,0.22006548526590505,0.1422398130749417,0.008759309879096483,-0.05666054480562349,0.0519957769540275,0.13522522840849982,0.020219988621816974,0.20390874607411527,0.18752169276989217,0.8582849530751832,0.7535119117244902
69,595,eval, .,punctuation,2.909104108810425,0.2645955085754394,Georgian scripts,Georgian scripts,Kedok Ketawa,169,False,0.4794515315210627,0.44703714575393794,0.8693632494104001,0.4034939900095859,0.30542755125045795,0.31809995018334003,0.31770807945858076,0.34453056817359723,0.3665165733278725,0.4027887210623328,0.03241438576712474,-0.012672398932882079,-0.026822488715016468,0.2394556249542439,0.33497100897096677,0.03140002686407518,0.5492374784701316,0.48220261971594186,0.9036500172359508,0.8821179968604611
70,329,eval, an,word_initial,1.588242530822754,0.4889086484909057,God 's Choice,God's Choice,Gerard (archbishop of York),170,False,0.48939109131721065,0.4905129992724319,0.9241751918755848,0.4718854174918755,0.31370819148580786,0.32710646573162117,0.26265052268671946,0.33041709807255515,0.46243841089851007,0.45510196222194943,-0.0011219079552212685,-0.013398274245813302,-0.06776657538583569,0.1124050159648988,0.15507395974311086,-0.008548994719778288,0.46466809375941004,0.44883932571951835,0.9103725310299629,0.7347608408892254
71,513,eval, with,word_initial,2.6275594234466553,0.3712559342384338,Inocybe praetervisa,Inocybe praetervisa,South of Heaven,171,False,0.45241152008398383,0.41614727932105494,0.8892084802435517,0.3666096782703893,0.2615120091800431,0.28229882411852264,0.2293987256286378,0.27801763568840254,0.36985397389860275,0.36104221540613957,0.03626424076292889,-0.02078681493847956,-0.048618910059764736,0.14873682928082468,0.22829341807237688,0.02059759093248609,0.4627193612697991,0.39583868471688444,0.9161636605861226,0.7786086171700428
72,238,eval, spinner,word_initial,4.831153869628906,0.0635307729244232,"No result , Pts","No result, Pts",Blackburn Firecrest,172,False,0.382033834311195,0.40039906511055534,0.9243353654254955,0.3967756806169788,0.30188320808059915,0.31339025467375237,0.23947931260023814,0.29874647332742593,0.3633325907323783,0.3826747684461053,-0.018365230799360366,-0.011507046593153214,-0.059267160727187795,-0.11114554491248226,-0.09753167113170125,0.058735147939024214,0.3364678221257815,0.3836350916837966,0.7027839469108,0.7757246842193614
73,104,eval," 
",punctuation,4.192230701446533,0.1329291760921478,First @-@ move advantage in chess,First-move advantage in chess,Tropical Storm Olaf (1997),173,False,0.5524187420971736,0.4930707663933367,0.8158129468330602,0.5170844806200575,0.5212674412773184,0.5405765820595106,0.5245429049021876,0.5251393454391465,0.4973070432777735,0.5410169723833541,0.059347975703836875,-0.019309140782192258,-0.0005964405369589532,0.18448893317093662,0.25158251992655306,-0.005520597824989428,0.6079446980808036,0.5726366262966772,0.9109125963804681,0.7043063802669841
74,115,eval, with,word_initial,2.9642763137817383,0.2399092018604278,Lost Horizons ( Lemon Jelly album ),Lost Horizons (Lemon Jelly album),Sister Wives,174,False,0.4083382529469877,0.353433641492223,0.938456135038686,0.3881760024805071,0.26266628965508587,0.2786105001588058,0.2015069443921865,0.2751626597371072,0.3768166398334091,0.3846650618147431,0.05490461145476472,-0.015944210503719913,-0.07365571534492069,-0.09836093398660642,-0.11166398002888588,0.026921461365159702,0.3468783266195684,0.3694239422824732,0.8727663905315396,0.8810080603919486
75,129,eval,ble,word_piece,1.758276343345642,0.7662817239761353,2010 Haiti earthquake,2010 Haiti earthquake,Ireland,175,False,0.3003837441326723,0.2582897693726194,0.7981617598261463,0.2115325240201044,0.20050926173795683,0.20505776444998555,0.1471173904374821,0.19070560497853287,0.20281947000343098,0.22286265930170168,0.042093974760052943,-0.004548502712028724,-0.043588214541050774,-0.025488856217166598,-0.030086131962140415,0.0012702004112205487,0.19724050853007305,0.19360238731562796,0.932796363826912,0.849760556979866
76,622,eval, from,word_initial,0.2061243504285812,0.9593889117240906,Star,Star,James Robert Baker,176,True,0.09035410956446727,0.07703516411370027,0.8165510187590126,0.0947420181870609,0.09762662624953468,0.10050366343649818,0.07379397209075063,0.09611464522972325,0.09714983510939251,0.09896704139704401,0.013318945450766992,-0.002877037186963499,-0.022320673138972624,0.0035422971509547997,-0.006459510237107608,-0.013749849877147833,0.07267283733413271,0.06546692320585926,0.9058053160736967,0.9314311847036741
77,169,eval, ores,word_initial,1.1904951333999634,0.5879597663879395,Cadmium,Cadmium,Rob Howard,177,False,0.4028823655090656,0.3498946943593095,0.8530178711007769,0.3428255626183776,0.25266721374988044,0.26081243904158286,0.20403635415748905,0.2721003234676421,0.33135127007515724,0.3508979972875736,0.05298767114975611,-0.008145225291702418,-0.06806396931015307,0.09559998746816606,0.10328205497500446,-0.03700944219739641,0.37002846166414644,0.32807928741036285,0.9085323671231146,0.8949269886856831
78,87,eval, =,punctuation,0.0666469782590866,0.9919118881225586,Vitamin D ( Glee ),Vitamin D (Glee),"The Fox, the Wolf and the Husbandman",178,False,0.48621170684899734,0.500083378392501,0.7967841481608959,0.4877148834090785,0.4728792632881457,0.48542523746063626,0.4435820130235984,0.495107311289689,0.449927139572039,0.5192247260094915,-0.013871671543503716,-0.012545974172490537,-0.05152529826609059,-0.06533201760510915,-0.006469978974536905,0.08921423752849962,0.48671859990682137,0.49208858585239645,0.8703629377785498,0.8063619846208747
79,60,eval, as,word_initial,0.9385846257209778,0.855753481388092,Paul Thomas Anderson,Paul Thomas Anderson,Boy-Scoutz ' n the Hood,179,False,0.5061058038733858,0.4254392442368579,0.8839908756785633,0.3998017368096674,0.3147892521315787,0.32864196428080206,0.26527758512206656,0.31429134666936986,0.385628952604105,0.39032619169434246,0.08066655963652786,-0.013852712149223345,-0.0490137615473033,0.06956997936570167,0.139656747809148,0.046726611688637856,0.46383330814644785,0.4361067185549751,0.9335073483636179,0.7716840554505894
80,528,eval, Av,word_initial,0.0218204334378242,0.9980878233909608,Le souper de Beaucaire,Le souper de Beaucaire,M-122 (Michigan highway),180,False,0.4329108461459216,0.40511278006615403,0.9421320718734908,0.387839075474186,0.28374012776464286,0.2957764907586031,0.23474454474503845,0.2945725064666658,0.3485070066169257,0.37909105091674367,0.02779806607976759,-0.012036362993960215,-0.059827961721627326,0.07639690759379314,0.1251284368460455,0.010998491913994634,0.34482801489588555,0.3269147626275606,0.8959297550620324,0.8319786161711903
81,149,eval, @,punctuation,0.0030776176135987,0.9996799230575562,AIL Storm,AIL Storm,Diamond stingray,181,False,0.3334360547484929,0.2613144952826494,0.6792819898977669,0.304817349610305,0.30076201581043616,0.3002309927484259,0.24182027748050552,0.2978498030389171,0.2686685020729075,0.3175980697976156,0.07212155946584353,0.0005310230620102496,-0.05602952555841159,0.10004004923570993,0.08700068463014864,-0.04986594712312723,0.24552305210323364,0.22284507622907443,0.9271580537028481,0.8457867552177417
82,207,eval, in,word_initial,0.0220960807055234,0.9972820281982422,Fieldfare,Fieldfare,E. W. Hornung,182,False,0.38113863656048225,0.40120592188904264,0.8091214132469876,0.3772451021128541,0.29244669466884066,0.29517397002046253,0.2262534199996125,0.30312244750980893,0.3559869310920032,0.3888015941065592,-0.02006728532856039,-0.0027272753516218717,-0.07686902751019645,0.037139274022442985,0.10025294522846835,0.040334663469503804,0.3603811361109781,0.3371611239967026,0.9163039893226779,0.8279180815005637
83,497,eval, served,word_initial,1.549921989440918,0.4421021342277527,2nd Battalion 9th Marines,2nd Battalion 9th Marines,Yamaha NS-10,183,False,0.45275035206317793,0.34168382858560276,0.9288348398295974,0.3429283363429786,0.23336318529131048,0.23981564680799056,0.19474338477287975,0.24565329953775905,0.3314740728141447,0.3432576058590912,0.11106652347757517,-0.00645246151668008,-0.0509099147648793,0.2249320967814372,0.27493655356155144,-0.06176453858936468,0.39279426848610594,0.3097115341819836,0.9062248968221897,0.8061200828389798
84,69,eval, New,word_initial,0.0164959523826837,0.9980225563049316,Central Area Command ( RAAF ),Central Area Command (RAAF),Florida State Road 878,184,False,0.5053667121823199,0.48651920809383403,0.935528297211703,0.4579935087862345,0.3378242055576308,0.3525518825319751,0.26553083831692303,0.33606902121068283,0.4166519426220487,0.4621003048279085,0.018847504088485845,-0.014727676974344295,-0.0705381828937598,0.05954664344552783,0.10612373310033392,0.03785023510102841,0.4260824286980075,0.41005822175184126,0.9258005453330161,0.8458972398318925
85,173,eval, the,word_initial,0.5974832773208618,0.8714507222175598,The Food Album,The Food Album,Qedarite,185,False,0.43572042658811744,0.3991648610500276,0.9251781633958068,0.4007854167814476,0.28866170076716785,0.3051411297964694,0.23821737927681835,0.3001107493335774,0.3896822704195655,0.3968925017282937,0.03655556553808986,-0.01647942902930155,-0.061893370056759045,0.083505606628922,0.12075485588214614,0.0037558369503421203,0.3865087221454837,0.3682730623438132,0.9268058766390165,0.8882889316354263
86,425,eval, formed,word_initial,0.240834891796112,0.959275484085083,Independence Day ( India ),Independence Day (India),Kyra (Charmed),186,False,0.29756662808166173,0.26304957845194094,0.8538310523407067,0.2651031781079436,0.15516058870337296,0.17228051110230483,0.1394625377264154,0.16923257022413296,0.25294938907091913,0.2677640093885836,0.0345170496297208,-0.01711992239893187,-0.029770032497717563,0.03327439225225487,0.008766717698169514,-0.03684247703031575,0.26280094028863693,0.25183488152253286,0.8850738578139619,0.7100019227082381
87,413,eval, significant,word_initial,1.716650366783142,0.5539160370826721,Project Chanology,Project Chanology,Corn crake,187,False,0.3298494400845333,0.3098537156282164,0.905171649212226,0.3577620561233957,0.23554743617461651,0.24888966463947776,0.19740450710935226,0.2607440560670712,0.34776556105843937,0.3466943108163099,0.01999572445631692,-0.013342228464861244,-0.06333954895771893,0.12109175044645537,0.132775054649145,-0.04207448033042399,0.3364915796063584,0.2880210863196257,0.8863610845117952,0.8701042938422451
88,537,eval, .,punctuation,4.08516263961792,0.1909951120615005,Draining and development of the Everglades,Draining and development of the Everglades,Battle of Binh Gia,188,False,0.5112142214116527,0.5473602668500783,0.8836902098915548,0.4103747370919629,0.3005079432045194,0.31913132152620155,0.2749653106061734,0.3237103739556748,0.3813919984107596,0.4140259188394094,-0.03614604543842559,-0.01862337832168215,-0.048745063349501405,0.3087263133081344,0.3316909225424911,-0.049434265204550465,0.5885850921974467,0.5415873737331374,0.9371898494221091,0.7720433655461038
89,272,eval, typical,word_initial,3.867855072021485,0.2070023566484451,Banksia violacea,Banksia violacea,Somerset County Cricket Club in 2009,189,False,0.38007592395852297,0.32100164495738287,0.8916832463944765,0.269991365524878,0.19343532424362858,0.1960858971834166,0.15615931623129242,0.20494638840441193,0.26102337168541034,0.267591014578662,0.059074279001140095,-0.002650572939788015,-0.048787072173119506,0.14929658021311704,0.16557097904180598,-0.04698351061260295,0.3156454128917119,0.25410548534105143,0.9008556752935346,0.763619360862392
90,549,eval, such,word_initial,2.167982578277588,0.3316154778003692,10 @.@ 6 ° compared to 7 ° for Mercury and 17 ° for Pluto ) and moderately eccentric ( e,10.6 ° compared to 7 ° for Mercury and 17 ° for Pluto) and moderately eccentric (e,Erving Goffman,190,False,0.3628508233247262,0.3319284950059862,0.8885074572422635,0.3505516955213771,0.2331925354019015,0.24750515182486194,0.1702439903650145,0.2449275431766124,0.34255302461317433,0.3365037337832591,0.030922328318739978,-0.014312616422960445,-0.07468355281159789,0.04918534321993052,0.06765469169030855,0.03803629377056381,0.37828577078197123,0.31650975000407594,0.6257592388115276,0.4603297194345554
91,219,eval, of,word_initial,0.0475771948695182,0.9948154091835022,Gertrude Barrows Bennett,Gertrude Barrows Bennett,West End Girls,191,False,0.33723391219829774,0.30301359657050647,0.8898315713225826,0.2992835315082836,0.19819238697085706,0.22153459626053923,0.16705580864940586,0.21813687947586355,0.27867544595492405,0.28546675283159634,0.034220315627791265,-0.02334220928968217,-0.051081070826457686,0.11841525685507485,0.17279593159762346,-0.0056430040167833396,0.30833009520198484,0.27710753476090283,0.9149887137306467,0.8398060671695625
92,531,eval, Wings,word_initial,2.2687408924102783,0.3313552737236023,Memory Almost Full,Memory Almost Full,SS El Sol,192,False,0.31490560933869016,0.3271868422102092,0.9057902970912708,0.3109660244151329,0.23400328247345872,0.2464795277396267,0.1774536106740258,0.2349815264229537,0.29610147145596194,0.3102489026554645,-0.012281232871519054,-0.012476245266167973,-0.057527915748927905,-0.05015277584168376,0.04542910393364069,0.12318442218090339,0.33661504882587284,0.35208416290520167,0.9158909597097291,0.8972336950924584
93,416,eval, .,punctuation,2.8696203231811523,0.3769293129444122,Khoo Kheng @-@ Hor,Khoo Kheng-Hor,Cicely Mary Barker,193,False,0.4476468149935702,0.47239833708999024,0.8981409504146745,0.398190356292285,0.3001495597981377,0.31488878705178475,0.3006845226851113,0.33212156877859594,0.3493443685017756,0.39742332253647855,-0.024751522096420064,-0.01473922725364707,-0.03143704609348463,0.21589885107480178,0.262276213964148,0.05431452067321111,0.5384519951806771,0.5018524999368866,0.9667987033363311,0.8456397042097663
94,576,eval, on,word_initial,1.965761423110962,0.5387152433395386,The Convict ( 1910 film ),The Convict (1910 film),Zhou Tong (archer),194,False,0.1668510002657308,0.16567038921014599,0.871936969390669,0.1547587986259527,0.0838331494687637,0.09457005996051213,0.10708621931561432,0.1202051125848103,0.14756444602030253,0.15549741430155162,0.0011806110555848126,-0.010736910491748422,-0.013118893269195978,-0.09409869761334663,-0.10004552175842772,0.022096283273001685,0.09526774882403581,0.1246585355262596,0.9163871376483215,0.7565439849612513
95,297,eval, the,word_initial,0.0404888801276683,0.9950457811355592,The Moth ( Lost ),The Moth (Lost),Comair Flight 5191,195,False,0.28392786991845065,0.2815850016137412,0.9066623617733168,0.3263442934093443,0.24069348717995515,0.2579008156349143,0.18656859057981218,0.24351684601838638,0.3291005960103771,0.316655283962768,0.0023428683047094223,-0.017207328454959148,-0.05694825543857421,0.03926715213283363,0.04882217437543272,-0.004804869363654509,0.29053536294128846,0.2774236919402958,0.8943657246237259,0.8342693229133491
96,62,eval, in,word_initial,0.2917990088462829,0.9553833603858948,Joe Nathan,Joe Nathan,Elgin Cathedral,196,False,0.3137952903306469,0.28231735572107547,0.8597305561292348,0.2812211387257781,0.17848490978136378,0.1983304112645444,0.12752871135017763,0.187828647260531,0.257261860100789,0.2701525235189237,0.031477934609571434,-0.019845501483180622,-0.060299935910353375,0.05683576426682399,0.07616887874816024,-0.004900604810107838,0.2871766802152381,0.2551110317087058,0.926131163070024,0.8555844441016607
97,5,eval, .,punctuation,3.177055835723877,0.2724564373493194,2011 – 12 Columbus Blue Jackets season,2011 – 12 Columbus Blue Jackets season,Islais Creek,197,False,0.39683148684191516,0.3880675809248082,0.8639323374532557,0.3265730339467289,0.25782676719839004,0.25916181947957057,0.27052410895806417,0.28795133939633627,0.2817261801711677,0.3275509495598285,0.008763905917106962,-0.0013350522811805265,-0.0174272304382721,0.07660992334071709,0.06470724477309159,-0.04923063927509418,0.4861866466530525,0.43486339655436695,0.884359777868778,0.6824706170818089
98,550,eval,ymology,word_piece,0.9751981496810912,0.6970856189727783,Skye,Skye,"14.1 years), 115mCd (t1 / 2",198,False,0.4908898734258289,0.37765176560392333,0.8670939832591201,0.4563135682014378,0.4133674655495453,0.43632694858222637,0.3684405081977326,0.4237532773710357,0.45724948338140975,0.480706442447239,0.11323810782190558,-0.022959483032681083,-0.05531276917330308,0.07766650311787708,-0.03179559582351261,-0.09128451309575958,0.48781229295170986,0.40929320911107514,0.5978663949735112,0.599996699906872
99,337,eval, in,word_initial,4.527798652648926,0.3236514031887054,Maggie Simpson,Maggie Simpson,Superman: Escape from Krypton,199,False,0.42170252997924934,0.4312733943902477,0.9029124553877792,0.405664374372719,0.24560206812017435,0.2743779662572494,0.20114880047858996,0.2628419350208762,0.388841154578942,0.3955794168123137,-0.009570864410998359,-0.028775898137075068,-0.061693134542286254,-0.04276469639561768,-0.02055800244949571,0.038810097779732634,0.3676258715812911,0.3861371052417695,0.9146472349907778,0.8949829775044376
100,379,eval, serve,word_initial,0.2209740430116653,0.963945209980011,Politics of Croatia,Politics of Croatia,Tropical Storm Brenda (1960),0,False,0.28931763906993996,0.25373808773976825,0.8851544892279158,0.2436670221323326,0.18215121688120964,0.19659348793022244,0.15314997623925056,0.1967792804129683,0.24241689834261146,0.24121947624473958,0.03557955133017171,-0.0144422710490128,-0.04362930417371774,-0.006688755693185554,-0.01402808506821513,-0.0047891731891571586,0.22558427565432776,0.2281349300520853,0.8992302065468994,0.7983308498415598
101,538,eval, and,word_initial,0.6954081058502197,0.9069049954414368,DuMont Television Network,DuMont Television Network,Hoover Dam,1,False,0.4781884912551354,0.47636741215162315,0.9157015132497454,0.4300318208792563,0.3155449285318062,0.33446945706609227,0.29116537092939876,0.3511232503111478,0.4199600806853035,0.4215425307726836,0.0018210791035122575,-0.018924528534286056,-0.05995787938174907,-0.18054842327948797,-0.14290098114516533,0.10694765012451822,0.4093242232664899,0.43120791368380545,0.9378346535224551,0.839910375495427
102,75,eval, matter,word_initial,2.0288679599761963,0.4419825673103332,Sarnia,Sarnia,Cape lobster,2,False,0.33988676327833567,0.3647258198426761,0.9017038694486288,0.3090909129441634,0.2128393579487863,0.2228274452666267,0.15579644096960493,0.21138932609163794,0.2973152679024723,0.31736776324934524,-0.024839056564340434,-0.0099880873178404,-0.055592885122033,-0.01705652542499692,0.12734997465098216,0.15466181010502444,0.32285872251520087,0.32683394860430354,0.9353113924764714,0.8740661238555751
103,95,eval, sing,word_initial,1.6044440269470217,0.460409939289093,Why Does It Hurt So Bad,Why Does It Hurt So Bad,June 1941 uprising in eastern Herzegovina,3,False,0.28108787205201835,0.22467319690216467,0.8927301864260383,0.1939235189586074,0.14836623285562223,0.1402034584759262,0.12313976210889048,0.15559852976386238,0.21483692388224365,0.2032987325157642,0.05641467514985368,0.008162774379696036,-0.032458767654971896,0.022698011691949405,0.11256838910616387,0.06256609429218773,0.2706167794118428,0.23657990674575935,0.8614094653233048,0.7275146603151831
104,469,eval, characters,word_initial,1.5631734132766724,0.6893309354782104,Martin Keamy,Martin Keamy,Pokiri,4,False,0.3888303736122334,0.3818453278153213,0.8688086894865119,0.3409714243517994,0.2653634223449261,0.2731992058820458,0.22060642229730906,0.2847057669934503,0.31781364269223794,0.3479435607953706,0.006985045796912059,-0.007835783537119723,-0.06409934469614123,-0.0015424196402462787,0.07959923150669668,0.09544162554291362,0.3918613647239873,0.3880707160227434,0.9657905840624403,0.9444310940983396
105,99,eval, NBC,word_initial,1.5631064176559448,0.6136959195137024,New Year 's Eve ( Up All Night ),New Year's Eve (Up All Night),Rebbie Jackson,5,False,0.32639641259743385,0.29135289810391907,0.9197639529033972,0.2890753219972695,0.2094593833000767,0.2106808678294251,0.15808748732023611,0.19556660815518193,0.2747455479144337,0.2790106965895803,0.03504351449351478,-0.0012214845293483934,-0.03747912083494581,0.11066219561744779,0.09208471478049586,-0.07066265393038317,0.28551960499338486,0.24787203933438107,0.9098312739822592,0.7991340446138099
106,381,eval, for,word_initial,0.7533829808235168,0.8640279769897461,Brandon Minor,Brandon Minor,Missouri River,6,False,0.3688248239878968,0.4114708188487444,0.902221072333644,0.3811671061919525,0.26225738881464183,0.27475141180529805,0.19619786008591586,0.2661911852536617,0.33906372937507306,0.3686224597207192,-0.042645994860847636,-0.012494022990656217,-0.06999332516774584,0.03983223996282509,0.058084865721001015,-0.003904229048074575,0.36735353837881746,0.35065982605426055,0.9236479534973984,0.8665206190306469
107,280,eval,9,word_piece,0.6757218837738037,0.7641422152519226,The Archaeology of Ritual and Magic,The Archaeology of Ritual and Magic,Etymology of Wicca,7,False,0.3807571639563988,0.3637848623681125,0.9074540899319063,0.3773480534891382,0.24735351016348212,0.26287420782867066,0.23347186893733526,0.2897219698445295,0.33675799694863756,0.3635640880410591,0.016972301588286276,-0.015520697665188543,-0.05625010090719426,0.07883546839319923,0.1414873436989541,0.07093179624534728,0.32600409211524584,0.3093400643448584,0.9359954978508942,0.9353452302625059
108,91,eval, debut,word_initial,1.2194268703460691,0.3638011813163757,Dangerously in Love Tour,Dangerously in Love Tour,Coldrum Long Barrow,8,False,0.3535429469539166,0.30525351647108273,0.879589613575141,0.3063002294024288,0.22484036774025692,0.22389318532131097,0.17615171403243976,0.23449261221538303,0.2921010722737659,0.30030103020939175,0.04828943048283385,0.0009471824189459521,-0.058340898182943274,-0.005758585264821912,0.00046609159719045845,0.009590350744608291,0.3194335321713746,0.28529504971535663,0.8763095779949683,0.7717585028499139
109,303,eval, used,word_initial,1.2978155612945557,0.3958549499511719,M @-@ 5 ( Michigan highway ),M-5 (Michigan highway),Rocky Mountain Horse,9,False,0.31243327496703877,0.2551256948711134,0.8641835947990718,0.2043951121030827,0.1396603340971862,0.1502105148411244,0.13358746959467738,0.16152863483250227,0.2047994038731018,0.21183722570606586,0.05730758009592535,-0.010550180743938209,-0.02794116523782489,0.1681952303526188,0.1426444671117362,-0.0767219764588108,0.2704817562388105,0.21070522773412922,0.926384059946239,0.8880915856565941
110,160,eval, activity,word_initial,0.5697596669197083,0.8136385083198547,Protein,Protein,"Galveston, Texas",10,True,0.3052456515358157,0.2797487248476196,0.8688460975130029,0.2851293654020083,0.19896781758301954,0.20838791212194932,0.15175759598986313,0.21023838076293774,0.2684712576212514,0.2865880015845853,0.025496926688196087,-0.00942009453892978,-0.05848078477307461,0.07965735682750114,0.10210668972181776,0.003772485663271395,0.25982300964953126,0.23412927719514626,0.9153955218758856,0.8556210848683186
111,55,eval, the,word_initial,0.951945662498474,0.7413548231124878,2013 – 14 York City F.C. season,2013 – 14 York City F.C. season,G.I. Joe: Retaliation,11,False,0.4817596122890489,0.42332133101549446,0.8324446589130039,0.3592833665522892,0.2778807552461525,0.30020198693814437,0.2268597509911039,0.2846113381793436,0.38160460701397014,0.35274336250640953,0.05843828127355444,-0.02232123169199185,-0.057751587188239695,0.14232750331002875,0.10858175276477981,-0.0636689547703707,0.4399247626813739,0.386411679399985,0.8941034794180329,0.6107538986460566
112,591,eval, the,word_initial,0.9206724762916564,0.588740348815918,2 / 4th Machine Gun Battalion ( Australia ),2 / 4th Machine Gun Battalion (Australia),"Strand, London",12,False,0.5692226204552641,0.46743764095666906,0.9158290738245534,0.4269652333327536,0.30541707658796435,0.3238089787717059,0.2632947448075988,0.3065695427065504,0.39409531219567884,0.41642256565745844,0.101784979498595,-0.018391902183741538,-0.04327479789895161,0.08925255269382175,0.10634390351095394,-0.017590695432443834,0.4342040214830347,0.40167720438723975,0.924766869521309,0.803318146281442
113,52,eval, ,punctuation,1.4477505683898926,0.4693260192871094,Hadji Ali,Hadji Ali,USS Breese (DD-122),13,False,0.4600841016901638,0.44609509467041897,0.9019248050295584,0.4299521137526375,0.3057193886478682,0.3260097309123862,0.24697201648790204,0.30022384727055856,0.3983253553576101,0.4254009881885427,0.013989007019744815,-0.020290342264518035,-0.05325183078265652,0.055560824796998094,0.14312766361858542,0.04228847252945557,0.40035865283099303,0.37785807715476083,0.931425353912245,0.7827498849910967
114,47,eval, on,word_initial,0.936162769794464,0.7740042805671692,Christmas 1994 nor 'easter,Christmas 1994 nor 'easter,Bath Assembly Rooms,14,False,0.30876373750487807,0.2681195167804389,0.9010468338847172,0.2493185584521854,0.16663915786436825,0.18177239952935104,0.16077008102226314,0.18998278770542593,0.2503170443349568,0.2567588283027954,0.040644220724439184,-0.015133241664982783,-0.02921270668316278,-0.059604621383916236,-0.03417612770320976,0.06717991372072078,0.23927997908813944,0.2535273424421871,0.8596303321299974,0.7024089427512578
115,415,eval," """,punctuation,2.0692484378814697,0.5000041127204895,Clocks ( song ),Clocks (song),Odyssey Number Five,15,False,0.4006073151309191,0.36741360556402186,0.9051700277289,0.3371410551229172,0.21745392375060035,0.22399681203167174,0.19014237058980135,0.257894089876469,0.3515467842491827,0.3364160008854626,0.03319370956689721,-0.006542888281071385,-0.06775171928666765,-0.2369863711472561,-0.11991907978569621,0.27194583576568143,0.3600476231728326,0.4178346682780432,0.8821908672652926,0.8722046291978058
116,212,eval, portrayed,word_initial,1.9339425563812256,0.4329724907875061,Trials and Tribble @-@ ations,Trials and Tribble-ations,Harold Innis,16,False,0.3029789378811117,0.4021690931594529,0.913337887213444,0.3315977846432798,0.26619058216042135,0.2762136337609472,0.22399014866704553,0.2705748316616377,0.3072709265420298,0.32696499041893745,-0.09919015527834119,-0.010023051600525856,-0.046584682994592175,-0.01643679853048628,0.09645106614554964,0.12285215973463053,0.3521886506848881,0.35798324791388725,0.9058669390571458,0.6481205138530048
117,221,eval, on,word_initial,2.419208288192749,0.2578885853290558,Marauders ( Star Trek : Enterprise ),Marauders (Star Trek: Enterprise),World War Z,17,False,0.46660480123222087,0.4429503261604494,0.8959252553986603,0.4278951415879727,0.325194637823716,0.3428617321095711,0.2598722362401257,0.3179258607234447,0.41033980210355275,0.4255402425175729,0.023654475071771486,-0.01766709428585511,-0.05805362448331902,-0.05354115413703683,0.03537342592308548,0.10002352170733633,0.3748834756470295,0.39311700355307255,0.9247530470028238,0.8893310500126117
118,567,eval, he,word_initial,2.426762819290161,0.49062579870224,Sang Pencerah,Sang Pencerah,Boise National Forest,18,False,0.3575012340618579,0.3631947039801962,0.8628375938735265,0.3531728903025998,0.20975606308567557,0.21928881914470547,0.17672322615561,0.235277102395549,0.3298851346586225,0.33885034219689425,-0.005693469918338301,-0.009532756059029895,-0.05855387623993899,0.07912359852608097,0.12206542208527431,0.029523151324853242,0.3378019664519283,0.31355946415267216,0.9088728311940221,0.784120706486603
119,296,eval, locally,word_initial,0.2132393270730972,0.9666415452957152,Mogadishu,Mogadishu,"Richard Nixon presidential campaign, 1968",19,False,0.42364452868294006,0.3532443375994569,0.8769603088237321,0.3341580931873554,0.26444539541305306,0.27006425203749596,0.2104799832532842,0.2747120296525345,0.338892611351118,0.33822538419591874,0.07040019108348317,-0.005618856624442892,-0.06423204639925029,0.12159431990253247,0.061151039491053535,-0.0994478227414843,0.3823854581347619,0.34054948782615363,0.933819435635189,0.8031146688557814
120,393,eval, promised,word_initial,1.48235285282135,0.6141273379325867,Chapter 1 ( House of Cards ),Chapter 1 (House of Cards),Battle of Hubbardton,20,False,0.22892485570448484,0.2612448247700813,0.8793253036354206,0.2128084718590695,0.15305198518539387,0.1541731663392699,0.12222685936816452,0.17674318556948887,0.21193805444950514,0.20811589380643994,-0.03231996906559648,-0.001121181153876022,-0.05451632620132435,0.10973994306558224,0.077663353282704,-0.1009911080596174,0.24471513732641695,0.22397547529217604,0.8920607574328352,0.8711246898565982
121,373,eval,ulation,word_piece,1.6819289922714231,0.5487661361694336,The Stolen Eagle,The Stolen Eagle,Dave Sisler,21,False,0.3926719327100371,0.3689203997734919,0.9021923295943186,0.3652754476419375,0.2444885727450098,0.2634225922774549,0.23500355193219402,0.29131941006294004,0.3489327831875237,0.37310949630916784,0.023751532936545194,-0.018934019532445112,-0.05631585813074602,0.07994844610291926,0.151899587089882,0.04987190717925191,0.3990461727205176,0.3807519252578952,0.9149818760189866,0.8781236647189199
122,281,eval,8,word_piece,0.2711125314235687,0.96564519405365,History of Braathens SAFE ( 1946 – 93 ),History of Braathens SAFE (1946 – 93),"George Calvert, 1st Baron Baltimore",22,False,0.32052291094449237,0.34078837638084647,0.8471802088303045,0.2736054163800898,0.19730891621978092,0.20182104549825555,0.1728496378196433,0.2008313047341767,0.2278316296386922,0.2679378149196055,-0.020265465436354102,-0.004512129278474636,-0.02798166691453341,0.12937588070245915,0.1398031665855122,-0.010379266497547569,0.2662252425893455,0.2202131653867534,0.899703630973675,0.6605213480122574
123,517,eval, in,word_initial,1.4360129833221436,0.4906732439994812,Loverboy ( Mariah Carey song ),Loverboy (Mariah Carey song),Hemmema,23,False,0.43929904769625805,0.39769384248856465,0.9114355866431232,0.3914288832503509,0.2681994497385088,0.29027773615631164,0.23459944574732203,0.27946743624260206,0.38175491840954157,0.39263301788687033,0.041605205207693396,-0.02207828641780285,-0.044867990495280036,-0.12042904894862326,-0.15881741978587027,0.010868834199890801,0.346684249837504,0.36357457643825064,0.8811081248787054,0.8055473095030169
124,419,eval," ,",punctuation,1.2758471965789795,0.618771493434906,Stefan Wever,Stefan Wever,Far Away Places (Mad Men),24,False,0.3924900205737208,0.4192653365701959,0.8840491072969107,0.3594247076414759,0.279853476412495,0.2920906119985828,0.25853409422074414,0.2949166319594233,0.329789630718971,0.3511209968246704,-0.02677531599647509,-0.012237135586087855,-0.036382537738679166,0.0798945300913041,0.08026728277494374,-0.048583396254156835,0.4303294550098022,0.3982597436955648,0.8784537475306095,0.8508715480723403
125,465,eval,8,word_piece,0.0478106699883937,0.99440336227417,Corpus Christi Bay,Corpus Christi Bay,John Cullen,25,False,0.27606008551150985,0.24483652800676983,0.8533871672516117,0.2671302968367584,0.22013745624339706,0.2219937643656842,0.1879901844826603,0.224596336594266,0.22851005173378086,0.25528981359413955,0.031223557504740013,-0.0018563081222871258,-0.0366061521116057,0.06062325056621177,0.08325841296079506,-0.009210049278636799,0.20370902399821736,0.17790918201175757,0.9244467461720018,0.8833859778208171
126,464,eval,less,word_piece,1.335012435913086,0.4562287926673889,1998 National League Wild Card tie @-@ breaker game,1998 National League Wild Card tie-breaker game,Mega Man & Bass,26,False,0.36330566909251955,0.20182832162186076,0.87194837729231,0.1819170708162171,0.1345334024779526,0.14163937401999188,0.08989047128555118,0.13246576902610174,0.18483336625280575,0.18301562801937754,0.16147734747065878,-0.007105971542039291,-0.04257529774055056,0.04596968249476277,0.08651284591827722,0.039273881498286596,0.2227764396883401,0.19791225313882946,0.9161134254120189,0.682098114552005
127,557,eval,ed,word_piece,2.957185745239258,0.401785284280777,The Good Terrorist,The Good Terrorist,Rio de Janeiro bid for the 2016 Summer Olympics,27,False,0.36194785789933764,0.3491011914255977,0.9152670107783298,0.338049744577405,0.21531934114400011,0.22712211038345848,0.1677993791820316,0.21931194080961636,0.3195268279168718,0.31971324033397164,0.012846666473739943,-0.01180276923945836,-0.051512561627584746,0.10323181580548384,0.13324976902262672,-0.020088962888530827,0.3544002103746819,0.3170472335679542,0.886738262477643,0.7366952534608716
128,331,eval, ware,word_initial,1.0283615589141846,0.6154062747955322,Arikamedu,Arikamedu,The Importance of Being Earnest,28,False,0.43286952381807736,0.4094673656706684,0.918499494198178,0.3913660638392414,0.2823440196458396,0.29459025010955087,0.23293050523984077,0.29590572497683776,0.3699376656323512,0.3990880589228445,0.02340215814740898,-0.01224623046371126,-0.06297521973699699,0.04333086627189585,0.094210492088606,0.03097807987271957,0.3960352228584135,0.38201269643972013,0.9102866440527742,0.8598161388928054
129,98,eval, Club,word_initial,0.964145302772522,0.702376663684845,"West Hendford Cricket Ground , Yeovil","West Hendford Cricket Ground, Yeovil",HMS Boreas (H77),29,False,0.4839247923164588,0.409901888628332,0.8332392602637032,0.2841627787332542,0.17994330149595378,0.18523754801410372,0.17349057449016955,0.22832367535408588,0.25460875887884743,0.28282621801941016,0.0740229036881268,-0.005294246518149942,-0.05483310086391632,-0.06965705956890449,0.08469180788257746,0.1583651153042111,0.35161131949305596,0.3548859841580699,0.9178971236710188,0.7593728549114873
130,26,eval, The,word_initial,4.6618523597717285,0.1621715724468231,Johnson – Corey – Chaykovsky reaction,Johnson – Corey – Chaykovsky reaction,St Nazaire Raid,30,False,0.4580793797653518,0.4548385637689857,0.9160329404056764,0.4535976805948304,0.2971393876616333,0.318115410416745,0.2477879586260109,0.32006574739967447,0.45122404749105594,0.4419933926147141,0.0032408159963661087,-0.020976022755111734,-0.07227778877366356,0.2750652794118157,0.2505262065297387,-0.050312756180153774,0.5098642996484274,0.4218413324553663,0.9066914148567625,0.6304054957190449
131,435,eval, (,punctuation,3.871659278869629,0.145909383893013,Hydnellum peckii,Hydnellum peckii,Ouw Peh Tjoa,31,False,0.3261997123154766,0.2751246028538345,0.8193717256599727,0.2802740573078682,0.19733466780786404,0.21412373343183222,0.18248655816265455,0.2170916300260903,0.27904704121141205,0.28229618555615255,0.05107510946164212,-0.016789065623968175,-0.034605071863435755,0.025198217489357532,0.06220434525887278,0.03440811761171477,0.27272854547204334,0.25692419198165384,0.9326056359027125,0.8608074310342945
132,426,eval,ers,word_piece,2.6471736431121826,0.4689787924289703,The One I Love ( manga ),The One I Love (manga),Principe Amedeo-class ironclad,32,False,0.43377351847848156,0.3990191744407898,0.9329782556800508,0.4359744602976276,0.3304097041987647,0.3406570887800335,0.2821221139728458,0.3364570534686289,0.4108929878967466,0.4433827275196464,0.03475434403769173,-0.010247384581268781,-0.05433493949578311,-0.14367754818863268,-0.18257818514475935,-0.01048202259168369,0.3936521994616785,0.41916117505801137,0.9075262187606177,0.7373240171583261
133,223,eval,ed,word_piece,1.6524819135665894,0.4646284580230713,Otra Nota,Otra Nota,Hurricane Lorenzo (2007),33,False,0.37251986956568495,0.37507004216308676,0.9142826284386372,0.3643482752395804,0.28228059165722935,0.2899523980818566,0.23133842399480167,0.2909973705493028,0.3604627815991911,0.36856655094357305,-0.002550172597401812,-0.0076718064246272255,-0.05965894655450113,0.07007915083388251,0.10133532189788508,-0.0018059484310151937,0.4264449762636397,0.41166203055640227,0.8900006264145015,0.7826949109003953
134,97,eval,iac,word_piece,0.0096930852159857,0.9990320205688475,"Papal conclave , 1769","Papal conclave, 1769",Weather buoy,34,False,0.27338852815629905,0.21301366358353255,0.8971884566463244,0.2420800517840733,0.17376131722905316,0.17807051874153304,0.16169955618357684,0.19983071706932454,0.20266437666327097,0.2394091780903022,0.0603748645727665,-0.004309201512479877,-0.038131160885747695,0.002209424352959907,-0.04005296692223872,-0.04021653892881833,0.1718720926710437,0.15941950812115163,0.9214889018606724,0.7784077394907988
135,33,eval, sound,word_initial,1.688603162765503,0.4301143586635589,Devin Townsend,Devin Townsend,HMS Hostile (H55),35,False,0.3787717553524084,0.3657508819623345,0.9020259253976408,0.3421126645179287,0.23849080368765843,0.24215733312866014,0.17513052212684763,0.2557306665937805,0.3185945296938272,0.3424471103585743,0.013020873390073906,-0.003666529441001709,-0.0806001444669329,-0.05297886143720836,-0.03439428465628199,0.049823393811726166,0.33317535511774243,0.3288851690588071,0.8840395167439308,0.7398336987210282
136,96,eval, =,punctuation,0.1070789247751236,0.9826038479804992,Hurricane Omar ( 2008 ),Hurricane Omar (2008),"Saint Leonard Catholic Church (Madison, Nebraska)",36,False,0.5330470283747136,0.4516644189551833,0.7847762112434621,0.480914385168052,0.4798953231700869,0.4901591475978218,0.4445934990601683,0.4970641965005972,0.4434331905409304,0.5130041441972598,0.08138260941953035,-0.010263824427734936,-0.05247069744042887,0.013475849687803479,-0.009171275177760101,-0.024300507963732353,0.5060654921154647,0.4866799351289867,0.9419028974590379,0.8183382370990541
137,540,eval, the,word_initial,3.4534332752227783,0.2724482119083404,"Waterfall Gully , South Australia","Waterfall Gully, South Australia",First Battle of Maryang San,37,False,0.5076331124092155,0.439467338059955,0.8901798521815971,0.4127300903869323,0.25783320549978545,0.2762728344933161,0.21727816628797383,0.2799435198291347,0.38833553454564657,0.39759171426702933,0.06816577434926047,-0.018439628993530632,-0.06266535354116085,0.16293257076888215,0.2174767709269992,-0.02175260977804059,0.43346554794988273,0.3880196104887555,0.9220295107549783,0.8640799751301115
138,384,eval, ),punctuation,0.1407545059919357,0.974965512752533,Laurence Olivier,Laurence Olivier,"No result, Pts",38,False,0.5178105407769318,0.4578627242361838,0.8127081133470961,0.44264877710797,0.3763964753479926,0.37631684471043714,0.3212432398796472,0.3958882541861342,0.4213132533211248,0.4465261168166269,0.05994781654074799,7.963063755545008e-05,-0.07464501430648701,0.18588591180009678,0.167166530153636,-0.14646057071233523,0.46964160246104564,0.37650862958063613,0.681602952999195,0.7219284463455613
139,579,eval,ip,word_piece,0.8721409440040588,0.790145218372345,Corythosaurus,Corythosaurus,Grammy Award for Best Concept Music Video,39,False,0.4552851776262977,0.4027893553080756,0.9621672875997088,0.4071675359287015,0.32503030414460216,0.3350967884767693,0.2670454051570338,0.32203188488272594,0.37292642649477753,0.4033175122283898,0.05249582231822214,-0.01006648433216717,-0.05498647972569215,0.11825748324534416,0.1053897074242151,-0.07246787939772363,0.3582777409057431,0.32538880760763955,0.9219879757649789,0.6809814539357322
140,315,eval,5,word_piece,0.01003123447299,0.9990850687026978,The Litigators,The Litigators,Europium,40,False,0.4189726128033142,0.40075239251326067,0.8914699055144052,0.38577906055912,0.3002332805443891,0.3089488526758428,0.24727247432698143,0.3302487305601334,0.37663326915649525,0.38645540163101944,0.018220220290053546,-0.008715572131453742,-0.08297625623315194,0.08570320054526329,0.09757464136130879,-0.032931901724192476,0.39253701569039545,0.3579057888805199,0.8899513253851576,0.9039767135094623
141,317,eval," ,",punctuation,1.2495945692062378,0.7072787284851074,Sclerodermatineae,Sclerodermatineae,Species (film),41,False,0.4540456062356512,0.39789179834400124,0.8873071523390885,0.3697868757737562,0.26773799134581805,0.28167767304260827,0.24495435170131086,0.28261730931082973,0.33507925660629334,0.35708829092585526,0.056153807891649976,-0.013939681696790218,-0.03766295760951888,0.24624582761642894,0.21689923747727197,-0.1674489114359304,0.3926229385208993,0.30889788042231475,0.8789160420580505,0.7559240237987048
142,77,eval, the,word_initial,3.3341848850250244,0.3206658959388733,Norman Finkelstein,Norman Finkelstein,Blackwyche,42,False,0.3518258101361792,0.3588549133845872,0.8936654440042254,0.3463134494897061,0.2237126390959778,0.24158674209352538,0.18452853219284004,0.22915309885110458,0.317606437640532,0.3244618567943769,-0.007029103248407997,-0.017874102997547575,-0.04462456665826453,0.02673981931100522,0.12134576771498377,0.09235979394070984,0.31259114563695645,0.30317924167859117,0.920004962498128,0.9150331807903488
143,105,eval,1,word_piece,0.0002400887169642,0.9999819993972778,Frederick Reines,Frederick Reines,Liu Kang,43,False,0.615292927380679,0.6143020523671167,0.9083740210407428,0.4986050783999882,0.4372855355079179,0.4292043167382149,0.325719112230983,0.4269786453871517,0.4532998985818555,0.4935947440411147,0.00099087501356232,0.00808121876970297,-0.1012595331561687,0.04625106442191981,0.10973948670418733,0.06228637878307409,0.4514385299643403,0.4400872408770025,0.9637302208486637,0.8677221753942704
144,216,eval,1,word_piece,0.5313752889633179,0.7772226333618164,Mycena galericulata,Mycena galericulata,Monty Can 't Buy Me Love,44,False,0.45783674282582953,0.6016080516180027,0.8247890184424578,0.5055422517114466,0.5041322197495479,0.4878288889294532,0.4833225967995379,0.5517914518148238,0.45887034581735037,0.5174053382997076,-0.14377130879217315,0.01630333082009472,-0.06846885501528593,0.02801764795549218,0.00012011494516377249,-0.04346052615200644,0.473439261532611,0.4826934409085353,0.89899166650967,0.6889527944617265
145,359,eval," ,",punctuation,2.5072638988494873,0.2595648467540741,Tropical Storm Abby ( 1964 ),Tropical Storm Abby (1964),Truth in Numbers?,45,False,0.3707532756161016,0.2901338331550418,0.8646711882143121,0.2844018836867996,0.21184373212407553,0.2341668897960936,0.18501738447456767,0.22260612346241457,0.2870202252447449,0.2831209421682777,0.08061944246105979,-0.022323157672018062,-0.0375887389878469,0.05964280570270626,0.062237912479024805,-0.034528358316188786,0.3572807396252566,0.30358633443924865,0.8331264998773026,0.7668017904747996
146,623,eval, a,word_initial,4.7125043869018555,0.1847860366106033,Perry the Platypus,Perry the Platypus,Henry Hoʻolulu Pitman,46,False,0.47951116542829675,0.4404443652956147,0.9341455002882671,0.4716659835689495,0.29531320817147777,0.31961332839409445,0.24787792394629568,0.32045695532304513,0.46234812384576884,0.45373014529006755,0.039066800132682045,-0.024300120222616683,-0.07257903137674945,0.0018300391230536676,0.17829347876445703,0.14863210238303712,0.4601667702879834,0.43727203986486957,0.9292320761606682,0.8877437481497842
147,289,eval, Ou,word_initial,0.0004535032785497,0.9999650716781616,Battle of Merville Gun Battery,Battle of Merville Gun Battery,Gregory Helms,47,False,0.39647032650216135,0.35790482122901984,0.9067909056946184,0.3426384845715628,0.254360252488411,0.25954871664810625,0.2142463861953357,0.27073299039398646,0.29616151094531407,0.3306179794576805,0.03856550527314151,-0.005188464159695261,-0.05648660419865076,-0.010176048618681096,0.000842242256527913,0.01689837350887116,0.31798386662519745,0.2941178492778315,0.911473936776021,0.8249086866624417
148,475,eval," """,punctuation,0.1624452173709869,0.9815743565559388,Road to the North Pole,Road to the North Pole,Elephanta Caves,48,False,0.48054081821416483,0.47633007845320363,0.8263336908754233,0.4303833584323402,0.3882831943683162,0.3974637980000604,0.3261574493397601,0.3823276944810163,0.4178384947195266,0.4501232549360679,0.004210739760961202,-0.009180603631744166,-0.05617024514125618,0.15590958807379235,0.1990532330660263,-0.018927524431839857,0.48341913046728346,0.4412323332830182,0.9322245472549359,0.8409547325499344
149,376,eval, Che,word_initial,0.014572792686522,0.9987257122993468,M @-@ 108 ( Michigan highway ),M-108 (Michigan highway),Irresistible (The X-Files),49,False,0.4252458811950061,0.37499464145077244,0.9625658066153824,0.414969863721623,0.3037211201345279,0.311710722166904,0.24879835562771666,0.3205658679058721,0.35895481361835224,0.4136265914387192,0.05025123974423368,-0.007989602032376086,-0.07176751227815545,0.07576784381468495,0.03905778175369655,-0.05711764547769775,0.3352555585719297,0.311117128430451,0.9265404100414796,0.8038777807755496
150,530,eval, solution,word_initial,2.1713080406188965,0.3602375984191894,T30 Howitzer Motor Carriage,T30 Howitzer Motor Carriage,The General in His Labyrinth,50,False,0.39397762985659623,0.33237065972472524,0.9289029653903452,0.3025929510726095,0.21113739494692207,0.2247137963802718,0.19935749012173884,0.2671101240246106,0.3018129175141167,0.3001729828957741,0.061606970131871,-0.013576401433349733,-0.06775263390287176,0.05851181699866288,0.10105322386208847,0.012165471347446584,0.35345566333240186,0.3221820458021727,0.9003335648409244,0.810344252446658
151,346,eval, the,word_initial,1.9690685272216797,0.3778873383998871,Richard Cresswell,Richard Cresswell,Subtropical Storm Alpha (1972),51,False,0.3758900767900925,0.41194176119464027,0.9096310777940992,0.4025573481123289,0.2683261781618429,0.2923365572063948,0.2122566601808802,0.2701522203079134,0.36587108142665986,0.3841843741942734,-0.03605168440454776,-0.02401037904455189,-0.0578955601270332,-0.015468813075356394,0.008679858794851295,0.03011478951681336,0.32883428246091206,0.34541596663585467,0.9060464992279414,0.7971740819001342
152,172,eval, condemned,word_initial,0.2683050036430359,0.9499626159667968,Ulysses ( poem ),Ulysses (poem),766th Independent Infantry Regiment (North Korea),52,False,0.3318424572716376,0.3198136684449864,0.8977440975216446,0.3050787779600464,0.21393441372429553,0.21873899704391433,0.17654770343919227,0.22952835620984396,0.2913183768702792,0.2925573449514889,0.012028788826651204,-0.004804583319618805,-0.0529806527706517,-0.06001383680469439,-0.12331680750853857,-0.0449012023277418,0.24586916832806138,0.26126254937266963,0.9310726520622408,0.6890028175779848
153,617,eval, in,word_initial,0.9608709812164308,0.5941264033317566,Wilhelm Busch,Wilhelm Busch,M-47 (Michigan highway),53,False,0.32675908862524095,0.3318161938732338,0.8859772861442085,0.2857412476905631,0.17832087459239837,0.20511481850150376,0.16894613894646132,0.21115825103569275,0.27183866398888046,0.28022509887471286,-0.005057105247992855,-0.02679394390910539,-0.042212112089231424,0.052195496405506754,0.07485325778100495,-0.014271265126698497,0.2866800497922138,0.2813911478175731,0.9004348657386345,0.8313984645103123
154,348,eval, air,word_initial,0.2205756157636642,0.9663551449775696,Xenon,Xenon,Stanley Green,54,False,0.30260724721105076,0.27133321680329664,0.7939600912485353,0.2550616708810103,0.19307528051181885,0.20329567519622452,0.14411811761438992,0.19245936677920858,0.25596605348420315,0.26973639283831496,0.031274030407754116,-0.010220394684405665,-0.04834124916481866,0.03167276127328018,0.06943503207554934,0.022421428959181124,0.2619588494609958,0.24450089896426933,0.9336602810117491,0.9053614308145108
155,184,eval, on,word_initial,1.2354724407196045,0.4118027687072754,1986 Peach Bowl,1986 Peach Bowl,2007 Hawaii Bowl,55,False,0.1793617699292953,0.1914619981421589,0.9005202260376267,0.1058421096168476,0.07968018382151233,0.08362790624153778,0.0695050683871692,0.0878891790745718,0.10826108555736272,0.10361220830362915,-0.012100228212863579,-0.003947722420025446,-0.018384110687402602,0.0879888795279588,0.1513307069245062,0.10340540304710504,0.16378639905990083,0.15218107894309502,0.9833931876829393,0.9453253326064208
156,458,eval, overall,word_initial,0.6489278674125671,0.8602908849716187,President Evil,President Evil,Andrew Johnston (singer),56,False,0.3699430985141362,0.39087225485601984,0.8424208733745383,0.3227066851288075,0.27304379749807495,0.27856063980048257,0.23491140076666828,0.3131181617001201,0.3147691357014692,0.340277099095077,-0.020929156341883637,-0.005516842302407621,-0.0782067609334518,0.052817077773232995,0.005479769948837512,-0.07840732824907225,0.3745460636841307,0.37186509269052936,0.893497948337309,0.8543910439691278
157,501,eval, to,word_initial,3.2978053092956543,0.5041120052337646,Yo @-@ Yo ( Nicola Roberts song ),Yo-Yo (Nicola Roberts song),Jane's Attack Squadron,57,False,0.4909602229493965,0.42305487026022487,0.9179487936400336,0.407269594057691,0.275142832702718,0.29042570595644474,0.21184454632404467,0.2760203682848805,0.3875798102389542,0.39045423369773397,0.06790535268917164,-0.015282873253726736,-0.06417582196083585,-0.1807363310706313,-0.12197471644913468,0.17383795664026028,0.365164116436467,0.41519691988408297,0.8812188721747412,0.7844636841375715
158,23,eval, ships,word_initial,2.50343656539917,0.2852745652198791,SMS Zrínyi,SMS Zrínyi,Rachel Green,58,False,0.2562643733809158,0.1885766530719594,0.8667564623040475,0.2134610138504858,0.14633167696317656,0.15032030811390973,0.1263306394899113,0.17340636647554764,0.18809128363527935,0.21549142661130527,0.0676877203089564,-0.003988631150733168,-0.047075726985636335,0.10933995372643689,0.13107074223974433,-0.04347332291663512,0.23275688024566,0.1811612725284985,0.9032512146533181,0.7848210365409856
159,490,eval, was,word_initial,1.598610758781433,0.4083672761917114,Sweet Love ( Chris Brown song ),Sweet Love (Chris Brown song),New York State Route 38,59,False,0.39555234998613165,0.34196047426355775,0.9033892069465512,0.3577225028816332,0.25855638452169916,0.27201962698341436,0.22046439231035123,0.2722487954405258,0.38525218557540536,0.3545181550014917,0.0535918757225739,-0.013463242461715208,-0.0517844031301746,-0.031721982090271175,-0.1080641060008121,-0.08532158779520764,0.33843228861877506,0.3368958353738053,0.9007015587439006,0.7841610126477151
160,603,eval, in,word_initial,3.090803623199463,0.3243800103664398,Development of Fez,Development of Fez,Old Baltimore Pike,60,False,0.3502487358002135,0.3498166386637513,0.8889499505732108,0.3584952404728824,0.22562804525864252,0.24382324382396678,0.18272403592909897,0.24836386612514202,0.34005045793818794,0.34770772634796016,0.00043209713646219505,-0.018195198565324255,-0.06563983019604305,-0.061210611654296684,0.03593786449706582,0.10548224451890453,0.318710506398453,0.32637010292084406,0.9388022947750545,0.8695154441530677
161,58,eval, US,word_initial,0.0298624131828546,0.9970198273658752,Species of Allosaurus,Species of Allosaurus,"Baltimore mayoral election, 1999",61,False,0.4398821644832649,0.3975533478709167,0.936598271574322,0.3934147713360686,0.28717609945930805,0.29937523267089605,0.2170947204624685,0.2660201466234044,0.36313220747290176,0.40038038107633034,0.04232881661234822,-0.012199133211587998,-0.0489254261609359,0.18527153866099588,0.14772656668230988,-0.13151271292474595,0.35606138095195317,0.31477299674093656,0.9105522772592995,0.792447764673873
162,264,eval, du,word_initial,0.0013271761126816,0.9998905658721924,My Boo ( Usher and Alicia Keys song ),My Boo (Usher and Alicia Keys song),Illinois (Sufjan Stevens album),62,False,0.46982700483584405,0.4575369116817585,0.932809381344513,0.4203851937688737,0.3315817714290277,0.3353583034642277,0.2526795688514552,0.32145707614790414,0.4062470780933151,0.40862623798490944,0.01229009315408558,-0.003776532035199953,-0.06877750729644894,0.016165567264332322,-0.12448079760624445,-0.1251545208976452,0.35968077343491933,0.3598886292044714,0.97018514426867,0.8852154658645265
163,529,eval, others,word_initial,0.8257675766944885,0.8242555856704712,Jin – Song Wars,Jin – Song Wars,NoitulovE,63,False,0.3857678382017419,0.3612327328972178,0.8839294496882174,0.3719288564261016,0.2630534130967918,0.26920325646083226,0.24486341345661972,0.310245020814423,0.3210686943877148,0.37076347890505373,0.024535105304524074,-0.006149843364040453,-0.0653816073578033,0.16045838166123774,0.21125648373612352,-0.01887248194416212,0.3734161531821564,0.34122823811290776,0.9026550409589427,0.8250731187291258
164,486,eval,-,punctuation,0.0008356854668818,0.9999380111694336,Mitsuyo Maeda,Mitsuyo Maeda,Simon de Montfort's Parliament,64,False,0.42010304771499246,0.43553877849025274,0.7185959653579632,0.402464747545584,0.44428104172874355,0.43857843714853034,0.3756245778983599,0.4384371675246425,0.35992516038516875,0.4178947992256356,-0.015435730775260281,0.005702604580213211,-0.06281258962628261,0.07793538701397426,0.11900496624387337,0.009235910624638355,0.36726529536081975,0.3380288932436937,0.9416725611700666,0.8196787488859819
165,85,eval, defended,word_initial,0.1788589656352996,0.9667021036148072,Leanne Del Toso,Leanne Del Toso,Cater 2 U,65,False,0.2430434402711576,0.2695855429888028,0.896738184698408,0.2374175033289237,0.19471966102792185,0.18577755330871387,0.15234343763004438,0.20622542536483568,0.23081256752101628,0.22883968885825492,-0.026542102717645177,0.008942107719207976,-0.0538819877347913,0.04662966377473692,0.03046941282602292,-0.0320915593006273,0.25275939636810657,0.2400758099285329,0.8948824405175917,0.816393437629601
166,498,eval," ,",punctuation,0.7299540638923645,0.7099871635437012,Directed acyclic graph,Directed acyclic graph,Kitsune,66,True,0.3019466650533711,0.19894610852215827,0.8138459147205434,0.2047089789487053,0.16219234967873353,0.1631713965749408,0.13258458530219033,0.1527764702526106,0.2156619060353393,0.2054857288054075,0.10300055653121282,-0.0009790468962072862,-0.020191884950420264,0.09311442617832155,0.13352297232995752,0.03316385925084747,0.26220180607868243,0.2208227243040138,0.9231287598715966,0.7380950240826769
167,424,eval, ,punctuation,1.8428657054901123,0.3636420965194702,Adams River ( British Columbia ),Adams River (British Columbia),Geopyxis carbonaria,67,False,0.45144863013290026,0.3414228463901002,0.910938917918878,0.3482022591814391,0.2168461717385738,0.2343768133988579,0.18879421766366794,0.23483621419154585,0.3301105415194776,0.33971613837400766,0.11002578374280009,-0.01753064166028412,-0.04604199652787791,0.06692525269107366,0.20526685121741903,0.09455830457045378,0.33305585113247077,0.30212241554027025,0.9409475546777523,0.8194586830754801
168,205,eval, a,word_initial,3.282506227493286,0.2704570889472961,Stop ! ! Hibari @-@ kun !,Stop!! Hibari-kun!,Texas A & M Singing Cadets,68,False,0.33033026983407915,0.3361713227439263,0.9160499448691368,0.3669378575845188,0.2648764434385472,0.2758360398838651,0.22215308620114335,0.28832291500641843,0.3576326973643801,0.35706654185740877,-0.005841052909847155,-0.01095959644531791,-0.06616982880527508,-0.042631918319032194,0.01429491330281707,0.10725830078608237,0.3403062776770568,0.34313883786469135,0.8582849530751832,0.7535119117244902
169,263,eval, Bal,word_initial,5.231433868408203,0.1135884970426559,Kedok Ketawa,Kedok Ketawa,Georgian scripts,69,False,0.4150453258904777,0.4157961271851867,0.9533332633883294,0.3997943737569566,0.294035103689401,0.2979002371202122,0.23754316739608647,0.2986544934456123,0.3532535297930817,0.3928917490964024,-0.0007508012947090026,-0.003865133430811185,-0.06111132604952582,-0.007105522472462585,0.06704834250513013,0.06204265344732948,0.3180471112192496,0.29757574615897003,0.9036500172359508,0.8821179968604611
170,282,eval,0,word_piece,0.0870299115777015,0.9846315383911132,Gerard ( archbishop of York ),Gerard (archbishop of York),God's Choice,70,False,0.4586129689413392,0.40449708492805686,0.906095090841974,0.4038866548781402,0.3053174504627742,0.3159108103545754,0.2556561663352188,0.30875211835656047,0.36391598488889265,0.40972672158444856,0.05411588401328232,-0.010593359891801213,-0.05309595202134165,0.0018285432187264263,0.13466646006085764,0.11154506598724397,0.38180030343904187,0.35489074537032556,0.9103725310299629,0.7347608408892254
171,21,eval, release,word_initial,1.3703656196594238,0.6225173473358154,South of Heaven,South of Heaven,Inocybe praetervisa,71,False,0.2956111596872,0.2748161625260571,0.8652746646088209,0.2639211247862556,0.18992546518185235,0.20274790151591773,0.1674136616732901,0.18804119096986024,0.25370710497832155,0.2658907194440492,0.02079499716114286,-0.012822436334065379,-0.020627529296570135,0.0455756329382003,0.08291803777681048,0.012342710444321241,0.3041865792746633,0.28962438190092643,0.9161636605861226,0.7786086171700428
172,448,eval,9,word_piece,0.0093393651768565,0.9989200830459596,Blackburn Firecrest,Blackburn Firecrest,"No result, Pts",72,False,0.4126641598729868,0.38087486542841625,0.9240371641915288,0.42129322559934,0.3083050657652643,0.31378672474323105,0.257370034324852,0.3281161800374393,0.3777354644254359,0.41217168121895453,0.03178929444457057,-0.0054816589779667635,-0.0707461457125873,0.037020589177565504,-0.04950664833229866,-0.05864131103760596,0.33175317777479424,0.3395607718679014,0.7027839469108,0.7757246842193614
173,474,eval, diss,word_initial,0.000689948676154,0.9999489784240724,Tropical Storm Olaf ( 1997 ),Tropical Storm Olaf (1997),First-move advantage in chess,73,False,0.422436503331583,0.3826868344522564,0.901927342017018,0.3561183996388821,0.28686614402172295,0.2924439763179743,0.2421657513735698,0.2956079374757317,0.34955249055784493,0.35832499325278,0.03974966887932663,-0.0055778322962513616,-0.05344218610216192,0.05135910640391719,0.09697293535206297,0.019219619701700042,0.34411847622831826,0.2983408106768753,0.9109125963804681,0.7043063802669841
174,155,eval,yn,word_piece,1.12004554271698,0.7724728584289551,Sister Wives,Sister Wives,Lost Horizons (Lemon Jelly album),74,False,0.2010697418652692,0.2218561899259127,0.8163772489571718,0.1752321525537981,0.12945415568683688,0.1276583149224607,0.1290903832438648,0.16172016270148237,0.1501944536240847,0.15523919958373178,-0.020786448060643475,0.0017958407643761942,-0.03262977945761758,0.12266567594205903,0.06656285020037592,-0.10947786084578597,0.20646041907830082,0.15795652520613268,0.8727663905315396,0.8810080603919486
175,125,eval,1,word_piece,2.153231620788574,0.2512907683849334,Ireland,Ireland,2010 Haiti earthquake,75,False,0.6005003815579777,0.5821525665055374,0.8492495845878457,0.5449742630355391,0.5392097115440166,0.5321769336698241,0.46448647288845624,0.5468841855387822,0.5121261710009272,0.5599501982891377,0.01834781505244032,0.007032777874192542,-0.08239771265032592,0.06676386341706879,0.06792806816585857,-0.01711730306831357,0.48857003339594224,0.4968102236076534,0.932796363826912,0.849760556979866
176,429,eval, Death,word_initial,4.115546703338623,0.3270979523658752,James Robert Baker,James Robert Baker,Star,76,False,0.3242332547945627,0.3483916184659283,0.8908611083702643,0.3270504341078523,0.18096839296200595,0.20221810284166292,0.16837867954824826,0.20282450650790262,0.30740329408645506,0.33997370144435385,-0.02415836367136559,-0.021249709879656964,-0.03444582695965437,-0.06182764819057157,-0.009046194244641571,0.07111800552869864,0.2596087954751104,0.3101676060279868,0.9058053160736967,0.9314311847036741
177,273,eval, election,word_initial,0.7049641013145447,0.831855058670044,Rob Howard,Rob Howard,Cadmium,77,False,0.3311076788479474,0.30862683527429874,0.9284301856371584,0.2932418269715522,0.21322473581356685,0.223541904899263,0.18347604840691023,0.23319131089676887,0.2847224042995314,0.29844441544596534,0.022480843573648657,-0.01031716908569616,-0.049715262489858636,0.08959830185375654,0.05415998904467545,-0.07921358787712514,0.3094899213215217,0.27204929750230067,0.9085323671231146,0.8949269886856831
178,61,eval, also,word_initial,1.1072348356246948,0.6992820501327515,"The Fox , the Wolf and the Husbandman","The Fox, the Wolf and the Husbandman",Vitamin D (Glee),78,False,0.3178686909044486,0.29327645619062154,0.8345001342402306,0.2908108786727368,0.21469793724272998,0.2298842167580673,0.2242935778146905,0.2546900608661286,0.2922380224452292,0.29006751552329,0.024592234713827044,-0.015186279515337325,-0.030396483051438106,0.037634842534960175,0.0722095299702306,0.015050542840444691,0.28711044280987563,0.28423217603084816,0.8703629377785498,0.8063619846208747
179,382,eval, arcade,word_initial,3.4263205528259277,0.1562425345182418,Boy @-@ Scoutz ' n the Hood,Boy-Scoutz ' n the Hood,Paul Thomas Anderson,79,False,0.33844362877659157,0.2849627364309177,0.8712666771788659,0.2790732316702873,0.1789092532555388,0.19107143073445232,0.14898796021849608,0.17601896024182617,0.27638681145395566,0.2762590132756625,0.05348089234567388,-0.012162177478913516,-0.027031000023330087,0.08557103138981421,0.06058867327203004,-0.05406910903791831,0.29516228175699577,0.26542011734253307,0.9335073483636179,0.7716840554505894
180,122,eval, US,word_initial,0.6141007542610168,0.748918354511261,M @-@ 122 ( Michigan highway ),M-122 (Michigan highway),Le souper de Beaucaire,80,False,0.3419951339173009,0.2519859999249329,0.8138537163815842,0.2112337463615996,0.1904888302780865,0.19418782260792625,0.15848119050175555,0.18688771605982457,0.19952812591668762,0.22510169117696752,0.09000913399236798,-0.003698992329839751,-0.028406525558069023,0.0946310692379781,0.15085541847885028,0.006193422613992237,0.2494923360656211,0.19472464157422134,0.8959297550620324,0.8319786161711903
181,535,eval, waters,word_initial,0.7110874652862549,0.826221764087677,Diamond stingray,Diamond stingray,AIL Storm,81,False,0.393038266354672,0.35736340867721955,0.9028918830772028,0.3576349821072844,0.24418867611146214,0.2586470451376967,0.19036553102714962,0.25657029197366543,0.34957387462054057,0.36232878494758586,0.03567485767745243,-0.014458369026234569,-0.06620476094651581,-0.006618172746651327,0.05290781154810167,0.06439635094815613,0.36806763835718515,0.34608712333857655,0.9271580537028481,0.8457867552177417
182,362,eval, on,word_initial,1.0008859634399414,0.7433846592903137,E. W. Hornung,E. W. Hornung,Fieldfare,82,False,0.3149791896764229,0.31067208990320644,0.8931599333133075,0.3092439658497311,0.22175591145707768,0.23823594169766404,0.19609814484917426,0.24878434497044064,0.29663087856002823,0.3121157268579579,0.004307099773216472,-0.016480030240586363,-0.052686200121266374,0.07322843562385029,0.08455787622994426,-0.02376471323849902,0.2874899810987018,0.26380895428679235,0.9163039893226779,0.8279180815005637
183,81,eval,5,word_piece,0.1210910752415657,0.9835898280143738,Yamaha NS @-@ 10,Yamaha NS-10,2nd Battalion 9th Marines,83,False,0.5375253042373115,0.43872897264765703,0.9427064972307378,0.4287703019096302,0.3298263118103484,0.33684608549759953,0.2539879522893485,0.3301159634111716,0.3948624577069669,0.424966221754758,0.09879633158965445,-0.007019773687251152,-0.0761280111218231,0.1517627847885812,0.20392852614833534,0.014224811288616515,0.4151907357030638,0.3334377485297759,0.9062248968221897,0.8061200828389798
184,140,eval, directly,word_initial,1.8336492776870728,0.410364419221878,Florida State Road 878,Florida State Road 878,Central Area Command (RAAF),84,False,0.2624121778189418,0.24505522382896153,0.8872834227206049,0.2135047391653818,0.14765164033860603,0.1550790029916807,0.14534400334964656,0.1932856530848514,0.20706185550944803,0.22602124540830998,0.0173569539899803,-0.007427362653074671,-0.047941649735204844,0.0274555498050794,0.12213523183265236,0.07498571873461775,0.2475372034524749,0.2329657641963979,0.9258005453330161,0.8458972398318925
185,226,eval, and,word_initial,3.351796388626098,0.2675839066505432,Qedarite,Qedarite,The Food Album,85,False,0.44899978884780545,0.43752565113208897,0.8713721687769267,0.4376491881127798,0.28230109634590117,0.3088841710701359,0.2787115471272179,0.3213038287352359,0.4071987368567064,0.43196577788557106,0.011474137715716481,-0.026583074724234712,-0.04259228160801798,0.05306562803387794,0.14743299019491804,0.06582001442766208,0.43126370744366466,0.3956901114984398,0.9268058766390165,0.8882889316354263
186,461,eval, Angel,word_initial,0.0258080009371042,0.9972171783447266,Kyra ( Charmed ),Kyra (Charmed),Independence Day (India),86,False,0.46045039225952933,0.3120239970531212,0.8894164536086431,0.3242543271572232,0.23863784208876035,0.24268779565602916,0.23089207958051056,0.2621236175023987,0.2769417765526304,0.31672082490020464,0.1484263952064081,-0.00404995356726881,-0.031231537921888153,0.12923170432465983,0.11859762186563189,-0.06556495091977116,0.3312169203686469,0.26343530631644463,0.8850738578139619,0.7100019227082381
187,70,eval, in,word_initial,0.0001657346147112,0.9999891519546508,Corn crake,Corn crake,Project Chanology,87,False,0.4502000744310924,0.36519120911406094,0.9419940667536388,0.410797836986397,0.285793816711629,0.3012309093334572,0.21546222345182361,0.2787908334335856,0.38107673176185186,0.4097639378170491,0.08500886531703145,-0.015437092621828186,-0.06332860998176201,0.11866466591382692,0.12708164285986784,-0.06035115320903799,0.3664543750391194,0.29978522587672934,0.8863610845117952,0.8701042938422451
188,451,eval, =,punctuation,2.483933925628662,0.6392867565155029,Battle of Binh Gia,Battle of Binh Gia,Draining and development of the Everglades,88,False,0.429696936722392,0.338579273783144,0.7689345928145156,0.4540795953428253,0.4133355468663846,0.4473347581560935,0.40371452707191696,0.41411527773676227,0.4224960910065118,0.46770701018331606,0.091117662939248,-0.03399921128970895,-0.010400750664845304,-0.14083801066140908,-0.037068671590217615,0.1406520687606196,0.4334843751300029,0.43363345953905796,0.9371898494221091,0.7720433655461038
189,230,eval, PCA,word_initial,0.0037604090757668,0.999687910079956,Somerset County Cricket Club in 2009,Somerset County Cricket Club in 2009,Banksia violacea,89,False,0.37350639781564265,0.314918831574063,0.8944654821075234,0.3149866129387867,0.26425504529899435,0.25757325630869676,0.2137888377915193,0.27127377347022813,0.2659621671358228,0.30884042095139796,0.05858756624157968,0.006681788990297588,-0.057484935678708826,0.050213803900345154,-0.009798596210104068,-0.08279568210600623,0.2965608814512873,0.2692289910544966,0.9008556752935346,0.763619360862392
190,504,eval, Everyday,word_initial,0.0043442733585834,0.9995437264442444,Erving Goffman,Erving Goffman,10.6 ° compared to 7 ° for Mercury and 17 ° for Pluto) and moderately eccentric (e,90,True,0.32633044808370876,0.2029287658589831,0.9288441812885642,0.2669921659808286,0.22121780475800149,0.23817556115615732,0.15284696278207616,0.2009939117314852,0.27755222707652716,0.27752928742868854,0.12340168222472567,-0.016957756398155832,-0.048146948949409046,0.018603383931211807,0.0911243501004733,0.012979814137519552,0.2662689178608288,0.2647871569372237,0.6257592388115276,0.4603297194345554
191,45,eval,9,word_piece,0.420128583908081,0.8632624745368958,West End Girls,West End Girls,Gertrude Barrows Bennett,91,False,0.2525826208037114,0.23578940827533137,0.8108748146967543,0.2497480178086738,0.23597739583264754,0.2338113367704248,0.19603437728850412,0.23574238943768497,0.2059499606313051,0.2415747614706334,0.016793212528380036,0.0021660590622227527,-0.03970801214918085,0.03293345869886412,0.05678057707037546,0.007743091964218504,0.1979172734379025,0.1727144209460158,0.9149887137306467,0.8398060671695625
192,357,eval, During,word_initial,1.1589579582214355,0.570667028427124,SS El Sol,SS El Sol,Memory Almost Full,92,False,0.4377694639756486,0.42876543043821075,0.9396834343563952,0.4147501714893886,0.28262147218290234,0.3041963595548513,0.23169107077137963,0.2893680482207359,0.41385035553157984,0.4120287433231389,0.009004033537437839,-0.02157488737194896,-0.05767697744935629,0.16140128059961298,0.28126340727576016,0.04534629433754067,0.5037818451057905,0.44458423659481056,0.9158909597097291,0.8972336950924584
193,2,eval, Raphael,word_initial,0.3689241111278534,0.880511462688446,Cicely Mary Barker,Cicely Mary Barker,Khoo Kheng-Hor,93,False,0.38622295757850844,0.3725015907880496,0.8979559908642112,0.3133923557400533,0.2334444549933425,0.24176328699567273,0.20040343419937687,0.24387953194809545,0.2707061579659615,0.3058693642374779,0.013721366790458822,-0.008318832002330245,-0.04347609774871858,0.028921601228200772,0.11664582628808814,0.08666252745410905,0.30006042660404825,0.2815615469979928,0.9667987033363311,0.8456397042097663
194,92,eval," ,",punctuation,3.88494610786438,0.2054218351840973,Zhou Tong ( archer ),Zhou Tong (archer),The Convict (1910 film),94,False,0.33679198331824267,0.307512477645577,0.7998918292842319,0.3278236029264171,0.2695806748351466,0.2826504481774082,0.22740087810673895,0.28255574277172546,0.3446388845101258,0.32526106675719474,0.029279505672665684,-0.013069773342261615,-0.05515486466498651,0.16658436660425238,0.0998907190480084,-0.12257296153056908,0.32346057185304267,0.2812092113736674,0.9163871376483215,0.7565439849612513
195,422,eval,1,word_piece,2.2493131160736084,0.1869096606969833,Comair Flight 5191,Comair Flight 5191,The Moth (Lost),95,False,0.29819173139424443,0.21596023254289795,0.8510677382603385,0.2581490560191835,0.1942824732194781,0.1961460069458685,0.15279775647074412,0.1957445564578725,0.22591227025324687,0.25147162225630665,0.08223149885134648,-0.0018635337263903928,-0.04294679998712839,0.009784790566879411,0.08921259424709241,0.052421427089531285,0.2116504353142088,0.2035318834722472,0.8943657246237259,0.8342693229133491
196,189,eval, in,word_initial,0.1140954345464706,0.9766680598258972,Elgin Cathedral,Elgin Cathedral,Joe Nathan,96,False,0.37838896387767174,0.32595544685662964,0.8834351287941226,0.3163087009401678,0.2385519226860752,0.2470560243659284,0.20638451685525527,0.25966739332643446,0.3020463553167762,0.3205682027089606,0.0524335170210421,-0.008504101679853215,-0.053282876471179186,0.11086095237058335,0.10870082883553459,-0.05638317527778192,0.33362801716335766,0.3026996987938016,0.926131163070024,0.8555844441016607
197,569,eval, been,word_initial,2.3303754329681396,0.5033034682273865,Islais Creek,Islais Creek,2011 – 12 Columbus Blue Jackets season,97,False,0.4427122234719952,0.3239812073463599,0.931139098537984,0.408816770807808,0.26144022119680593,0.28253511961265,0.22588666522618453,0.28575358577532584,0.40619995210846127,0.4069099744617364,0.1187310161256353,-0.021094898415844054,-0.059866920549141306,0.15323751518778803,0.15010413592927582,-0.09010876514802815,0.3894845741633559,0.3268481694190995,0.884359777868778,0.6824706170818089
198,170,eval, Strom,word_initial,0.00254632323049,0.9997547268867492,"14 @.@ 1 years ) , 115mCd ( t1 / 2","14.1 years), 115mCd (t1 / 2",Skye,98,False,0.3604521660425829,0.3771671051962774,0.8918385403594774,0.3667922489079138,0.29033083774151447,0.2985906915528423,0.25085776893202777,0.29267565558633774,0.3396564318285402,0.36712705119860706,-0.016714939153694486,-0.008259853811327822,-0.041817886654309966,-0.06855044128860556,-0.07166190553406333,0.002260222505171805,0.27783078966601993,0.3454707442783295,0.5978663949735112,0.599996699906872
199,269,eval, featured,word_initial,2.8027210235595703,0.3188309669494629,Superman : Escape from Krypton,Superman: Escape from Krypton,Maggie Simpson,99,False,0.3639625384078698,0.3390333781155148,0.9201978505110014,0.334804731984811,0.21613781638007007,0.22349509934809556,0.18337968537675534,0.24291680846406014,0.33175492046605853,0.33225137426323137,0.02492916029235498,-0.007357282968025486,-0.0595371230873048,0.11272261165410868,0.06719368157533023,-0.09311750205480468,0.3708553464571375,0.32350589136510544,0.9146472349907778,0.8949829775044376
