stim_idx,doc_idx,split,topic_true,topic_foreign,foreign_stim_idx,error,p3_n_tok_true,p3_n_tok_foreign,base_p3_true,base_p3_foreign,base_p3_true_swap,base_p3_foreign_swap,base_p3_true_noinj,base_p3_foreign_noinj,base_p3_true_pt,base_p3_foreign_pt,cc_n_tok_true,cc_n_tok_foreign,base_cc_true,base_cc_foreign,base_cc_true_swap,base_cc_foreign_swap,base_cc_true_noinj,base_cc_foreign_noinj,base_cc_true_pt,base_cc_foreign_pt,av_p3_true,av_p3_foreign,av_p3_true_swap,av_p3_foreign_swap,av_p3_true_noinj,av_p3_foreign_noinj,av_cc_true,av_cc_foreign,av_cc_true_swap,av_cc_foreign_swap,av_cc_true_noinj,av_cc_foreign_noinj,text_true,text_true_noinj,text_n_tok_true,text_foreign,text_foreign_noinj,text_n_tok_foreign,text_prefix_tokens
0,391,pilot,Tropical Storm Brenda (1960),Politics of Croatia,100,,9,3,-61.67863082885742,-47.07590103149414,-58.08205032348633,-45.748008728027344,-56.21100997924805,-44.21009826660156,-6.85318120320638,-15.691967010498047,9,3,-65.51874542236328,-53.438995361328125,-62.50101852416992,-52.06165313720703,-58.93115997314453,-51.10380935668945,-7.279860602484809,-17.812998453776043,-35.46272277832031,-44.78202819824219,-64.1734848022461,-15.644479751586914,-34.351749420166016,-23.3262939453125,-38.01298904418945,-44.33456802368164,-61.806976318359375,-15.687050819396973,-35.465335845947266,-25.977642059326172,-6.219522476196289,-42.63676834106445,9,-33.95783615112305,-23.067529678344727,3,438
1,358,pilot,Hoover Dam,DuMont Television Network,101,,2,4,-26.352760314941406,-35.96444320678711,-24.82982635498047,-34.822471618652344,-22.6522216796875,-32.00077819824219,-13.176380157470703,-8.991110801696777,2,4,-27.494373321533203,-39.394100189208984,-26.726226806640625,-41.19492721557617,-25.76125144958496,-37.945648193359375,-13.747186660766602,-9.848525047302246,-14.450244903564451,-38.21002960205078,-26.984270095825195,-21.754222869873047,-21.037670135498047,-27.479890823364254,-17.235231399536133,-38.76324462890625,-28.821319580078125,-26.08094024658203,-22.599742889404297,-28.382564544677734,-1.7770918607711792,-13.585074424743652,2,-28.248685836791992,-20.83878517150879,4,270
2,601,pilot,Cape lobster,Sarnia,102,,2,3,-37.157135009765625,-36.01831817626953,-37.92664337158203,-41.379539489746094,-37.068946838378906,-40.253944396972656,-18.578567504882812,-12.00610605875651,2,3,-39.217933654785156,-42.04785919189453,-42.158565521240234,-49.17633056640625,-41.85650634765625,-54.54116439819336,-19.608966827392578,-14.015953063964844,-19.08112907409668,-23.043060302734375,-39.864593505859375,-16.839923858642578,-29.520832061767575,-22.0978946685791,-22.981374740600582,-23.839263916015625,-40.889617919921875,-19.207536697387695,-30.71691513061523,-23.46190643310547,-5.636440753936768,-24.48439598083496,2,-32.803260803222656,-15.534737586975098,3,169
3,452,pilot,June 1941 uprising in eastern Herzegovina,Why Does It Hurt So Bad,103,,12,6,-60.174415588378906,-48.474849700927734,-60.90013122558594,-56.2756462097168,-55.968814849853516,-44.506004333496094,-5.014534632364909,-8.079141616821289,12,6,-64.6495361328125,-53.45138168334961,-67.28559875488281,-56.982337951660156,-60.05417251586914,-52.912384033203125,-5.387461344401042,-8.908563613891602,-45.60056686401367,-43.30804061889648,-82.71575164794922,-41.376441955566406,-59.764278411865234,-40.40462875366211,-49.0732536315918,-46.333221435546875,-84.05204010009766,-44.15190505981445,-62.063358306884766,-43.881927490234375,-7.7564697265625,-44.51813888549805,12,-43.561485290527344,-28.393770217895508,6,54
4,354,pilot,Pokiri,Martin Keamy,104,,2,3,-40.40987014770508,-48.649169921875,-40.2485237121582,-51.76555633544922,-39.54576873779297,-52.51911163330078,-20.20493507385254,-16.216389973958332,2,3,-44.94036865234375,-53.165863037109375,-42.86164474487305,-54.77978515625,-38.897552490234375,-52.113304138183594,-22.470184326171875,-17.721954345703125,-32.34528350830078,-43.84767150878906,-36.410587310791016,-34.23883056640625,-28.05255889892578,-39.47969055175781,-32.91230773925781,-43.91168975830078,-37.78382873535156,-35.86275863647461,-30.253955841064453,-40.373260498046875,-7.032659530639648,-22.99979591369629,2,-46.30040740966797,-36.021034240722656,3,103
5,147,pilot,Rebbie Jackson,New Year's Eve (Up All Night),105,,3,9,-42.031280517578125,-56.13929748535156,-35.825077056884766,-67.25314331054688,-35.14889144897461,-57.18357467651367,-14.010426839192709,-6.237699720594618,3,9,-46.7980842590332,-57.93217086791992,-40.16542434692383,-72.59284973144531,-37.612159729003906,-65.81169128417969,-15.599361419677734,-6.4369078742133246,-14.084335327148438,-42.665977478027344,-33.889373779296875,-41.179168701171875,-22.999818801879883,-39.57896041870117,-14.9987154006958,-45.2397346496582,-33.51731491088867,-43.07618713378906,-24.058578491210938,-41.47301483154297,-0.22918805480003357,-19.917375564575195,3,-38.592655181884766,-41.184356689453125,9,339
6,553,pilot,Missouri River,Brandon Minor,106,,2,2,-25.903553009033203,-32.30171203613281,-32.640380859375,-33.05778121948242,-31.12302017211914,-33.47723388671875,-12.951776504516602,-16.150856018066406,2,2,-30.328155517578125,-37.97816467285156,-35.268558502197266,-36.97372817993164,-36.62782669067383,-38.876834869384766,-15.164077758789062,-18.98908233642578,-17.230632781982422,-33.5813102722168,-21.732681274414062,-26.15790557861328,-24.066293716430664,-32.09962463378906,-20.48635482788086,-36.16168594360352,-22.704442977905273,-28.97002220153809,-26.211151123046875,-33.67620086669922,-5.6603169441223145,-17.305763244628906,2,-33.91086196899414,-23.521764755249023,2,266
7,293,pilot,Etymology of Wicca,The Archaeology of Ritual and Magic,107,,6,7,-49.8574333190918,-45.84326171875,-54.379032135009766,-49.560546875,-50.278724670410156,-43.785377502441406,-8.309572219848633,-6.549037388392857,6,7,-57.708946228027344,-49.911556243896484,-62.21875762939453,-54.23381042480469,-55.01383972167969,-50.29507827758789,-9.618157704671225,-7.130222320556641,-22.955564498901367,-46.95723342895508,-47.901126861572266,-45.855865478515625,-29.80327415466309,-41.5867805480957,-23.62423515319824,-50.6392936706543,-51.438453674316406,-48.67316436767578,-30.533296585083008,-43.17546081542969,-12.203598022460938,-29.150863647460938,6,-44.78636932373047,-27.588226318359375,7,498
8,42,pilot,Coldrum Long Barrow,Dangerously in Love Tour,108,,5,5,-51.17027282714844,-55.22270202636719,-50.80625915527344,-57.6024169921875,-45.1086540222168,-55.19189453125,-10.234054565429688,-11.044540405273438,5,5,-53.54598617553711,-58.2525634765625,-54.78507614135742,-61.00741958618164,-49.477806091308594,-62.37220001220703,-10.709197235107421,-11.6505126953125,-38.33480453491211,-66.01729583740234,-64.1652603149414,-33.01879119873047,-39.43998718261719,-46.64602279663086,-40.84960174560547,-67.37444305419922,-64.64997863769531,-35.33677673339844,-41.20952224731445,-47.5389289855957,-1.9314217567443848,-25.12731170654297,5,-45.22574996948242,-33.49750900268555,5,330
9,229,pilot,Rocky Mountain Horse,M-5 (Michigan highway),109,,3,7,-34.84453582763672,-66.3252944946289,-37.95816421508789,-69.32022857666016,-33.67387390136719,-61.658180236816406,-11.614845275878906,-9.475042070661273,3,7,-43.46660232543945,-77.54009246826172,-48.47382354736328,-80.55069732666016,-43.26361083984375,-72.04979705810547,-14.48886744181315,-11.077156066894531,-19.59028434753418,-58.21607971191406,-29.085050582885746,-42.97587966918945,-23.668474197387695,-45.19599533081055,-21.50646591186523,-61.11812973022461,-30.6501522064209,-45.8778076171875,-25.94554901123047,-47.55327224731445,-9.792581558227539,-20.891353607177734,3,-64.81007385253906,-37.76711654663086,7,294
10,74,pilot,"Galveston, Texas",Protein,110,,5,1,-32.967227935791016,-22.598526000976562,-33.179107666015625,-24.827451705932617,-30.948352813720703,-22.007911682128906,-6.593445587158203,-22.598526000976562,5,1,-39.56859588623047,-31.208463668823242,-37.81277084350586,-30.414762496948242,-38.42500686645508,-24.838119506835938,-7.913719177246094,-31.208463668823242,-8.231406211853027,-22.244535446166992,-26.392784118652344,-5.7768988609313965,-20.502029418945312,-16.61141014099121,-14.896613121032717,-24.897615432739254,-27.0362491607666,-11.898307800292969,-21.329978942871097,-17.597457885742188,-3.2385365962982178,-14.868488311767578,5,-19.049606323242188,-13.006309509277344,1,154
11,399,pilot,G.I. Joe: Retaliation,2013 – 14 York City F.C. season,111,,8,15,-39.61659622192383,-64.77693176269531,-36.247013092041016,-68.5455322265625,-34.90207290649414,-60.25983810424805,-4.9520745277404785,-4.318462117513021,8,15,-47.87786865234375,-72.70391082763672,-46.38106918334961,-83.18561553955078,-43.52748107910156,-70.37641143798828,-5.984733581542969,-4.846927388509115,-23.84131622314453,-95.67369079589844,-39.89714813232422,-38.80665969848633,-29.575090408325195,-63.909889221191406,-26.410764694213867,-97.69224548339844,-44.61151123046875,-38.05351638793945,-32.51554870605469,-60.41678237915039,-2.1920385360717773,-18.769935607910156,8,-67.86898040771484,-36.78007507324219,15,349
12,457,pilot,"Strand, London",2 / 4th Machine Gun Battalion (Australia),112,,3,12,-42.64985275268555,-98.77208709716797,-41.21165084838867,-100.82612609863281,-47.023048400878906,-90.4450912475586,-14.216617584228516,-8.23100725809733,3,12,-53.63699722290039,-110.23768615722656,-51.84939956665039,-108.76274871826172,-64.3564682006836,-100.15653991699219,-17.87899907430013,-9.186473846435547,-20.749555587768555,-102.80046844482422,-49.33170318603515,-51.41060256958008,-41.52161407470703,-65.68612670898438,-26.18004035949707,-107.84293365478516,-50.10790252685547,-51.646575927734375,-42.259029388427734,-66.1447982788086,-7.383345127105713,-27.934829711914062,3,-63.247802734375,-58.61112976074219,12,212
13,117,pilot,USS Breese (DD-122),Hadji Ali,113,,10,3,-56.05434799194336,-34.797569274902344,-57.07758712768555,-36.505184173583984,-51.9533576965332,-34.12580108642578,-5.605434799194336,-11.599189758300781,10,3,-63.998043060302734,-41.83858871459961,-62.00554656982422,-41.007110595703125,-58.13252258300781,-44.29456329345703,-6.399804306030274,-13.94619623819987,-31.20196533203125,-49.333717346191406,-45.816795349121094,-30.435033798217773,-34.3990478515625,-22.453031539916992,-34.67531967163086,-48.99468994140625,-46.75860595703125,-30.800613403320312,-35.90928268432617,-23.380685806274418,-5.8421101570129395,-35.1585693359375,10,-31.0515079498291,-20.183454513549805,3,291
14,472,pilot,Bath Assembly Rooms,Christmas 1994 nor 'easter,114,,3,10,-39.669979095458984,-85.12857055664062,-37.115692138671875,-85.33940124511719,-38.35284423828125,-86.62384033203125,-13.223326365152994,-8.512857055664062,3,10,-45.04951095581055,-92.22660064697266,-35.838748931884766,-87.56338500976562,-37.396995544433594,-86.57379150390625,-15.01650365193685,-9.222660064697266,-21.25839614868164,-93.33454895019533,-58.43714904785156,-68.02790069580078,-41.610008239746094,-61.303688049316406,-24.9853572845459,-97.77184295654295,-56.128883361816406,-69.6124496459961,-42.03211212158203,-62.608192443847656,-3.7047064304351807,-22.926651000976562,3,-62.42827224731445,-56.19089889526367,10,396
15,454,pilot,Odyssey Number Five,Clocks (song),115,,3,5,-42.59796905517578,-49.424896240234375,-42.481082916259766,-49.51579284667969,-43.26423645019531,-42.25136184692383,-14.199323018391928,-9.884979248046875,3,5,-43.8466911315918,-55.50408172607422,-49.52768325805664,-63.70500946044922,-50.76294708251953,-49.68374252319336,-14.6155637105306,-11.100816345214843,-36.152801513671875,-36.69679260253906,-34.32698440551758,-30.59614372253418,-34.09052658081055,-34.40052795410156,-39.116004943847656,-38.74814987182617,-36.042083740234375,-31.846315383911133,-38.05774688720703,-35.0407829284668,-4.457292556762695,-25.954639434814453,3,-27.622882843017578,-34.42289733886719,5,436
16,167,pilot,Harold Innis,Trials and Tribble-ations,116,,3,6,-31.333749771118164,-40.12987518310547,-35.38612747192383,-42.783348083496094,-29.071571350097656,-39.99098205566406,-10.444583257039389,-6.688312530517578,3,6,-37.192352294921875,-46.63483428955078,-35.208927154541016,-49.2713623046875,-30.20667266845703,-41.882259368896484,-12.397450764973959,-7.772472381591797,-9.253039360046388,-51.608028411865234,-30.602371215820312,-36.557621002197266,-21.75900650024414,-46.48721694946289,-13.355124473571776,-54.9419059753418,-29.954465866088867,-38.34501266479492,-22.427730560302734,-47.947235107421875,-2.160736560821533,-18.31005859375,3,-34.639625549316406,-28.78400421142578,6,61
17,100,pilot,World War Z,Marauders (Star Trek: Enterprise),117,,3,9,-33.526092529296875,-65.5374526977539,-35.6628532409668,-62.39472198486328,-33.722171783447266,-62.152915954589844,-11.175364176432291,-7.281939188639323,3,9,-39.72865295410156,-71.7862319946289,-43.56244659423828,-68.07528686523438,-42.73500061035156,-75.84619140625,-13.242884318033854,-7.976247999403212,-17.12742805480957,-44.59186553955078,-20.88034439086914,-38.88029098510742,-22.196983337402344,-43.792816162109375,-18.613101959228516,-44.46857452392578,-22.410099029541016,-37.43206787109375,-24.323402404785156,-43.60308837890625,-5.188191890716553,-18.829090118408203,3,-48.935546875,-34.340980529785156,9,27
18,353,pilot,Boise National Forest,Sang Pencerah,118,,3,4,-36.04927062988281,-59.620059967041016,-33.92475509643555,-62.45023727416992,-34.48344039916992,-54.65665817260742,-12.016423543294271,-14.905014991760254,3,4,-42.954490661621094,-64.0907974243164,-38.03931427001953,-67.41162872314453,-35.19898223876953,-60.82289123535156,-14.318163553873697,-16.0226993560791,-24.181955337524418,-60.57781982421875,-44.7027473449707,-39.333717346191406,-27.748682022094727,-44.01963424682617,-24.70947265625,-63.94188690185547,-46.03472137451172,-42.466434478759766,-29.676652908325195,-47.55198669433594,-1.0073885917663574,-18.299102783203125,3,-47.16210174560547,-28.285903930664062,4,56
19,592,pilot,"Richard Nixon presidential campaign, 1968",Mogadishu,119,,10,4,-47.856056213378906,-34.54292678833008,-44.817996978759766,-32.10340118408203,-40.093658447265625,-35.602760314941406,-4.785605621337891,-8.63573169708252,10,4,-52.91988754272461,-38.65412902832031,-52.284061431884766,-38.0103759765625,-51.577598571777344,-39.54388427734375,-5.291988754272461,-9.663532257080078,-35.539791107177734,-26.70105743408203,-70.74446105957031,-13.33283233642578,-43.91388702392578,-21.215587615966797,-41.78071212768555,-27.99607276916504,-72.69859313964844,-16.052358627319336,-45.535362243652344,-22.14001083374023,-12.656286239624023,-25.142568588256836,10,-25.040565490722656,-16.125320434570312,4,255
20,270,pilot,Battle of Hubbardton,Chapter 1 (House of Cards),120,,4,8,-38.6534423828125,-48.413326263427734,-45.145450592041016,-46.68156051635742,-38.19898986816406,-42.30956268310547,-9.663360595703125,-6.051665782928467,4,8,-44.37517547607422,-57.113529205322266,-49.7769889831543,-53.75962448120117,-41.06669616699219,-44.10366439819336,-11.093793869018555,-7.139191150665283,-25.636011123657227,-46.8907470703125,-45.69249725341797,-34.92053985595703,-26.220739364624023,-33.61614227294922,-27.425148010253903,-48.23006820678711,-45.46116256713867,-36.56363296508789,-26.66017723083496,-35.618797302246094,-6.777293682098389,-24.421260833740234,4,-38.50656509399414,-32.38581466674805,8,217
21,459,pilot,Dave Sisler,The Stolen Eagle,121,,4,4,-36.52463150024414,-49.368202209472656,-33.59383773803711,-40.72185516357422,-34.56708526611328,-47.11380386352539,-9.131157875061035,-12.342050552368164,4,4,-44.0923957824707,-58.364044189453125,-37.48272705078125,-51.192535400390625,-41.25703430175781,-56.505409240722656,-11.023098945617676,-14.591011047363281,-29.24185562133789,-34.80571746826172,-32.84526824951172,-32.13151168823242,-29.42535972595215,-34.59684371948242,-30.912988662719727,-37.36763000488281,-34.60279083251953,-33.57530212402344,-30.87388801574707,-35.65525817871094,-1.9028034210205078,-19.486591339111328,4,-34.330413818359375,-28.556081771850586,4,19
22,536,pilot,"George Calvert, 1st Baron Baltimore",History of Braathens SAFE (1946 – 93),122,,9,16,-40.703163146972656,-101.82401275634766,-42.07453918457031,-101.81240844726562,-42.32636642456055,-98.521728515625,-4.522573682996962,-6.3640007972717285,9,16,-48.06194305419922,-114.50731658935547,-48.33116912841797,-113.8836669921875,-45.90476608276367,-110.23243713378906,-5.340215894911024,-7.156707286834717,-18.75998306274414,-108.53717041015624,-56.86407470703125,-80.90836334228516,-32.24300765991211,-100.46434020996094,-19.624786376953125,-111.7757568359375,-57.85902404785156,-85.09241485595703,-33.67960739135742,-104.58206176757812,-0.32975828647613525,-20.165485382080078,9,-78.03274536132812,-69.57854461669922,16,21
23,83,pilot,Hemmema,Loverboy (Mariah Carey song),123,,3,8,-47.11625671386719,-63.675968170166016,-38.45769119262695,-62.875732421875,-38.597408294677734,-54.58098220825195,-15.705418904622396,-7.959496021270752,3,8,-53.11250686645508,-68.3992691040039,-49.364070892333984,-68.989501953125,-48.88117218017578,-59.9239387512207,-17.704168955485027,-8.549908638000488,-40.20854187011719,-72.41484832763672,-45.543235778808594,-40.6118278503418,-35.33676528930664,-43.118770599365234,-40.72607421875,-71.7115249633789,-47.27448272705078,-43.374977111816406,-39.04926300048828,-44.12102890014648,-3.6585898399353027,-25.50543212890625,3,-53.307498931884766,-41.41037368774414,8,277
24,524,pilot,Far Away Places (Mad Men),Stefan Wever,124,,7,3,-62.50453186035156,-38.50355529785156,-64.36536407470703,-38.66845703125,-61.013145446777344,-37.9859733581543,-8.92921883719308,-12.834518432617188,7,3,-72.8858413696289,-39.74558639526367,-74.09416198730469,-45.17090606689453,-70.42234802246094,-41.519256591796875,-10.41226305280413,-13.248528798421225,-50.86491775512695,-32.94615936279297,-68.07595825195312,-37.2244873046875,-48.22968673706055,-28.19668960571289,-53.40913009643555,-35.955020904541016,-70.3526382446289,-37.76386642456055,-50.65285110473633,-29.45976448059082,-16.902202606201172,-45.8410758972168,7,-33.28471374511719,-29.69756507873535,3,144
25,18,pilot,John Cullen,Corpus Christi Bay,125,,3,4,-40.33002853393555,-39.67021179199219,-40.61262893676758,-40.12983703613281,-40.60945510864258,-37.92058181762695,-13.443342844645182,-9.917552947998047,3,4,-43.14377975463867,-47.586517333984375,-42.808128356933594,-48.51982116699219,-40.13245391845703,-43.261837005615234,-14.38125991821289,-11.896629333496094,-18.376949310302734,-26.829986572265625,-23.659563064575195,-20.431772232055664,-24.264373779296875,-26.144458770751953,-21.746356964111328,-28.930339813232425,-26.392436981201172,-22.96447372436523,-25.42167282104492,-27.749265670776367,-5.5799560546875,-17.323226928710938,3,-31.13971710205078,-21.766647338867188,4,395
26,134,pilot,Mega Man & Bass,1998 National League Wild Card tie-breaker game,126,,4,13,-51.92102813720703,-49.66143035888672,-52.68973159790039,-51.492000579833984,-45.90419006347656,-47.09428787231445,-12.980257034301758,-3.820110027606671,4,13,-63.74247741699219,-68.5881118774414,-63.11140060424805,-67.18242645263672,-60.430442810058594,-67.30638885498047,-15.935619354248047,-5.276008605957031,-29.4291934967041,-74.11164093017578,-59.48514938354492,-57.16828155517578,-39.77677154541016,-61.04438400268555,-31.288179397583008,-75.24531555175781,-61.59642028808594,-59.3277702331543,-43.02287673950195,-64.76164245605469,-3.766676187515259,-22.694496154785156,4,-55.66718292236328,-33.01644515991211,13,245
27,265,pilot,Rio de Janeiro bid for the 2016 Summer Olympics,The Good Terrorist,127,,13,4,-38.853702545166016,-42.1341667175293,-38.54678726196289,-41.80754852294922,-37.369903564453125,-38.11126708984375,-2.988746349628155,-10.533541679382324,13,4,-46.77135467529297,-50.46152877807617,-47.598480224609375,-51.021766662597656,-44.27510070800781,-46.4751091003418,-3.5977965134840746,-12.615382194519043,-29.18012237548828,-41.45573806762695,-65.78535461425781,-32.71624755859375,-40.54535675048828,-28.692703247070312,-28.1013240814209,-42.75782775878906,-68.1648941040039,-34.030540466308594,-41.90888214111328,-29.14556121826172,-7.00798225402832,-23.844894409179688,13,-37.44220733642578,-23.153533935546875,4,416
28,109,pilot,The Importance of Being Earnest,Arikamedu,128,,6,4,-42.18605422973633,-40.210304260253906,-39.17060089111328,-45.083984375,-35.945072174072266,-34.61549758911133,-7.031009038289388,-10.052576065063477,6,4,-44.12312698364258,-40.749271392822266,-44.489891052246094,-50.90120315551758,-40.0732421875,-38.39299392700195,-7.353854497273763,-10.187317848205566,-28.191940307617188,-40.5274543762207,-53.89939498901367,-18.87845802307129,-26.425132751464844,-24.86334800720215,-29.750513076782227,-40.252647399902344,-56.00716781616211,-22.098655700683594,-27.099166870117188,-25.33966827392578,-2.5137126445770264,-19.2912654876709,6,-34.70165252685547,-20.34091567993164,4,205
29,111,pilot,HMS Boreas (H77),"West Hendford Cricket Ground, Yeovil",129,,9,9,-52.651798248291016,-71.98052215576172,-57.423885345458984,-75.42044067382812,-54.14603042602539,-73.77887725830078,-5.850199805365668,-7.997835795084636,9,9,-60.37677001953125,-86.7642822265625,-60.83641815185547,-89.49082946777344,-54.141780853271484,-87.55651092529297,-6.708530002170139,-9.64047580295139,-39.30178451538086,-73.71868133544922,-55.2052001953125,-66.95608520507812,-40.774654388427734,-70.57127380371094,-43.68226623535156,-76.70133209228516,-55.925411224365234,-70.0111312866211,-42.35982131958008,-73.92955017089844,-9.182639122009277,-37.26290512084961,9,-65.91950988769531,-57.994529724121094,9,488
30,126,pilot,St Nazaire Raid,Johnson – Corey – Chaykovsky reaction,130,,4,9,-55.3424072265625,-91.7430191040039,-53.560359954833984,-93.79386138916016,-51.360687255859375,-87.20722961425781,-13.835601806640625,-10.193668789333767,4,9,-61.29937744140625,-93.942138671875,-60.824764251708984,-97.73719787597656,-55.13374328613281,-89.90937805175781,-15.324844360351562,-10.43801540798611,-32.57884979248047,-101.7216796875,-45.04773712158203,-53.1196403503418,-36.18268585205078,-91.72268676757812,-33.60936737060547,-100.73445129394533,-47.19976806640625,-60.630001068115234,-38.29673767089844,-90.62146759033205,-5.8296332359313965,-28.462772369384766,4,-77.2752685546875,-60.8919792175293,9,433
31,442,pilot,Ouw Peh Tjoa,Hydnellum peckii,131,,7,7,-72.59197235107422,-46.549888610839844,-70.38247680664062,-47.64897537231445,-58.69291687011719,-43.91170883178711,-10.370281764439174,-6.649984087262835,7,7,-78.82181549072266,-49.58073806762695,-75.68277740478516,-47.98259353637695,-65.43318939208984,-44.61506271362305,-11.260259355817523,-7.082962581089565,-66.76045989990234,-56.59340286254883,-60.24809646606445,-36.9344482421875,-53.68250274658203,-37.116355895996094,-68.65684509277344,-57.316253662109375,-61.82357025146485,-38.899810791015625,-56.0399284362793,-38.29952621459961,-5.278135299682617,-43.652320861816406,7,-41.165283203125,-26.230581283569336,7,366
32,545,pilot,Principe Amedeo-class ironclad,The One I Love (manga),132,,10,8,-74.07167053222656,-56.32966613769531,-80.02587127685547,-50.56996536254883,-72.04422760009766,-48.75904083251953,-7.407167053222656,-7.041208267211914,10,8,-79.06948852539062,-68.98699188232422,-83.04721069335938,-64.67375946044922,-78.83455657958984,-66.86454010009766,-7.906948852539062,-8.623373985290527,-56.11007308959961,-84.1042251586914,-70.58030700683594,-41.12101364135742,-57.10253143310547,-42.10841751098633,-59.71068572998047,-85.85347747802734,-73.34781646728516,-42.48054885864258,-58.438758850097656,-43.883338928222656,-5.64497709274292,-52.727420806884766,10,-55.19240951538086,-35.900001525878906,8,451
33,168,pilot,Hurricane Lorenzo (2007),Otra Nota,133,,8,4,-61.65536117553711,-45.21577835083008,-60.95347213745117,-42.893585205078125,-59.4430046081543,-38.38178634643555,-7.706920146942139,-11.30394458770752,8,4,-71.75837707519531,-53.65287399291992,-69.9017562866211,-48.40336990356445,-65.72332763671875,-44.63359069824219,-8.969797134399414,-13.41321849822998,-26.733144760131836,-40.47245788574219,-42.90594482421875,-36.92416763305664,-37.75446701049805,-31.45607566833496,-29.25010681152344,-38.81650161743164,-43.85860061645508,-39.056278228759766,-37.92716598510742,-33.61996078491211,-9.303367614746094,-39.75157928466797,8,-38.49808120727539,-25.538957595825195,4,304
34,152,pilot,Weather buoy,"Papal conclave, 1769",134,,2,10,-30.915945053100586,-51.54635238647461,-34.97848129272461,-46.439422607421875,-39.51079177856445,-41.49327850341797,-15.457972526550293,-5.154635238647461,2,10,-33.4850959777832,-58.78449630737305,-38.51679992675781,-60.19664001464844,-43.249305725097656,-47.555694580078125,-16.7425479888916,-5.878449630737305,-18.49049949645996,-78.1365966796875,-32.033634185791016,-45.862152099609375,-28.68477439880371,-48.92256164550781,-20.914535522460938,-78.63457489013672,-33.01637268066406,-51.609371185302734,-29.90454864501953,-50.4075927734375,-11.542020797729492,-27.06832504272461,2,-42.241512298583984,-27.603166580200195,10,436
35,228,pilot,HMS Hostile (H55),Devin Townsend,135,,8,2,-81.70996856689453,-26.3351993560791,-81.6976318359375,-25.611778259277344,-73.62586975097656,-25.977542877197266,-10.213746070861816,-13.16759967803955,8,2,-64.05997467041016,-31.739320755004883,-69.21316528320312,-31.114307403564453,-57.33209991455078,-28.006025314331055,-8.00749683380127,-15.869660377502441,-34.43452835083008,-33.68572998046875,-64.21439361572266,-17.583345413208008,-42.70735168457031,-21.651538848876953,-37.86673355102539,-35.431488037109375,-64.2905502319336,-22.085262298583984,-43.472843170166016,-23.790359497070312,-5.207566261291504,-40.71648406982422,8,-30.468000411987305,-17.97841453552246,2,203
36,64,pilot,"Saint Leonard Catholic Church (Madison, Nebraska)",Hurricane Omar (2008),136,,10,8,-72.27799987792969,-45.748416900634766,-72.51429748535156,-44.36693572998047,-69.2370376586914,-42.95698928833008,-7.227799987792968,-5.718552112579346,10,8,-83.15338897705078,-55.716331481933594,-84.03546905517578,-55.410701751708984,-82.92617797851562,-46.86009216308594,-8.315338897705079,-6.964541435241699,-62.128395080566406,-49.4898681640625,-65.8713607788086,-28.964771270751953,-57.92073059082031,-29.03036117553711,-64.88967895507812,-50.248477935791016,-70.31484985351562,-32.285011291503906,-59.96528625488281,-29.502456665039062,-8.38957405090332,-47.797672271728516,10,-30.092073440551758,-24.79054069519043,8,226
37,171,pilot,First Battle of Maryang San,"Waterfall Gully, South Australia",137,,6,7,-55.118263244628906,-44.68937683105469,-57.76363754272461,-43.91472244262695,-51.168846130371094,-45.194087982177734,-9.18637720743815,-6.384196690150669,6,7,-58.69409942626953,-54.03143310546875,-62.41773986816406,-54.1732177734375,-57.17961883544922,-50.73868942260742,-9.782349904378256,-7.718776157924107,-38.626014709472656,-57.33920669555664,-61.375431060791016,-43.9156494140625,-39.72327423095703,-49.08938980102539,-41.98574447631836,-58.523780822753906,-64.5134506225586,-43.83570098876953,-41.15512466430664,-47.26185607910156,-7.505580902099609,-36.604434967041016,6,-38.64109420776367,-30.004985809326172,7,373
38,244,pilot,"No result, Pts",Laurence Olivier,138,,5,3,-62.15996170043945,-22.49808692932129,-68.06875610351562,-22.21757698059082,-65.913818359375,-23.242197036743164,-12.431992340087891,-7.499362309773763,5,3,-74.05433654785156,-27.694868087768555,-75.5185775756836,-28.813791275024414,-78.7794418334961,-29.908771514892578,-14.810867309570312,-9.231622695922852,-52.14221954345703,-27.879047393798828,-60.50506591796875,-16.093706130981445,-51.12892532348633,-19.715410232543945,-53.522064208984375,-29.366655349731445,-59.465965270996094,-17.689512252807617,-50.48260498046875,-20.747093200683594,-18.301252365112305,-43.94010543823242,5,-32.144107818603516,-17.50387191772461,3,53
39,51,pilot,Grammy Award for Best Concept Music Video,Corythosaurus,139,,7,4,-41.03390884399414,-36.76342010498047,-42.98779296875,-34.03079605102539,-41.84587097167969,-38.14216613769531,-5.861986977713449,-9.190855026245117,7,4,-47.58998489379883,-40.3861198425293,-47.663475036621094,-36.9468879699707,-46.291404724121094,-39.50376510620117,-6.79856927054269,-10.096529960632324,-38.903560638427734,-32.92510986328125,-75.74177551269531,-15.11125946044922,-44.34577941894531,-23.790302276611328,-40.56802749633789,-32.19621658325195,-80.83716583251953,-16.459779739379883,-46.70840072631836,-25.331514358520508,-6.986054420471191,-29.074251174926758,7,-33.75583267211914,-17.554325103759766,4,280
40,598,eval,Europium,The Litigators,140,,2,3,-23.736604690551758,-42.67198181152344,-28.026653289794922,-42.861820220947266,-27.86603355407715,-39.250335693359375,-11.868302345275879,-14.223993937174479,2,3,-11.472413063049316,-47.82383346557617,-29.087865829467773,-50.80231475830078,-27.902080535888672,-46.00634002685547,-5.736206531524658,-15.941277821858725,-5.661622524261475,-44.42357635498047,-29.14783477783203,-32.8181037902832,-20.73215103149414,-31.45474624633789,-14.659448623657228,-46.136932373046875,-30.65752220153809,-34.5391731262207,-21.747947692871097,-34.177345275878906,-2.9810283184051514,-18.492795944213867,2,-42.63935470581055,-20.57884979248047,3,226
41,351,eval,Species (film),Sclerodermatineae,141,,4,8,-50.80171203613281,-53.44304656982422,-49.59934997558594,-47.98744201660156,-47.74650573730469,-52.81222915649414,-12.700428009033203,-6.680380821228027,4,8,-56.72065734863281,-53.11501693725586,-55.714935302734375,-53.482635498046875,-50.29460906982422,-60.00287628173828,-14.180164337158203,-6.639377117156982,-30.669858932495117,-48.74793243408203,-34.28841781616211,-23.64341926574707,-31.44581413269043,-40.563819885253906,-33.156761169433594,-50.073387145996094,-33.160247802734375,-26.576581954956055,-32.723995208740234,-41.299598693847656,-11.691275596618652,-32.34607696533203,4,-36.976444244384766,-31.71902084350586,8,143
42,377,eval,Blackwyche,Norman Finkelstein,142,,3,4,-49.52610778808594,-37.872074127197266,-49.78129577636719,-37.532039642333984,-48.4904670715332,-30.050006866455078,-16.508702596028645,-9.468018531799316,3,4,-56.61264419555664,-43.31563186645508,-54.90215301513672,-41.933631896972656,-52.92753982543945,-35.81826400756836,-18.87088139851888,-10.82890796661377,-39.247745513916016,-35.03396224975586,-44.57049560546875,-15.741653442382812,-35.08897399902344,-18.328182220458984,-40.116485595703125,-35.827022552490234,-46.180702209472656,-16.892215728759766,-36.14129257202149,-19.07213973999023,-3.205542802810669,-35.880027770996094,3,-31.105436325073242,-17.984277725219727,4,373
43,512,eval,Liu Kang,Frederick Reines,143,,2,3,-27.216964721679688,-32.402099609375,-25.843917846679688,-31.4357852935791,-24.729148864746094,-31.393390655517578,-13.608482360839844,-10.800699869791666,2,3,-30.78977394104004,-40.28688430786133,-29.872844696044922,-37.395118713378906,-27.76924705505371,-36.2747917175293,-15.39488697052002,-13.428961435953775,-22.423988342285156,-35.849029541015625,-28.327852249145508,-18.42330551147461,-19.07442092895508,-24.679086685180664,-23.614686965942383,-36.147911071777344,-31.860092163085938,-20.130081176757812,-21.01597595214844,-24.630746841430664,-1.9769988059997559,-17.062652587890625,2,-30.400850296020508,-18.118440628051758,3,267
44,554,eval,Monty Can 't Buy Me Love,Mycena galericulata,144,,8,7,-52.335838317871094,-32.65263366699219,-52.27208709716797,-34.21089553833008,-50.890384674072266,-33.960140228271484,-6.541979789733887,-4.664661952427456,8,7,-65.5816421508789,-43.483516693115234,-65.53972625732422,-45.04769515991211,-67.2359390258789,-43.58372497558594,-8.197705268859863,-6.2119309561593195,-55.40260314941406,-45.93470764160156,-48.96571731567383,-20.419036865234375,-49.727256774902344,-26.409997940063477,-56.82979965209961,-47.9896125793457,-53.3286247253418,-22.32432746887207,-52.54336929321289,-27.402441024780273,-18.729516983032227,-32.097110748291016,8,-45.24079513549805,-20.915298461914062,7,394
45,202,eval,Truth in Numbers?,Tropical Storm Abby (1964),145,,4,9,-49.204933166503906,-62.20048904418945,-48.913719177246094,-59.311702728271484,-46.87715148925781,-57.74751281738281,-12.301233291625977,-6.9111654493543835,4,9,-60.9332275390625,-74.7456283569336,-59.50996780395508,-64.95894622802734,-55.716148376464844,-61.60697555541992,-15.233306884765625,-8.305069817437065,-41.03227233886719,-59.61297225952149,-51.49983596801758,-40.46768951416016,-35.90852737426758,-34.420013427734375,-43.095970153808594,-62.029537200927734,-52.17322540283203,-44.40351867675781,-37.57840347290039,-35.55964279174805,-10.383710861206055,-31.34613609313965,4,-42.067752838134766,-42.20884704589844,9,179
46,493,eval,Henry Hoʻolulu Pitman,Perry the Platypus,146,,6,5,-65.48540496826172,-30.80076026916504,-67.72886657714844,-32.553592681884766,-65.15725708007812,-32.635780334472656,-10.914234161376953,-6.1601520538330075,6,5,-69.53199005126953,-33.04287338256836,-71.1671371459961,-40.8927116394043,-67.57180786132812,-34.05753707885742,-11.588665008544922,-6.608574676513672,-41.40235900878906,-38.898406982421875,-57.189697265625,-17.043012619018555,-45.43644714355469,-21.745542526245117,-42.37696075439453,-40.495113372802734,-56.540489196777344,-19.479257583618164,-46.232383728027344,-24.119359970092773,-4.050604343414307,-47.245513916015625,6,-23.243661880493164,-19.067398071289062,5,147
47,436,eval,Gregory Helms,Battle of Merville Gun Battery,147,,3,6,-35.34574890136719,-41.57992172241211,-38.4892578125,-43.78150939941406,-36.19575881958008,-44.67082595825195,-11.781916300455729,-6.929986953735352,3,6,-39.29500198364258,-47.74237823486328,-40.09737777709961,-46.39410400390625,-38.57284927368164,-53.00638961791992,-13.098333994547525,-7.95706303914388,-15.577234268188477,-58.65629959106445,-28.46621322631836,-22.027446746826172,-20.217988967895508,-37.085968017578125,-16.597688674926758,-63.08760070800781,-28.15311050415039,-27.345561981201172,-20.328012466430664,-40.64299011230469,-1.4339358806610107,-20.85629653930664,3,-49.30460739135742,-31.259380340576172,6,371
48,32,eval,Elephanta Caves,Road to the North Pole,148,,5,5,-30.85011863708496,-41.551025390625,-30.532228469848633,-40.85356521606445,-26.097352981567383,-40.344200134277344,-6.170023727416992,-8.310205078125,5,5,-34.78110122680664,-49.151058197021484,-36.45106506347656,-49.493751525878906,-27.16138458251953,-47.88414001464844,-6.956220245361328,-9.830211639404297,-12.557549476623535,-39.89330291748047,-39.51573181152344,-39.68016815185547,-21.590473175048828,-31.24509048461914,-20.025733947753903,-42.33588409423828,-39.703311920166016,-41.452911376953125,-23.715322494506836,-35.08763122558594,-1.2436078786849976,-16.324766159057617,5,-42.398231506347656,-27.06778907775879,5,41
49,606,eval,Irresistible (The X-Files),M-108 (Michigan highway),149,,10,9,-64.0875015258789,-76.9877700805664,-52.807159423828125,-71.18856811523438,-51.29720687866211,-66.72621154785156,-6.40875015258789,-8.55419667561849,10,9,-59.461944580078125,-84.31112670898438,-55.599830627441406,-81.7057113647461,-59.94935607910156,-78.23985290527344,-5.946194458007812,-9.36790296766493,-39.98298263549805,-57.18446731567383,-58.74288558959961,-41.35321807861328,-45.329872131347656,-48.72294616699219,-41.02192687988281,-58.338565826416016,-60.47504425048828,-42.576778411865234,-46.31845474243164,-50.48914337158203,-15.167668342590332,-39.3951530456543,10,-63.71998977661133,-46.28940963745117,9,204
50,611,eval,The General in His Labyrinth,T30 Howitzer Motor Carriage,150,,6,8,-47.718597412109375,-72.86858367919922,-41.11727523803711,-74.20418548583984,-42.56615447998047,-70.59173583984375,-7.9530995686848955,-9.108572959899902,6,8,-54.21030044555664,-85.08979034423828,-49.72132110595703,-84.03265380859375,-50.797645568847656,-83.82959747314453,-9.03505007425944,-10.636223793029785,-42.9495849609375,-71.96671295166016,-62.82428359985352,-51.87117004394531,-44.33218765258789,-57.114845275878906,-42.14884185791016,-74.31687927246094,-66.25585174560547,-57.59276580810547,-43.43631362915039,-59.839412689208984,-5.159852027893066,-26.953062057495117,6,-72.40766906738281,-41.224822998046875,8,215
51,571,eval,Subtropical Storm Alpha (1972),Richard Cresswell,151,,11,4,-60.13999557495117,-41.70732498168945,-65.28360748291016,-40.579742431640625,-53.237205505371094,-39.398162841796875,-5.4672723249955615,-10.426831245422363,11,4,-65.140625,-46.39466857910156,-72.15086364746094,-48.833702087402344,-65.35140991210938,-45.67184829711914,-5.921875,-11.59866714477539,-36.20315170288086,-31.576379776000977,-73.56758880615234,-18.720705032348633,-40.04791641235352,-28.833940505981445,-38.37755584716797,-31.683256149291992,-77.20521545410156,-21.831743240356445,-41.197017669677734,-29.873781204223633,-6.412199974060059,-38.574974060058594,11,-37.40076446533203,-22.686059951782227,4,173
52,154,eval,766th Independent Infantry Regiment (North Korea),Ulysses (poem),152,,12,8,-74.93923950195312,-41.42458724975586,-69.92929077148438,-43.2461051940918,-72.0257797241211,-43.86789321899414,-6.244936625162761,-5.178073406219482,12,8,-82.93067169189453,-51.84007263183594,-71.2567138671875,-51.593719482421875,-70.70711517333984,-54.08817672729492,-6.910889307657878,-6.480009078979492,-47.27168655395508,-54.55272674560547,-85.67816925048828,-23.00649642944336,-49.54990768432617,-24.027111053466797,-47.0829963684082,-54.51759719848633,-91.43378448486328,-26.283418655395508,-51.09986114501953,-26.11103248596191,-9.320706367492676,-44.313270568847656,12,-49.16773223876953,-26.768930435180664,8,409
53,575,eval,M-47 (Michigan highway),Wilhelm Busch,153,,8,3,-65.79358673095703,-28.487756729125977,-66.86144256591797,-29.021888732910156,-61.32740020751953,-26.25031089782715,-8.224198341369629,-9.495918909708658,8,3,-82.11256408691406,-35.032440185546875,-83.36968231201172,-35.3242073059082,-76.477783203125,-30.325042724609375,-10.264070510864258,-11.677480061848959,-31.91000747680664,-26.1861629486084,-66.74501037597656,-19.30137825012207,-47.619380950927734,-20.93030166625977,-35.41202163696289,-26.95445251464844,-70.07848358154297,-20.946605682373047,-49.52045822143555,-22.199810028076172,-6.574272632598877,-43.8741340637207,8,-24.801149368286133,-17.789045333862305,3,56
54,316,eval,Stanley Green,Xenon,154,,2,2,-29.794719696044922,-22.214956283569336,-29.281339645385742,-20.064533233642578,-30.586732864379883,-20.283018112182617,-14.897359848022461,-11.107478141784668,2,2,-33.556396484375,-28.125139236450195,-33.45168685913086,-25.093286514282227,-35.95545196533203,-27.31893539428711,-16.7781982421875,-14.062569618225098,-23.722097396850582,-23.49878692626953,-23.071208953857425,-18.010719299316406,-19.364452362060547,-19.613605499267575,-26.663311004638672,-24.710655212402344,-25.34313583374023,-19.67848014831543,-20.678253173828125,-21.103836059570312,-0.720215916633606,-18.316329956054688,2,-25.53437042236328,-14.527045249938965,2,349
55,395,eval,2007 Hawaii Bowl,1986 Peach Bowl,155,,7,7,-48.94086837768555,-53.39109802246094,-51.35038375854492,-59.29275894165039,-46.711238861083984,-47.26607131958008,-6.991552625383649,-7.627299717494419,7,7,-63.01895523071289,-58.7675895690918,-62.35559844970703,-66.88525390625,-61.1195068359375,-61.40149688720703,-9.002707890101842,-8.395369938441686,-38.99078750610352,-40.554466247558594,-30.42389678955078,-26.742063522338867,-37.48577117919922,-37.06121444702149,-39.79690170288086,-42.049339294433594,-31.75264358520508,-28.205001831054688,-39.4490852355957,-38.3264274597168,-11.874478340148926,-28.99590301513672,7,-38.626739501953125,-29.271339416503906,7,301
56,214,eval,Andrew Johnston (singer),President Evil,156,,6,2,-52.40749740600586,-34.74246597290039,-52.16502380371094,-33.17650604248047,-49.676788330078125,-31.981184005737305,-8.734582901000977,-17.371232986450195,6,2,-61.31298828125,-40.3565673828125,-58.53866195678711,-38.98415756225586,-57.29642105102539,-38.25559616088867,-10.218831380208334,-20.17828369140625,-41.39345932006836,-26.97892951965332,-47.82755279541016,-28.133630752563477,-38.612449645996094,-23.38753890991211,-44.81242752075195,-27.64774703979492,-48.97532272338867,-28.24767684936523,-40.009769439697266,-24.67555809020996,-9.549906730651855,-30.571500778198242,6,-32.150184631347656,-20.528907775878906,2,443
57,309,eval,Jane's Attack Squadron,Yo-Yo (Nicola Roberts song),157,,4,9,-51.69294738769531,-68.28458404541016,-53.51971435546875,-73.60469818115234,-49.767330169677734,-65.73926544189453,-12.923236846923828,-7.587176005045573,4,9,-59.29781723022461,-77.21925354003906,-60.1209831237793,-82.08953094482422,-62.280426025390625,-80.8297119140625,-14.824454307556152,-8.579917060004341,-49.01126480102539,-79.00787353515625,-52.681671142578125,-58.99506378173828,-43.835941314697266,-63.94499588012695,-48.831565856933594,-80.91468811035156,-54.799896240234375,-60.437984466552734,-42.79127883911133,-65.5141830444336,-2.230156660079956,-35.32390213012695,4,-62.86848449707031,-56.34396743774414,9,460
58,107,eval,Rachel Green,SMS Zrínyi,158,,2,5,-26.448593139648438,-56.11005783081055,-26.676532745361328,-52.836387634277344,-28.15139389038086,-55.40006637573242,-13.224296569824219,-11.22201156616211,2,5,-34.83430862426758,-60.270137786865234,-31.820941925048828,-55.74039840698242,-33.54686737060547,-57.28583908081055,-17.41715431213379,-12.054027557373047,-23.83339500427246,-46.626075744628906,-34.89221954345703,-37.712520599365234,-24.53529167175293,-41.095550537109375,-27.46620750427246,-48.97198867797851,-36.6528434753418,-43.30048751831055,-25.866943359375,-42.9826774597168,-0.9952803254127502,-18.257991790771484,2,-41.94161605834961,-31.789901733398438,5,366
59,437,eval,New York State Route 38,Sweet Love (Chris Brown song),159,,7,7,-46.791053771972656,-56.76125717163086,-46.49500274658203,-57.15290451049805,-39.67031478881836,-53.60056686401367,-6.6844362531389505,-8.108751024518694,7,7,-52.31103515625,-66.8414077758789,-52.09050369262695,-67.48390197753906,-46.64684295654297,-61.630821228027344,-7.473005022321429,-9.548772539411273,-22.38668632507324,-70.67811584472656,-47.80254364013672,-47.40536117553711,-29.006763458251953,-45.63938903808594,-23.331878662109375,-72.75297546386719,-48.20263671875,-50.79695510864258,-31.97319984436035,-47.10133743286133,-0.9642521142959595,-20.807689666748047,7,-45.470367431640625,-38.934322357177734,7,397
60,133,eval,Old Baltimore Pike,Development of Fez,160,,3,4,-52.23217010498047,-53.576080322265625,-49.55540466308594,-53.95821762084961,-49.767303466796875,-50.19550323486328,-17.410723368326824,-13.394020080566406,3,4,-54.91132354736328,-59.974422454833984,-58.59086608886719,-62.30959701538086,-57.81129455566406,-55.8878173828125,-18.30377451578776,-14.993605613708496,-27.530750274658203,-42.31172561645508,-55.455684661865234,-45.06619644165039,-41.34661102294922,-39.10418701171875,-30.739538192749023,-45.03273391723633,-55.17627716064453,-47.623443603515625,-42.34563064575195,-39.903018951416016,-1.01729154586792,-28.400699615478516,3,-44.01526641845703,-31.670631408691406,4,299
61,330,eval,"Baltimore mayoral election, 1999",Species of Allosaurus,161,,10,5,-47.7518310546875,-41.09539794921875,-47.77505111694336,-42.3365478515625,-44.25699996948242,-40.998531341552734,-4.77518310546875,-8.21907958984375,10,5,-56.898494720458984,-53.34394836425781,-56.69932174682617,-55.954444885253906,-51.19474792480469,-52.26619338989258,-5.689849472045898,-10.668789672851563,-33.72584533691406,-50.74152755737305,-85.8397216796875,-30.682619094848633,-49.99558639526367,-34.31289291381836,-37.073368072509766,-53.964168548583984,-86.31452941894531,-30.988218307495117,-51.00115966796875,-36.49691390991211,-10.363693237304688,-28.222219467163086,10,-45.543643951416016,-31.981157302856445,5,511
62,215,eval,Illinois (Sufjan Stevens album),My Boo (Usher and Alicia Keys song),162,,8,10,-52.91350555419922,-69.27448272705078,-64.2425537109375,-70.25899505615234,-56.11920928955078,-68.95305633544922,-6.614188194274902,-6.927448272705078,8,10,-61.480018615722656,-80.94451141357422,-72.43008422851562,-82.24089813232422,-62.29920959472656,-80.47911834716797,-7.685002326965332,-8.094451141357421,-51.93110275268555,-69.32017517089844,-53.09919738769531,-49.99283218383789,-53.122703552246094,-62.78568649291992,-55.05910873413086,-72.30205535888672,-55.13589096069336,-52.610198974609375,-55.10406494140625,-63.351600646972656,-8.311871528625488,-41.80434036254883,8,-58.85329818725586,-49.51182174682617,10,486
63,311,eval,NoitulovE,Jin – Song Wars,163,,5,4,-43.70254898071289,-51.65016174316406,-43.24833297729492,-50.06279754638672,-43.762779235839844,-50.77040100097656,-8.740509796142579,-12.912540435791016,5,4,-55.17110824584961,-59.22749710083008,-54.203495025634766,-56.16538619995117,-54.43842697143555,-60.244468688964844,-11.034221649169922,-14.80687427520752,-44.63654327392578,-55.89908218383789,-52.01462173461914,-40.02897644042969,-42.15888214111328,-44.54436874389648,-48.24736785888672,-60.20952606201172,-52.98373031616211,-42.57112884521485,-42.81657028198242,-45.44080352783203,-5.112417221069336,-39.33440399169922,5,-52.60387420654297,-34.26060485839844,4,326
64,431,eval,Simon de Montfort's Parliament,Mitsuyo Maeda,164,,6,4,-33.04229736328125,-35.1301155090332,-35.54173278808594,-35.60942077636719,-32.132041931152344,-31.228294372558594,-5.507049560546875,-8.7825288772583,6,4,-41.907318115234375,-38.587074279785156,-43.586612701416016,-45.70509338378906,-40.46683120727539,-38.08296203613281,-6.9845530192057295,-9.646768569946289,-19.734743118286133,-53.99175262451172,-41.06365203857422,-34.9141731262207,-27.829574584960938,-30.03520393371582,-23.22847557067871,-56.508689880371094,-43.211456298828125,-37.437347412109375,-28.624103546142575,-31.549087524414062,-0.7855138778686523,-21.574064254760742,6,-32.340797424316406,-22.04402732849121,4,462
65,505,eval,Cater 2 U,Leanne Del Toso,165,,4,5,-59.18256759643555,-56.34442138671875,-58.08671951293945,-61.79917526245117,-60.62997055053711,-58.58636474609375,-14.795641899108887,-11.26888427734375,4,5,-63.997127532958984,-64.10466003417969,-62.88075256347656,-66.44536590576172,-65.55178833007812,-72.59700775146484,-15.999281883239746,-12.820932006835937,-39.53792190551758,-51.62950134277344,-43.31074142456055,-44.28654098510742,-43.01131820678711,-44.38898849487305,-38.82322692871094,-53.631385803222656,-43.231468200683594,-43.69979095458984,-43.63164520263672,-45.81508255004883,-7.287661075592041,-38.37664794921875,4,-50.83561325073242,-37.66819763183594,5,464
66,487,eval,Kitsune,Directed acyclic graph,166,,2,4,-25.73251724243164,-35.929779052734375,-25.28154754638672,-33.310142517089844,-25.02251434326172,-34.44843292236328,-12.86625862121582,-8.982444763183594,2,4,-28.56748390197754,-41.119991302490234,-34.103599548339844,-40.97955322265625,-28.76278305053711,-37.68021011352539,-14.28374195098877,-10.279997825622559,-15.752910614013672,-34.572269439697266,-25.8820743560791,-6.41307258605957,-19.240541458129883,-22.026283264160156,-17.402585983276367,-34.40613555908203,-25.80035400390625,-10.169137954711914,-19.995941162109375,-23.27203369140625,-1.1294031143188477,-16.350513458251953,2,-27.965360641479492,-21.154691696166992,4,458
67,24,eval,Geopyxis carbonaria,Adams River (British Columbia),167,,5,6,-56.86802673339844,-45.072086334228516,-55.32232666015625,-44.704044342041016,-53.6461181640625,-42.13637924194336,-11.373605346679687,-7.512014389038086,5,6,-60.651309967041016,-56.326908111572266,-59.61753845214844,-55.0474739074707,-60.06542205810547,-51.35693359375,-12.130261993408203,-9.387818018595377,-38.13719177246094,-41.66205978393555,-47.910099029541016,-28.443450927734375,-48.21440124511719,-31.734764099121097,-39.7883415222168,-42.829315185546875,-47.74303436279297,-29.060577392578125,-48.53104782104492,-33.15461730957031,-2.212352752685547,-42.902069091796875,5,-37.91997528076172,-31.506898880004883,6,393
68,248,eval,Texas A & M Singing Cadets,Stop!! Hibari-kun!,168,,8,7,-64.273193359375,-64.2555923461914,-63.31929016113281,-69.75166320800781,-63.473793029785156,-63.61399841308594,-8.034149169921875,-9.179370335170201,8,7,-67.23104858398438,-64.23271179199219,-67.91553497314453,-70.31707763671875,-67.92713165283203,-67.77351379394531,-8.403881072998047,-9.176101684570312,-33.47311019897461,-81.62146759033203,-77.2699966430664,-62.77337646484375,-61.33058166503906,-65.17628479003906,-35.57568359375,-84.00336456298828,-79.24899291992188,-64.34296417236328,-63.79031753540039,-67.15178680419922,-4.282409191131592,-37.705421447753906,8,-62.62328338623047,-41.365726470947266,7,41
69,595,eval,Georgian scripts,Kedok Ketawa,169,,2,5,-30.976062774658203,-67.00814056396484,-30.913192749023438,-65.98990631103516,-24.277687072753906,-62.59187698364258,-15.488031387329102,-13.401628112792968,2,5,-38.501220703125,-72.53924560546875,-31.699735641479492,-70.57132720947266,-30.727840423583984,-66.81739044189453,-19.2506103515625,-14.50784912109375,-24.016796112060547,-57.43921661376953,-32.5195426940918,-40.38602066040039,-30.983692169189453,-47.323875427246094,-26.08419418334961,-58.21479034423828,-32.88274383544922,-40.512638092041016,-32.36991882324219,-48.06546401977539,-3.078172206878662,-22.86949920654297,2,-57.789981842041016,-41.277462005615234,5,332
70,329,eval,God's Choice,Gerard (archbishop of York),170,,3,7,-38.12194061279297,-47.28704071044922,-39.407535552978516,-46.59450912475586,-38.81797790527344,-44.947776794433594,-12.707313537597656,-6.7552915300641745,3,7,-47.430816650390625,-50.496559143066406,-44.297271728515625,-51.38278579711914,-44.478424072265625,-46.14834213256836,-15.810272216796875,-7.2137941632952005,-32.114505767822266,-61.736385345458984,-30.958885192871097,-33.390167236328125,-25.382139205932617,-36.35336685180664,-36.8743782043457,-61.9696159362793,-34.167022705078125,-34.39940643310547,-27.957950592041016,-36.91211700439453,-6.4202752113342285,-23.983043670654297,3,-45.29790115356445,-29.386886596679688,7,269
71,513,eval,Inocybe praetervisa,South of Heaven,171,,7,3,-47.350643157958984,-36.00602722167969,-46.8906364440918,-34.194217681884766,-47.0842170715332,-33.73948669433594,-6.764377593994141,-12.002009073893229,7,3,-54.026039123535156,-43.81474685668945,-55.94243621826172,-41.93631362915039,-53.60744094848633,-47.07468032836914,-7.7180055890764505,-14.604915618896484,-32.956321716308594,-40.716827392578125,-42.721717834472656,-26.074357986450195,-35.71596908569336,-31.051931381225582,-38.206180572509766,-43.49488830566406,-45.8079833984375,-26.249109268188477,-38.04991912841797,-33.00275421142578,-1.1724789142608643,-32.418479919433594,7,-29.207569122314453,-19.122167587280273,3,395
72,238,eval,"No result, Pts",Blackburn Firecrest,172,,5,3,-74.93408966064453,-47.56315231323242,-65.14714813232422,-53.82717514038086,-65.913818359375,-55.71917724609375,-14.986817932128906,-15.854384104410807,5,3,-79.72804260253906,-48.73119354248047,-71.23450469970703,-49.967308044433594,-78.7794418334961,-49.38507843017578,-15.945608520507813,-16.243731180826824,-60.51261901855469,-43.39903259277344,-66.47015380859375,-32.65899658203125,-51.12892532348633,-36.97683334350586,-60.14775466918945,-44.38079071044922,-67.8149185180664,-37.16862487792969,-50.48260498046875,-37.90430450439453,-21.07073974609375,-43.94010543823242,5,-51.05573272705078,-35.45695114135742,3,220
73,104,eval,First-move advantage in chess,Tropical Storm Olaf (1997),173,,5,10,-46.98966979980469,-54.095970153808594,-40.04393768310547,-54.80805587768555,-41.192169189453125,-47.52149200439453,-9.397933959960938,-5.409597015380859,5,10,-53.25102233886719,-65.89079284667969,-43.996944427490234,-56.63262939453125,-48.77861022949219,-50.629154205322266,-10.650204467773438,-6.589079284667969,-35.767948150634766,-52.7025146484375,-63.6888542175293,-29.48666763305664,-33.9012565612793,-34.91407012939453,-35.851844787597656,-51.73095703125,-64.2806396484375,-33.477413177490234,-35.058616638183594,-36.09577560424805,-10.704877853393555,-28.060312271118164,5,-44.66873550415039,-37.4385871887207,10,252
74,115,eval,Lost Horizons (Lemon Jelly album),Sister Wives,174,,9,3,-64.15512084960938,-28.642847061157227,-69.90583801269531,-28.414165496826172,-60.96131896972656,-25.73127555847168,-7.128346761067708,-9.547615687052408,9,3,-73.59263610839844,-37.72104263305664,-76.80186462402344,-38.9169807434082,-69.98294830322266,-34.650428771972656,-8.176959567599827,-12.573680877685547,-53.59719467163086,-34.62940979003906,-67.3058853149414,-28.34830093383789,-63.526851654052734,-27.626943588256836,-56.4738655090332,-38.17378616333008,-71.84442901611328,-28.514909744262695,-67.6971435546875,-28.034534454345703,-13.895539283752441,-49.11692428588867,9,-28.749744415283203,-20.06549835205078,3,114
75,129,eval,2010 Haiti earthquake,Ireland,175,,7,1,-30.217205047607422,-21.671844482421875,-43.7473258972168,-22.612140655517578,-39.5642204284668,-22.554786682128906,-4.316743578229632,-21.671844482421875,7,1,-37.00276565551758,-24.02507781982422,-52.502254486083984,-28.189420700073242,-50.34907150268555,-27.427963256835938,-5.286109379359654,-24.02507781982422,-20.02972984313965,-23.68107032775879,-40.962310791015625,-19.28943252563477,-24.901029586791992,-13.767661094665527,-20.23260498046875,-24.075881958007812,-42.51317596435547,-22.14704704284668,-27.132665634155273,-14.831832885742188,-8.895628929138184,-18.191143035888672,7,-22.43915557861328,-10.646934509277344,1,41
76,622,eval,Star,James Robert Baker,176,,1,3,-22.457761764526367,-35.76704025268555,-21.518495559692383,-34.900718688964844,-20.429786682128906,-34.62195587158203,-22.457761764526367,-11.922346750895182,1,3,-29.012619018554688,-41.91359329223633,-30.355737686157227,-41.561309814453125,-27.842025756835938,-40.7161865234375,-29.012619018554688,-13.971197764078775,-8.906637191772461,-31.31592559814453,-12.589925765991213,-23.125572204589844,-13.986411094665527,-24.14082908630371,-10.774124145507812,-32.77729415893555,-13.336742401123049,-23.968120574951172,-14.472457885742188,-25.52648544311523,-8.786949157714844,-9.459434509277344,1,-32.34092712402344,-22.806854248046875,3,485
77,169,eval,Cadmium,Rob Howard,177,,2,2,-22.616121292114258,-33.342124938964844,-32.062355041503906,-34.27432632446289,-26.74884796142578,-33.79714584350586,-11.308060646057129,-16.671062469482422,2,2,-26.40127182006836,-37.43157958984375,-39.46486282348633,-36.81145477294922,-37.66261672973633,-34.205238342285156,-13.20063591003418,-18.715789794921875,-13.95578956604004,-33.50897979736328,-30.30620765686035,-17.73198127746582,-23.579124450683594,-25.466236114501953,-20.686878204345703,-34.595802307128906,-30.342756271362305,-22.645414352416992,-25.51824951171875,-26.943634033203125,-2.415846586227417,-15.704437255859375,2,-30.642736434936523,-18.06844139099121,2,190
78,87,eval,Vitamin D (Glee),"The Fox, the Wolf and the Husbandman",178,,6,9,-67.10306549072266,-69.31321716308594,-63.36793518066406,-64.2596435546875,-59.26401901245117,-63.39729309082031,-11.183844248453775,-7.701468573676215,6,9,-77.60032653808594,-78.4094467163086,-69.23051452636719,-69.65635681152344,-65.30026245117188,-74.013671875,-12.933387756347656,-8.71216074625651,-37.12137985229492,-65.80564880371094,-45.24058151245117,-59.892696380615234,-46.14631652832031,-59.97039413452149,-38.6519889831543,-68.10442352294922,-46.95906066894531,-61.565067291259766,-46.16803741455078,-60.56380462646485,-12.44685173034668,-40.2208251953125,6,-61.58672332763672,-43.796138763427734,9,316
79,60,eval,Paul Thomas Anderson,Boy-Scoutz ' n the Hood,179,,3,9,-31.075971603393555,-65.2950439453125,-31.709714889526367,-67.19422149658203,-28.043018341064453,-63.06156539916992,-10.358657201131185,-7.2550048828125,3,9,-38.960906982421875,-68.06707000732422,-34.296852111816406,-64.72534942626953,-31.803865432739258,-67.64885711669922,-12.986968994140625,-7.5630077785915795,-7.930587768554688,-71.52685546875,-14.117496490478516,-49.45708465576172,-16.772720336914062,-60.759613037109375,-11.229497909545898,-73.61608123779297,-16.18015480041504,-51.54624938964844,-17.866455078125,-62.48388671875,-2.2008984088897705,-14.560338020324707,3,-47.782447814941406,-49.92420196533203,9,25
80,528,eval,Le souper de Beaucaire,M-122 (Michigan highway),180,,7,9,-48.033538818359375,-70.2523422241211,-48.27349853515625,-73.95072174072266,-47.46978759765625,-64.74325561523438,-6.861934116908482,-7.805815802680121,7,9,-50.60868835449219,-84.65238189697266,-53.665740966796875,-79.96680450439453,-56.60260009765625,-80.72955322265625,-7.2298126220703125,-9.40582021077474,-43.70225143432617,-70.02477264404297,-65.50003051757812,-47.34235763549805,-34.40599822998047,-49.35719680786133,-43.00408935546875,-71.48202514648438,-66.82781219482422,-47.69477081298828,-33.940040588378906,-51.54554748535156,-4.279732704162598,-29.518508911132812,7,-63.589210510253906,-43.10753631591797,9,431
81,149,eval,AIL Storm,Diamond stingray,181,,3,3,-46.5565185546875,-43.24727249145508,-46.65046691894531,-39.76751708984375,-39.87879943847656,-40.118289947509766,-15.518839518229166,-14.415757497151693,3,3,-46.229042053222656,-52.107147216796875,-51.25785827636719,-47.72600173950195,-46.624481201171875,-47.134925842285156,-15.409680684407553,-17.369049072265625,-32.31707000732422,-35.642799377441406,-40.12007141113281,-27.5084171295166,-29.160980224609375,-36.16179656982422,-33.19641876220703,-36.6753044128418,-40.0857048034668,-27.31913375854492,-30.086151123046875,-37.69851303100586,-4.938004970550537,-28.72460174560547,3,-34.41416931152344,-29.522987365722656,3,219
82,207,eval,Fieldfare,E. W. Hornung,182,,2,6,-32.23225021362305,-34.79008102416992,-33.74488830566406,-40.691253662109375,-33.76612091064453,-40.02668380737305,-16.116125106811523,-5.798346837361653,2,6,-37.19514083862305,-43.81155776977539,-38.80279541015625,-43.897132873535156,-40.45441818237305,-40.91534423828125,-18.597570419311523,-7.301926294962565,-19.685503005981445,-41.54593276977539,-30.575834274291992,-25.40171813964844,-27.80847549438477,-24.580827713012695,-21.99314308166504,-42.888545989990234,-33.85625076293945,-28.219667434692383,-29.320369720458984,-25.712703704833984,-2.9586117267608643,-21.170242309570312,2,-31.266616821289062,-23.745952606201172,6,225
83,497,eval,2nd Battalion 9th Marines,Yamaha NS-10,183,,8,5,-42.49835968017578,-38.12056350708008,-43.918922424316406,-41.510276794433594,-44.8695068359375,-33.25505447387695,-5.312294960021973,-7.624112701416015,8,5,-64.83014678955078,-45.27724075317383,-63.72134780883789,-48.65461349487305,-58.131317138671875,-37.35956954956055,-8.103768348693848,-9.055448150634765,-21.97745704650879,-46.783966064453125,-50.21197509765625,-30.033578872680664,-31.82878303527832,-30.98383331298828,-22.492841720581055,-47.84317779541016,-52.91625213623047,-33.5891227722168,-33.724220275878906,-33.024688720703125,-2.7363364696502686,-23.62047004699707,8,-41.220211029052734,-20.790557861328125,5,131
84,69,eval,Central Area Command (RAAF),Florida State Road 878,184,,7,7,-69.11246490478516,-55.956939697265625,-69.18130493164062,-49.65137481689453,-68.92955017089844,-47.78760528564453,-9.873209272112165,-7.993848528180804,7,7,-71.74739837646484,-61.67151641845703,-74.76351928710938,-51.27851867675781,-69.04136657714844,-46.20022964477539,-10.249628339494977,-8.810216631208148,-34.87093734741211,-55.4744873046875,-56.16446685791016,-34.598148345947266,-51.548301696777344,-38.801246643066406,-36.90001678466797,-56.658748626708984,-58.79237365722656,-36.87874221801758,-51.94538879394531,-42.07035446166992,-5.749398708343506,-41.94996643066406,7,-38.16205596923828,-30.800487518310547,7,55
85,173,eval,The Food Album,Qedarite,185,,3,3,-52.301368713378906,-57.80812454223633,-47.71401596069336,-59.10188674926758,-44.85576629638672,-50.103580474853516,-17.4337895711263,-19.26937484741211,3,3,-58.65557098388672,-62.881961822509766,-50.89680862426758,-62.0161247253418,-50.33504867553711,-45.9290771484375,-19.551856994628906,-20.96065394083659,-36.15461730957031,-36.73323059082031,-43.47190856933594,-19.15986442565918,-33.46306610107422,-30.629993438720703,-38.82508087158203,-37.0244140625,-46.19051742553711,-21.692502975463867,-34.90637969970703,-30.192893981933594,-2.6212782859802246,-27.999954223632812,3,-51.067405700683594,-22.113460540771484,3,156
86,425,eval,Independence Day (India),Kyra (Charmed),186,,5,6,-39.01706314086914,-51.85886001586914,-39.22494888305664,-50.3398551940918,-35.84076690673828,-51.604026794433594,-7.803412628173828,-8.64314333597819,5,6,-46.63446807861328,-57.65651321411133,-47.75039291381836,-53.644935607910156,-37.881622314453125,-57.90966033935547,-9.326893615722657,-9.609418869018555,-14.035593032836914,-53.40217971801758,-28.856386184692383,-29.691015243530273,-21.15336799621582,-36.999454498291016,-17.976930618286133,-53.51403045654297,-33.90349197387695,-31.939678192138672,-24.155668258666992,-37.88705825805664,-8.388094902038574,-19.70728874206543,5,-45.75138854980469,-31.265186309814453,6,388
87,413,eval,Project Chanology,Corn crake,187,,3,3,-35.68063735961914,-38.96786880493164,-36.589359283447266,-35.26520919799805,-33.06221389770508,-33.95248794555664,-11.893545786539713,-12.98928960164388,3,3,-38.52557373046875,-44.078956604003906,-39.91082763671875,-40.26597213745117,-34.61335372924805,-40.373374938964844,-12.84185791015625,-14.692985534667969,-17.674718856811523,-43.37495422363281,-38.38314437866211,-22.597766876220703,-30.702213287353516,-37.1702766418457,-19.25472640991211,-44.268463134765625,-38.93645095825195,-23.88825798034668,-31.69856834411621,-37.0374641418457,-1.2445226907730103,-22.188901901245117,3,-34.444374084472656,-26.298828125,3,475
88,537,eval,Draining and development of the Everglades,Battle of Binh Gia,188,,9,6,-51.432071685791016,-42.73164749145508,-52.543453216552734,-43.38094711303711,-49.70230484008789,-39.40213394165039,-5.714674631754558,-7.121941248575847,9,6,-70.09416198730469,-49.848838806152344,-67.58924102783203,-49.442344665527344,-70.76154327392578,-47.26504135131836,-7.788240220811632,-8.30813980102539,-38.26686096191406,-41.3951416015625,-51.164512634277344,-33.84577178955078,-52.70238494873047,-32.756038665771484,-40.99993896484375,-44.39397811889648,-52.80184555053711,-36.18150329589844,-54.398170471191406,-33.9549560546875,-6.603520393371582,-34.54581832885742,9,-42.549442291259766,-28.50961685180664,6,74
89,272,eval,Banksia violacea,Somerset County Cricket Club in 2009,189,,4,10,-42.32834243774414,-46.81583023071289,-41.85983657836914,-46.09370040893555,-38.76285934448242,-42.32427978515625,-10.582085609436035,-4.681583023071289,4,10,-47.932777404785156,-60.63188552856445,-47.889522552490234,-53.2567024230957,-41.717403411865234,-51.678646087646484,-11.983194351196289,-6.063188552856445,-22.489896774291992,-60.6148796081543,-49.27889251708984,-32.31009292602539,-29.9198055267334,-44.82101058959961,-27.76734733581543,-59.07915496826172,-51.703731536865234,-33.5083122253418,-32.730873107910156,-45.726322174072266,-0.7715417146682739,-26.016611099243164,4,-37.89750671386719,-31.74799919128418,10,378
90,549,eval,10.6 ° compared to 7 ° for Mercury and 17 ° for Pluto) and moderately eccentric (e,Erving Goffman,190,,26,5,-120.6812973022461,-32.39354705810547,-117.55296325683594,-30.538185119628906,-116.03913879394531,-30.217876434326172,-4.641588357778696,-6.478709411621094,26,5,-137.77639770507812,-37.624664306640625,-138.50218200683594,-34.34577941894531,-136.16363525390625,-32.63193130493164,-5.299092219426082,-7.524932861328125,-152.87062072753906,-43.29898452758789,-186.12579345703125,-9.68881130218506,-164.48228454589844,-17.131591796875,-154.51800537109375,-44.21290588378906,-189.8509979248047,-12.069263458251951,-163.72598266601562,-18.790613174438477,-36.19091033935547,-87.35504150390625,26,-34.754493713378906,-15.77665901184082,5,477
91,219,eval,Gertrude Barrows Bennett,West End Girls,191,,6,3,-43.294612884521484,-31.434986114501953,-41.82571792602539,-30.49264144897461,-41.59794235229492,-37.28681945800781,-7.215768814086914,-10.478328704833984,6,3,-51.5829963684082,-50.08531951904297,-48.40501403808594,-38.75419235229492,-49.66033935546875,-47.904502868652344,-8.597166061401367,-16.695106506347656,-18.560550689697266,-29.577407836914062,-41.322139739990234,-26.33876609802246,-26.365955352783203,-26.97701072692871,-23.73666763305664,-31.21001434326172,-43.33647155761719,-28.455585479736328,-27.835168838500977,-28.138708114624023,-0.38074013590812683,-22.226612091064453,6,-29.29751205444336,-19.070512771606445,3,497
92,531,eval,Memory Almost Full,SS El Sol,192,,3,3,-45.1215934753418,-42.911598205566406,-41.85904312133789,-46.42222595214844,-43.30384826660156,-46.24422836303711,-15.040531158447266,-14.303866068522135,3,3,-50.433101654052734,-50.98988342285156,-44.565155029296875,-52.516273498535156,-46.42903137207031,-48.75197219848633,-16.811033884684246,-16.996627807617188,-35.209468841552734,-54.19621276855469,-43.85407257080078,-23.95732879638672,-35.74689483642578,-34.904266357421875,-36.20995330810547,-52.76285934448242,-45.21288299560547,-30.597522735595703,-37.568058013916016,-36.470245361328125,-5.748465538024902,-31.280223846435547,3,-39.44365692138672,-30.91946792602539,3,24
93,416,eval,Khoo Kheng-Hor,Cicely Mary Barker,193,,6,4,-64.14447021484375,-30.67804718017578,-64.04679107666016,-30.94965171813965,-67.60962677001953,-30.558752059936523,-10.690745035807291,-7.669511795043945,6,4,-67.93114471435547,-33.01010513305664,-66.76901245117188,-32.162357330322266,-69.61076354980469,-34.945587158203125,-11.321857452392578,-8.25252628326416,-39.6302490234375,-40.53277969360352,-43.32511138916016,-16.53315544128418,-42.54875946044922,-22.280393600463867,-40.28155517578125,-41.52724075317383,-46.040740966796875,-19.490570068359375,-42.90590286254883,-23.859392166137695,-1.4382590055465698,-47.854705810546875,6,-27.201339721679688,-15.115586280822754,4,445
94,576,eval,The Convict (1910 film),Zhou Tong (archer),194,,10,6,-71.92366790771484,-47.509056091308594,-68.087890625,-46.740745544433594,-63.38185119628906,-44.76845169067383,-7.1923667907714846,-7.918176015218099,10,6,-83.29158020019531,-51.904998779296875,-84.75756072998047,-53.267940521240234,-75.98516082763672,-47.5181770324707,-8.32915802001953,-8.650833129882812,-43.73898696899414,-51.342681884765625,-53.286598205566406,-35.35807418823242,-45.04016876220703,-36.24471282958984,-46.36347198486328,-53.351470947265625,-54.40311813354492,-37.72697067260742,-46.29182434082031,-38.25136947631836,-12.576669692993164,-35.30818557739258,10,-44.035400390625,-29.374616622924805,6,503
95,297,eval,The Moth (Lost),Comair Flight 5191,195,,6,8,-60.19113540649414,-51.70138168334961,-53.236263275146484,-53.71925354003906,-52.08148193359375,-45.612667083740234,-10.031855901082357,-6.462672710418701,6,8,-68.05387878417969,-53.5326042175293,-60.98075485229492,-55.14192581176758,-62.16841506958008,-46.99510192871094,-11.342313130696615,-6.691575527191162,-39.164512634277344,-53.231048583984375,-59.88028717041016,-31.26325035095215,-40.129024505615234,-38.04923629760742,-41.240604400634766,-53.78668975830078,-61.15129089355469,-32.326175689697266,-41.30486679077149,-39.007965087890625,-13.272058486938477,-37.68316650390625,6,-32.31623458862305,-24.15862274169922,8,491
96,62,eval,Joe Nathan,Elgin Cathedral,196,,2,3,-36.92658233642578,-33.02207946777344,-37.80316162109375,-32.44249725341797,-37.25481414794922,-29.80107307434082,-18.46329116821289,-11.007359822591146,2,3,-40.59897994995117,-43.451229095458984,-42.29751968383789,-44.67304229736328,-40.95447540283203,-42.8643798828125,-20.299489974975586,-14.483743031819662,-15.00938606262207,-34.923587799072266,-37.85547637939453,-18.187746047973633,-23.934261322021484,-17.989850997924805,-18.46574592590332,-36.842140197753906,-39.59474182128906,-21.28600692749023,-25.789531707763672,-19.181543350219727,-0.3693241477012634,-17.390348434448242,2,-31.298892974853516,-15.45330810546875,3,90
97,5,eval,2011 – 12 Columbus Blue Jackets season,Islais Creek,197,,13,3,-76.26598358154297,-32.892730712890625,-73.57657623291016,-33.2015266418457,-70.13882446289062,-31.10269546508789,-5.866614121657151,-10.964243570963541,13,3,-85.34587097167969,-37.57321548461914,-84.42684173583984,-34.45792770385742,-82.57532501220703,-36.48377990722656,-6.565066997821514,-12.524405161539713,-37.1790885925293,-36.65154266357422,-66.86380004882812,-23.37431526184082,-43.57479095458984,-30.67801856994629,-37.691612243652344,-36.47007751464844,-65.29447174072266,-25.54010772705078,-44.74567413330078,-32.546077728271484,-11.745331764221191,-37.828773498535156,13,-28.95931625366211,-20.819875717163086,3,499
98,550,eval,Skye,"14.1 years), 115mCd (t1 / 2",198,,2,19,-26.845361709594727,-118.01568603515625,-21.82149887084961,-119.02955627441406,-27.163476943969727,-120.20553588867188,-13.422680854797363,-6.211351896587171,2,19,-38.70082092285156,-136.1031036376953,-23.947309494018555,-132.2024688720703,-33.593772888183594,-138.81480407714844,-19.35041046142578,-7.163321244089227,-24.68005752563477,-127.06482696533205,-24.000415802001953,-128.06748962402344,-19.02553939819336,-129.0928955078125,-26.16608428955078,-127.73690795898438,-27.945077896118164,-135.4098358154297,-19.94536590576172,-127.9541244506836,-1.846747875213623,-14.423681259155273,2,-114.58570861816406,-90.6954116821289,19,458
99,337,eval,Maggie Simpson,Superman: Escape from Krypton,199,,2,6,-26.61185646057129,-46.07189178466797,-28.019224166870117,-47.58531188964844,-26.567415237426758,-45.015411376953125,-13.305928230285645,-7.678648630777995,2,6,-31.223478317260742,-51.91007995605469,-31.299251556396484,-55.21915817260742,-30.69239616394043,-49.969730377197266,-15.611739158630371,-8.651679992675781,-22.465492248535156,-31.544897079467773,-26.50674819946289,-31.583236694335938,-21.16152572631836,-30.47480201721191,-24.261001586914062,-36.13343811035156,-27.821664810180664,-34.27006149291992,-22.042463302612305,-35.176063537597656,-0.40670400857925415,-15.662034034729004,2,-34.451194763183594,-23.323139190673828,6,424
100,379,eval,Politics of Croatia,Tropical Storm Brenda (1960),0,,3,9,-45.748008728027344,-58.08205032348633,-47.07590103149414,-61.67863082885742,-44.21009826660156,-56.21100997924805,-15.249336242675781,-6.453561147054036,3,9,-52.06165313720703,-62.50101852416992,-53.438995361328125,-65.51874542236328,-51.10380935668945,-58.93115997314453,-17.35388437906901,-6.944557613796658,-15.644479751586914,-64.1734848022461,-44.78202819824219,-35.46272277832031,-23.3262939453125,-34.351749420166016,-15.687050819396973,-61.806976318359375,-44.33456802368164,-38.01298904418945,-25.977642059326172,-35.465335845947266,-7.547609806060791,-23.067529678344727,3,-44.758277893066406,-42.63676834106445,9,255
101,538,eval,DuMont Television Network,Hoover Dam,1,,4,2,-34.822471618652344,-24.82982635498047,-35.96444320678711,-26.352760314941406,-32.00077819824219,-22.6522216796875,-8.705617904663086,-12.414913177490234,4,2,-41.19492721557617,-26.726226806640625,-39.394100189208984,-27.494373321533203,-37.945648193359375,-25.76125144958496,-10.298731803894043,-13.363113403320312,-21.754222869873047,-26.984270095825195,-38.21002960205078,-14.450244903564451,-27.479890823364254,-21.037670135498047,-26.08094024658203,-28.821319580078125,-38.76324462890625,-17.235231399536133,-28.382564544677734,-22.599742889404297,-3.402462959289551,-20.83878517150879,4,-21.590579986572266,-13.585074424743652,2,132
102,75,eval,Sarnia,Cape lobster,2,,3,2,-41.379539489746094,-37.92664337158203,-36.01831817626953,-37.157135009765625,-40.253944396972656,-37.068946838378906,-13.793179829915365,-18.963321685791016,3,2,-49.17633056640625,-42.158565521240234,-42.04785919189453,-39.217933654785156,-54.54116439819336,-41.85650634765625,-16.392110188802082,-21.079282760620117,-16.839923858642578,-39.864593505859375,-23.043060302734375,-19.08112907409668,-22.0978946685791,-29.520832061767575,-19.207536697387695,-40.889617919921875,-23.839263916015625,-22.981374740600582,-23.46190643310547,-30.71691513061523,-1.3133045434951782,-15.534737586975098,3,-31.58518409729004,-24.48439598083496,2,414
103,95,eval,Why Does It Hurt So Bad,June 1941 uprising in eastern Herzegovina,3,,6,12,-56.2756462097168,-60.90013122558594,-48.474849700927734,-60.174415588378906,-44.506004333496094,-55.968814849853516,-9.379274368286133,-5.075010935465495,6,12,-56.982337951660156,-67.28559875488281,-53.45138168334961,-64.6495361328125,-52.912384033203125,-60.05417251586914,-9.497056325276693,-5.607133229573567,-41.376441955566406,-82.71575164794922,-43.30804061889648,-45.60056686401367,-40.40462875366211,-59.764278411865234,-44.15190505981445,-84.05204010009766,-46.333221435546875,-49.0732536315918,-43.881927490234375,-62.063358306884766,-9.636816024780273,-28.393770217895508,6,-52.73105239868164,-44.51813888549805,12,475
104,469,eval,Martin Keamy,Pokiri,4,,3,2,-51.76555633544922,-40.2485237121582,-48.649169921875,-40.40987014770508,-52.51911163330078,-39.54576873779297,-17.25518544514974,-20.1242618560791,3,2,-54.77978515625,-42.86164474487305,-53.165863037109375,-44.94036865234375,-52.113304138183594,-38.897552490234375,-18.259928385416668,-21.430822372436523,-34.23883056640625,-36.410587310791016,-43.84767150878906,-32.34528350830078,-39.47969055175781,-28.05255889892578,-35.86275863647461,-37.78382873535156,-43.91168975830078,-32.91230773925781,-40.373260498046875,-30.253955841064453,-2.7521605491638184,-36.021034240722656,3,-36.47087860107422,-22.99979591369629,2,149
105,99,eval,New Year's Eve (Up All Night),Rebbie Jackson,5,,9,3,-67.25314331054688,-35.825077056884766,-56.13929748535156,-42.031280517578125,-57.18357467651367,-35.14889144897461,-7.472571478949653,-11.941692352294922,9,3,-72.59284973144531,-40.16542434692383,-57.93217086791992,-46.7980842590332,-65.81169128417969,-37.612159729003906,-8.065872192382812,-13.388474782307943,-41.179168701171875,-33.889373779296875,-42.665977478027344,-14.084335327148438,-39.57896041870117,-22.999818801879883,-43.07618713378906,-33.51731491088867,-45.2397346496582,-14.9987154006958,-41.47301483154297,-24.058578491210938,-11.684816360473633,-41.184356689453125,9,-23.809772491455078,-19.917375564575195,3,284
106,381,eval,Brandon Minor,Missouri River,6,,2,2,-33.05778121948242,-32.640380859375,-32.30171203613281,-25.903553009033203,-33.47723388671875,-31.12302017211914,-16.52889060974121,-16.3201904296875,2,2,-36.97372817993164,-35.268558502197266,-37.97816467285156,-30.328155517578125,-38.876834869384766,-36.62782669067383,-18.48686408996582,-17.634279251098633,-26.15790557861328,-21.732681274414062,-33.5813102722168,-17.230632781982422,-32.09962463378906,-24.066293716430664,-28.97002220153809,-22.704442977905273,-36.16168594360352,-20.48635482788086,-33.67620086669922,-26.211151123046875,-0.655852198600769,-23.521764755249023,2,-27.125436782836914,-17.305763244628906,2,236
107,280,eval,The Archaeology of Ritual and Magic,Etymology of Wicca,7,,7,6,-49.560546875,-54.379032135009766,-45.84326171875,-49.8574333190918,-43.785377502441406,-50.278724670410156,-7.080078125,-9.063172022501627,7,6,-54.23381042480469,-62.21875762939453,-49.911556243896484,-57.708946228027344,-50.29507827758789,-55.01383972167969,-7.747687203543527,-10.369792938232422,-45.855865478515625,-47.901126861572266,-46.95723342895508,-22.955564498901367,-41.5867805480957,-29.80327415466309,-48.67316436767578,-51.438453674316406,-50.6392936706543,-23.62423515319824,-43.17546081542969,-30.533296585083008,-4.277878284454346,-27.588226318359375,7,-31.222904205322266,-29.150863647460938,6,478
108,91,eval,Dangerously in Love Tour,Coldrum Long Barrow,8,,5,5,-57.6024169921875,-50.80625915527344,-55.22270202636719,-51.17027282714844,-55.19189453125,-45.1086540222168,-11.5204833984375,-10.161251831054688,5,5,-61.00741958618164,-54.78507614135742,-58.2525634765625,-53.54598617553711,-62.37220001220703,-49.477806091308594,-12.201483917236327,-10.957015228271484,-33.01879119873047,-64.1652603149414,-66.01729583740234,-38.33480453491211,-46.64602279663086,-39.43998718261719,-35.33677673339844,-64.64997863769531,-67.37444305419922,-40.84960174560547,-47.5389289855957,-41.20952224731445,-8.205483436584473,-33.49750900268555,5,-35.56716537475586,-25.12731170654297,5,37
109,303,eval,M-5 (Michigan highway),Rocky Mountain Horse,9,,7,3,-69.32022857666016,-37.95816421508789,-66.3252944946289,-34.84453582763672,-61.658180236816406,-33.67387390136719,-9.902889796665736,-12.652721405029297,7,3,-80.55069732666016,-48.47382354736328,-77.54009246826172,-43.46660232543945,-72.04979705810547,-43.26361083984375,-11.507242475237165,-16.157941182454426,-42.97587966918945,-29.085050582885746,-58.21607971191406,-19.59028434753418,-45.19599533081055,-23.668474197387695,-45.8778076171875,-30.6501522064209,-61.11812973022461,-21.50646591186523,-47.55327224731445,-25.94554901123047,-3.8428330421447754,-37.76711654663086,7,-24.928747177124023,-20.891353607177734,3,380
110,160,eval,Protein,"Galveston, Texas",10,,1,5,-24.827451705932617,-33.179107666015625,-22.598526000976562,-32.967227935791016,-22.007911682128906,-30.948352813720703,-24.827451705932617,-6.635821533203125,1,5,-30.414762496948242,-37.81277084350586,-31.208463668823242,-39.56859588623047,-24.838119506835938,-38.42500686645508,-30.414762496948242,-7.562554168701172,-5.7768988609313965,-26.392784118652344,-22.244535446166992,-8.231406211853027,-16.61141014099121,-20.502029418945312,-11.898307800292969,-27.0362491607666,-24.897615432739254,-14.896613121032717,-17.597457885742188,-21.329978942871097,-6.23768424987793,-13.006309509277344,1,-32.965484619140625,-14.868488311767578,5,321
111,55,eval,2013 – 14 York City F.C. season,G.I. Joe: Retaliation,11,,15,8,-68.5455322265625,-36.247013092041016,-64.77693176269531,-39.61659622192383,-60.25983810424805,-34.90207290649414,-4.5697021484375,-4.530876636505127,15,8,-83.18561553955078,-46.38106918334961,-72.70391082763672,-47.87786865234375,-70.37641143798828,-43.52748107910156,-5.545707702636719,-5.797633647918701,-38.80665969848633,-39.89714813232422,-95.67369079589844,-23.84131622314453,-63.909889221191406,-29.575090408325195,-38.05351638793945,-44.61151123046875,-97.69224548339844,-26.410764694213867,-60.41678237915039,-32.51554870605469,-11.754876136779785,-36.78007507324219,15,-27.3159122467041,-18.769935607910156,8,31
112,591,eval,2 / 4th Machine Gun Battalion (Australia),"Strand, London",12,,12,3,-100.82612609863281,-41.21165084838867,-98.77208709716797,-42.64985275268555,-90.4450912475586,-47.023048400878906,-8.402177174886068,-13.73721694946289,12,3,-108.76274871826172,-51.84939956665039,-110.23768615722656,-53.63699722290039,-100.15653991699219,-64.3564682006836,-9.063562393188477,-17.283133188883465,-51.41060256958008,-49.33170318603515,-102.80046844482422,-20.749555587768555,-65.68612670898438,-41.52161407470703,-51.646575927734375,-50.10790252685547,-107.84293365478516,-26.18004035949707,-66.1447982788086,-42.259029388427734,-18.34822654724121,-58.61112976074219,12,-37.20631408691406,-27.934829711914062,3,373
113,52,eval,Hadji Ali,USS Breese (DD-122),13,,3,10,-36.505184173583984,-57.07758712768555,-34.797569274902344,-56.05434799194336,-34.12580108642578,-51.9533576965332,-12.168394724527994,-5.7077587127685545,3,10,-41.007110595703125,-62.00554656982422,-41.83858871459961,-63.998043060302734,-44.29456329345703,-58.13252258300781,-13.669036865234375,-6.200554656982422,-30.435033798217773,-45.816795349121094,-49.333717346191406,-31.20196533203125,-22.453031539916992,-34.3990478515625,-30.800613403320312,-46.75860595703125,-48.99468994140625,-34.67531967163086,-23.380685806274418,-35.90928268432617,-1.1500940322875977,-20.183454513549805,3,-37.56414794921875,-35.1585693359375,10,24
114,47,eval,Christmas 1994 nor 'easter,Bath Assembly Rooms,14,,10,3,-85.33940124511719,-37.115692138671875,-85.12857055664062,-39.669979095458984,-86.62384033203125,-38.35284423828125,-8.53394012451172,-12.371897379557291,10,3,-87.56338500976562,-35.838748931884766,-92.22660064697266,-45.04951095581055,-86.57379150390625,-37.396995544433594,-8.756338500976563,-11.946249643961588,-68.02790069580078,-58.43714904785156,-93.33454895019533,-21.25839614868164,-61.303688049316406,-41.610008239746094,-69.6124496459961,-56.128883361816406,-97.77184295654295,-24.9853572845459,-62.608192443847656,-42.03211212158203,-8.357393264770508,-56.19089889526367,10,-41.95417022705078,-22.926651000976562,3,392
115,415,eval,Clocks (song),Odyssey Number Five,15,,5,3,-49.51579284667969,-42.481082916259766,-49.424896240234375,-42.59796905517578,-42.25136184692383,-43.26423645019531,-9.903158569335938,-14.160360972086588,5,3,-63.70500946044922,-49.52768325805664,-55.50408172607422,-43.8466911315918,-49.68374252319336,-50.76294708251953,-12.741001892089844,-16.509227752685547,-30.59614372253418,-34.32698440551758,-36.69679260253906,-36.152801513671875,-34.40052795410156,-34.09052658081055,-31.846315383911133,-36.042083740234375,-38.74814987182617,-39.116004943847656,-35.0407829284668,-38.05774688720703,-13.322367668151855,-34.42289733886719,5,-33.7775993347168,-25.954639434814453,3,271
116,212,eval,Trials and Tribble-ations,Harold Innis,16,,6,3,-42.783348083496094,-35.38612747192383,-40.12987518310547,-31.333749771118164,-39.99098205566406,-29.071571350097656,-7.130558013916016,-11.79537582397461,6,3,-49.2713623046875,-35.208927154541016,-46.63483428955078,-37.192352294921875,-41.882259368896484,-30.20667266845703,-8.211893717447916,-11.736309051513672,-36.557621002197266,-30.602371215820312,-51.608028411865234,-9.253039360046388,-46.48721694946289,-21.75900650024414,-38.34501266479492,-29.954465866088867,-54.9419059753418,-13.355124473571776,-47.947235107421875,-22.427730560302734,-17.52642250061035,-28.78400421142578,6,-35.88507080078125,-18.31005859375,3,477
117,221,eval,Marauders (Star Trek: Enterprise),World War Z,17,,9,3,-62.39472198486328,-35.6628532409668,-65.5374526977539,-33.526092529296875,-62.152915954589844,-33.722171783447266,-6.932746887207031,-11.887617746988932,9,3,-68.07528686523438,-43.56244659423828,-71.7862319946289,-39.72865295410156,-75.84619140625,-42.73500061035156,-7.56392076280382,-14.52081553141276,-38.88029098510742,-20.88034439086914,-44.59186553955078,-17.12742805480957,-43.792816162109375,-22.196983337402344,-37.43206787109375,-22.410099029541016,-44.46857452392578,-18.613101959228516,-43.60308837890625,-24.323402404785156,-14.088802337646484,-34.340980529785156,9,-30.642318725585938,-18.829090118408203,3,49
118,567,eval,Sang Pencerah,Boise National Forest,18,,4,3,-62.45023727416992,-33.92475509643555,-59.620059967041016,-36.04927062988281,-54.65665817260742,-34.48344039916992,-15.61255931854248,-11.30825169881185,4,3,-67.41162872314453,-38.03931427001953,-64.0907974243164,-42.954490661621094,-60.82289123535156,-35.19898223876953,-16.852907180786133,-12.679771423339844,-39.333717346191406,-44.7027473449707,-60.57781982421875,-24.181955337524418,-44.01963424682617,-27.748682022094727,-42.466434478759766,-46.03472137451172,-63.94188690185547,-24.70947265625,-47.55198669433594,-29.676652908325195,-6.462917327880859,-28.285903930664062,4,-32.985164642333984,-18.299102783203125,3,434
119,296,eval,Mogadishu,"Richard Nixon presidential campaign, 1968",19,,4,10,-32.10340118408203,-44.817996978759766,-34.54292678833008,-47.856056213378906,-35.602760314941406,-40.093658447265625,-8.025850296020508,-4.481799697875976,4,10,-38.0103759765625,-52.284061431884766,-38.65412902832031,-52.91988754272461,-39.54388427734375,-51.577598571777344,-9.502593994140625,-5.228406143188477,-13.33283233642578,-70.74446105957031,-26.70105743408203,-35.539791107177734,-21.215587615966797,-43.91388702392578,-16.052358627319336,-72.69859313964844,-27.99607276916504,-41.78071212768555,-22.14001083374023,-45.535362243652344,-1.3609254360198975,-16.125320434570312,4,-37.124351501464844,-25.142568588256836,10,50
120,393,eval,Chapter 1 (House of Cards),Battle of Hubbardton,20,,8,4,-46.68156051635742,-45.145450592041016,-48.413326263427734,-38.6534423828125,-42.30956268310547,-38.19898986816406,-5.835195064544678,-11.286362648010254,8,4,-53.75962448120117,-49.7769889831543,-57.113529205322266,-44.37517547607422,-44.10366439819336,-41.06669616699219,-6.7199530601501465,-12.444247245788574,-34.92053985595703,-45.69249725341797,-46.8907470703125,-25.636011123657227,-33.61614227294922,-26.220739364624023,-36.56363296508789,-45.46116256713867,-48.23006820678711,-27.425148010253903,-35.618797302246094,-26.66017723083496,-10.014775276184082,-32.38581466674805,8,-36.95944595336914,-24.421260833740234,4,187
121,373,eval,The Stolen Eagle,Dave Sisler,21,,4,4,-40.72185516357422,-33.59383773803711,-49.368202209472656,-36.52463150024414,-47.11380386352539,-34.56708526611328,-10.180463790893555,-8.398459434509277,4,4,-51.192535400390625,-37.48272705078125,-58.364044189453125,-44.0923957824707,-56.505409240722656,-41.25703430175781,-12.798133850097656,-9.370681762695312,-32.13151168823242,-32.84526824951172,-34.80571746826172,-29.24185562133789,-34.59684371948242,-29.42535972595215,-33.57530212402344,-34.60279083251953,-37.36763000488281,-30.912988662719727,-35.65525817871094,-30.87388801574707,-7.146782398223877,-28.556081771850586,4,-37.73194122314453,-19.486591339111328,4,230
122,281,eval,History of Braathens SAFE (1946 – 93),"George Calvert, 1st Baron Baltimore",22,,16,9,-101.81240844726562,-42.07453918457031,-101.82401275634766,-40.703163146972656,-98.521728515625,-42.32636642456055,-6.363275527954102,-4.67494879828559,16,9,-113.8836669921875,-48.33116912841797,-114.50731658935547,-48.06194305419922,-110.23243713378906,-45.90476608276367,-7.117729187011719,-5.370129903157552,-80.90836334228516,-56.86407470703125,-108.53717041015624,-18.75998306274414,-100.46434020996094,-32.24300765991211,-85.09241485595703,-57.85902404785156,-111.7757568359375,-19.624786376953125,-104.58206176757812,-33.67960739135742,-11.221774101257324,-69.57854461669922,16,-34.480751037597656,-20.165485382080078,9,496
123,517,eval,Loverboy (Mariah Carey song),Hemmema,23,,8,3,-62.875732421875,-38.45769119262695,-63.675968170166016,-47.11625671386719,-54.58098220825195,-38.597408294677734,-7.859466552734375,-12.819230397542318,8,3,-68.989501953125,-49.364070892333984,-68.3992691040039,-53.11250686645508,-59.9239387512207,-48.88117218017578,-8.623687744140625,-16.45469029744466,-40.6118278503418,-45.543235778808594,-72.41484832763672,-40.20854187011719,-43.118770599365234,-35.33676528930664,-43.374977111816406,-47.27448272705078,-71.7115249633789,-40.72607421875,-44.12102890014648,-39.04926300048828,-20.130630493164062,-41.41037368774414,8,-33.7894172668457,-25.50543212890625,3,295
124,419,eval,Stefan Wever,Far Away Places (Mad Men),24,,3,7,-38.66845703125,-64.36536407470703,-38.50355529785156,-62.50453186035156,-37.9859733581543,-61.013145446777344,-12.889485677083334,-9.195052010672432,3,7,-45.17090606689453,-74.09416198730469,-39.74558639526367,-72.8858413696289,-41.519256591796875,-70.42234802246094,-15.056968688964844,-10.58488028390067,-37.2244873046875,-68.07595825195312,-32.94615936279297,-50.86491775512695,-28.19668960571289,-48.22968673706055,-37.76386642456055,-70.3526382446289,-35.955020904541016,-53.40913009643555,-29.45976448059082,-50.65285110473633,-2.630038022994995,-29.69756507873535,3,-49.8217658996582,-45.8410758972168,7,145
125,465,eval,Corpus Christi Bay,John Cullen,25,,4,3,-40.12983703613281,-40.61262893676758,-39.67021179199219,-40.33002853393555,-37.92058181762695,-40.60945510864258,-10.032459259033203,-13.537542978922525,4,3,-48.51982116699219,-42.808128356933594,-47.586517333984375,-43.14377975463867,-43.261837005615234,-40.13245391845703,-12.129955291748047,-14.269376118977865,-20.431772232055664,-23.659563064575195,-26.829986572265625,-18.376949310302734,-26.144458770751953,-24.264373779296875,-22.96447372436523,-26.392436981201172,-28.930339813232425,-21.746356964111328,-27.749265670776367,-25.42167282104492,-0.5776219964027405,-21.766647338867188,4,-30.963939666748047,-17.323226928710938,3,120
126,464,eval,1998 National League Wild Card tie-breaker game,Mega Man & Bass,26,,13,4,-51.492000579833984,-52.68973159790039,-49.66143035888672,-51.92102813720703,-47.09428787231445,-45.90419006347656,-3.960923121525691,-13.172432899475098,13,4,-67.18242645263672,-63.11140060424805,-68.5881118774414,-63.74247741699219,-67.30638885498047,-60.430442810058594,-5.167878957895132,-15.777850151062012,-57.16828155517578,-59.48514938354492,-74.11164093017578,-29.4291934967041,-61.04438400268555,-39.77677154541016,-59.3277702331543,-61.59642028808594,-75.24531555175781,-31.288179397583008,-64.76164245605469,-43.02287673950195,-11.770955085754395,-33.01644515991211,13,-41.19972610473633,-22.694496154785156,4,125
127,557,eval,The Good Terrorist,Rio de Janeiro bid for the 2016 Summer Olympics,27,,4,13,-41.80754852294922,-38.54678726196289,-42.1341667175293,-38.853702545166016,-38.11126708984375,-37.369903564453125,-10.451887130737305,-2.965137481689453,4,13,-51.021766662597656,-47.598480224609375,-50.46152877807617,-46.77135467529297,-46.4751091003418,-44.27510070800781,-12.755441665649414,-3.6614215557391825,-32.71624755859375,-65.78535461425781,-41.45573806762695,-29.18012237548828,-28.692703247070312,-40.54535675048828,-34.030540466308594,-68.1648941040039,-42.75782775878906,-28.1013240814209,-29.14556121826172,-41.90888214111328,-3.760350227355957,-23.153533935546875,4,-39.66770935058594,-23.844894409179688,13,78
128,331,eval,Arikamedu,The Importance of Being Earnest,28,,4,6,-45.083984375,-39.17060089111328,-40.210304260253906,-42.18605422973633,-34.61549758911133,-35.945072174072266,-11.27099609375,-6.528433481852214,4,6,-50.90120315551758,-44.489891052246094,-40.749271392822266,-44.12312698364258,-38.39299392700195,-40.0732421875,-12.725300788879395,-7.414981842041016,-18.87845802307129,-53.89939498901367,-40.5274543762207,-28.191940307617188,-24.86334800720215,-26.425132751464844,-22.098655700683594,-56.00716781616211,-40.252647399902344,-29.750513076782227,-25.33966827392578,-27.099166870117188,-1.672115683555603,-20.34091567993164,4,-34.7235107421875,-19.2912654876709,6,160
129,98,eval,"West Hendford Cricket Ground, Yeovil",HMS Boreas (H77),29,,9,9,-75.42044067382812,-57.423885345458984,-71.98052215576172,-52.651798248291016,-73.77887725830078,-54.14603042602539,-8.38004896375868,-6.380431705050999,9,9,-89.49082946777344,-60.83641815185547,-86.7642822265625,-60.37677001953125,-87.55651092529297,-54.141780853271484,-9.943425496419271,-6.7596020168728295,-66.95608520507812,-55.2052001953125,-73.71868133544922,-39.30178451538086,-70.57127380371094,-40.774654388427734,-70.0111312866211,-55.925411224365234,-76.70133209228516,-43.68226623535156,-73.92955017089844,-42.35982131958008,-12.326751708984375,-57.994529724121094,9,-45.61368179321289,-37.26290512084961,9,307
130,26,eval,Johnson – Corey – Chaykovsky reaction,St Nazaire Raid,30,,9,4,-93.79386138916016,-53.560359954833984,-91.7430191040039,-55.3424072265625,-87.20722961425781,-51.360687255859375,-10.421540154351128,-13.390089988708496,9,4,-97.73719787597656,-60.824764251708984,-93.942138671875,-61.29937744140625,-89.90937805175781,-55.13374328613281,-10.859688652886284,-15.206191062927246,-53.1196403503418,-45.04773712158203,-101.7216796875,-32.57884979248047,-91.72268676757812,-36.18268585205078,-60.630001068115234,-47.19976806640625,-100.73445129394533,-33.60936737060547,-90.62146759033205,-38.29673767089844,-6.450123310089111,-60.8919792175293,9,-37.192649841308594,-28.462772369384766,4,291
131,435,eval,Hydnellum peckii,Ouw Peh Tjoa,31,,7,7,-47.64897537231445,-70.38247680664062,-46.549888610839844,-72.59197235107422,-43.91170883178711,-58.69291687011719,-6.8069964817592075,-10.054639543805804,7,7,-47.98259353637695,-75.68277740478516,-49.58073806762695,-78.82181549072266,-44.61506271362305,-65.43318939208984,-6.854656219482422,-10.811825343540736,-36.9344482421875,-60.24809646606445,-56.59340286254883,-66.76045989990234,-37.116355895996094,-53.68250274658203,-38.899810791015625,-61.82357025146485,-57.316253662109375,-68.65684509277344,-38.29952621459961,-56.0399284362793,-1.145419716835022,-26.230581283569336,7,-60.723854064941406,-43.652320861816406,7,418
132,426,eval,The One I Love (manga),Principe Amedeo-class ironclad,32,,8,10,-50.56996536254883,-80.02587127685547,-56.32966613769531,-74.07167053222656,-48.75904083251953,-72.04422760009766,-6.3212456703186035,-8.002587127685548,8,10,-64.67375946044922,-83.04721069335938,-68.98699188232422,-79.06948852539062,-66.86454010009766,-78.83455657958984,-8.084219932556152,-8.304721069335937,-41.12101364135742,-70.58030700683594,-84.1042251586914,-56.11007308959961,-42.10841751098633,-57.10253143310547,-42.48054885864258,-73.34781646728516,-85.85347747802734,-59.71068572998047,-43.883338928222656,-58.438758850097656,-9.699325561523438,-35.900001525878906,8,-55.34561538696289,-52.727420806884766,10,294
133,223,eval,Otra Nota,Hurricane Lorenzo (2007),33,,4,8,-42.893585205078125,-60.95347213745117,-45.21577835083008,-61.65536117553711,-38.38178634643555,-59.4430046081543,-10.723396301269531,-7.6191840171813965,4,8,-48.40336990356445,-69.9017562866211,-53.65287399291992,-71.75837707519531,-44.63359069824219,-65.72332763671875,-12.100842475891113,-8.737719535827637,-36.92416763305664,-42.90594482421875,-40.47245788574219,-26.733144760131836,-31.45607566833496,-37.75446701049805,-39.056278228759766,-43.85860061645508,-38.81650161743164,-29.25010681152344,-33.61996078491211,-37.92716598510742,-3.2064144611358643,-25.538957595825195,4,-49.59670639038086,-39.75157928466797,8,160
134,97,eval,"Papal conclave, 1769",Weather buoy,34,,10,2,-46.439422607421875,-34.97848129272461,-51.54635238647461,-30.915945053100586,-41.49327850341797,-39.51079177856445,-4.643942260742188,-17.489240646362305,10,2,-60.19664001464844,-38.51679992675781,-58.78449630737305,-33.4850959777832,-47.555694580078125,-43.249305725097656,-6.019664001464844,-19.258399963378906,-45.862152099609375,-32.033634185791016,-78.1365966796875,-18.49049949645996,-48.92256164550781,-28.68477439880371,-51.609371185302734,-33.01637268066406,-78.63457489013672,-20.914535522460938,-50.4075927734375,-29.90454864501953,-13.99740219116211,-27.603166580200195,10,-44.89817810058594,-27.06832504272461,2,221
135,33,eval,Devin Townsend,HMS Hostile (H55),35,,2,8,-25.611778259277344,-81.6976318359375,-26.3351993560791,-81.70996856689453,-25.977542877197266,-73.62586975097656,-12.805889129638672,-10.212203979492188,2,8,-31.114307403564453,-69.21316528320312,-31.739320755004883,-64.05997467041016,-28.006025314331055,-57.33209991455078,-15.557153701782227,-8.65164566040039,-17.583345413208008,-64.21439361572266,-33.68572998046875,-34.43452835083008,-21.651538848876953,-42.70735168457031,-22.085262298583984,-64.2905502319336,-35.431488037109375,-37.86673355102539,-23.790359497070312,-43.472843170166016,-0.85523521900177,-17.97841453552246,2,-53.659915924072266,-40.71648406982422,8,422
136,96,eval,Hurricane Omar (2008),"Saint Leonard Catholic Church (Madison, Nebraska)",36,,8,10,-44.36693572998047,-72.51429748535156,-45.748416900634766,-72.27799987792969,-42.95698928833008,-69.2370376586914,-5.545866966247559,-7.251429748535156,8,10,-55.410701751708984,-84.03546905517578,-55.716331481933594,-83.15338897705078,-46.86009216308594,-82.92617797851562,-6.926337718963623,-8.403546905517578,-28.964771270751953,-65.8713607788086,-49.4898681640625,-62.128395080566406,-29.03036117553711,-57.92073059082031,-32.285011291503906,-70.31484985351562,-50.248477935791016,-64.88967895507812,-29.502456665039062,-59.96528625488281,-8.289487838745117,-24.79054069519043,8,-60.1632194519043,-47.797672271728516,10,369
137,540,eval,"Waterfall Gully, South Australia",First Battle of Maryang San,37,,7,6,-43.91472244262695,-57.76363754272461,-44.68937683105469,-55.118263244628906,-45.194087982177734,-51.168846130371094,-6.273531777518136,-9.627272923787435,7,6,-54.1732177734375,-62.41773986816406,-54.03143310546875,-58.69409942626953,-50.73868942260742,-57.17961883544922,-7.739031110491071,-10.40295664469401,-43.9156494140625,-61.375431060791016,-57.33920669555664,-38.626014709472656,-49.08938980102539,-39.72327423095703,-43.83570098876953,-64.5134506225586,-58.523780822753906,-41.98574447631836,-47.26185607910156,-41.15512466430664,-7.188564777374268,-30.004985809326172,7,-45.57576370239258,-36.604434967041016,6,332
138,384,eval,Laurence Olivier,"No result, Pts",38,,3,5,-22.21757698059082,-68.06875610351562,-22.49808692932129,-62.15996170043945,-23.242197036743164,-65.913818359375,-7.405858993530273,-13.613751220703126,3,5,-28.813791275024414,-75.5185775756836,-27.694868087768555,-74.05433654785156,-29.908771514892578,-78.7794418334961,-9.604597091674805,-15.103715515136718,-16.093706130981445,-60.50506591796875,-27.879047393798828,-52.14221954345703,-19.715410232543945,-51.12892532348633,-17.689512252807617,-59.465965270996094,-29.366655349731445,-53.522064208984375,-20.747093200683594,-50.48260498046875,-2.463341236114502,-17.50387191772461,3,-57.356632232666016,-43.94010543823242,5,57
139,579,eval,Corythosaurus,Grammy Award for Best Concept Music Video,39,,4,7,-34.03079605102539,-42.98779296875,-36.76342010498047,-41.03390884399414,-38.14216613769531,-41.84587097167969,-8.507699012756348,-6.14111328125,4,7,-36.9468879699707,-47.663475036621094,-40.3861198425293,-47.58998489379883,-39.50376510620117,-46.291404724121094,-9.236721992492676,-6.809067862374442,-15.11125946044922,-75.74177551269531,-32.92510986328125,-38.903560638427734,-23.790302276611328,-44.34577941894531,-16.459779739379883,-80.83716583251953,-32.19621658325195,-40.56802749633789,-25.331514358520508,-46.70840072631836,-0.9097874760627747,-17.554325103759766,4,-35.22979736328125,-29.074251174926758,7,131
140,315,eval,The Litigators,Europium,40,,3,2,-42.861820220947266,-28.026653289794922,-42.67198181152344,-23.736604690551758,-39.250335693359375,-27.86603355407715,-14.287273406982422,-14.013326644897461,3,2,-50.80231475830078,-29.087865829467773,-47.82383346557617,-11.472413063049316,-46.00634002685547,-27.902080535888672,-16.934104919433594,-14.543932914733887,-32.8181037902832,-29.14783477783203,-44.42357635498047,-5.661622524261475,-31.45474624633789,-20.73215103149414,-34.5391731262207,-30.65752220153809,-46.136932373046875,-14.659448623657228,-34.177345275878906,-21.747947692871097,-2.8010971546173096,-20.57884979248047,3,-28.094009399414062,-18.492795944213867,2,29
141,317,eval,Sclerodermatineae,Species (film),41,,8,4,-47.98744201660156,-49.59934997558594,-53.44304656982422,-50.80171203613281,-52.81222915649414,-47.74650573730469,-5.998430252075195,-12.399837493896484,8,4,-53.482635498046875,-55.714935302734375,-53.11501693725586,-56.72065734863281,-60.00287628173828,-50.29460906982422,-6.685329437255859,-13.928733825683594,-23.64341926574707,-34.28841781616211,-48.74793243408203,-30.669858932495117,-40.563819885253906,-31.44581413269043,-26.576581954956055,-33.160247802734375,-50.073387145996094,-33.156761169433594,-41.299598693847656,-32.723995208740234,-1.179114580154419,-31.71902084350586,8,-37.93194580078125,-32.34607696533203,4,485
142,77,eval,Norman Finkelstein,Blackwyche,42,,4,3,-37.532039642333984,-49.78129577636719,-37.872074127197266,-49.52610778808594,-30.050006866455078,-48.4904670715332,-9.383009910583496,-16.593765258789062,4,3,-41.933631896972656,-54.90215301513672,-43.31563186645508,-56.61264419555664,-35.81826400756836,-52.92753982543945,-10.483407974243164,-18.30071767171224,-15.741653442382812,-44.57049560546875,-35.03396224975586,-39.247745513916016,-18.328182220458984,-35.08897399902344,-16.892215728759766,-46.180702209472656,-35.827022552490234,-40.116485595703125,-19.07213973999023,-36.14129257202149,-0.6813912391662598,-17.984277725219727,4,-40.393856048583984,-35.880027770996094,3,423
143,105,eval,Frederick Reines,Liu Kang,43,,3,2,-31.4357852935791,-25.843917846679688,-32.402099609375,-27.216964721679688,-31.393390655517578,-24.729148864746094,-10.478595097859701,-12.921958923339844,3,2,-37.395118713378906,-29.872844696044922,-40.28688430786133,-30.78977394104004,-36.2747917175293,-27.76924705505371,-12.465039571126303,-14.936422348022461,-18.42330551147461,-28.327852249145508,-35.849029541015625,-22.423988342285156,-24.679086685180664,-19.07442092895508,-20.130081176757812,-31.860092163085938,-36.147911071777344,-23.614686965942383,-24.630746841430664,-21.01597595214844,-1.8567744493484497,-18.118440628051758,3,-23.01942253112793,-17.062652587890625,2,37
144,216,eval,Mycena galericulata,Monty Can 't Buy Me Love,44,,7,8,-34.21089553833008,-52.27208709716797,-32.65263366699219,-52.335838317871094,-33.960140228271484,-50.890384674072266,-4.887270791190011,-6.534010887145996,7,8,-45.04769515991211,-65.53972625732422,-43.483516693115234,-65.5816421508789,-43.58372497558594,-67.2359390258789,-6.435385022844587,-8.192465782165527,-20.419036865234375,-48.96571731567383,-45.93470764160156,-55.40260314941406,-26.409997940063477,-49.727256774902344,-22.32432746887207,-53.3286247253418,-47.9896125793457,-56.82979965209961,-27.402441024780273,-52.54336929321289,-1.156623363494873,-20.915298461914062,7,-44.34543991088867,-32.097110748291016,8,483
145,359,eval,Tropical Storm Abby (1964),Truth in Numbers?,45,,9,4,-59.311702728271484,-48.913719177246094,-62.20048904418945,-49.204933166503906,-57.74751281738281,-46.87715148925781,-6.590189192030165,-12.228429794311523,9,4,-64.95894622802734,-59.50996780395508,-74.7456283569336,-60.9332275390625,-61.60697555541992,-55.716148376464844,-7.217660692003038,-14.87749195098877,-40.46768951416016,-51.49983596801758,-59.61297225952149,-41.03227233886719,-34.420013427734375,-35.90852737426758,-44.40351867675781,-52.17322540283203,-62.029537200927734,-43.095970153808594,-35.55964279174805,-37.57840347290039,-8.314202308654785,-42.20884704589844,9,-34.424354553222656,-31.34613609313965,4,311
146,623,eval,Perry the Platypus,Henry Hoʻolulu Pitman,46,,5,6,-32.553592681884766,-67.72886657714844,-30.80076026916504,-65.48540496826172,-32.635780334472656,-65.15725708007812,-6.510718536376953,-11.28814442952474,5,6,-40.8927116394043,-71.1671371459961,-33.04287338256836,-69.53199005126953,-34.05753707885742,-67.57180786132812,-8.178542327880859,-11.861189524332682,-17.043012619018555,-57.189697265625,-38.898406982421875,-41.40235900878906,-21.745542526245117,-45.43644714355469,-19.479257583618164,-56.540489196777344,-40.495113372802734,-42.37696075439453,-24.119359970092773,-46.232383728027344,-0.6747981905937195,-19.067398071289062,5,-57.24692916870117,-47.245513916015625,6,408
147,289,eval,Battle of Merville Gun Battery,Gregory Helms,47,,6,3,-43.78150939941406,-38.4892578125,-41.57992172241211,-35.34574890136719,-44.67082595825195,-36.19575881958008,-7.296918233235677,-12.829752604166666,6,3,-46.39410400390625,-40.09737777709961,-47.74237823486328,-39.29500198364258,-53.00638961791992,-38.57284927368164,-7.732350667317708,-13.365792592366537,-22.027446746826172,-28.46621322631836,-58.65629959106445,-15.577234268188477,-37.085968017578125,-20.217988967895508,-27.345561981201172,-28.15311050415039,-63.08760070800781,-16.597688674926758,-40.64299011230469,-20.328012466430664,-9.367664337158203,-31.259380340576172,6,-31.965009689331055,-20.85629653930664,3,443
148,475,eval,Road to the North Pole,Elephanta Caves,48,,5,5,-40.85356521606445,-30.532228469848633,-41.551025390625,-30.85011863708496,-40.344200134277344,-26.097352981567383,-8.17071304321289,-6.106445693969727,5,5,-49.493751525878906,-36.45106506347656,-49.151058197021484,-34.78110122680664,-47.88414001464844,-27.16138458251953,-9.898750305175781,-7.290213012695313,-39.68016815185547,-39.51573181152344,-39.89330291748047,-12.557549476623535,-31.24509048461914,-21.590473175048828,-41.452911376953125,-39.703311920166016,-42.33588409423828,-20.025733947753903,-35.08763122558594,-23.715322494506836,-6.391659736633301,-27.06778907775879,5,-28.595985412597656,-16.324766159057617,5,73
149,376,eval,M-108 (Michigan highway),Irresistible (The X-Files),49,,9,10,-71.18856811523438,-52.807159423828125,-76.9877700805664,-64.0875015258789,-66.72621154785156,-51.29720687866211,-7.909840901692708,-5.2807159423828125,9,10,-81.7057113647461,-55.599830627441406,-84.31112670898438,-59.461944580078125,-78.23985290527344,-59.94935607910156,-9.078412373860678,-5.5599830627441404,-41.35321807861328,-58.74288558959961,-57.18446731567383,-39.98298263549805,-48.72294616699219,-45.329872131347656,-42.576778411865234,-60.47504425048828,-58.338565826416016,-41.02192687988281,-50.48914337158203,-46.31845474243164,-6.839355945587158,-46.28940963745117,9,-55.77496337890625,-39.3951530456543,10,67
150,530,eval,T30 Howitzer Motor Carriage,The General in His Labyrinth,50,,8,6,-74.20418548583984,-41.11727523803711,-72.86858367919922,-47.718597412109375,-70.59173583984375,-42.56615447998047,-9.27552318572998,-6.8528792063395185,8,6,-84.03265380859375,-49.72132110595703,-85.08979034423828,-54.21030044555664,-83.82959747314453,-50.797645568847656,-10.504081726074219,-8.286886850992838,-51.87117004394531,-62.82428359985352,-71.96671295166016,-42.9495849609375,-57.114845275878906,-44.33218765258789,-57.59276580810547,-66.25585174560547,-74.31687927246094,-42.14884185791016,-59.839412689208984,-43.43631362915039,-3.634773015975952,-41.224822998046875,8,-40.16590118408203,-26.953062057495117,6,71
151,346,eval,Richard Cresswell,Subtropical Storm Alpha (1972),51,,4,11,-40.579742431640625,-65.28360748291016,-41.70732498168945,-60.13999557495117,-39.398162841796875,-53.237205505371094,-10.144935607910156,-5.934873407537287,4,11,-48.833702087402344,-72.15086364746094,-46.39466857910156,-65.140625,-45.67184829711914,-65.35140991210938,-12.208425521850586,-6.559169422496449,-18.720705032348633,-73.56758880615234,-31.576379776000977,-36.20315170288086,-28.833940505981445,-40.04791641235352,-21.831743240356445,-77.20521545410156,-31.683256149291992,-38.37755584716797,-29.873781204223633,-41.197017669677734,-0.7014225721359253,-22.686059951782227,4,-54.12456130981445,-38.574974060058594,11,145
152,172,eval,Ulysses (poem),766th Independent Infantry Regiment (North Korea),52,,8,12,-43.2461051940918,-69.92929077148438,-41.42458724975586,-74.93923950195312,-43.86789321899414,-72.0257797241211,-5.405763149261475,-5.827440897623698,8,12,-51.593719482421875,-71.2567138671875,-51.84007263183594,-82.93067169189453,-54.08817672729492,-70.70711517333984,-6.449214935302734,-5.938059488932292,-23.00649642944336,-85.67816925048828,-54.55272674560547,-47.27168655395508,-24.027111053466797,-49.54990768432617,-26.283418655395508,-91.43378448486328,-54.51759719848633,-47.0829963684082,-26.11103248596191,-51.09986114501953,-7.247476577758789,-26.768930435180664,8,-63.552913665771484,-44.313270568847656,12,276
153,617,eval,Wilhelm Busch,M-47 (Michigan highway),53,,3,8,-29.021888732910156,-66.86144256591797,-28.487756729125977,-65.79358673095703,-26.25031089782715,-61.32740020751953,-9.673962910970053,-8.357680320739746,3,8,-35.3242073059082,-83.36968231201172,-35.032440185546875,-82.11256408691406,-30.325042724609375,-76.477783203125,-11.774735768636068,-10.421210289001465,-19.30137825012207,-66.74501037597656,-26.1861629486084,-31.91000747680664,-20.93030166625977,-47.619380950927734,-20.946605682373047,-70.07848358154297,-26.95445251464844,-35.41202163696289,-22.199810028076172,-49.52045822143555,-0.7159746289253235,-17.789045333862305,3,-57.62821578979492,-43.8741340637207,8,488
154,348,eval,Xenon,Stanley Green,54,,2,2,-20.064533233642578,-29.281339645385742,-22.214956283569336,-29.794719696044922,-20.283018112182617,-30.586732864379883,-10.032266616821289,-14.640669822692871,2,2,-25.093286514282227,-33.45168685913086,-28.125139236450195,-33.556396484375,-27.31893539428711,-35.95545196533203,-12.546643257141113,-16.72584342956543,-18.010719299316406,-23.071208953857425,-23.49878692626953,-23.722097396850582,-19.613605499267575,-19.364452362060547,-19.67848014831543,-25.34313583374023,-24.710655212402344,-26.663311004638672,-21.103836059570312,-20.678253173828125,-3.1345512866973877,-14.527045249938965,2,-25.74766731262207,-18.316329956054688,2,331
155,184,eval,1986 Peach Bowl,2007 Hawaii Bowl,55,,7,7,-59.29275894165039,-51.35038375854492,-53.39109802246094,-48.94086837768555,-47.26607131958008,-46.711238861083984,-8.470394134521484,-7.33576910836356,7,7,-66.88525390625,-62.35559844970703,-58.7675895690918,-63.01895523071289,-61.40149688720703,-61.1195068359375,-9.555036272321429,-8.907942635672432,-26.742063522338867,-30.42389678955078,-40.554466247558594,-38.99078750610352,-37.06121444702149,-37.48577117919922,-28.205001831054688,-31.75264358520508,-42.049339294433594,-39.79690170288086,-38.3264274597168,-39.4490852355957,-8.174696922302246,-29.271339416503906,7,-38.70772933959961,-28.99590301513672,7,406
156,458,eval,President Evil,Andrew Johnston (singer),56,,2,6,-33.17650604248047,-52.16502380371094,-34.74246597290039,-52.40749740600586,-31.981184005737305,-49.676788330078125,-16.588253021240234,-8.694170633951822,2,6,-38.98415756225586,-58.53866195678711,-40.3565673828125,-61.31298828125,-38.25559616088867,-57.29642105102539,-19.49207878112793,-9.756443659464518,-28.133630752563477,-47.82755279541016,-26.97892951965332,-41.39345932006836,-23.38753890991211,-38.612449645996094,-28.24767684936523,-48.97532272338867,-27.64774703979492,-44.81242752075195,-24.67555809020996,-40.009769439697266,-5.267880439758301,-20.528907775878906,2,-35.54194641113281,-30.571500778198242,6,35
157,501,eval,Yo-Yo (Nicola Roberts song),Jane's Attack Squadron,57,,9,4,-73.60469818115234,-53.51971435546875,-68.28458404541016,-51.69294738769531,-65.73926544189453,-49.767330169677734,-8.178299797905815,-13.379928588867188,9,4,-82.08953094482422,-60.1209831237793,-77.21925354003906,-59.29781723022461,-80.8297119140625,-62.280426025390625,-9.121058993869358,-15.030245780944824,-58.99506378173828,-52.681671142578125,-79.00787353515625,-49.01126480102539,-63.94499588012695,-43.835941314697266,-60.437984466552734,-54.799896240234375,-80.91468811035156,-48.831565856933594,-65.5141830444336,-42.79127883911133,-21.732267379760742,-56.34396743774414,9,-51.97697067260742,-35.32390213012695,4,219
158,23,eval,SMS Zrínyi,Rachel Green,58,,5,2,-52.836387634277344,-26.676532745361328,-56.11005783081055,-26.448593139648438,-55.40006637573242,-28.15139389038086,-10.567277526855468,-13.338266372680664,5,2,-55.74039840698242,-31.820941925048828,-60.270137786865234,-34.83430862426758,-57.28583908081055,-33.54686737060547,-11.148079681396485,-15.910470962524414,-37.712520599365234,-34.89221954345703,-46.626075744628906,-23.83339500427246,-41.095550537109375,-24.53529167175293,-43.30048751831055,-36.6528434753418,-48.97198867797851,-27.46620750427246,-42.9826774597168,-25.866943359375,-3.1964669227600098,-31.789901733398438,5,-24.98794174194336,-18.257991790771484,2,253
159,490,eval,Sweet Love (Chris Brown song),New York State Route 38,59,,7,7,-57.15290451049805,-46.49500274658203,-56.76125717163086,-46.791053771972656,-53.60056686401367,-39.67031478881836,-8.164700644356865,-6.642143249511719,7,7,-67.48390197753906,-52.09050369262695,-66.8414077758789,-52.31103515625,-61.630821228027344,-46.64684295654297,-9.640557425362724,-7.441500527518136,-47.40536117553711,-47.80254364013672,-70.67811584472656,-22.38668632507324,-45.63938903808594,-29.006763458251953,-50.79695510864258,-48.20263671875,-72.75297546386719,-23.331878662109375,-47.10133743286133,-31.97319984436035,-13.725835800170898,-38.934322357177734,7,-30.455005645751953,-20.807689666748047,7,230
160,603,eval,Development of Fez,Old Baltimore Pike,60,,4,3,-53.95821762084961,-49.55540466308594,-53.576080322265625,-52.23217010498047,-50.19550323486328,-49.767303466796875,-13.489554405212402,-16.518468221028645,4,3,-62.30959701538086,-58.59086608886719,-59.974422454833984,-54.91132354736328,-55.8878173828125,-57.81129455566406,-15.577399253845215,-19.530288696289062,-45.06619644165039,-55.455684661865234,-42.31172561645508,-27.530750274658203,-39.10418701171875,-41.34661102294922,-47.623443603515625,-55.17627716064453,-45.03273391723633,-30.739538192749023,-39.903018951416016,-42.34563064575195,-9.922845840454102,-31.670631408691406,4,-43.469398498535156,-28.400699615478516,3,259
161,58,eval,Species of Allosaurus,"Baltimore mayoral election, 1999",61,,5,10,-42.3365478515625,-47.77505111694336,-41.09539794921875,-47.7518310546875,-40.998531341552734,-44.25699996948242,-8.4673095703125,-4.777505111694336,5,10,-55.954444885253906,-56.69932174682617,-53.34394836425781,-56.898494720458984,-52.26619338989258,-51.19474792480469,-11.190888977050781,-5.669932174682617,-30.682619094848633,-85.8397216796875,-50.74152755737305,-33.72584533691406,-34.31289291381836,-49.99558639526367,-30.988218307495117,-86.31452941894531,-53.964168548583984,-37.073368072509766,-36.49691390991211,-51.00115966796875,-10.091283798217773,-31.981157302856445,5,-37.934913635253906,-28.222219467163086,10,360
162,264,eval,My Boo (Usher and Alicia Keys song),Illinois (Sufjan Stevens album),62,,10,8,-70.25899505615234,-64.2425537109375,-69.27448272705078,-52.91350555419922,-68.95305633544922,-56.11920928955078,-7.025899505615234,-8.030319213867188,10,8,-82.24089813232422,-72.43008422851562,-80.94451141357422,-61.480018615722656,-80.47911834716797,-62.29920959472656,-8.224089813232421,-9.053760528564453,-49.99283218383789,-53.09919738769531,-69.32017517089844,-51.93110275268555,-62.78568649291992,-53.122703552246094,-52.610198974609375,-55.13589096069336,-72.30205535888672,-55.05910873413086,-63.351600646972656,-55.10406494140625,-18.237524032592773,-49.51182174682617,10,-45.845359802246094,-41.80434036254883,8,20
163,529,eval,Jin – Song Wars,NoitulovE,63,,4,5,-50.06279754638672,-43.24833297729492,-51.65016174316406,-43.70254898071289,-50.77040100097656,-43.762779235839844,-12.51569938659668,-8.649666595458985,4,5,-56.16538619995117,-54.203495025634766,-59.22749710083008,-55.17110824584961,-60.244468688964844,-54.43842697143555,-14.041346549987793,-10.840699005126954,-40.02897644042969,-52.01462173461914,-55.89908218383789,-44.63654327392578,-44.54436874389648,-42.15888214111328,-42.57112884521485,-52.98373031616211,-60.20952606201172,-48.24736785888672,-45.44080352783203,-42.81657028198242,-8.812002182006836,-34.26060485839844,4,-46.97112274169922,-39.33440399169922,5,504
164,486,eval,Mitsuyo Maeda,Simon de Montfort's Parliament,64,,4,6,-35.60942077636719,-35.54173278808594,-35.1301155090332,-33.04229736328125,-31.228294372558594,-32.132041931152344,-8.902355194091797,-5.923622131347656,4,6,-45.70509338378906,-43.586612701416016,-38.587074279785156,-41.907318115234375,-38.08296203613281,-40.46683120727539,-11.426273345947266,-7.264435450236003,-34.9141731262207,-41.06365203857422,-53.99175262451172,-19.734743118286133,-30.03520393371582,-27.829574584960938,-37.437347412109375,-43.211456298828125,-56.508689880371094,-23.22847557067871,-31.549087524414062,-28.624103546142575,-3.2519633769989014,-22.04402732849121,4,-38.961021423339844,-21.574064254760742,6,269
165,85,eval,Leanne Del Toso,Cater 2 U,65,,5,4,-61.79917526245117,-58.08671951293945,-56.34442138671875,-59.18256759643555,-58.58636474609375,-60.62997055053711,-12.359835052490235,-14.521679878234863,5,4,-66.44536590576172,-62.88075256347656,-64.10466003417969,-63.997127532958984,-72.59700775146484,-65.55178833007812,-13.289073181152343,-15.72018814086914,-44.28654098510742,-43.31074142456055,-51.62950134277344,-39.53792190551758,-44.38898849487305,-43.01131820678711,-43.69979095458984,-43.231468200683594,-53.631385803222656,-38.82322692871094,-45.81508255004883,-43.63164520263672,-0.37535741925239563,-37.66819763183594,5,-44.276023864746094,-38.37664794921875,4,333
166,498,eval,Directed acyclic graph,Kitsune,66,,4,2,-33.310142517089844,-25.28154754638672,-35.929779052734375,-25.73251724243164,-34.44843292236328,-25.02251434326172,-8.327535629272461,-12.64077377319336,4,2,-40.97955322265625,-34.103599548339844,-41.119991302490234,-28.56748390197754,-37.68021011352539,-28.76278305053711,-10.244888305664062,-17.051799774169922,-6.41307258605957,-25.8820743560791,-34.572269439697266,-15.752910614013672,-22.026283264160156,-19.240541458129883,-10.169137954711914,-25.80035400390625,-34.40613555908203,-17.402585983276367,-23.27203369140625,-19.995941162109375,-5.024799346923828,-21.154691696166992,4,-24.638824462890625,-16.350513458251953,2,98
167,424,eval,Adams River (British Columbia),Geopyxis carbonaria,67,,6,5,-44.704044342041016,-55.32232666015625,-45.072086334228516,-56.86802673339844,-42.13637924194336,-53.6461181640625,-7.450674057006836,-11.06446533203125,6,5,-55.0474739074707,-59.61753845214844,-56.326908111572266,-60.651309967041016,-51.35693359375,-60.06542205810547,-9.174578984578451,-11.923507690429688,-28.443450927734375,-47.910099029541016,-41.66205978393555,-38.13719177246094,-31.734764099121097,-48.21440124511719,-29.060577392578125,-47.74303436279297,-42.829315185546875,-39.7883415222168,-33.15461730957031,-48.53104782104492,-11.903327941894531,-31.506898880004883,6,-51.61288833618164,-42.902069091796875,5,332
168,205,eval,Stop!! Hibari-kun!,Texas A & M Singing Cadets,68,,7,8,-69.75166320800781,-63.31929016113281,-64.2555923461914,-64.273193359375,-63.61399841308594,-63.473793029785156,-9.964523315429688,-7.914911270141602,7,8,-70.31707763671875,-67.91553497314453,-64.23271179199219,-67.23104858398438,-67.77351379394531,-67.92713165283203,-10.045296805245536,-8.489441871643066,-62.77337646484375,-77.2699966430664,-81.62146759033203,-33.47311019897461,-65.17628479003906,-61.33058166503906,-64.34296417236328,-79.24899291992188,-84.00336456298828,-35.57568359375,-67.15178680419922,-63.79031753540039,-20.300765991210938,-41.365726470947266,7,-46.23917007446289,-37.705421447753906,8,301
169,263,eval,Kedok Ketawa,Georgian scripts,69,,5,2,-65.98990631103516,-30.913192749023438,-67.00814056396484,-30.976062774658203,-62.59187698364258,-24.277687072753906,-13.197981262207032,-15.456596374511719,5,2,-70.57132720947266,-31.699735641479492,-72.53924560546875,-38.501220703125,-66.81739044189453,-30.727840423583984,-14.114265441894531,-15.849867820739746,-40.38602066040039,-32.5195426940918,-57.43921661376953,-24.016796112060547,-47.323875427246094,-30.983692169189453,-40.512638092041016,-32.88274383544922,-58.21479034423828,-26.08419418334961,-48.06546401977539,-32.36991882324219,-3.805258274078369,-41.277462005615234,5,-28.460121154785156,-22.86949920654297,2,382
170,282,eval,Gerard (archbishop of York),God's Choice,70,,7,3,-46.59450912475586,-39.407535552978516,-47.28704071044922,-38.12194061279297,-44.947776794433594,-38.81797790527344,-6.6563584463936945,-13.135845184326172,7,3,-51.38278579711914,-44.297271728515625,-50.496559143066406,-47.430816650390625,-46.14834213256836,-44.478424072265625,-7.34039797101702,-14.765757242838541,-33.390167236328125,-30.958885192871097,-61.736385345458984,-32.114505767822266,-36.35336685180664,-25.382139205932617,-34.39940643310547,-34.167022705078125,-61.9696159362793,-36.8743782043457,-36.91211700439453,-27.957950592041016,-7.565855026245117,-29.386886596679688,7,-33.349853515625,-23.983043670654297,3,48
171,21,eval,South of Heaven,Inocybe praetervisa,71,,3,7,-34.194217681884766,-46.8906364440918,-36.00602722167969,-47.350643157958984,-33.73948669433594,-47.0842170715332,-11.398072560628256,-6.698662349155971,3,7,-41.93631362915039,-55.94243621826172,-43.81474685668945,-54.026039123535156,-47.07468032836914,-53.60744094848633,-13.978771209716797,-7.991776602608817,-26.074357986450195,-42.721717834472656,-40.716827392578125,-32.956321716308594,-31.051931381225582,-35.71596908569336,-26.249109268188477,-45.8079833984375,-43.49488830566406,-38.206180572509766,-33.00275421142578,-38.04991912841797,-3.0734362602233887,-19.122167587280273,3,-40.134376525878906,-32.418479919433594,7,151
172,448,eval,Blackburn Firecrest,"No result, Pts",72,,3,5,-53.82717514038086,-65.14714813232422,-47.56315231323242,-74.93408966064453,-55.71917724609375,-65.913818359375,-17.942391713460285,-13.029429626464843,3,5,-49.967308044433594,-71.23450469970703,-48.73119354248047,-79.72804260253906,-49.38507843017578,-78.7794418334961,-16.65576934814453,-14.246900939941407,-32.65899658203125,-66.47015380859375,-43.39903259277344,-60.51261901855469,-36.97683334350586,-51.12892532348633,-37.16862487792969,-67.8149185180664,-44.38079071044922,-60.14775466918945,-37.90430450439453,-50.48260498046875,-6.920581817626953,-35.45695114135742,3,-58.778953552246094,-43.94010543823242,5,151
173,474,eval,Tropical Storm Olaf (1997),First-move advantage in chess,73,,10,5,-54.80805587768555,-40.04393768310547,-54.095970153808594,-46.98966979980469,-47.52149200439453,-41.192169189453125,-5.480805587768555,-8.008787536621094,10,5,-56.63262939453125,-43.996944427490234,-65.89079284667969,-53.25102233886719,-50.629154205322266,-48.77861022949219,-5.663262939453125,-8.799388885498047,-29.48666763305664,-63.6888542175293,-52.7025146484375,-35.767948150634766,-34.91407012939453,-33.9012565612793,-33.477413177490234,-64.2806396484375,-51.73095703125,-35.851844787597656,-36.09577560424805,-35.058616638183594,-7.415092468261719,-37.4385871887207,10,-44.44205856323242,-28.060312271118164,5,152
174,155,eval,Sister Wives,Lost Horizons (Lemon Jelly album),74,,3,9,-28.414165496826172,-69.90583801269531,-28.642847061157227,-64.15512084960938,-25.73127555847168,-60.96131896972656,-9.471388498942057,-7.767315334743923,3,9,-38.9169807434082,-76.80186462402344,-37.72104263305664,-73.59263610839844,-34.650428771972656,-69.98294830322266,-12.9723269144694,-8.533540513780382,-28.34830093383789,-67.3058853149414,-34.62940979003906,-53.59719467163086,-27.626943588256836,-63.526851654052734,-28.514909744262695,-71.84442901611328,-38.17378616333008,-56.4738655090332,-28.034534454345703,-67.6971435546875,-4.254387378692627,-20.06549835205078,3,-54.13083267211914,-49.11692428588867,9,278
175,125,eval,Ireland,2010 Haiti earthquake,75,,1,7,-22.612140655517578,-43.7473258972168,-21.671844482421875,-30.217205047607422,-22.554786682128906,-39.5642204284668,-22.612140655517578,-6.249617985316685,1,7,-28.189420700073242,-52.502254486083984,-24.02507781982422,-37.00276565551758,-27.427963256835938,-50.34907150268555,-28.189420700073242,-7.5003220694405695,-19.28943252563477,-40.962310791015625,-23.68107032775879,-20.02972984313965,-13.767661094665527,-24.901029586791992,-22.14704704284668,-42.51317596435547,-24.075881958007812,-20.23260498046875,-14.831832885742188,-27.132665634155273,-0.9707159399986267,-10.646934509277344,1,-36.851009368896484,-18.191143035888672,7,297
176,429,eval,James Robert Baker,Star,76,,3,1,-34.900718688964844,-21.518495559692383,-35.76704025268555,-22.457761764526367,-34.62195587158203,-20.429786682128906,-11.633572896321615,-21.518495559692383,3,1,-41.561309814453125,-30.355737686157227,-41.91359329223633,-29.012619018554688,-40.7161865234375,-27.842025756835938,-13.853769938151041,-30.355737686157227,-23.125572204589844,-12.589925765991213,-31.31592559814453,-8.906637191772461,-24.14082908630371,-13.986411094665527,-23.968120574951172,-13.336742401123049,-32.77729415893555,-10.774124145507812,-25.52648544311523,-14.472457885742188,-1.3398518562316895,-22.806854248046875,3,-18.142610549926758,-9.459434509277344,1,494
177,273,eval,Rob Howard,Cadmium,77,,2,2,-34.27432632446289,-32.062355041503906,-33.342124938964844,-22.616121292114258,-33.79714584350586,-26.74884796142578,-17.137163162231445,-16.031177520751953,2,2,-36.81145477294922,-39.46486282348633,-37.43157958984375,-26.40127182006836,-34.205238342285156,-37.66261672973633,-18.40572738647461,-19.732431411743164,-17.73198127746582,-30.30620765686035,-33.50897979736328,-13.95578956604004,-25.466236114501953,-23.579124450683594,-22.645414352416992,-30.342756271362305,-34.595802307128906,-20.686878204345703,-26.943634033203125,-25.51824951171875,-0.2205064743757248,-18.06844139099121,2,-26.149368286132812,-15.704437255859375,2,328
178,61,eval,"The Fox, the Wolf and the Husbandman",Vitamin D (Glee),78,,9,6,-64.2596435546875,-63.36793518066406,-69.31321716308594,-67.10306549072266,-63.39729309082031,-59.26401901245117,-7.139960394965278,-10.561322530110678,9,6,-69.65635681152344,-69.23051452636719,-78.4094467163086,-77.60032653808594,-74.013671875,-65.30026245117188,-7.739595201280382,-11.538419087727865,-59.892696380615234,-45.24058151245117,-65.80564880371094,-37.12137985229492,-59.97039413452149,-46.14631652832031,-61.565067291259766,-46.95906066894531,-68.10442352294922,-38.6519889831543,-60.56380462646485,-46.16803741455078,-5.351790904998779,-43.796138763427734,9,-58.16912078857422,-40.2208251953125,6,511
179,382,eval,Boy-Scoutz ' n the Hood,Paul Thomas Anderson,79,,9,3,-67.19422149658203,-31.709714889526367,-65.2950439453125,-31.075971603393555,-63.06156539916992,-28.043018341064453,-7.466024610731337,-10.569904963175455,9,3,-64.72534942626953,-34.296852111816406,-68.06707000732422,-38.960906982421875,-67.64885711669922,-31.803865432739258,-7.191705491807726,-11.432284037272135,-49.45708465576172,-14.117496490478516,-71.52685546875,-7.930587768554688,-60.759613037109375,-16.772720336914062,-51.54624938964844,-16.18015480041504,-73.61608123779297,-11.229497909545898,-62.48388671875,-17.866455078125,-22.565017700195312,-49.92420196533203,9,-26.21139144897461,-14.560338020324707,3,296
180,122,eval,M-122 (Michigan highway),Le souper de Beaucaire,80,,9,7,-73.95072174072266,-48.27349853515625,-70.2523422241211,-48.033538818359375,-64.74325561523438,-47.46978759765625,-8.216746860080296,-6.896214076450893,9,7,-79.96680450439453,-53.665740966796875,-84.65238189697266,-50.60868835449219,-80.72955322265625,-56.60260009765625,-8.885200500488281,-7.666534423828125,-47.34235763549805,-65.50003051757812,-70.02477264404297,-43.70225143432617,-49.35719680786133,-34.40599822998047,-47.69477081298828,-66.82781219482422,-71.48202514648438,-43.00408935546875,-51.54554748535156,-33.940040588378906,-6.936572074890137,-43.10753631591797,9,-46.27246856689453,-29.518508911132812,7,54
181,535,eval,Diamond stingray,AIL Storm,81,,3,3,-39.76751708984375,-46.65046691894531,-43.24727249145508,-46.5565185546875,-40.118289947509766,-39.87879943847656,-13.255839029947916,-15.550155639648438,3,3,-47.72600173950195,-51.25785827636719,-52.107147216796875,-46.229042053222656,-47.134925842285156,-46.624481201171875,-15.90866724650065,-17.085952758789062,-27.5084171295166,-40.12007141113281,-35.642799377441406,-32.31707000732422,-36.16179656982422,-29.160980224609375,-27.31913375854492,-40.0857048034668,-36.6753044128418,-33.19641876220703,-37.69851303100586,-30.086151123046875,-6.0863237380981445,-29.522987365722656,3,-51.55670166015625,-28.72460174560547,3,40
182,362,eval,E. W. Hornung,Fieldfare,82,,6,2,-40.691253662109375,-33.74488830566406,-34.79008102416992,-32.23225021362305,-40.02668380737305,-33.76612091064453,-6.7818756103515625,-16.87244415283203,6,2,-43.897132873535156,-38.80279541015625,-43.81155776977539,-37.19514083862305,-40.91534423828125,-40.45441818237305,-7.316188812255859,-19.401397705078125,-25.40171813964844,-30.575834274291992,-41.54593276977539,-19.685503005981445,-24.580827713012695,-27.80847549438477,-28.219667434692383,-33.85625076293945,-42.888545989990234,-21.99314308166504,-25.712703704833984,-29.320369720458984,-6.458993434906006,-23.745952606201172,6,-29.777515411376953,-21.170242309570312,2,424
183,81,eval,Yamaha NS-10,2nd Battalion 9th Marines,83,,5,8,-41.510276794433594,-43.918922424316406,-38.12056350708008,-42.49835968017578,-33.25505447387695,-44.8695068359375,-8.302055358886719,-5.489865303039551,5,8,-48.65461349487305,-63.72134780883789,-45.27724075317383,-64.83014678955078,-37.35956954956055,-58.131317138671875,-9.73092269897461,-7.965168476104736,-30.033578872680664,-50.21197509765625,-46.783966064453125,-21.97745704650879,-30.98383331298828,-31.82878303527832,-33.5891227722168,-52.91625213623047,-47.84317779541016,-22.492841720581055,-33.024688720703125,-33.724220275878906,-3.392779588699341,-20.790557861328125,5,-43.6002197265625,-23.62047004699707,8,354
184,140,eval,Florida State Road 878,Central Area Command (RAAF),84,,7,7,-49.65137481689453,-69.18130493164062,-55.956939697265625,-69.11246490478516,-47.78760528564453,-68.92955017089844,-7.093053545270648,-9.883043561662946,7,7,-51.27851867675781,-74.76351928710938,-61.67151641845703,-71.74739837646484,-46.20022964477539,-69.04136657714844,-7.325502668108259,-10.680502755301339,-34.598148345947266,-56.16446685791016,-55.4744873046875,-34.87093734741211,-38.801246643066406,-51.548301696777344,-36.87874221801758,-58.79237365722656,-56.658748626708984,-36.90001678466797,-42.07035446166992,-51.94538879394531,-1.6638633012771606,-30.800487518310547,7,-65.8121566772461,-41.94996643066406,7,460
185,226,eval,Qedarite,The Food Album,85,,3,3,-59.10188674926758,-47.71401596069336,-57.80812454223633,-52.301368713378906,-50.103580474853516,-44.85576629638672,-19.700628916422527,-15.904671986897787,3,3,-62.0161247253418,-50.89680862426758,-62.881961822509766,-58.65557098388672,-45.9290771484375,-50.33504867553711,-20.672041575113933,-16.96560287475586,-19.15986442565918,-43.47190856933594,-36.73323059082031,-36.15461730957031,-30.629993438720703,-33.46306610107422,-21.692502975463867,-46.19051742553711,-37.0244140625,-38.82508087158203,-30.192893981933594,-34.90637969970703,-4.69926643371582,-22.113460540771484,3,-45.152626037597656,-27.999954223632812,3,303
186,461,eval,Kyra (Charmed),Independence Day (India),86,,6,5,-50.3398551940918,-39.22494888305664,-51.85886001586914,-39.01706314086914,-51.604026794433594,-35.84076690673828,-8.389975865681967,-7.844989776611328,6,5,-53.644935607910156,-47.75039291381836,-57.65651321411133,-46.63446807861328,-57.90966033935547,-37.881622314453125,-8.94082260131836,-9.550078582763671,-29.691015243530273,-28.856386184692383,-53.40217971801758,-14.035593032836914,-36.999454498291016,-21.15336799621582,-31.939678192138672,-33.90349197387695,-53.51403045654297,-17.976930618286133,-37.88705825805664,-24.155668258666992,-9.847867965698242,-31.265186309814453,6,-29.48447608947754,-19.70728874206543,5,369
187,70,eval,Corn crake,Project Chanology,87,,3,3,-35.26520919799805,-36.589359283447266,-38.96786880493164,-35.68063735961914,-33.95248794555664,-33.06221389770508,-11.755069732666016,-12.196453094482422,3,3,-40.26597213745117,-39.91082763671875,-44.078956604003906,-38.52557373046875,-40.373374938964844,-34.61335372924805,-13.421990712483725,-13.303609212239584,-22.597766876220703,-38.38314437866211,-43.37495422363281,-17.674718856811523,-37.1702766418457,-30.702213287353516,-23.88825798034668,-38.93645095825195,-44.268463134765625,-19.25472640991211,-37.0374641418457,-31.69856834411621,-5.065731525421143,-26.298828125,3,-34.153656005859375,-22.188901901245117,3,386
188,451,eval,Battle of Binh Gia,Draining and development of the Everglades,88,,6,9,-43.38094711303711,-52.543453216552734,-42.73164749145508,-51.432071685791016,-39.40213394165039,-49.70230484008789,-7.230157852172852,-5.838161468505859,6,9,-49.442344665527344,-67.58924102783203,-49.848838806152344,-70.09416198730469,-47.26504135131836,-70.76154327392578,-8.24039077758789,-7.509915669759114,-33.84577178955078,-51.164512634277344,-41.3951416015625,-38.26686096191406,-32.756038665771484,-52.70238494873047,-36.18150329589844,-52.80184555053711,-44.39397811889648,-40.99993896484375,-33.9549560546875,-54.398170471191406,-7.777705192565918,-28.50961685180664,6,-40.25380325317383,-34.54581832885742,9,404
189,230,eval,Somerset County Cricket Club in 2009,Banksia violacea,89,,10,4,-46.09370040893555,-41.85983657836914,-46.81583023071289,-42.32834243774414,-42.32427978515625,-38.76285934448242,-4.6093700408935545,-10.464959144592285,10,4,-53.2567024230957,-47.889522552490234,-60.63188552856445,-47.932777404785156,-51.678646087646484,-41.717403411865234,-5.32567024230957,-11.972380638122559,-32.31009292602539,-49.27889251708984,-60.6148796081543,-22.489896774291992,-44.82101058959961,-29.9198055267334,-33.5083122253418,-51.703731536865234,-59.07915496826172,-27.76734733581543,-45.726322174072266,-32.730873107910156,-7.960900783538818,-31.74799919128418,10,-40.24630355834961,-26.016611099243164,4,389
190,504,eval,Erving Goffman,10.6 ° compared to 7 ° for Mercury and 17 ° for Pluto) and moderately eccentric (e,90,,5,26,-30.538185119628906,-117.55296325683594,-32.39354705810547,-120.6812973022461,-30.217876434326172,-116.03913879394531,-6.107637023925781,-4.521267817570613,5,26,-34.34577941894531,-138.50218200683594,-37.624664306640625,-137.77639770507812,-32.63193130493164,-136.16363525390625,-6.8691558837890625,-5.32700700026292,-9.68881130218506,-186.12579345703125,-43.29898452758789,-152.87062072753906,-17.131591796875,-164.48228454589844,-12.069263458251951,-189.8509979248047,-44.21290588378906,-154.51800537109375,-18.790613174438477,-163.72598266601562,-1.3531579971313477,-15.77665901184082,5,-117.82789611816406,-87.35504150390625,26,169
191,45,eval,West End Girls,Gertrude Barrows Bennett,91,,3,6,-30.49264144897461,-41.82571792602539,-31.434986114501953,-43.294612884521484,-37.28681945800781,-41.59794235229492,-10.16421381632487,-6.970952987670898,3,6,-38.75419235229492,-48.40501403808594,-50.08531951904297,-51.5829963684082,-47.904502868652344,-49.66033935546875,-12.91806411743164,-8.06750233968099,-26.33876609802246,-41.322139739990234,-29.577407836914062,-18.560550689697266,-26.97701072692871,-26.365955352783203,-28.455585479736328,-43.33647155761719,-31.21001434326172,-23.73666763305664,-28.138708114624023,-27.835168838500977,-5.929683685302734,-19.070512771606445,3,-36.65375518798828,-22.226612091064453,6,277
192,357,eval,SS El Sol,Memory Almost Full,92,,3,3,-46.42222595214844,-41.85904312133789,-42.911598205566406,-45.1215934753418,-46.24422836303711,-43.30384826660156,-15.474075317382812,-13.953014373779297,3,3,-52.516273498535156,-44.565155029296875,-50.98988342285156,-50.433101654052734,-48.75197219848633,-46.42903137207031,-17.50542449951172,-14.855051676432291,-23.95732879638672,-43.85407257080078,-54.19621276855469,-35.209468841552734,-34.904266357421875,-35.74689483642578,-30.597522735595703,-45.21288299560547,-52.76285934448242,-36.20995330810547,-36.470245361328125,-37.568058013916016,-0.5820134878158569,-30.91946792602539,3,-38.097877502441406,-31.280223846435547,3,34
193,2,eval,Cicely Mary Barker,Khoo Kheng-Hor,93,,4,6,-30.94965171813965,-64.04679107666016,-30.67804718017578,-64.14447021484375,-30.558752059936523,-67.60962677001953,-7.737412929534912,-10.67446517944336,4,6,-32.162357330322266,-66.76901245117188,-33.01010513305664,-67.93114471435547,-34.945587158203125,-69.61076354980469,-8.040589332580566,-11.128168741861979,-16.53315544128418,-43.32511138916016,-40.53277969360352,-39.6302490234375,-22.280393600463867,-42.54875946044922,-19.490570068359375,-46.040740966796875,-41.52724075317383,-40.28155517578125,-23.859392166137695,-42.90590286254883,-2.4644577503204346,-15.115586280822754,4,-50.80857849121094,-47.854705810546875,6,238
194,92,eval,Zhou Tong (archer),The Convict (1910 film),94,,6,10,-46.740745544433594,-68.087890625,-47.509056091308594,-71.92366790771484,-44.76845169067383,-63.38185119628906,-7.790124257405599,-6.8087890625,6,10,-53.267940521240234,-84.75756072998047,-51.904998779296875,-83.29158020019531,-47.5181770324707,-75.98516082763672,-8.877990086873373,-8.475756072998047,-35.35807418823242,-53.286598205566406,-51.342681884765625,-43.73898696899414,-36.24471282958984,-45.04016876220703,-37.72697067260742,-54.40311813354492,-53.351470947265625,-46.36347198486328,-38.25136947631836,-46.29182434082031,-8.27543830871582,-29.374616622924805,6,-43.60159683227539,-35.30818557739258,10,286
195,422,eval,Comair Flight 5191,The Moth (Lost),95,,8,6,-53.71925354003906,-53.236263275146484,-51.70138168334961,-60.19113540649414,-45.612667083740234,-52.08148193359375,-6.714906692504883,-8.872710545857748,8,6,-55.14192581176758,-60.98075485229492,-53.5326042175293,-68.05387878417969,-46.99510192871094,-62.16841506958008,-6.892740726470947,-10.163459142049154,-31.26325035095215,-59.88028717041016,-53.231048583984375,-39.164512634277344,-38.04923629760742,-40.129024505615234,-32.326175689697266,-61.15129089355469,-53.78668975830078,-41.240604400634766,-39.007965087890625,-41.30486679077149,-4.356566905975342,-24.15862274169922,8,-49.677425384521484,-37.68316650390625,6,384
196,189,eval,Elgin Cathedral,Joe Nathan,96,,3,2,-32.44249725341797,-37.80316162109375,-33.02207946777344,-36.92658233642578,-29.80107307434082,-37.25481414794922,-10.814165751139322,-18.901580810546875,3,2,-44.67304229736328,-42.29751968383789,-43.451229095458984,-40.59897994995117,-42.8643798828125,-40.95447540283203,-14.891014099121094,-21.148759841918945,-18.187746047973633,-37.85547637939453,-34.923587799072266,-15.00938606262207,-17.989850997924805,-23.934261322021484,-21.28600692749023,-39.59474182128906,-36.842140197753906,-18.46574592590332,-19.181543350219727,-25.789531707763672,-0.6133948564529419,-15.45330810546875,3,-33.915504455566406,-17.390348434448242,2,279
197,569,eval,Islais Creek,2011 – 12 Columbus Blue Jackets season,97,,3,13,-33.2015266418457,-73.57657623291016,-32.892730712890625,-76.26598358154297,-31.10269546508789,-70.13882446289062,-11.0671755472819,-5.659736633300781,3,13,-34.45792770385742,-84.42684173583984,-37.57321548461914,-85.34587097167969,-36.48377990722656,-82.57532501220703,-11.485975901285807,-6.49437244121845,-23.37431526184082,-66.86380004882812,-36.65154266357422,-37.1790885925293,-30.67801856994629,-43.57479095458984,-25.54010772705078,-65.29447174072266,-36.47007751464844,-37.691612243652344,-32.546077728271484,-44.74567413330078,-0.7877975106239319,-20.819875717163086,3,-51.32938766479492,-37.828773498535156,13,496
198,170,eval,"14.1 years), 115mCd (t1 / 2",Skye,98,,19,2,-119.02955627441406,-21.82149887084961,-118.01568603515625,-26.845361709594727,-120.20553588867188,-27.163476943969727,-6.264713488127056,-10.910749435424805,19,2,-132.2024688720703,-23.947309494018555,-136.1031036376953,-38.70082092285156,-138.81480407714844,-33.593772888183594,-6.958024677477385,-11.973654747009277,-128.06748962402344,-24.000415802001953,-127.06482696533205,-24.68005752563477,-129.0928955078125,-19.02553939819336,-135.4098358154297,-27.945077896118164,-127.73690795898438,-26.16608428955078,-127.9541244506836,-19.94536590576172,-47.76295471191406,-90.6954116821289,19,-23.99378204345703,-14.423681259155273,2,413
199,269,eval,Superman: Escape from Krypton,Maggie Simpson,99,,6,2,-47.58531188964844,-28.019224166870117,-46.07189178466797,-26.61185646057129,-45.015411376953125,-26.567415237426758,-7.930885314941406,-14.009612083435059,6,2,-55.21915817260742,-31.299251556396484,-51.91007995605469,-31.223478317260742,-49.969730377197266,-30.69239616394043,-9.203193028767904,-15.649625778198242,-31.583236694335938,-26.50674819946289,-31.544897079467773,-22.465492248535156,-30.47480201721191,-21.16152572631836,-34.27006149291992,-27.821664810180664,-36.13343811035156,-24.261001586914062,-35.176063537597656,-22.042463302612305,-1.6554465293884277,-23.323139190673828,6,-21.99085807800293,-15.662034034729004,2,196
