pilot_id,claim_id,cos_z,cos_del,cos_light,cos_heavy,fve_light_released,fve_heavy_released,P_orig_released,P_light_released,P_heavy_released,P_avg_released,noise_light_released,noise_heavy_released,fve_light_local,fve_heavy_local,P_orig_local,P_light_local,P_heavy_local,P_avg_local,noise_light_local,noise_heavy_local
0,0,0.9216184765643882,0.9149685173318142,0.9225544371881873,0.9180541074457044,0.7888328212356845,0.7765619834920365,0.018132131513494354,0.020684171387520434,0.008413333643872423,0.01574321218162907,-0.0025520398740260797,0.009718797869621931,0.7504891279648297,0.7359901540052596,0.021424560257244263,0.02443999901132965,0.009941025051759533,0.01860186144011115,-0.0030154387540853866,0.01148353520548473
0,1,0.9216184765643882,0.9198799417562851,0.9225544371881873,0.9180541074457044,0.7888328212356845,0.7765619834920365,0.004740381208188649,0.007292421082214728,-0.0049784166614332825,0.002351461876323365,-0.0025520398740260797,0.009718797869621931,0.7504891279648297,0.7359901540052596,0.005601138661583072,0.008616577415668458,-0.005882396543901658,0.002778439844449957,-0.0030154387540853866,0.01148353520548473
0,2,0.9216184765643882,0.9223267952410534,0.9225544371881873,0.9180541074457044,0.7888328212356845,0.7765619834920365,-0.001931339268344101,0.0006207006056819786,-0.011650137137966032,-0.004320258600209385,-0.0025520398740260797,0.009718797869621931,0.7504891279648297,0.7359901540052596,-0.002282031458961553,0.0007334072951238335,-0.013765566664446283,-0.005104730276094667,-0.0030154387540853866,0.01148353520548473
0,3,0.9216184765643882,0.9210274493789842,0.9225544371881873,0.9180541074457044,0.7888328212356845,0.7765619834920365,0.0016115260679047116,0.004163565941930791,-0.00810727180171722,-0.0007773932639605722,-0.0025520398740260797,0.009718797869621931,0.7504891279648297,0.7359901540052596,0.0019041466427842657,0.004919585396869652,-0.009579388562700464,-0.0009185521743488486,-0.0030154387540853866,0.01148353520548473
0,4,0.9216184765643882,0.9167691822939008,0.9225544371881873,0.9180541074457044,0.7888328212356845,0.7765619834920365,0.013222342932481035,0.015774382806507115,0.0035035450628591036,0.010833423600615752,-0.0025520398740260797,0.009718797869621931,0.7504891279648297,0.7359901540052596,0.015623253266614734,0.01863869202070012,0.004139718061130004,0.012800554449481619,-0.0030154387540853866,0.01148353520548473
0,6,0.9216184765643882,0.9203099071382369,0.9227505997237403,0.9203458530310065,0.7893676884082899,0.782810778543985,0.003568014795232055,0.006654921841863448,9.801197755854307e-05,0.0034403162048846823,-0.003086907046631393,0.003470002817673512,0.7511211162095971,0.7433736039888428,0.004215894194363967,0.007863321193216755,0.00011580897246243893,0.004065008120014387,-0.0036474269988527874,0.004100085221901528
0,8,0.9216184765643882,0.921459963758763,0.9227505997237403,0.9203458530310065,0.7893676884082899,0.782810778543985,0.00043220942229094117,0.003519116468922334,-0.003037793395382571,0.00030451083194356815,-0.003086907046631393,0.003470002817673512,0.7511211162095971,0.7433736039888428,0.000510689921078944,0.004158116919931731,-0.0035893953008225843,0.00035980384672936366,-0.0036474269988527874,0.004100085221901528
0,9,0.9216184765643882,0.9216104998297058,0.9227505997237403,0.9203458530310065,0.7893676884082899,0.782810778543985,2.1749787818547972e-05,0.003108656834449941,-0.003448253029854964,-0.00010594880252882503,-0.003086907046631393,0.003470002817673512,0.7511211162095971,0.7433736039888428,2.5699109856613944e-05,0.0036731261087094014,-0.004074386112044914,-0.00012518696449296632,-0.0036474269988527874,0.004100085221901528
0,10,0.9216184765643882,0.922331506141124,0.9227505997237403,0.9203458530310065,0.7893676884082899,0.782810778543985,-0.0019441842583115543,0.0011427227883198388,-0.005414187075985066,-0.002071882848658927,-0.003086907046631393,0.003470002817673512,0.7511211162095971,0.7433736039888428,-0.002297208839588727,0.0013502181592640605,-0.006397294061490255,-0.002448094913938307,-0.0036474269988527874,0.004100085221901528
0,11,0.9216184765643882,0.9118104941411654,0.9219841187735242,0.649935358880739,0.7872777608003385,0.04549518440555955,0.02674296502582907,0.027739944464509114,-0.7140426319302698,-0.21985324081331056,-0.0009969794386800457,0.7407855969560989,0.7486516999726529,-0.1278236054218862,0.03159894716331846,0.03277695792522706,-0.843698347469312,-0.2597741474602555,-0.0011780107619085989,0.8752972946326305
0,12,0.9216184765643882,0.9217796075160435,0.9219841187735242,0.649935358880739,0.7872777608003385,0.04549518440555955,-0.00043934819810564907,0.0005576312405743966,-0.7412249451542046,-0.24703555403724528,-0.0009969794386800457,0.7407855969560989,0.7486516999726529,-0.1278236054218862,-0.0005191249543510246,0.0006588858075575743,-0.8758164195869815,-0.291892219577925,-0.0011780107619085989,0.8752972946326305
0,13,0.9216184765643882,0.9215669059926354,0.9219841187735242,0.649935358880739,0.7872777608003385,0.04549518440555955,0.00014061505590423629,0.001137594494584282,-0.7406449819001947,-0.2464555907832354,-0.0009969794386800457,0.7407855969560989,0.7486516999726529,-0.1278236054218862,0.00016614790908908716,0.001344158670997686,-0.8751311467235414,-0.2912069467144849,-0.0011780107619085989,0.8752972946326305
0,15,0.9216184765643882,0.9189184399971917,0.9219841187735242,0.649935358880739,0.7872777608003385,0.04549518440555955,0.007362062896241417,0.008359042334921463,-0.7334235340598575,-0.23923414294289821,-0.0009969794386800457,0.7407855969560989,0.7486516999726529,-0.1278236054218862,0.008698864776088833,0.009876875537997432,-0.8665984298565417,-0.28267422984748514,-0.0011780107619085989,0.8752972946326305
0,16,0.9216184765643882,0.9203699749550202,0.9219841187735242,0.649935358880739,0.7872777608003385,0.04549518440555955,0.0034042307003901984,0.004401210139070244,-0.7373813662557087,-0.24319197513874943,-0.0009969794386800457,0.7407855969560989,0.7486516999726529,-0.1278236054218862,0.004022370216970272,0.005200380978878871,-0.8712749244156602,-0.2873507244066037,-0.0011780107619085989,0.8752972946326305
1,0,0.8996887602963818,0.8994239753257243,0.8987832447091054,0.8991009770044874,0.724017027155025,0.7248833728820381,0.0007219767434424318,-0.0017470500793970167,-0.0008807043523839653,-0.0006352592294461834,0.0024690268228394485,0.001602681095826397,0.6739040952085448,0.6749277518160529,0.0008530731333323827,-0.0020642790766550734,-0.0010406224691469346,-0.0007506094708232084,0.002917352209987456,0.0018936956024793172
1,1,0.8996887602963818,0.901251420796136,0.8987832447091054,0.8991009770044874,0.724017027155025,0.7248833728820381,-0.0042608329918313315,-0.00672985981467078,-0.0058635140876577285,-0.005618068964719947,0.0024690268228394485,0.001602681095826397,0.6739040952085448,0.6749277518160529,-0.005034514177862048,-0.007951866387849504,-0.006928209780341366,-0.00663819678201764,0.002917352209987456,0.0018936956024793172
1,2,0.8996887602963818,0.8995574023720782,0.8987832447091054,0.8991009770044874,0.724017027155025,0.7248833728820381,0.00035816748276384924,-0.0021108593400755993,-0.0012445136130625478,-0.000999068490124766,0.0024690268228394485,0.001602681095826397,0.6739040952085448,0.6749277518160529,0.0004232034612670077,-0.0024941487487204483,-0.0014704921412123095,-0.0011804791428885835,0.002917352209987456,0.0018936956024793172
1,3,0.8996887602963818,0.8993385031149511,0.8987832447091054,0.8991009770044874,0.724017027155025,0.7248833728820381,0.0009550298062185325,-0.001513997016620916,-0.0006476512896078646,-0.0004022061666700827,0.0024690268228394485,0.001602681095826397,0.6739040952085448,0.6749277518160529,0.0011284439237365662,-0.0017889082862508898,-0.000765251678742751,-0.0004752386804190249,0.002917352209987456,0.0018936956024793172
1,4,0.8996887602963818,0.9004430972084123,0.8987832447091054,0.8991009770044874,0.724017027155025,0.7248833728820381,-0.0020568150293948095,-0.004525841852234258,-0.0036594961252212066,-0.0034140510022834247,0.0024690268228394485,0.001602681095826397,0.6739040952085448,0.6749277518160529,-0.00243029108312387,-0.005347643293111326,-0.004323986685603187,-0.004033973687279461,0.002917352209987456,0.0018936956024793172
1,5,0.8996887602963818,0.9001467191901358,0.8987832447091054,0.8991009770044874,0.724017027155025,0.7248833728820381,-0.0012486950068274494,-0.003717721829666898,-0.0028513761026538464,-0.0026059309797160646,0.0024690268228394485,0.001602681095826397,0.6739040952085448,0.6749277518160529,-0.0014754327916045584,-0.0043927850015920145,-0.0033691283940838757,-0.0030791153957601494,0.002917352209987456,0.0018936956024793172
1,6,0.8996887602963818,0.8990255017010315,0.9000641735450999,0.8962441960283135,0.7275096756512609,0.7170939223675896,0.0018084760609415884,0.0028320977343380127,-0.007583655549333268,-0.0009810272513512224,-0.0010236216733964243,0.009392131610274856,0.6780309381067054,0.6657238944651717,0.0021368587754060364,0.0033463494635792568,-0.008960694177954531,-0.0011591619796564128,-0.0012094906881732204,0.011097552953360568
1,7,0.8996887602963818,0.8980445865609658,0.9000641735450999,0.8962441960283135,0.7275096756512609,0.7170939223675896,0.004483091303111197,0.005506712976507622,-0.004909040307163659,0.0016935879908183866,-0.0010236216733964243,0.009392131610274856,0.6780309381067054,0.6657238944651717,0.005297130107993819,0.00650662079616704,-0.005800422845366748,0.0020011093529313704,-0.0012094906881732204,0.011097552953360568
1,8,0.8996887602963818,0.9005171572626898,0.9000641735450999,0.8962441960283135,0.7275096756512609,0.7170939223675896,-0.002258751101044232,-0.0012351294276478075,-0.011650882711319088,-0.005048254413337043,-0.0010236216733964243,0.009392131610274856,0.6780309381067054,0.6657238944651717,-0.0026688946654961354,-0.001459403977322915,-0.013766447618856703,-0.005964915420558585,-0.0012094906881732204,0.011097552953360568
1,9,0.8996887602963818,0.897100112850492,0.9000641735450999,0.8962441960283135,0.7275096756512609,0.7170939223675896,0.007058343410742629,0.008081965084139053,-0.0023337881995322274,0.004268840098449818,-0.0010236216733964243,0.009392131610274856,0.6780309381067054,0.6657238944651717,0.008339995968330238,0.009549486656503459,-0.0027575569850303294,0.005043975213267789,-0.0012094906881732204,0.011097552953360568
1,10,0.8996887602963818,0.8976096866639697,0.9000641735450999,0.8962441960283135,0.7275096756512609,0.7170939223675896,0.005668912426481598,0.0066925340998780225,-0.0037232191837932582,0.0028794091141887876,-0.0010236216733964243,0.009392131610274856,0.6780309381067054,0.6657238944651717,0.006698272389200732,0.007907763077373953,-0.004399280564159835,0.0034022516341382834,-0.0012094906881732204,0.011097552953360568
1,11,0.8996887602963818,0.9008289360999242,0.9000641735450999,0.8962441960283135,0.7275096756512609,0.7170939223675896,-0.003108863813339968,-0.002085242139943544,-0.012500995423614825,-0.005898367125632779,-0.0010236216733964243,0.009392131610274856,0.6780309381067054,0.6657238944651717,-0.003673370670783993,-0.0024638799826107727,-0.01477092362414456,-0.0069693914258464424,-0.0012094906881732204,0.011097552953360568
1,12,0.8996887602963818,0.8980961197737268,0.897994983339742,0.6545753016913467,0.7218677119011372,0.05814669854491261,0.0043425781122152785,-0.00027576396451201024,-0.6639967773207366,-0.2199766543910111,0.004618342076727289,0.6683393554329519,0.6713645077290217,-0.11287483192428471,0.00513110256054039,-0.00032583712897016337,-0.7845651767822766,-0.25991997045023546,0.005456939689510554,0.7896962793428169
1,13,0.8996887602963818,0.8986339356710951,0.897994983339742,0.6545753016913467,0.7218677119011372,0.05814669854491261,0.0028761407642446946,-0.0017422013124825941,-0.6654632146687072,-0.2214430917389817,0.004618342076727289,0.6683393554329519,0.6713645077290217,-0.11287483192428471,0.003398389817877656,-0.0020585498716328976,-0.7862978895249393,-0.2616526831928982,0.005456939689510554,0.7896962793428169
1,14,0.8996887602963818,0.8995224407716095,0.897994983339742,0.6545753016913467,0.7218677119011372,0.05814669854491261,0.00045349563673424687,-0.004164846439993042,-0.6678858597962176,-0.22386573686649214,0.004618342076727289,0.6683393554329519,0.6713645077290217,-0.11287483192428471,0.0005358412820015701,-0.004921098407508984,-0.7891604380608154,-0.2645152317287743,0.005456939689510554,0.7896962793428169
1,15,0.8996887602963818,0.898905222162725,0.897994983339742,0.6545753016913467,0.7218677119011372,0.05814669854491261,0.0021364366289211567,-0.002481905447806132,-0.6662029188040307,-0.22218279587430523,0.004618342076727289,0.6683393554329519,0.6713645077290217,-0.11287483192428471,0.0025243703564603592,-0.0029325693330501945,-0.7871719089863566,-0.2625267026543155,0.005456939689510554,0.7896962793428169
1,16,0.8996887602963818,0.8997296547429523,0.897994983339742,0.6545753016913467,0.7218677119011372,0.05814669854491261,-0.00011150496679068755,-0.004729847043517976,-0.6684508603997426,-0.22443073747001707,0.004618342076727289,0.6683393554329519,0.6713645077290217,-0.11287483192428471,-0.00013175201592885433,-0.005588691705439408,-0.7898280313587458,-0.2651828250267047,0.005456939689510554,0.7896962793428169
1,17,0.8996887602963818,0.8821587594449904,0.897994983339742,0.6545753016913467,0.7218677119011372,0.05814669854491261,0.04779822999697714,0.04317988792024985,-0.6205411254359747,-0.17652100250624925,0.004618342076727289,0.6683393554329519,0.6713645077290217,-0.11287483192428471,0.056477422855538806,0.05102048316602825,-0.7332188564872781,-0.20857365015523702,0.005456939689510554,0.7896962793428169
2,0,0.8629867773784817,0.8613408057433171,0.8635959356116416,0.8571779744878293,0.6280734440671891,0.6105738909006934,0.0044879935519145375,0.006148956696181429,-0.011350596470314334,-0.00023788207407278902,-0.0016609631442668915,0.01583859002222887,0.560539095862964,0.539861977400007,0.00530292250613551,0.007265482999529449,-0.013411635463427607,-0.00028107665258754927,-0.001962560493393939,0.018714557969563117
2,1,0.8629867773784817,0.8720062356410219,0.8635959356116416,0.8571779744878293,0.6280734440671891,0.6105738909006934,-0.02459293323119327,-0.02293197008692638,-0.04043152325342214,-0.029318808857180596,-0.0016609631442668915,0.01583859002222887,0.560539095862964,0.539861977400007,-0.029058513033724753,-0.027095952540330814,-0.04777307100328787,-0.034642512192447815,-0.001962560493393939,0.018714557969563117
2,2,0.8629867773784817,0.8612345036467656,0.8635959356116416,0.8571779744878293,0.6280734440671891,0.6105738909006934,0.004777842485933603,0.006438805630200495,-0.011060747536295268,5.1966859946276735e-05,-0.0016609631442668915,0.01583859002222887,0.560539095862964,0.539861977400007,0.005645402150504242,0.007607962643898181,-0.013069155819058875,6.14029917811824e-05,-0.001962560493393939,0.018714557969563117
2,3,0.8629867773784817,0.8640799098217958,0.8635959356116416,0.8571779744878293,0.6280734440671891,0.6105738909006934,-0.0029805928924719893,-0.0013196297482050978,-0.01881918291470086,-0.007706468518459316,-0.0016609631442668915,0.01583859002222887,0.560539095862964,0.539861977400007,-0.003521808342254462,-0.0015592478488605233,-0.02223636631181758,-0.009105807500977522,-0.001962560493393939,0.018714557969563117
2,4,0.8629867773784817,0.8636658009784172,0.8635959356116416,0.8571779744878293,0.6280734440671891,0.6105738909006934,-0.0018514617585151383,-0.00019049861424824677,-0.01769005178074401,-0.0065773373845024645,-0.0016609631442668915,0.01583859002222887,0.560539095862964,0.539861977400007,-0.0021876498071818906,-0.00022508931378795172,-0.020902207776745008,-0.00777164896590495,-0.001962560493393939,0.018714557969563117
2,5,0.8629867773784817,0.8636939094108642,0.8635959356116416,0.8571779744878293,0.6280734440671891,0.6105738909006934,-0.0019281037011110724,-0.0002671405568441809,-0.017766693723339944,-0.006653979327098399,-0.0016609631442668915,0.01583859002222887,0.560539095862964,0.539861977400007,-0.0022782083780897855,-0.0003156478846958466,-0.020992766347652903,-0.007862207536812845,-0.001962560493393939,0.018714557969563117
2,6,0.8629867773784817,0.8546517512576345,0.8636549544217719,0.8622819827295828,0.6282343678848585,0.6244907504555768,0.02272672425588884,0.024548611217825145,0.02080499378854339,0.022693443087419125,-0.0018218869619363032,0.0019217304673454505,0.5607292401946395,0.5563058574757338,0.02685343821313546,0.029006143038204923,0.02458276031929918,0.026814113856879856,-0.0021527048250694625,0.0022706778938362815
2,7,0.8629867773784817,0.8568736891574302,0.8636549544217719,0.8622819827295828,0.6282343678848585,0.6244907504555768,0.01666827054138109,0.018490157503317395,0.014746540074035641,0.016634989372911375,-0.0018218869619363032,0.0019217304673454505,0.5607292401946395,0.5563058574757338,0.01969489170824179,0.021847596533311253,0.01742421381440551,0.019655567351986186,-0.0021527048250694625,0.0022706778938362815
2,8,0.8629867773784817,0.8506652970228146,0.8605822808593637,0.6929295068554173,0.6198562531952658,0.16272530839922927,0.0335964017877769,0.027040174060120492,-0.43009077073591606,-0.12315139829600623,0.006556227727656405,0.46368717252369296,0.5508298291476978,0.010693140587672012,0.03969682957533893,0.0319501233534667,-0.5081865652065591,-0.1455132040925845,0.007746706221872235,0.5478833947818981
2,9,0.8629867773784817,0.851114392668382,0.8605822808593637,0.6929295068554173,0.6198562531952658,0.16272530839922927,0.03237187378350315,0.02581564605584674,-0.4313152987401898,-0.12437592630027998,0.006556227727656405,0.46368717252369296,0.5508298291476978,0.010693140587672012,0.03824995202568504,0.030503245803812806,-0.509633442756213,-0.1469600816422384,0.007746706221872235,0.5478833947818981
2,10,0.8629867773784817,0.8569735468145104,0.8636549544217719,0.8622819827295828,0.6282343678848585,0.6244907504555768,0.016395993357794958,0.01821788031973126,0.014474262890449507,0.01636271218932524,-0.0018218869619363032,0.0019217304673454505,0.5607292401946395,0.5563058574757338,0.01937317448916731,0.021525879314236773,0.01710249659533103,0.019333850132911706,-0.0021527048250694625,0.0022706778938362815
2,11,0.8629867773784817,0.842537647766174,0.8600780392734817,0.6921542162863324,0.6184813613455533,0.1606113600172664,0.055757681287819216,0.0478265617104503,-0.4100434396178366,-0.1021530655398557,0.007931119577368917,0.46580112090565584,0.5492052847162042,0.008195341889468133,0.06588214968913464,0.05651089903576878,-0.4844990437909673,-0.12070199835535463,0.009371250653365859,0.550381193480102
2,12,0.8629867773784817,0.8620437832063186,0.8600780392734817,0.6921542162863324,0.6184813613455533,0.1606113600172664,0.002571217920008584,-0.005359901657360333,-0.46322990298564726,-0.15533952890766634,0.007931119577368917,0.46580112090565584,0.5492052847162042,0.008195341889468133,0.003038099145747597,-0.006333151507618262,-0.5473430943343544,-0.18354604889874168,0.009371250653365859,0.550381193480102
2,13,0.8629867773784817,0.8609792557500289,0.8600780392734817,0.6921542162863324,0.6184813613455533,0.1606113600172664,0.005473814937840049,-0.002457304639528868,-0.4603273059678158,-0.15243693188983487,0.007931119577368917,0.46580112090565584,0.5492052847162042,0.008195341889468133,0.006467749138344914,-0.0029035015150209453,-0.543913444341757,-0.18011639890614436,0.009371250653365859,0.550381193480102
2,14,0.8629867773784817,0.85794009656668,0.8600780392734817,0.6921542162863324,0.6184813613455533,0.1606113600172664,0.01376054754410827,0.005829427966739353,-0.45204057336154757,-0.14415019928356665,0.007931119577368917,0.46580112090565584,0.5492052847162042,0.008195341889468133,0.016259184961901263,0.006887934308535404,-0.5341220085182007,-0.17032496308258802,0.009371250653365859,0.550381193480102
3,1,0.8860491827605156,0.8845447441839772,0.8863343569403296,0.882318378878714,0.6900732295578176,0.6791230507940396,0.004102082008284658,0.0048796530507222435,-0.006070525713055774,0.0009704031153170423,-0.0007775710424375859,0.010172607721340432,0.6337967897635199,0.6208582797721511,0.004846937223086267,0.00576569945689176,-0.007172810534477048,0.001146608715166993,-0.0009187622338054924,0.012019747757563315
3,2,0.8860491827605156,0.8888807590212221,0.8863343569403296,0.882318378878714,0.6900732295578176,0.6791230507940396,-0.007720726000563061,-0.006943154958125475,-0.017893333721903493,-0.010852404893530676,-0.0007775710424375859,0.010172607721340432,0.6337967897635199,0.6208582797721511,-0.009122653853775198,-0.008203891619969705,-0.021142401611338513,-0.012822982361694471,-0.0009187622338054924,0.012019747757563315
3,3,0.8860491827605156,0.8850445632377486,0.8863343569403296,0.882318378878714,0.6900732295578176,0.6791230507940396,0.002739248869166988,0.003516819911604574,-0.007433358852173444,-0.0003924300238006273,-0.0007775710424375859,0.010172607721340432,0.6337967897635199,0.6208582797721511,0.0032366411203988976,0.00415540335420439,-0.008783106637164417,-0.0004636873875203766,-0.0009187622338054924,0.012019747757563315
3,4,0.8860491827605156,0.8839796194226534,0.8863343569403296,0.882318378878714,0.6900732295578176,0.6791230507940396,0.005642981152998661,0.0064205521954362466,-0.004529626568341771,0.0025113022600310453,-0.0007775710424375859,0.010172607721340432,0.6337967897635199,0.6208582797721511,0.006667632520365063,0.007586394754170556,-0.005352115237198252,0.0029673040124457892,-0.0009187622338054924,0.012019747757563315
3,5,0.8860491827605156,0.8839492212910792,0.8863343569403296,0.882318378878714,0.6900732295578176,0.6791230507940396,0.005725866310664962,0.006503437353102548,-0.00444674141067547,0.0025941874176973467,-0.0007775710424375859,0.010172607721340432,0.6337967897635199,0.6208582797721511,0.006765567948063267,0.007684330181868759,-0.005254179809500048,0.003065239440143993,-0.0009187622338054924,0.012019747757563315
3,8,0.8860491827605156,0.8842739869511275,0.8853841986133081,0.880636507064337,0.6874824774732327,0.6745371699095761,0.004840343038549744,0.0030271619964024055,-0.009918145567254122,-0.0006835468441006576,0.0018131810421473382,0.014758488605803866,0.6307356094435745,0.6154396955715782,0.005719251540722836,0.0035768334545829283,-0.01171908041741343,-0.0008076651407025551,0.002142418086139908,0.017438331958136266
3,9,0.8860491827605156,0.880781706442639,0.8853841986133081,0.880636507064337,0.6874824774732327,0.6745371699095761,0.014362580280508852,0.012549399238361514,-0.0003959083252950135,0.00883869039785845,0.0018131810421473382,0.014758488605803866,0.6307356094435745,0.6154396955715782,0.016970534679845217,0.01482811659370531,-0.0004677972782910489,0.010443617998419827,0.002142418086139908,0.017438331958136266
3,10,0.8860491827605156,0.8776285078662773,0.8840132826671073,0.6551011588232014,0.6837444653499859,0.059580528488620166,0.022960258743662587,0.01740906557826849,-0.6067548712830972,-0.18879518232038872,0.005551193165394097,0.6297151300267598,0.6263188498410309,-0.11118064743170364,0.02712937784559022,0.020570200156906693,-0.7169292971158279,-0.22307657303777698,0.006559177688683526,0.7440586749614181
3,11,0.8860491827605156,0.8860375827328116,0.8853841986133081,0.880636507064337,0.6874824774732327,0.6745371699095761,3.162925072652811e-05,-0.00178155179142081,-0.014726859355077337,-0.005492260631923873,0.0018131810421473382,0.014758488605803866,0.6307356094435745,0.6154396955715782,3.737248362545298e-05,-0.002105045602514455,-0.017400959474510813,-0.006489544197799939,0.002142418086139908,0.017438331958136266
3,12,0.8860491827605156,0.8634821471956822,0.885228849737028,0.6641202210077057,0.687058894988488,0.08417238175243558,0.06153247597773259,0.05929571245084064,-0.5435908007852118,-0.1409208707855462,0.0022367635268919495,0.6051232767629444,0.6302351129376028,-0.082123410465613,0.07270553042157546,0.07006261582946383,-0.642295907573752,-0.16650925377423756,0.0026429145921116337,0.7150014379953274
3,13,0.8860491827605156,0.8855407329413599,0.885228849737028,0.6641202210077057,0.687058894988488,0.08417238175243558,0.0013863662417332723,-0.0008503972851586772,-0.6037369105212111,-0.2010669805215455,0.0022367635268919495,0.6051232767629444,0.6302351129376028,-0.082123410465613,0.001638102341278369,-0.0010048122508332646,-0.7133633356540491,-0.23757668185453465,0.0026429145921116337,0.7150014379953274
3,14,0.8860491827605156,0.8822215716310597,0.885228849737028,0.6641202210077057,0.687058894988488,0.08417238175243558,0.0104365674968121,0.00819980396992015,-0.5946867092661323,-0.19201677926646668,0.0022367635268919495,0.6051232767629444,0.6302351129376028,-0.082123410465613,0.01233163729525355,0.009688722703141917,-0.7026698007000739,-0.22688314690055947,0.0026429145921116337,0.7150014379953274
3,15,0.8860491827605156,0.8793912299538367,0.885228849737028,0.6641202210077057,0.687058894988488,0.08417238175243558,0.01815392721657516,0.01591716368968321,-0.5869693495463693,-0.18429941954670362,0.0022367635268919495,0.6051232767629444,0.6302351129376028,-0.082123410465613,0.02145031361964722,0.018807399027535587,-0.6935511243756802,-0.2177644705761658,0.0026429145921116337,0.7150014379953274
4,0,0.9035815786713945,0.901703055516839,0.9022773327720338,0.8961554396425784,0.7335441929707807,0.7168519144991912,0.005122080857683731,0.0015658548198902444,-0.01512642365169925,-0.002812829324708425,0.0035562260377934862,0.02024850450938298,0.685161201850889,0.6654379428573658,0.0060521472556192,0.001850182418866142,-0.017873076574657087,-0.0033235823000572484,0.004201964836753058,0.023925223830276288
4,1,0.9035815786713945,0.9014180826218249,0.9022773327720338,0.8961554396425784,0.7335441929707807,0.7168519144991912,0.005899103066311362,0.0023428770285178757,-0.014349401443071619,-0.0020358071160807936,0.0035562260377934862,0.02024850450938298,0.685161201850889,0.6654379428573658,0.006970260998483413,0.0027682961617303548,-0.016954962831792875,-0.0024054685571930357,0.004201964836753058,0.023925223830276288
4,2,0.9035815786713945,0.9033641486794837,0.9022773327720338,0.8961554396425784,0.7335441929707807,0.7168519144991912,0.0005928561469963345,-0.0029633698907971517,-0.019655648362386646,-0.0073420540353958215,0.0035562260377934862,0.02024850450938298,0.685161201850889,0.6654379428573658,0.0007005068453064256,-0.0035014579914466326,-0.023224716984969862,-0.008675222710370023,0.004201964836753058,0.023925223830276288
4,3,0.9035815786713945,0.9019942293021761,0.9022773327720338,0.8961554396425784,0.7335441929707807,0.7168519144991912,0.004328150972647493,0.0007719249348540069,-0.015920353536735488,-0.0036067592097446624,0.0035562260377934862,0.02024850450938298,0.685161201850889,0.6654379428573658,0.005114055743911106,0.0009120909071580474,-0.018811168086365182,-0.004261673811765343,0.004201964836753058,0.023925223830276288
4,4,0.9035815786713945,0.901979906291999,0.9022773327720338,0.8961554396425784,0.7335441929707807,0.7168519144991912,0.004367204851794426,0.00081097881400094,-0.015881299657588555,-0.0035677053305977293,0.0035562260377934862,0.02024850450938298,0.685161201850889,0.6654379428573658,0.0051602010184716995,0.0009582361817186413,-0.018765022811804588,-0.004215528537204749,0.004201964836753058,0.023925223830276288
4,6,0.9035815786713945,0.9003896485323155,0.9030484651319571,0.9047817416162062,0.7356468033591197,0.7403728469426207,0.008703285996125576,0.007249670346671122,0.01197571393017216,0.009309556757656287,0.0014536156494544539,-0.0032724279340465845,0.6876456038048981,0.6932298014188261,0.0102836268930242,0.008566064010280261,0.014150261624208182,0.010999984175837548,0.0017175628827439393,-0.003866634731183982
4,7,0.9035815786713945,0.9013453037453487,0.9030484651319571,0.9047817416162062,0.7356468033591197,0.7403728469426207,0.006097545810622607,0.004643930161168153,0.009369973744669191,0.0067038165721533165,0.0014536156494544539,-0.0032724279340465845,0.6876456038048981,0.6932298014188261,0.007204736935851663,0.005487174053107724,0.011071371667035645,0.007921094218665011,0.0017175628827439393,-0.003866634731183982
4,8,0.9035815786713945,0.9017305441187154,0.9030484651319571,0.9047817416162062,0.7356468033591197,0.7403728469426207,0.00504712897799342,0.0035935133285389664,0.008319556912040005,0.00565339973952413,0.0014536156494544539,-0.0032724279340465845,0.6876456038048981,0.6932298014188261,0.005963585628894763,0.004246022746150824,0.009830220360078745,0.00667994291170811,0.0017175628827439393,-0.003866634731183982
4,9,0.9035815786713945,0.899200689310252,0.9030484651319571,0.9047817416162062,0.7356468033591197,0.7403728469426207,0.01194516526555578,0.010491549616101326,0.015217593199602364,0.01255143602708649,0.0014536156494544539,-0.0032724279340465845,0.6876456038048981,0.6932298014188261,0.014114165939298373,0.012396603056554434,0.017980800670482355,0.014830523222111721,0.0017175628827439393,-0.003866634731183982
4,11,0.9035815786713945,0.9050866345263442,0.9030484651319571,0.9047817416162062,0.7356468033591197,0.7403728469426207,-0.00410376511233701,-0.005557380761791464,-0.0008313371782904255,-0.0034974943508062997,0.0014536156494544539,-0.0032724279340465845,0.6876456038048981,0.6932298014188261,-0.004848925944829552,-0.006566488827573491,-0.0009822912136455697,-0.0041325686620162045,0.0017175628827439393,-0.003866634731183982
4,12,0.9035815786713945,0.9015226530072875,0.9047089754145616,0.6527466612574222,0.7401744387581777,0.053160630558751754,0.005613975907585722,0.008687995657189251,-0.6783258125422367,-0.22134128032582057,-0.0030740197496035293,0.6839397884498224,0.6929953663166998,-0.11876626911889798,0.006633360508403241,0.010265560137460938,-0.8014960752981368,-0.26153238488409086,-0.0036321996290576974,0.8081294358065401
4,13,0.9035815786713945,0.903749167912245,0.9047089754145616,0.6527466612574222,0.7401744387581777,0.053160630558751754,-0.0004569577119304391,0.00261706203767309,-0.6843967461617528,-0.22741221394533673,-0.0030740197496035293,0.6839397884498224,0.6929953663166998,-0.11876626911889798,-0.000539932000105936,0.0030922676289517614,-0.808669367806646,-0.26870567739260004,-0.0036321996290576974,0.8081294358065401
4,14,0.9035815786713945,0.8938535384420978,0.9047089754145616,0.6527466612574222,0.7401744387581777,0.053160630558751754,0.026524990400263793,0.029599010149867322,-0.6574147980495586,-0.2004302658331425,-0.0030740197496035293,0.6839397884498224,0.6929953663166998,-0.11876626911889798,0.031341392749680175,0.03497359237873787,-0.7767880430568599,-0.23682435264281396,-0.0036321996290576974,0.8081294358065401
5,0,0.8450629856293282,0.8460827396762255,0.8437627575678187,0.8394286471107787,0.5739952489920075,0.5621776335672222,-0.0027805154652958963,-0.006325786253324472,-0.018143401678109794,-0.00908323446557672,0.003545270788028576,0.015362886212813898,0.49664139315057265,0.4826779375261291,-0.0032854008966400894,-0.007474421231609574,-0.02143787685605314,-0.010732566328100934,0.004189020334969484,0.01815247595941305
5,1,0.8450629856293282,0.8439018058173844,0.8437627575678187,0.8394286471107787,0.5739952489920075,0.5621776335672222,0.0031661344565612204,-0.0003791363314673557,-0.012196751756252677,-0.003136584543719604,0.003545270788028576,0.015362886212813898,0.49664139315057265,0.4826779375261291,0.003741040505726101,-0.0004479798292433834,-0.01441143545368695,-0.003706124925734744,0.004189020334969484,0.01815247595941305
5,2,0.8450629856293282,0.8447810179755104,0.8437627575678187,0.8394286471107787,0.5739952489920075,0.5621776335672222,0.0007688279586033353,-0.002776442829425241,-0.014594058254210562,-0.00553389104167749,0.003545270788028576,0.015362886212813898,0.49664139315057265,0.4826779375261291,0.0009084315825911293,-0.003280588752378355,-0.01724404437682192,-0.0065387338488697155,0.004189020334969484,0.01815247595941305
5,3,0.8450629856293282,0.8393709083506623,0.8437627575678187,0.8394286471107787,0.5739952489920075,0.5621776335672222,0.015520319778230096,0.01197504899020152,0.00015743356541619846,0.009217600777949272,0.003545270788028576,0.015362886212813898,0.49664139315057265,0.4826779375261291,0.01833849627954265,0.014149475944573164,0.00018602032012959846,0.010891330848081804,0.004189020334969484,0.01815247595941305
5,4,0.8450629856293282,0.8459175367377401,0.8437627575678187,0.8394286471107787,0.5739952489920075,0.5621776335672222,-0.0023300643719477154,-0.0058753351599762915,-0.017692950584761613,-0.00863278337222854,0.003545270788028576,0.015362886212813898,0.49664139315057265,0.4826779375261291,-0.0027531569855920868,-0.006942177320561571,-0.020905632945005137,-0.010200322417052932,0.004189020334969484,0.01815247595941305
5,5,0.8450629856293282,0.8417806198624627,0.8437627575678187,0.8394286471107787,0.5739952489920075,0.5621776335672222,0.008949872574957274,0.005404601786928698,-0.006413013637856624,0.0026471535746764494,0.003545270788028576,0.015362886212813898,0.49664139315057265,0.4826779375261291,0.010574988612570335,0.006385968277600851,-0.007577487346842715,0.0031278231811094903,0.004189020334969484,0.01815247595941305
5,6,0.8450629856293282,0.8469949213135242,0.8453452010923843,0.8438757706096499,0.5783100234284508,0.5743033963453303,-0.00526771829364947,-0.004498214645234699,-0.008504841728355195,-0.006090258222413121,-0.000769503648414771,0.0032371234347057243,0.5017396434495627,0.49700549383749215,-0.0062242295075175536,-0.005314999543497012,-0.010049149155567538,-0.007196126068860702,-0.0009092299640205415,0.0038249196480499847
5,7,0.8450629856293282,0.8433311434327003,0.8453452010923843,0.8438757706096499,0.5783100234284508,0.5743033963453303,0.004722132778808175,0.005491636427222946,0.0014850093441024503,0.0038995928500445234,-0.000769503648414771,0.0032371234347057243,0.5017396434495627,0.49700549383749215,0.005579576686116194,0.006488806650136736,0.0017546570380662097,0.004607680124773046,-0.0009092299640205415,0.0038249196480499847
5,8,0.8450629856293282,0.8436020301940961,0.8453452010923843,0.8438757706096499,0.5783100234284508,0.5743033963453303,0.003983518569140143,0.004753022217554914,0.0007463951344344188,0.003160978640376492,-0.000769503648414771,0.0032371234347057243,0.5017396434495627,0.49700549383749215,0.004706845058832676,0.0056160750228532175,0.0008819254107826913,0.0037349484974895284,-0.0009092299640205415,0.0038249196480499847
5,9,0.8450629856293282,0.843246602527457,0.8453452010923843,0.8438757706096499,0.5783100234284508,0.5743033963453303,0.004952646494536417,0.005722150142951188,0.0017155230598306925,0.004130106565772766,-0.000769503648414771,0.0032371234347057243,0.5017396434495627,0.49700549383749215,0.005851947035353189,0.00676117699937373,0.002027027387303204,0.004880050474010041,-0.0009092299640205415,0.0038249196480499847
5,10,0.8450629856293282,0.8379190878853108,0.8453452010923843,0.8438757706096499,0.5783100234284508,0.5743033963453303,0.01947893045403526,0.02024843410245003,0.016241807019329535,0.01865639052527161,-0.000769503648414771,0.0032371234347057243,0.5017396434495627,0.49700549383749215,0.023015910674846318,0.02392514063886686,0.019190991026796334,0.02204401411350317,-0.0009092299640205415,0.0038249196480499847
5,11,0.8450629856293282,0.8430947592871736,0.8453452010923843,0.8438757706096499,0.5783100234284508,0.5743033963453303,0.005366670326256706,0.006136173974671477,0.002129546891550982,0.004544130397493055,-0.000769503648414771,0.0032371234347057243,0.5017396434495627,0.49700549383749215,0.0063411492300330385,0.00725037919405358,0.002516229581983054,0.0053692526686898905,-0.0009092299640205415,0.0038249196480499847
5,12,0.8450629856293282,0.8389671027172588,0.8484898031018709,0.6456084346246301,0.5868842620364579,0.033697163257341956,0.016621357633454403,0.025965099889876275,-0.5272219988892397,-0.161545180455303,-0.009343742256421872,0.5438433565226941,0.5118707905560419,-0.14176390884501755,0.019639460364057615,0.030679837434557378,-0.6229548619665021,-0.1908785213892957,-0.011040377070499763,0.6425943223305597
5,13,0.8450629856293282,0.8453592006748992,0.8484898031018709,0.6456084346246301,0.5868842620364579,0.033697163257341956,-0.0008076756525453588,0.008536066603876513,-0.5446510321752395,-0.17897421374130276,-0.009343742256421872,0.5438433565226941,0.5118707905560419,-0.14176390884501755,-0.0009543332328793008,0.010086043837620462,-0.643548655563439,-0.21147231498623262,-0.011040377070499763,0.6425943223305597
5,14,0.8450629856293282,0.8331946071312318,0.8484898031018709,0.6456084346246301,0.5868842620364579,0.033697163257341956,0.032360950233391694,0.041704692489813566,-0.5114824062893024,-0.1458055878553657,-0.009343742256421872,0.5438433565226941,0.5118707905560419,-0.14176390884501755,0.038237044979571366,0.04927742205007113,-0.6043572773509883,-0.17228093677378195,-0.011040377070499763,0.6425943223305597
5,15,0.8450629856293282,0.8417440737613378,0.8484898031018709,0.6456084346246301,0.5868842620364579,0.033697163257341956,0.009049521112448389,0.01839326336887026,-0.5347938354102457,-0.16911701697630901,-0.009343742256421872,0.5438433565226941,0.5118707905560419,-0.14176390884501755,0.010692731311184644,0.021733108381684407,-0.631901591019375,-0.19982525044216867,-0.011040377070499763,0.6425943223305597
5,16,0.8450629856293282,0.8461718531242,0.8484898031018709,0.6456084346246301,0.5868842620364579,0.033697163257341956,-0.00302349691853232,0.006320245337889552,-0.5468668534412264,-0.18119003500728972,-0.009343742256421872,0.5438433565226941,0.5118707905560419,-0.14176390884501755,-0.0035725028726203423,0.0074678741978794205,-0.64616682520318,-0.21409048462597366,-0.011040377070499763,0.6425943223305597
5,17,0.8450629856293282,0.8471355923097361,0.8484898031018709,0.6456084346246301,0.5868842620364579,0.033697163257341956,-0.005651279292182343,0.003692462964239529,-0.5494946358148765,-0.18381781738093975,-0.009343742256421872,0.5438433565226941,0.5118707905560419,-0.14176390884501755,-0.006677437433970201,0.004362939636529561,-0.6492717597645299,-0.21719541918732352,-0.011040377070499763,0.6425943223305597
6,0,0.9021547736755684,0.9025816012005473,0.9022435384486879,0.8990345664463552,0.7334520475765177,0.7247022943322567,-0.0011638105657229003,-0.0009217798278375877,-0.00967153307209856,-0.0039190411552196824,-0.0002420307378853126,0.008507722506375659,0.6850523247147208,0.6747137930601176,-0.0013751350509890736,-0.0010891564210595561,-0.011427688075662745,-0.004630659849237125,-0.0002859786299295175,0.010052553024673672
6,1,0.9021547736755684,0.9012745936885472,0.9022435384486879,0.8990345664463552,0.7334520475765177,0.7247022943322567,0.002399945431550643,0.0026419761694359556,-0.006107777074825016,-0.00035528515794613913,-0.0002420307378853126,0.008507722506375659,0.6850523247147208,0.6747137930601176,0.002835727033751567,0.0031217056636810847,-0.007216825990922104,-0.00041979776449648415,-0.0002859786299295175,0.010052553024673672
6,2,0.9021547736755684,0.9010726520401943,0.9022435384486879,0.8990345664463552,0.7334520475765177,0.7247022943322567,0.0029505702396024347,0.0031926009774877473,-0.005557152266773224,0.00019533965010565257,-0.0002420307378853126,0.008507722506375659,0.6850523247147208,0.6747137930601176,0.003486334182197237,0.0037723128121267546,-0.0065662188424764345,0.00023080938394918574,-0.0002859786299295175,0.010052553024673672
6,3,0.9021547736755684,0.9025702380584706,0.9022435384486879,0.8990345664463552,0.7334520475765177,0.7247022943322567,-0.0011328272199104816,-0.000890796482025169,-0.00964054972628614,-0.0038880578094072638,-0.0002420307378853126,0.008507722506375659,0.6850523247147208,0.6747137930601176,-0.0013385257555602603,-0.0010525471256307428,-0.011391078780233932,-0.004594050553808311,-0.0002859786299295175,0.010052553024673672
6,4,0.9021547736755684,0.9014005975418632,0.9022435384486879,0.8990345664463552,0.7334520475765177,0.7247022943322567,0.0020563766426864305,0.002298407380571743,-0.0064513458636892285,-0.0006988539468103516,-0.0002420307378853126,0.008507722506375659,0.6850523247147208,0.6747137930601176,0.0024297730942461904,0.002715751724175708,-0.007622779930427481,-0.000825751704001861,-0.0002859786299295175,0.010052553024673672
6,5,0.9021547736755684,0.9022926714622291,0.9022435384486879,0.8990345664463552,0.7334520475765177,0.7247022943322567,-0.00037599941829769,-0.00013396868041237742,-0.008883721924673349,-0.003131230007794472,-0.0002420307378853126,0.008507722506375659,0.6850523247147208,0.6747137930601176,-0.0004442733160199275,-0.00015829468609040998,-0.010496826340693599,-0.003699798114267979,-0.0002859786299295175,0.010052553024673672
6,6,0.9021547736755684,0.8985860304025328,0.9027046347454803,0.9039113609465081,0.7347092971928572,0.7379996208493746,0.009730724670853785,0.011230005025078538,0.014520328681596029,0.011827019459176117,-0.0014992803542247524,-0.004789604010742243,0.6865378654600884,0.6904256454153812,0.011497627672852784,0.013269147048149965,0.017156927003442735,0.013974567241481828,-0.0017715193752971814,-0.005659299330589951
6,7,0.9021547736755684,0.8888242172553108,0.9031623963350547,0.6706662165862414,0.7359574542196448,0.10202104045328264,0.03634780210022526,0.03909523948123761,-0.5948411742851245,-0.17313271090122054,-0.002747437381012352,0.6311889763853498,0.6880126625853471,-0.06103379595654701,0.04294782859561308,0.046194145096168926,-0.7028523134457252,-0.20457011325131438,-0.003246316500555846,0.7458001420413383
6,8,0.9021547736755684,0.8861232680560414,0.9031623963350547,0.6706662165862414,0.7359574542196448,0.10202104045328264,0.0437123534274767,0.046459790808489054,-0.5874766229578731,-0.1657681595739691,-0.002747437381012352,0.6311889763853498,0.6880126625853471,-0.06103379595654701,0.05164963365150732,0.054895950152063167,-0.694150508389831,-0.19586830819542014,-0.003246316500555846,0.7458001420413383
6,9,0.9021547736755684,0.9012348987547335,0.9027046347454803,0.9039113609465081,0.7347092971928572,0.7379996208493746,0.0025081797432444652,0.004007460097469218,0.0072977837539867085,0.004604474531566797,-0.0014992803542247524,-0.004789604010742243,0.6865378654600884,0.6904256454153812,0.002963614509697843,0.004735133884995024,0.008622913840287794,0.005440554078326887,-0.0017715193752971814,-0.005659299330589951
6,10,0.9021547736755684,0.906973903907408,0.9027046347454803,0.9039113609465081,0.7347092971928572,0.7379996208493746,-0.013140096065002105,-0.011640815710777352,-0.008350492054259862,-0.011043801276679774,-0.0014992803542247524,-0.004789604010742243,0.6865378654600884,0.6904256454153812,-0.015526072029706128,-0.013754552654408947,-0.009866772699116177,-0.013049132461077084,-0.0017715193752971814,-0.005659299330589951
6,11,0.9021547736755684,0.9007772880132523,0.9029917400528881,0.6713131180477057,0.7354921337502061,0.10378491628549602,0.0037559254596213343,0.006038042371194985,-0.625669175093515,-0.2052917357542329,-0.0022821169115736506,0.6294251005531364,0.6874628493199294,-0.05894963591030922,0.004437925638885121,0.007134428874023269,-0.7392780563562154,-0.24256856728110232,-0.002696503235138148,0.7437159819951005
6,12,0.9021547736755684,0.9026215114453555,0.9029917400528881,0.6713131180477057,0.7354921337502061,0.10378491628549602,-0.0012726319557929688,0.0010094849557806818,-0.6306977325089294,-0.2103202931696472,-0.0022821169115736506,0.6294251005531364,0.6874628493199294,-0.05894963591030922,-0.0015037162068833876,0.0011927870282547604,-0.7452196982019839,-0.24851020912687083,-0.002696503235138148,0.7437159819951005
6,13,0.9021547736755684,0.8997587630541929,0.9029917400528881,0.6713131180477057,0.7354921337502061,0.10378491628549602,0.006533089628835809,0.00881520654040946,-0.6228920109243006,-0.20251457158501843,-0.0022821169115736506,0.6294251005531364,0.6874628493199294,-0.05894963591030922,0.0077193667117847475,0.010415869946922895,-0.7359966152833157,-0.2392871262082027,-0.002696503235138148,0.7437159819951005
7,0,0.8890223614013071,0.8845733938491644,0.8885921643559831,0.8849702253108512,0.6962294869965455,0.6863537159123415,0.012130790871554442,0.010957792792961385,0.0010820217087573747,0.008056868457757735,0.0011729980785930572,0.011048769162797067,0.6410708991729392,0.6294018875885694,0.014333497404992346,0.012947506574419232,0.0012784949900493947,0.009519832989820324,0.001385990830573114,0.013055002414942951
7,1,0.8890223614013071,0.887979203698854,0.8885921643559831,0.8849702253108512,0.6962294869965455,0.6863537159123415,0.002844329113709909,0.001671331035116852,-0.008204440049087158,-0.0012295933000867991,0.0011729980785930572,0.011048769162797067,0.6410708991729392,0.6294018875885694,0.003360801814323966,0.001974810983750852,-0.009694200600618985,-0.0014528626008480556,0.001385990830573114,0.013055002414942951
7,2,0.8890223614013071,0.887463119457336,0.8885921643559831,0.8849702253108512,0.6962294869965455,0.6863537159123415,0.004251511776335537,0.00307851369774248,-0.0067972573864615304,0.00017758936253882882,0.0011729980785930572,0.011048769162797067,0.6410708991729392,0.6294018875885694,0.005023500417956739,0.003637509587383625,-0.008031501996986212,0.00020983600278471717,0.001385990830573114,0.013055002414942951
7,3,0.8890223614013071,0.889024796680472,0.8885921643559831,0.8849702253108512,0.6962294869965455,0.6863537159123415,-6.640161322124527e-06,-0.0011796382399151817,-0.011055409324119192,-0.004080562575118833,0.0011729980785930572,0.011048769162797067,0.6410708991729392,0.6294018875885694,-7.845880461321286e-06,-0.0013938367110344352,-0.013062848295404272,-0.004821510295633343,0.001385990830573114,0.013055002414942951
7,4,0.8890223614013071,0.8851602553379488,0.8885921643559831,0.8849702253108512,0.6962294869965455,0.6863537159123415,0.010530623212974044,0.009357625134380987,-0.0005181459498230234,0.0064567007991773355,0.0011729980785930572,0.011048769162797067,0.6410708991729392,0.6294018875885694,0.012442771629181726,0.011056780798608612,-0.0006122307857612252,0.0076291072140097045,0.001385990830573114,0.013055002414942951
7,5,0.8890223614013071,0.8869200306133517,0.8885921643559831,0.8849702253108512,0.6962294869965455,0.6863537159123415,0.005732326620191963,0.004559328541598906,-0.005316442542605104,0.0016584042063952549,0.0011729980785930572,0.011048769162797067,0.6410708991729392,0.6294018875885694,0.006773201319277278,0.005387210488704164,-0.006281801095665673,0.001959536904105256,0.001385990830573114,0.013055002414942951
7,6,0.8890223614013071,0.8892773069441748,0.8885921643559831,0.8849702253108512,0.6962294869965455,0.6863537159123415,-0.0006951480378125652,-0.0018681461164056223,-0.011743917200609633,-0.004769070451609274,0.0011729980785930572,0.011048769162797067,0.6410708991729392,0.6294018875885694,-0.0008213728768036166,-0.0022073637073767305,-0.013876375291746568,-0.005635037291975638,0.001385990830573114,0.013055002414942951
7,7,0.8890223614013071,0.8863772809394128,0.8897511503783594,0.890115862189397,0.6993896397501278,0.7003840823160108,0.0072122166650150366,0.009199371340004259,0.01019381390588725,0.008868467303635516,-0.001987154674989222,-0.0029815972408722136,0.6448048718192789,0.6459798850635449,0.008521809496744526,0.01086979131251109,0.012044804556777033,0.01047880178867755,-0.0023479818157665644,-0.0035229950600325077
7,8,0.8890223614013071,0.8864311069274317,0.8897511503783594,0.890115862189397,0.6993896397501278,0.7003840823160108,0.007065451871507644,0.009052606546496866,0.010047049112379858,0.008721702510128123,-0.001987154674989222,-0.0029815972408722136,0.6448048718192789,0.6459798850635449,0.008348395181951962,0.010696376997718526,0.01187139024198447,0.010305387473884986,-0.0023479818157665644,-0.0035229950600325077
7,9,0.8890223614013071,0.8883497886193279,0.8897511503783594,0.890115862189397,0.6993896397501278,0.7003840823160108,0.001833872616166854,0.003821027291156076,0.0048154698570390675,0.0034901232547873326,-0.001987154674989222,-0.0029815972408722136,0.6448048718192789,0.6459798850635449,0.0021668668319516637,0.004514848647718228,0.0056898618919841715,0.004123859123884688,-0.0023479818157665644,-0.0035229950600325077
7,10,0.8890223614013071,0.8795922627808775,0.8897511503783594,0.890115862189397,0.6993896397501278,0.7003840823160108,0.025712607008669508,0.02769976168365873,0.02869420424954172,0.027368857647289985,-0.001987154674989222,-0.0029815972408722136,0.6448048718192789,0.6459798850635449,0.030381496947455178,0.03272947876322174,0.033904492007487685,0.0323384892393882,-0.0023479818157665644,-0.0035229950600325077
7,11,0.8890223614013071,0.8775766104526901,0.8888760804819181,0.8890767194989706,0.697003627762558,0.6975507007470227,0.031208591543604558,0.030809734231023955,0.031356807215488725,0.03112504433003908,0.00039885731258060275,-0.0001482156718841665,0.6419856082614255,0.6426320186468815,0.03687544123381603,0.03640415949172915,0.037050569877185136,0.03677672353424344,0.000471281742086882,-0.0001751286433691046
7,12,0.8890223614013071,0.882213674389976,0.8897511503783594,0.890115862189397,0.6993896397501278,0.7003840823160108,0.01856492709292723,0.020552081767916452,0.021546524333799444,0.020221177731547708,-0.001987154674989222,-0.0029815972408722136,0.6448048718192789,0.6459798850635449,0.021935942769759742,0.024283924585526306,0.02545893782979225,0.023892935061692766,-0.0023479818157665644,-0.0035229950600325077
7,13,0.8890223614013071,0.8903175095798986,0.8897511503783594,0.890115862189397,0.6993896397501278,0.7003840823160108,-0.00353141970986115,-0.0015442650348719278,-0.0005498224689889364,-0.0018751690712406714,-0.001987154674989222,-0.0029815972408722136,0.6448048718192789,0.6459798850635449,-0.004172654180851887,-0.0018246723650853225,-0.0006496591208193792,-0.002215661888918863,-0.0023479818157665644,-0.0035229950600325077
7,14,0.8890223614013071,0.8886946749094524,0.8886837822314887,0.8892135209473855,0.6964792971547067,0.697923710831317,0.0008934873670201071,-2.9700553411782238e-05,0.0014147131231985188,0.0007594999789356146,0.0009231879204318894,-0.0005212257561784117,0.6413660698086923,0.6430727598262389,0.0010557266209747507,-3.509357384534617e-05,0.0016715964437012953,0.0008974098302768999,0.0010908201948200968,-0.0006158698227265447
7,15,0.8890223614013071,0.8890509976890199,0.8886837822314887,0.8892135209473855,0.6964792971547067,0.697923710831317,-7.808122075747548e-05,-0.0010012691411893648,0.00044314453542093624,-0.00021206860884196802,0.0009231879204318894,-0.0005212257561784117,0.6413660698086923,0.6430727598262389,-9.225919290467566e-05,-0.0011830793877247725,0.000523610629821869,-0.00025057598360252636,0.0010908201948200968,-0.0006158698227265447
7,16,0.8890223614013071,0.8886712977556731,0.8886837822314887,0.8892135209473855,0.6964792971547067,0.697923710831317,0.0009572287542848334,3.40408338529441e-05,0.0014784545104632452,0.0008232413662003409,0.0009231879204318894,-0.0005212257561784117,0.6413660698086923,0.6430727598262389,0.0011310421563444084,4.022196152431157e-05,0.001746911979070953,0.0009727253656465577,0.0010908201948200968,-0.0006158698227265447
8,0,0.8956630124600491,0.8962638737614242,0.896153022795493,0.8974858007611407,0.7168453245957547,0.7204793476786386,-0.001638340290048057,-0.00030225212251178135,0.0033317709603721823,0.00046372618260411463,-0.0013360881675362757,-0.004970111250420239,0.6654301563606068,0.669724044614038,-0.0019358297859182194,-0.00035713500129952447,0.0039367532521317194,0.0005479294883046585,-0.001578694784618695,-0.005872583038049939
8,2,0.8956630124600491,0.8915564103524373,0.896153022795493,0.8974858007611407,0.7168453245957547,0.7204793476786386,0.011197279093692836,0.012533367261229111,0.016167390344113075,0.013299345566345008,-0.0013360881675362757,-0.004970111250420239,0.6654301563606068,0.669724044614038,0.013230478748814889,0.014809173533433584,0.019103061786864828,0.015714238023037768,-0.001578694784618695,-0.005872583038049939
8,3,0.8956630124600491,0.8971555331792687,0.896153022795493,0.8974858007611407,0.7168453245957547,0.7204793476786386,-0.00406958614647468,-0.002733497978938404,0.0009005251039455597,-0.001967519673822508,-0.0013360881675362757,-0.004970111250420239,0.6654301563606068,0.669724044614038,-0.004808540769313585,-0.00322984598469489,0.0010640422687363538,-0.0023247814950907073,-0.001578694784618695,-0.005872583038049939
8,4,0.8956630124600491,0.8958671598601725,0.896153022795493,0.8974858007611407,0.7168453245957547,0.7204793476786386,-0.0005566391278075677,0.0007794490397287079,0.004413472122612672,0.0015454273448446039,-0.0013360881675362757,-0.004970111250420239,0.6654301563606068,0.669724044614038,-0.0006577135471568241,0.0009209812374618709,0.005214869490893115,0.001826045727066054,-0.001578694784618695,-0.005872583038049939
8,5,0.8956630124600491,0.8952596709035268,0.896153022795493,0.8974858007611407,0.7168453245957547,0.7204793476786386,0.001099772478588501,0.0024358606461247767,0.00606988372900874,0.003201838951240673,-0.0013360881675362757,-0.004970111250420239,0.6654301563606068,0.669724044614038,0.00129946894104771,0.002878163725666405,0.007172051979097649,0.003783228215270588,-0.001578694784618695,-0.005872583038049939
8,6,0.8956630124600491,0.8939974167966666,0.896153022795493,0.8974858007611407,0.7168453245957547,0.7204793476786386,0.004541501467982378,0.005877589635518654,0.009511612718402618,0.00664356794063455,-0.0013360881675362757,-0.004970111250420239,0.6654301563606068,0.669724044614038,0.005366146378694481,0.006944841163313176,0.01123872941674442,0.007849905652917358,-0.001578694784618695,-0.005872583038049939
8,7,0.8956630124600491,0.8977909489633916,0.896153022795493,0.8974858007611407,0.7168453245957547,0.7204793476786386,-0.0058021445217246725,-0.004466056354188397,-0.0008320332713044332,-0.0037000780490725007,-0.0013360881675362757,-0.004970111250420239,0.6654301563606068,0.669724044614038,-0.006855696741137063,-0.005277001956518368,-0.000983113703087124,-0.004371937466914185,-0.001578694784618695,-0.005872583038049939
8,8,0.8956630124600491,0.8960930878997716,0.896153022795493,0.8974858007611407,0.7168453245957547,0.7204793476786386,-0.0011726665023108485,0.00016342166522542723,0.003797444748109391,0.0009293999703413233,-0.0013360881675362757,-0.004970111250420239,0.6654301563606068,0.669724044614038,-0.0013855990467372958,0.0001930957378813991,0.004486983991312643,0.0010981602274855822,-0.001578694784618695,-0.005872583038049939
8,9,0.8956630124600491,0.8973845021804089,0.896153022795493,0.8974858007611407,0.7168453245957547,0.7204793476786386,-0.00469390516798851,-0.0033578170004522345,0.00027620608243172917,-0.0025918386953363384,-0.0013360881675362757,-0.004970111250420239,0.6654301563606068,0.669724044614038,-0.0055462235114784875,-0.0039675287268597925,0.0003263595265714514,-0.0030624642372556097,-0.001578694784618695,-0.005872583038049939
8,10,0.8956630124600491,0.8938714056441326,0.896153022795493,0.8974858007611407,0.7168453245957547,0.7204793476786386,0.004885090159281513,0.006221178326817789,0.009855201409701753,0.006987156631933685,-0.0013360881675362757,-0.004970111250420239,0.6654301563606068,0.669724044614038,0.005772123834514753,0.007350818619133448,0.011644706872564692,0.00825588310873763,-0.001578694784618695,-0.005872583038049939
8,11,0.8956630124600491,0.8926325918053768,0.8959553332106505,0.8884015677749096,0.7163062936895719,0.6957097962506057,0.008262905670544773,0.009059962931898258,-0.01153653450706793,0.0019287780317917003,-0.0007970572613534843,0.019799440177612704,0.6647932483323676,0.6404568430872973,0.009763282397701634,0.010705069154081204,-0.013631336090989099,0.0022790051535979128,-0.0009417867563795701,0.023394618488690733
8,12,0.8956630124600491,0.8925356817098162,0.8959553332106505,0.8884015677749096,0.7163062936895719,0.6957097962506057,0.008527145876572217,0.009324203137925702,-0.011272294301040486,0.0021930182378191443,-0.0007970572613534843,0.019799440177612704,0.6647932483323676,0.6404568430872973,0.010075503286470777,0.011017290042850347,-0.013319115202219955,0.0025912260423670563,-0.0009417867563795701,0.023394618488690733
8,13,0.8956630124600491,0.8948878535789632,0.8959553332106505,0.8884015677749096,0.7163062936895719,0.6957097962506057,0.0021135893144810236,0.002910646575834508,-0.01768585086313168,-0.0042205383242720496,-0.0007970572613534843,0.019799440177612704,0.6647932483323676,0.6404568430872973,0.0024973744313219193,0.0034391611877014894,-0.020897244057368813,-0.004986902812781802,-0.0009417867563795701,0.023394618488690733
8,14,0.8956630124600491,0.8944635694588337,0.8959553332106505,0.8884015677749096,0.7163062936895719,0.6957097962506057,0.0032704648976562556,0.00406752215900974,-0.016528975279956448,-0.0030636627410968176,-0.0007970572613534843,0.019799440177612704,0.6647932483323676,0.6404568430872973,0.003864315247045891,0.004806102003425461,-0.019530303241644842,-0.00361996199705783,-0.0009417867563795701,0.023394618488690733
8,15,0.8956630124600491,0.8906583313364441,0.8959553332106505,0.8884015677749096,0.7163062936895719,0.6957097962506057,0.013646028966884716,0.0144430862282382,-0.006153411210727988,0.0073119013281316425,-0.0007970572613534843,0.019799440177612704,0.6647932483323676,0.6404568430872973,0.01612387212477151,0.01706565888115108,-0.007270746363919223,0.00863959488066779,-0.0009417867563795701,0.023394618488690733
8,16,0.8956630124600491,0.8980073208488978,0.8943759990064157,0.6807155071744573,0.7119999972908404,0.12942196911917458,-0.006392115579682889,-0.009901354717060884,-0.5924793828887267,-0.20292428439515683,0.003509239137377995,0.5860872673090438,0.659705015511449,-0.028657412249537106,-0.007552794623526093,-0.01169924068806516,-0.7000616684490513,-0.23977123458688085,0.004146446064539067,0.6925088738255252
8,17,0.8956630124600491,0.8951661039873002,0.8959553332106505,0.8884015677749096,0.7163062936895719,0.6957097962506057,0.0013548969945436085,0.0021519542558970928,-0.018444543183069095,-0.004979230644209465,-0.0007970572613534843,0.019799440177612704,0.6647932483323676,0.6404568430872973,0.0016009189145993474,0.0025427056709789175,-0.021793699574091385,-0.005883358329504373,-0.0009417867563795701,0.023394618488690733
8,18,0.8956630124600491,0.8792954759729772,0.8938086749956209,0.6940997810132296,0.7104531015558853,0.16591623998153937,0.044628593011784345,0.039572458139451205,-0.5049644034348947,-0.1402544507612197,0.00505613487233314,0.549592996446679,0.6578772347642954,0.014463480876185209,0.05273224383274622,0.04675801702105353,-0.5966557368670566,-0.1657218253377523,0.0059742268116926844,0.6493879806998029
8,19,0.8956630124600491,0.896456733049385,0.8938086749956209,0.6940997810132296,0.7104531015558853,0.16591623998153937,-0.0021642006525860458,-0.007220335524919186,-0.5517571970992651,-0.1870472444255901,0.00505613487233314,0.549592996446679,0.6578772347642954,0.014463480876185209,-0.0025571757658822136,-0.008531402577574898,-0.6519451564656851,-0.22101124493638072,0.0059742268116926844,0.6493879806998029
8,20,0.8956630124600491,0.8954926693080637,0.8938086749956209,0.6940997810132296,0.7104531015558853,0.16591623998153937,0.0004644666720801105,-0.00459166820025303,-0.5491285297745989,-0.18441857710092394,0.00505613487233314,0.549592996446679,0.6578772347642954,0.014463480876185209,0.0005488044357088162,-0.005425422375983868,-0.648839176264094,-0.2179052647347897,0.0059742268116926844,0.6493879806998029
8,21,0.8956630124600491,0.8931851051735324,0.8938086749956209,0.6940997810132296,0.7104531015558853,0.16591623998153937,0.0067563934192683694,0.0017002585469352294,-0.5428366030274107,-0.17812665035373568,0.00505613487233314,0.549592996446679,0.6578772347642954,0.014463480876185209,0.007983217958960509,0.0020089911472678246,-0.6414047627408423,-0.210470851211538,0.0059742268116926844,0.6493879806998029
8,22,0.8956630124600491,0.8900266281181282,0.8938086749956209,0.6940997810132296,0.7104531015558853,0.16591623998153937,0.015368464463315412,0.010312329590982272,-0.5342245319833636,-0.16951457930968863,0.00505613487233314,0.549592996446679,0.6578772347642954,0.014463480876185209,0.018159067107503257,0.012184840295810573,-0.6312289135922996,-0.20029500206299525,0.0059742268116926844,0.6493879806998029
9,0,0.879622334146882,0.8824301072542873,0.8791359173726642,0.8799538227081043,0.6704455824748853,0.6726757265387984,-0.007655823060409794,-0.00898211283332817,-0.006751968769415084,-0.007796634887717683,0.0013262897729183765,-0.00090385429099471,0.6106051585246194,0.613240251693014,-0.009045965850980275,-0.010613083050483696,-0.007977989882089087,-0.009212346261184353,0.0015671171995034205,-0.0010679759688911883
9,1,0.879622334146882,0.8776091250332365,0.8791359173726642,0.8799538227081043,0.6704455824748853,0.6726757265387984,0.005489322736592972,0.0041630329636745955,0.006393177027587682,0.005348510909285083,0.0013262897729183765,-0.00090385429099471,0.6106051585246194,0.613240251693014,0.006486072840033774,0.004918955640530354,0.0075540488089249624,0.006319692429829697,0.0015671171995034205,-0.0010679759688911883
9,2,0.879622334146882,0.8777306761791598,0.8791359173726642,0.8799538227081043,0.6704455824748853,0.6726757265387984,0.00515789493584784,0.0038316051629294634,0.00606174922684255,0.005017083108539951,0.0013262897729183765,-0.00090385429099471,0.6106051585246194,0.613240251693014,0.006094464446795178,0.0045273472472917575,0.007162440415686366,0.005928084036591101,0.0015671171995034205,-0.0010679759688911883
9,3,0.879622334146882,0.8797258303988659,0.8791359173726642,0.8799538227081043,0.6704455824748853,0.6726757265387984,-0.0002821983694175634,-0.0016084881423359398,0.0006216559215771467,-0.0004230101967254522,0.0013262897729183765,-0.00090385429099471,0.6106051585246194,0.613240251693014,-0.000333439891806675,-0.0019005570913100955,0.0007345360770845133,-0.0004998203020107524,0.0015671171995034205,-0.0010679759688911883
9,4,0.879622334146882,0.8773189897985454,0.8791359173726642,0.8799538227081043,0.6704455824748853,0.6726757265387984,0.0062804208543602025,0.004954131081441826,0.0071842751453549125,0.006139609027052313,0.0013262897729183765,-0.00090385429099471,0.6106051585246194,0.613240251693014,0.007420818392749551,0.00585370119324613,0.008488794361640739,0.007254437982545474,0.0015671171995034205,-0.0010679759688911883
9,5,0.879622334146882,0.8747977169024784,0.8791359173726642,0.8799538227081043,0.6704455824748853,0.6726757265387984,0.013155057244454094,0.011828767471535717,0.014058911535448804,0.013014245417146205,0.0013262897729183765,-0.00090385429099471,0.6106051585246194,0.613240251693014,0.015543749857072964,0.013976632657569543,0.016611725825964152,0.015377369446868886,0.0015671171995034205,-0.0010679759688911883
9,6,0.879622334146882,0.8746749569799018,0.8791359173726642,0.8799538227081043,0.6704455824748853,0.6726757265387984,0.013489780959727748,0.012163491186809372,0.014393635250722459,0.01334896913241986,0.0013262897729183765,-0.00090385429099471,0.6106051585246194,0.613240251693014,0.015939252636328116,0.014372135436824696,0.017007228605219304,0.01577287222612404,0.0015671171995034205,-0.0010679759688911883
9,7,0.879622334146882,0.8789841427382267,0.8791359173726642,0.8799538227081043,0.6704455824748853,0.6726757265387984,0.001740126540300757,0.0004138367673823806,0.002643980831295467,0.0015993147129928682,0.0013262897729183765,-0.00090385429099471,0.6106051585246194,0.613240251693014,0.002056098362741121,0.0004889811632377006,0.0031240743316323094,0.0018897179525370438,0.0015671171995034205,-0.0010679759688911883
9,11,0.879622334146882,0.8795727139083758,0.8790924970174876,0.8801685335756213,0.6703271902317317,0.6732611685770179,0.00013529717384108686,-0.0013093848422308652,0.0016245935030553271,0.00015016861155518294,0.001444682016071952,-0.0014892963292142403,0.6104652686420897,0.6139319981771835,0.00015986440708493088,-0.0015471426749481543,0.0019195868601455945,0.00017743619742745706,0.0017070070820330852,-0.0017597224530606637
9,12,0.879622334146882,0.87939793498299,0.8790924970174876,0.8801685335756213,0.6703271902317317,0.6732611685770179,0.0006118586609187293,-0.0008328233551532227,0.0021011549901329696,0.0006267300986328254,0.001444682016071952,-0.0014892963292142403,0.6104652686420897,0.6139319981771835,0.0007229598318330144,-0.0009840472502000708,0.002482682284893678,0.0007405316221755406,0.0017070070820330852,-0.0017597224530606637
9,13,0.879622334146882,0.8771404474554944,0.8790924970174876,0.8801685335756213,0.6703271902317317,0.6732611685770179,0.0067672438756308795,0.0053225618595589275,0.00825654020484512,0.006782115313344976,0.001444682016071952,-0.0014892963292142403,0.6104652686420897,0.6139319981771835,0.007996038638977354,0.006289031556944269,0.009755761092038018,0.00801361042931988,0.0017070070820330852,-0.0017597224530606637
9,14,0.879622334146882,0.8777057475288259,0.8790924970174876,0.8801685335756213,0.6703271902317317,0.6732611685770179,0.005225866715899308,0.0037811846998273557,0.006715163045113548,0.005240738153613404,0.001444682016071952,-0.0014892963292142403,0.6104652686420897,0.6139319981771835,0.006174778528811542,0.004467771446778457,0.007934500981872206,0.006192350319154068,0.0017070070820330852,-0.0017597224530606637
9,15,0.879622334146882,0.8620553189740982,0.8804376876028209,0.6908883628072454,0.673995058221734,0.15715981678867197,0.047899155208681155,0.050122341182611496,-0.46671290025045054,-0.1228971346197193,-0.0022231859739303417,0.5146120554591317,0.6147991473539742,0.004117068145067404,0.05659667404660906,0.05922354567646049,-0.5514585335324463,-0.14521277126979226,-0.002626871629851424,0.6080552075790554
9,16,0.879622334146882,0.8789999473692134,0.8804376876028209,0.6908883628072454,0.673995058221734,0.15715981678867197,0.0016970327952789965,0.003920218769209338,-0.5129150226638527,-0.16909925703312145,-0.0022231859739303417,0.5146120554591317,0.6147991473539742,0.004117068145067404,0.002005179664283596,0.00463205129413502,-0.6060500279147718,-0.19980426565211773,-0.002626871629851424,0.6080552075790554
9,17,0.879622334146882,0.8791817931722522,0.8804376876028209,0.6908883628072454,0.673995058221734,0.15715981678867197,0.001201202384812028,0.0034243883587423696,-0.5134108530743197,-0.16959508744358842,-0.0022231859739303417,0.5146120554591317,0.6147991473539742,0.004117068145067404,0.0014193164689653148,0.004046188098816739,-0.6066358911100901,-0.200390128847436,-0.002626871629851424,0.6080552075790554
9,19,0.879622334146882,0.8780273050944574,0.8804376876028209,0.6908883628072454,0.673995058221734,0.15715981678867197,0.00434909080415713,0.006572276778087471,-0.5102629646549746,-0.16644719902424332,-0.0022231859739303417,0.5146120554591317,0.6147991473539742,0.004117068145067404,0.005138797825757324,0.007765669455608748,-0.6029164097532981,-0.196670647490644,-0.002626871629851424,0.6080552075790554
9,20,0.879622334146882,0.8768265248645877,0.8804376876028209,0.6908883628072454,0.673995058221734,0.15715981678867197,0.007623201860379902,0.009846387834310244,-0.5069888535987518,-0.16317308796802055,-0.0022231859739303417,0.5146120554591317,0.6147991473539742,0.004117068145067404,0.009007421300098906,0.01163429292995033,-0.5990477862789565,-0.19280202401630242,-0.002626871629851424,0.6080552075790554
9,21,0.879622334146882,0.8698620657023951,0.8804376876028209,0.6908883628072454,0.673995058221734,0.15715981678867197,0.026612865560973087,0.02883605153490343,-0.4879991898981586,-0.14418342426742736,-0.0022231859739303417,0.5146120554591317,0.6147991473539742,0.004117068145067404,0.031445224264156524,0.03407209589400795,-0.5766099833148989,-0.1703642210522448,-0.002626871629851424,0.6080552075790554
10,0,0.8764593962388716,0.8693728002166293,0.8764857305930811,0.8746134349512095,0.6632194426532545,0.6581143420619209,0.019322688540537758,0.01939449318732578,0.014289392595992156,0.017668858107951897,-7.180464678802068e-05,0.005033295944545602,0.6020668977073194,0.5960348139913523,0.02283129838654796,0.02291614130646147,0.016884057590494383,0.020877165761167937,-8.484291991350812e-05,0.005947240796053577
10,1,0.8764593962388716,0.8723263903703808,0.8764857305930811,0.8746134349512095,0.6632194426532545,0.6581143420619209,0.011269272988386425,0.011341077635174446,0.0062359770438408235,0.009615442555800565,-7.180464678802068e-05,0.005033295944545602,0.6020668977073194,0.5960348139913523,0.013315545280230157,0.013400388200143665,0.00736830448417658,0.011361412654850134,-8.484291991350812e-05,0.005947240796053577
10,2,0.8764593962388716,0.8761747175307959,0.8764857305930811,0.8746134349512095,0.6632194426532545,0.6581143420619209,0.0007762200629193305,0.0008480247097073512,-0.004257075881626271,-0.0008776103696665297,-7.180464678802068e-05,0.005033295944545602,0.6020668977073194,0.5960348139913523,0.0009171659437018365,0.0010020088636153446,-0.00503007485235174,-0.0010369666816781864,-8.484291991350812e-05,0.005947240796053577
10,3,0.8764593962388716,0.8759682198927655,0.8764857305930811,0.8746134349512095,0.6632194426532545,0.6581143420619209,0.0013392674740451138,0.0014110721208331345,-0.0036940284705004878,-0.0003145629585407465,-7.180464678802068e-05,0.005033295944545602,0.6020668977073194,0.5960348139913523,0.0015824513889551861,0.0016672943088686942,-0.004364789407098391,-0.00037168123642483675,-8.484291991350812e-05,0.005947240796053577
10,5,0.8764593962388716,0.8765449907962063,0.8764857305930811,0.8746134349512095,0.6632194426532545,0.6581143420619209,-0.00023338665939931502,-0.00016158201261129435,-0.005266682603944917,-0.0018872170919851754,-7.180464678802068e-05,0.005033295944545602,0.6020668977073194,0.5960348139913523,-0.00027576496143411067,-0.00019092204152060255,-0.006223005757487687,-0.0022298975868141335,-8.484291991350812e-05,0.005947240796053577
10,6,0.8764593962388716,0.809597657015097,0.8706875183467694,0.627494237056833,0.647409729643543,-0.015693968488526,0.182308764073005,0.16657085571008157,-0.4965328424219875,-0.04921774087963363,0.015737908362923436,0.6788416064949925,0.5833864602323195,-0.20012347222427707,0.215412352287374,0.19681675773228768,-0.5866931747243089,-0.05815468823488242,0.018595594555086303,0.8021055270116829
10,7,0.8764593962388716,0.8729530404904557,0.8763795680042289,0.8751970291313728,0.662929974108327,0.6597056009035386,0.00956061553760279,0.009342951639463304,0.006118578434674893,0.008340715203913662,0.00021766389813948628,0.0034420371029278973,0.6017248675230157,0.5979150132890321,0.011296630157865306,0.011039442893475138,0.007229588659491526,0.009855220570277323,0.0002571872643901685,0.00406704149837378
10,8,0.8764593962388716,0.8723047351240151,0.8763795680042289,0.8751970291313728,0.662929974108327,0.6597056009035386,0.01132831933157874,0.011110655433439254,0.007886282228650843,0.010108418997889612,0.00021766389813948628,0.0034420371029278973,0.6017248675230157,0.5979150132890321,0.013385313246382036,0.013128125981991867,0.009318271748008256,0.011943903658794053,0.0002571872643901685,0.00406704149837378
10,9,0.8764593962388716,0.8765879939970156,0.8763795680042289,0.8751970291313728,0.662929974108327,0.6597056009035386,-0.0003506414673319913,-0.0005683053654714776,-0.0037926785702598886,-0.0015705418010211192,0.00021766389813948628,0.0034420371029278973,0.6017248675230157,0.5979150132890321,-0.0004143108734873113,-0.0006714981378774798,-0.0044813523718610915,-0.0018557204610752942,0.0002571872643901685,0.00406704149837378
10,10,0.8764593962388716,0.8326015471792753,0.8703874698858763,0.6340952497062561,0.6465916015974815,0.002304702675544945,0.1195851371768134,0.10302910076782845,-0.5412577981541081,-0.10621452006982209,0.016556036408984953,0.6608429353309215,0.5824197766624402,-0.1788566060194967,0.14129938200639724,0.12173710388143155,-0.6395392788005053,-0.12550093097089218,0.019562278124965693,0.7808386608069026
10,11,0.8764593962388716,0.8764781991608325,0.8703874698858763,0.6340952497062561,0.6465916015974815,0.002304702675544945,-5.126904420149625e-05,-0.01660730545318645,-0.660894204375123,-0.225850926290837,0.016556036408984953,0.6608429353309215,0.5824197766624402,-0.1788566060194967,-6.05784667956355e-05,-0.01962285659176133,-0.7808992392736982,-0.26686089144408504,0.019562278124965693,0.7808386608069026
10,12,0.8764593962388716,0.8755862897324864,0.8703874698858763,0.6340952497062561,0.6465916015974815,0.002304702675544945,0.0023806585041177275,-0.014175377904867226,-0.6584622768268038,-0.22341899874251778,0.016556036408984953,0.6608429353309215,0.5824197766624402,-0.1788566060194967,0.00281293798996729,-0.016749340134998403,-0.7780257228169353,-0.2639873749873221,0.019562278124965693,0.7808386608069026
10,13,0.8764593962388716,0.8761099177057603,0.8703874698858763,0.6340952497062561,0.6465916015974815,0.002304702675544945,0.000952906702416545,-0.015603129706568408,-0.659890028628505,-0.22484675054421896,0.016556036408984953,0.6608429353309215,0.5824197766624402,-0.1788566060194967,0.0011259353071789713,-0.01843634281778672,-0.7797127254997236,-0.26567437767011043,0.019562278124965693,0.7808386608069026
10,14,0.8764593962388716,0.8585062067988853,0.8703874698858763,0.6340952497062561,0.6465916015974815,0.002304702675544945,0.04895211844577019,0.032396082036785234,-0.6118908168851513,-0.17684753880086532,0.016556036408984953,0.6608429353309215,0.5824197766624402,-0.1788566060194967,0.057840834133628616,0.03827855600866292,-0.722997826673274,-0.2089594788436608,0.019562278124965693,0.7808386608069026
11,0,0.8994703080139227,0.8959397211169909,0.8982444128965767,0.8926395607324166,0.7225478197589005,0.7072653326037261,0.009626685472206464,0.006284094831863096,-0.008998392323311233,0.0023041293269194427,0.003342590640343368,0.018625077795517697,0.6721681094329489,0.6541106313756714,0.011374697057725092,0.0074251594903386176,-0.010632318566938914,0.0027225126603749317,0.003949537567386474,0.022007015624664006
11,1,0.8994703080139227,0.8928714783979411,0.8982444128965767,0.8926395607324166,0.7225478197589005,0.7072653326037261,0.017992718789315743,0.014650128148972374,-0.0006323590062019546,0.010670162644028721,0.003342590640343368,0.018625077795517697,0.6721681094329489,0.6541106313756714,0.02125983299903056,0.017310295431644085,-0.0007471826256334468,0.012607648601680399,0.003949537567386474,0.022007015624664006
11,2,0.8994703080139227,0.8971283178585281,0.8982444128965767,0.8926395607324166,0.7225478197589005,0.7072653326037261,0.006385794561403091,0.003043203921059723,-0.012239283234114606,-0.0009367615838839308,0.003342590640343368,0.018625077795517697,0.6721681094329489,0.6541106313756714,0.007545325836035621,0.003595788268649147,-0.014461689788628385,-0.0011068585613145387,0.003949537567386474,0.022007015624664006
11,3,0.8994703080139227,0.8981922103095221,0.8982444128965767,0.8926395607324166,0.7225478197589005,0.7072653326037261,0.003484928982687263,0.00014233834234389509,-0.015140148812830434,-0.0038376271625997584,0.003342590640343368,0.018625077795517697,0.6721681094329489,0.6541106313756714,0.004117721676915709,0.00016818410952923468,-0.017889293947748297,-0.004534462720434451,0.003949537567386474,0.022007015624664006
11,4,0.8994703080139227,0.8969375963601627,0.8982444128965767,0.8926395607324166,0.7225478197589005,0.7072653326037261,0.00690582591345601,0.0035632352731126415,-0.011719251882061688,-0.00041673023183101215,0.003342590640343368,0.018625077795517697,0.6721681094329489,0.6541106313756714,0.008159784374979218,0.0042102468075927435,-0.013847231249684788,-0.0004924000223709424,0.003949537567386474,0.022007015624664006
11,5,0.8994703080139227,0.8906666251653662,0.8998317032810831,0.8953855918649581,0.7268758099007038,0.7147528067210855,0.02400458854412124,0.02498998804558117,0.012866984865962938,0.020620520485221783,-0.000985399501459927,0.011137603678158303,0.6772819751423838,0.6629576795168421,0.028363336838315933,0.0295276649803643,0.015203369354822693,0.02436479039116764,-0.0011643281420483653,0.01315996748349324
11,6,0.8994703080139227,0.8980867026049328,0.8998317032810831,0.8953855918649581,0.7268758099007038,0.7147528067210855,0.003772611885452859,0.004758011386912786,-0.007364991792705444,0.00038854382655340025,-0.000985399501459927,0.011137603678158303,0.6772819751423838,0.6629576795168421,0.004457641982517524,0.005621970124565889,-0.008702325500975716,0.00045909553536923237,-0.0011643281420483653,0.01315996748349324
11,8,0.8994703080139227,0.898189215594606,0.8998317032810831,0.8953855918649581,0.7268758099007038,0.7147528067210855,0.003493094531197505,0.004478494032657432,-0.007644509146960798,0.00010902647229804607,-0.000985399501459927,0.011137603678158303,0.6772819751423838,0.6629576795168421,0.0041273699240598205,0.005291698066108186,-0.00903259755943342,0.00012882347691152893,-0.0011643281420483653,0.01315996748349324
11,9,0.8994703080139227,0.9034854304044437,0.8998317032810831,0.8953855918649581,0.7268758099007038,0.7147528067210855,-0.01094784564559248,-0.009962446144132553,-0.022085449323750783,-0.014331913704491939,-0.000985399501459927,0.011137603678158303,0.6772819751423838,0.6629576795168421,-0.012935753226058777,-0.011771425084010412,-0.026095720709552017,-0.01693429967320707,-0.0011643281420483653,0.01315996748349324
11,10,0.8994703080139227,0.8983425857002237,0.8998317032810831,0.8953855918649581,0.7268758099007038,0.7147528067210855,0.0030749074674817356,0.004060306968941663,-0.008062696210676568,-0.0003091605914177231,-0.000985399501459927,0.011137603678158303,0.6772819751423838,0.6629576795168421,0.0036332485385672797,0.004797576680615645,-0.00952671894492596,-0.0003652979085810119,-0.0011643281420483653,0.01315996748349324
11,11,0.8994703080139227,0.903319013241924,0.9004002816332615,0.7461327720167653,0.7284261257893974,0.3077921527382831,-0.01049408378459793,-0.007958368394444415,-0.4285923414455587,-0.14901493120820034,-0.0025357153901535145,0.41809825766096076,0.6791137970740944,0.1821011929480526,-0.012399597378850102,-0.009403447305091128,-0.5064160514311329,-0.17607303203835803,-0.002996150073758974,0.4940164540522828
11,12,0.8994703080139227,0.8990564107606187,0.9004002816332615,0.7461327720167653,0.7284261257893974,0.3077921527382831,0.001128554201237808,0.0036642695913913226,-0.41696970345972295,-0.1373922932223646,-0.0025357153901535145,0.41809825766096076,0.6791137970740944,0.1821011929480526,0.001333476843028203,0.004329626916787177,-0.4926829772092546,-0.16233995781647972,-0.002996150073758974,0.4940164540522828
11,13,0.8994703080139227,0.8965656082166331,0.9004002816332615,0.7461327720167653,0.7284261257893974,0.3077921527382831,0.007920108513400304,0.010455823903553818,-0.41017814914756046,-0.1306007389102021,-0.0025357153901535145,0.41809825766096076,0.6791137970740944,0.1821011929480526,0.00935824020264664,0.012354390276405613,-0.48465821384963614,-0.1543151944568613,-0.002996150073758974,0.4940164540522828
11,14,0.8994703080139227,0.8924856620774843,0.9004002816332615,0.7461327720167653,0.7284261257893974,0.3077921527382831,0.01904470602982533,0.021580421419978846,-0.39905355163113543,-0.11947614139377709,-0.0025357153901535145,0.41809825766096076,0.6791137970740944,0.1821011929480526,0.022502839868210556,0.02549898994196953,-0.4715136141840722,-0.14117059479129737,-0.002996150073758974,0.4940164540522828
11,15,0.8994703080139227,0.899319232309024,0.9004002816332615,0.7461327720167653,0.7284261257893974,0.3077921527382831,0.0004119310290352507,0.0029476464191887652,-0.4176863266319255,-0.13810891639456715,-0.0025357153901535145,0.41809825766096076,0.6791137970740944,0.1821011929480526,0.00048672938131000265,0.0034828794550689768,-0.4935297246709728,-0.16318670527819792,-0.002996150073758974,0.4940164540522828
11,16,0.8994703080139227,0.8870435162329212,0.9004002816332615,0.7461327720167653,0.7284261257893974,0.3077921527382831,0.033883549505116406,0.03641926489526992,-0.38421470815584435,-0.10463729791848601,-0.0025357153901535145,0.41809825766096076,0.6791137970740944,0.1821011929480526,0.04003611751665437,0.04303226759041334,-0.4539803365356284,-0.12363731714285357,-0.002996150073758974,0.4940164540522828
12,0,0.9334084560150457,0.9309231523083281,0.9311399847921307,0.9291743115663798,0.8122426306533896,0.8068829217897199,0.006776560890845662,0.0005912269497001521,-0.004768481913969613,0.0008664353088587337,0.00618533394114551,0.011545042804815275,0.7781496858042084,0.7718167620977195,0.008007047435915404,0.0006985818186975301,-0.005634341887791328,0.0010237624556072022,0.007308465617217874,0.013641389323706732
12,1,0.9334084560150457,0.9314974686730741,0.9311399847921307,0.9291743115663798,0.8122426306533896,0.8068829217897199,0.005210599432778795,-0.0009747345083667147,-0.00633444337203648,-0.0006995261492081332,0.00618533394114551,0.011545042804815275,0.7781496858042084,0.7718167620977195,0.006156739015534263,-0.0011517266016836114,-0.007484650308172469,-0.0008265459647739393,0.007308465617217874,0.013641389323706732
12,2,0.9334084560150457,0.9279695345986353,0.9311399847921307,0.9291743115663798,0.8122426306533896,0.8068829217897199,0.014830051578488046,0.008644717637342536,0.0032850087736727707,0.008919925996501118,0.00618533394114551,0.011545042804815275,0.7781496858042084,0.7718167620977195,0.017522889320811252,0.010214423703593378,0.0038814999971045205,0.01053960434050305,0.007308465617217874,0.013641389323706732
12,3,0.9334084560150457,0.9299259570102902,0.9311399847921307,0.9291743115663798,0.8122426306533896,0.8068829217897199,0.009495566475134387,0.003310232533988877,-0.0020494763296808882,0.003585440893147459,0.00618533394114551,0.011545042804815275,0.7781496858042084,0.7718167620977195,0.011219769499894672,0.003911303882676798,-0.00242161982381206,0.00423648451958647,0.007308465617217874,0.013641389323706732
12,4,0.9334084560150457,0.9319898320913889,0.9311399847921307,0.9291743115663798,0.8122426306533896,0.8068829217897199,0.0038680952246950007,-0.0023172387164505093,-0.007676947580120275,-0.0020420303572919276,0.00618533394114551,0.011545042804815275,0.7781496858042084,0.7718167620977195,0.004570463167033578,-0.002738002450184296,-0.009070926156673154,-0.0024128218132746238,0.007308465617217874,0.013641389323706732
12,5,0.9334084560150457,0.9317657066620628,0.9329788859198439,0.9283741220933377,0.8172566759913944,0.8047010827357538,0.0044792075064292725,0.0033079189032885203,-0.009247674352352075,-0.0004868493142114276,0.0011712886031407521,0.013726881858781348,0.7840741804725098,0.7692387451531305,0.005292541092302039,0.003908570143385526,-0.010926865175993727,-0.0005752513134353876,0.001383970948916513,0.016219406268295766
12,6,0.9334084560150457,0.9298139823560693,0.9329788859198439,0.9283741220933377,0.8172566759913944,0.8047010827357538,0.00980088250573008,0.008629593902589328,-0.003925999353051268,0.004834825685089379,0.0011712886031407521,0.013726881858781348,0.7840741804725098,0.7692387451531305,0.011580524753083354,0.010196553804166841,-0.004638881515212412,0.005712732347345928,0.001383970948916513,0.016219406268295766
12,7,0.9334084560150457,0.9300789705418492,0.9329788859198439,0.9283741220933377,0.8172566759913944,0.8047010827357538,0.009078351665157691,0.007907063062016939,-0.004648530193623657,0.004112294844516991,0.0011712886031407521,0.013726881858781348,0.7840741804725098,0.7692387451531305,0.01072679690977707,0.009342825960860557,-0.005492609358518696,0.0048590045040396435,0.001383970948916513,0.016219406268295766
12,8,0.9334084560150457,0.9313600937239321,0.9329788859198439,0.9283741220933377,0.8172566759913944,0.8047010827357538,0.005585173254570197,0.004413884651429445,-0.00814170860421115,0.0006191164339294971,0.0011712886031407521,0.013726881858781348,0.7840741804725098,0.7692387451531305,0.006599327875524863,0.00521535692660835,-0.009620078392770903,0.0007315354697874366,0.001383970948916513,0.016219406268295766
12,9,0.9334084560150457,0.9267371115710598,0.9326314489704942,0.7386113541952235,0.8163093359795344,0.28728385601969597,0.018190441565060667,0.016071812950059883,-0.5129536670097785,-0.159563804164886,0.002118628615000784,0.5311441085748392,0.7829548226544236,0.15786900389218683,0.021493458236086727,0.01899012946908407,-0.6060956892931527,-0.18853736719599398,0.002503328767002655,0.6275891475292394
12,10,0.9334084560150457,0.9330670967952734,0.9326314489704942,0.7386113541952235,0.8163093359795344,0.28728385601969597,0.0009307681520718258,-0.001187860462928958,-0.5302133404227674,-0.17682347757787484,0.002118628615000784,0.5311441085748392,0.7829548226544236,0.15786900389218683,0.0010997768433755883,-0.0014035519236270666,-0.6264893706858639,-0.20893104858870512,0.002503328767002655,0.6275891475292394
12,11,0.9334084560150457,0.9247451955503286,0.9326314489704942,0.7386113541952235,0.8163093359795344,0.28728385601969597,0.023621705425268202,0.02150307681026742,-0.507522403149571,-0.15413254030467846,0.002118628615000784,0.5311441085748392,0.7829548226544236,0.15786900389218683,0.02791092988079713,0.025407601113794476,-0.5996782176484423,-0.18211989555128358,0.002503328767002655,0.6275891475292394
12,12,0.9334084560150457,0.9334448501629102,0.9326314489704942,0.7386113541952235,0.8163093359795344,0.28728385601969597,-9.923421367274976e-05,-0.0022178628286735336,-0.5312433427885119,-0.1778534799436194,0.002118628615000784,0.5311441085748392,0.7829548226544236,0.15786900389218683,-0.00011725314196131542,-0.0026205819089639704,-0.6277064006712008,-0.21014807857404202,0.002503328767002655,0.6275891475292394
12,13,0.9334084560150457,0.9221499578668922,0.9326314489704942,0.7386113541952235,0.8163093359795344,0.28728385601969597,0.03069801812720796,0.028579389512207176,-0.5004460904476312,-0.1470562276027387,0.002118628615000784,0.5311441085748392,0.7829548226544236,0.15786900389218683,0.03627215800055694,0.03376882923355429,-0.5913169895286825,-0.17375866743152377,0.002503328767002655,0.6275891475292394
13,0,0.8868785069661826,0.8856239863612833,0.8850202082434003,0.886883858442695,0.6864900020269948,0.6915715294961009,0.0034206424128135904,-0.0016462934366268112,0.0034352340324792507,0.0017365276695553433,0.0050669358494404015,-1.459161966566036e-05,0.6295629205081379,0.6355671506991489,0.004041761964790003,-0.001945227063231303,0.004059003127779737,0.002051846009779479,0.005986989028021306,-1.7241162989733994e-05
13,1,0.8868785069661826,0.8819746959855442,0.8850202082434003,0.886883858442695,0.6864900020269948,0.6915715294961009,0.01337099108558526,0.008304055236144858,0.01338558270525092,0.011686876342327013,0.0050669358494404015,-1.459161966566036e-05,0.6295629205081379,0.6355671506991489,0.015798892921055963,0.009811903893034657,0.015816134084045697,0.013808976966045439,0.005986989028021306,-1.7241162989733994e-05
13,2,0.8868785069661826,0.8845613270285577,0.8850202082434003,0.886883858442695,0.6864900020269948,0.6915715294961009,0.006318145705862088,0.0012512098564216867,0.006332737325527749,0.004634030962603841,0.0050669358494404015,-1.459161966566036e-05,0.6295629205081379,0.6355671506991489,0.007465393315096547,0.0014784042870752412,0.007482634478086281,0.005475477360086023,0.005986989028021306,-1.7241162989733994e-05
13,3,0.8868785069661826,0.8873862610465467,0.8850202082434003,0.886883858442695,0.6864900020269948,0.6915715294961009,-0.0013844692034468142,-0.006451405052887216,-0.0013698775837811539,-0.0030685839467050613,0.0050669358494404015,-1.459161966566036e-05,0.6295629205081379,0.6355671506991489,-0.0016358608391664475,-0.007622849867187753,-0.0016186196761767135,-0.0036257767941769714,0.005986989028021306,-1.7241162989733994e-05
13,4,0.8868785069661826,0.8865810112876347,0.8850202082434003,0.886883858442695,0.6864900020269948,0.6915715294961009,0.0008111674943366287,-0.004255768355103773,0.0008257591140022891,-0.0008729472489216183,0.0050669358494404015,-1.459161966566036e-05,0.6295629205081379,0.6355671506991489,0.0009584591225912931,-0.0050285299054300125,0.0009757002855810271,-0.0010314568324192308,0.005986989028021306,-1.7241162989733994e-05
13,5,0.8868785069661826,0.8850474613408598,0.8896726607033073,0.8862564351301514,0.6991756256395565,0.6898607638177271,0.004992626108583087,0.012611313871704333,0.0032964520498749428,0.006966797343387454,-0.007618687763121246,0.0016961740587081442,0.6445519970701394,0.6335457445376578,0.00589918613956808,0.014901273673548321,0.003895021141066657,0.008231826984727686,-0.00900208753398024,0.002004164998501423
13,6,0.8868785069661826,0.887404342091442,0.8896726607033073,0.8862564351301514,0.6991756256395565,0.6898607638177271,-0.0014337699393576209,0.006184917823763625,-0.003129943998065765,0.0005404012954467463,-0.007618687763121246,0.0016961740587081442,0.6445519970701394,0.6335457445376578,-0.001694113592653368,0.007307973941326873,-0.003698278591154791,0.000638527252506238,-0.00900208753398024,0.002004164998501423
13,8,0.8868785069661826,0.8874523042702498,0.8896726607033073,0.8862564351301514,0.6991756256395565,0.6898607638177271,-0.0015645461596923704,0.006054141603428875,-0.0032607202184005146,0.00040962507511199675,-0.007618687763121246,0.0016961740587081442,0.6445519970701394,0.6335457445376578,-0.0018486361324161482,0.007153451401564093,-0.0038528011309175714,0.0004840047127434577,-0.00900208753398024,0.002004164998501423
13,9,0.8868785069661826,0.8831868999642942,0.8896726607033073,0.8862564351301514,0.6991756256395565,0.6898607638177271,0.010065731429825142,0.017684419192946388,0.008369557371116998,0.01203990266462951,-0.007618687763121246,0.0016961740587081442,0.6445519970701394,0.6335457445376578,0.011893464890823102,0.020895552424803343,0.009889299892321679,0.014226105735982708,-0.00900208753398024,0.002004164998501423
13,10,0.8868785069661826,0.8872898124549643,0.8896726607033073,0.8862564351301514,0.6991756256395565,0.6898607638177271,-0.00112148735864126,0.006497200404479986,-0.002817661417349404,0.0008526838761631073,-0.007618687763121246,0.0016961740587081442,0.6445519970701394,0.6335457445376578,-0.0013251268045935127,0.007676960729386728,-0.003329291803094936,0.0010075140405660932,-0.00900208753398024,0.002004164998501423
13,11,0.8868785069661826,0.857186743749796,0.8874934479599812,0.6932842147012044,0.6932336686025391,0.16369247362291584,0.08095913624099971,0.08263586696710357,-0.4469053280125197,-0.09443677493480547,-0.0016767307261038589,0.5278644642535194,0.6375311006856854,0.011835923475506438,0.09565967969507017,0.09764087084459638,-0.5280543063655826,-0.11158458527530535,-0.001981191149526218,0.6237139860606528
13,12,0.8868785069661826,0.887684857554071,0.8874934479599812,0.6932842147012044,0.6932336686025391,0.16369247362291584,-0.0021986382764509482,-0.0005219075503470894,-0.5300631025299704,-0.17759454945225614,-0.0016767307261038589,0.5278644642535194,0.6375311006856854,0.011835923475506438,-0.002597866566467877,-0.0006166754169416588,-0.6263118526271206,-0.2098421315368434,-0.001981191149526218,0.6237139860606528
13,14,0.8868785069661826,0.8866146463430196,0.8874934479599812,0.6932842147012044,0.6932336686025391,0.16369247362291584,0.0007194563685427591,0.002396187094646618,-0.5271450078849766,-0.17467645480726243,-0.0016767307261038589,0.5278644642535194,0.6375311006856854,0.011835923475506438,0.0008500951092723641,0.002831286258798582,-0.6228638909513804,-0.20639416986110315,-0.001981191149526218,0.6237139860606528
13,15,0.8868785069661826,0.8903000957377051,0.8874934479599812,0.6932842147012044,0.6932336686025391,0.16369247362291584,-0.00932948540292422,-0.007652754676820361,-0.5371939496564436,-0.1847253965787294,-0.0016767307261038589,0.5278644642535194,0.6375311006856854,0.011835923475506438,-0.01102353146045032,-0.009042340310924102,-0.6347375175211031,-0.21826779643082583,-0.001981191149526218,0.6237139860606528
13,16,0.8868785069661826,0.8904742001692054,0.8874934479599812,0.6932842147012044,0.6932336686025391,0.16369247362291584,-0.009804207779203322,-0.008127477053099463,-0.5376686720327227,-0.1852001189550085,-0.0016767307261038589,0.5278644642535194,0.6375311006856854,0.011835923475506438,-0.011584453829035946,-0.009603262679509728,-0.6352984398896887,-0.21882871879941146,-0.001981191149526218,0.6237139860606528
13,17,0.8868785069661826,0.8880682062466487,0.8877155955002239,0.8852199313323132,0.6938393878670046,0.6870345775932195,-0.003243897151918418,-0.0009614471613490494,-0.00776625743513415,-0.003990533916133872,-0.0022824499905693685,0.004522360283215732,0.638246806330709,0.6302063799946589,-0.0038329233354532644,-0.0011360265409035009,-0.009176452876953567,-0.004715134251103444,-0.0026968967945497635,0.005343529541500303
14,0,0.7410207008931853,0.7271935091256376,0.7420538118238634,0.7431968754586964,0.29667024355518323,0.2997869814824714,0.037701954376408,0.040518889429381866,0.04363562735667004,0.040618823720819965,-0.002816935052973868,-0.005933672980262039,0.1689597697628309,0.1726424443275687,0.044547867566043564,0.04787630111166763,0.05155897567640544,0.04799438145137221,-0.0033284335456240655,-0.007011108110361874
14,1,0.7410207008931853,0.7388026782989028,0.7420538118238634,0.7431968754586964,0.29667024355518323,0.2997869814824714,0.006047778034853457,0.008864713087827325,0.011981451015115496,0.008964647379265426,-0.002816935052973868,-0.005933672980262039,0.1689597697628309,0.1726424443275687,0.007145932337504046,0.010474365883128112,0.01415704044786592,0.010592446222832693,-0.0033284335456240655,-0.007011108110361874
14,2,0.7410207008931853,0.7416757102929884,0.7420538118238634,0.7431968754586964,0.29667024355518323,0.2997869814824714,-0.0017859833668797398,0.0010309516860941281,0.004147689613382299,0.0011308859775322293,-0.002816935052973868,-0.005933672980262039,0.1689597697628309,0.1726424443275687,-0.0021102818625418074,0.001218151683082258,0.004900826247820067,0.0013362320227868392,-0.0033284335456240655,-0.007011108110361874
14,3,0.7410207008931853,0.7502881042692726,0.7420538118238634,0.7431968754586964,0.29667024355518323,0.2997869814824714,-0.02526899352716383,-0.022452058474189962,-0.01933532054690179,-0.02235212418275186,-0.002816935052973868,-0.005933672980262039,0.1689597697628309,0.1726424443275687,-0.02985733222041409,-0.026528898674790025,-0.022846224110052216,-0.026410818335085445,-0.0033284335456240655,-0.007011108110361874
14,4,0.7410207008931853,0.7411213578007626,0.7420538118238634,0.7431968754586964,0.29667024355518323,0.2997869814824714,-0.00027445646237855836,0.0025424785905953096,0.005659216517883481,0.0026424128820334105,-0.002816935052973868,-0.005933672980262039,0.1689597697628309,0.1726424443275687,-0.0003242922108657176,0.003004141334758348,0.006686815899496157,0.003122221674462929,-0.0033284335456240655,-0.007011108110361874
14,5,0.7410207008931853,0.7407860955705641,0.7420538118238634,0.7431968754586964,0.29667024355518323,0.2997869814824714,0.0006396873145771975,0.0034566223675510654,0.006573360294839237,0.0035565566589891664,-0.002816935052973868,-0.005933672980262039,0.1689597697628309,0.1726424443275687,0.0007558416067495743,0.00408427515237364,0.007766949717111449,0.004202355492078221,-0.0033284335456240655,-0.007011108110361874
14,6,0.7410207008931853,0.7407450957397882,0.7420538118238634,0.7431968754586964,0.29667024355518323,0.2997869814824714,0.000751479627531193,0.003568414680505061,0.006685152607793232,0.003668348971943162,-0.002816935052973868,-0.005933672980262039,0.1689597697628309,0.1726424443275687,0.0008879331450994954,0.004216366690723561,0.00789904125546137,0.004334447030428142,-0.0033284335456240655,-0.007011108110361874
14,8,0.7410207008931853,0.7379884882388015,0.7392235099754672,0.7355110077756155,0.28895299243481165,0.2788302870500764,0.008267791831993998,0.003367475764596284,-0.0067552296201389694,0.0016266793254837708,0.004900316067397714,0.015023021452132967,0.1598412217572841,0.1478804375924334,0.009769055787350767,0.003978941327428043,-0.007981842837422648,0.0019220514257853871,0.005790114459922724,0.017750898624773415
14,9,0.7410207008931853,0.7414458309144998,0.7392235099754672,0.7355110077756155,0.28895299243481165,0.2788302870500764,-0.0011591820622072202,-0.006059498129604934,-0.016182203514340188,-0.007800294568717447,0.004900316067397714,0.015023021452132967,0.1598412217572841,0.1478804375924334,-0.0013696661047485348,-0.007159780564671259,-0.01912056472952195,-0.009216670466313914,0.005790114459922724,0.017750898624773415
14,10,0.7410207008931853,0.7241392788145763,0.7392235099754672,0.7355110077756155,0.28895299243481165,0.2788302870500764,0.046029780718770175,0.04112946465137246,0.031006759266637207,0.03938866821225995,0.004900316067397714,0.015023021452132967,0.1598412217572841,0.1478804375924334,0.05438785891791642,0.0485977444579937,0.036636960293143006,0.04654085455635104,0.005790114459922724,0.017750898624773415
14,11,0.7410207008931853,0.6935233562341641,0.7408040239335129,0.6176359368647775,0.2932625056128504,-0.04257413261137688,0.1295087788930367,0.12891797600367771,-0.20691866222054955,0.017169364225388284,0.0005908028893589767,0.33642744111358625,0.16493325545964088,-0.231884531068685,0.15302495656238913,0.15232687580482318,-0.2444909107235027,0.02028697388123653,0.0006980807575659442,0.39751586728589183
14,12,0.7410207008931853,0.7428396048336434,0.7416594548833975,0.6208588732809843,0.2955949690072187,-0.03378630325566645,-0.004959519946716173,-0.0032178594417068274,-0.332599131704592,-0.11359217036433833,-0.0017416605050093459,0.3276396117578758,0.16768924708165578,-0.22150100945007756,-0.005860068567578369,-0.0038021577031294163,-0.39299241423486275,-0.13421821350185684,-0.002057910864448953,0.3871323456672844
14,13,0.7410207008931853,0.739414521157063,0.7416594548833975,0.6208588732809843,0.2955949690072187,-0.03378630325566645,0.0043794948496859165,0.006121155354695262,-0.3232601169081899,-0.10425315556793624,-0.0017416605050093459,0.3276396117578758,0.16768924708165578,-0.22150100945007756,0.005174722631674955,0.007232633496123908,-0.38195762303560943,-0.12318342230260353,-0.002057910864448953,0.3871323456672844
14,14,0.7410207008931853,0.7040460524728556,0.7416594548833975,0.6208588732809843,0.2955949690072187,-0.03378630325566645,0.10081703727424596,0.1025586977792553,-0.22682257448362986,-0.007815613143376199,-0.0017416605050093459,0.3276396117578758,0.16768924708165578,-0.22150100945007756,0.11912337434964226,0.12118128521409122,-0.2680089713176421,-0.009234770584636212,-0.002057910864448953,0.3871323456672844
14,15,0.7410207008931853,0.7427970869463338,0.7416594548833975,0.6208588732809843,0.2955949690072187,-0.03378630325566645,-0.00484358842030963,-0.0031019279153002843,-0.33248320017818545,-0.11347623883793179,-0.0017416605050093459,0.3276396117578758,0.16768924708165578,-0.22150100945007756,-0.005723086218241136,-0.0036651753537921827,-0.3928554318855255,-0.1340812311525196,-0.002057910864448953,0.3871323456672844
15,0,0.8701971594119394,0.8629164793468549,0.8668782139154181,0.855364174724311,0.6370230781606492,0.6056282882735133,0.019851888384688543,0.010802275578904341,-0.020592514308231502,0.003353883218453794,0.009049612805784202,0.040444402692920045,0.5711138026906155,0.534018353256009,0.023456590230515273,0.012763750576337829,-0.02433169885826869,0.003962880649528137,0.010692839654177444,0.047788289088783964
15,1,0.8701971594119394,0.8678971083201199,0.8668782139154181,0.855364174724311,0.6370230781606492,0.6056282882735133,0.006271441286488155,-0.0027781715192960466,-0.03417296140643189,-0.010226563879746594,0.009049612805784202,0.040444402692920045,0.5711138026906155,0.534018353256009,0.00741020831677397,-0.0032826313374034743,-0.040378080772009994,-0.012083501264213167,0.010692839654177444,0.047788289088783964
15,2,0.8701971594119394,0.8698997779557233,0.8668782139154181,0.855364174724311,0.6370230781606492,0.6056282882735133,0.0008108560496691286,-0.008238756756115073,-0.039633546643250916,-0.01568714911656562,0.009049612805784202,0.040444402692920045,0.5711138026906155,0.534018353256009,0.0009580911258645353,-0.009734748528312909,-0.04683019796291943,-0.0185356184551226,0.010692839654177444,0.047788289088783964
15,3,0.8701971594119394,0.8696526165234215,0.8668782139154181,0.855364174724311,0.6370230781606492,0.6056282882735133,0.0014847795187946655,-0.007564833286989536,-0.03895962317412538,-0.015013225647440084,0.009049612805784202,0.040444402692920045,0.5711138026906155,0.534018353256009,0.0017543854811257198,-0.008938454173051724,-0.046033903607658244,-0.017739324099861415,0.010692839654177444,0.047788289088783964
15,4,0.8701971594119394,0.8701736915494002,0.8668782139154181,0.855364174724311,0.6370230781606492,0.6056282882735133,6.398871858015465e-05,-0.008985624087204047,-0.04038041397433989,-0.016434016447654593,0.009049612805784202,0.040444402692920045,0.5711138026906155,0.534018353256009,7.560777705495347e-05,-0.01061723187712249,-0.04771268131172901,-0.01941810180393218,0.010692839654177444,0.047788289088783964
15,5,0.8701971594119394,0.8667500459695596,0.8668782139154181,0.855364174724311,0.6370230781606492,0.6056282882735133,0.009399082324143992,0.0003494695183597907,-0.031045320368776053,-0.007098922842090756,0.009049612805784202,0.040444402692920045,0.5711138026906155,0.534018353256009,0.011105765776437071,0.000412926122259627,-0.03668252331234689,-0.008387943804550066,0.010692839654177444,0.047788289088783964
15,6,0.8701971594119394,0.8623424263818797,0.8705679947617195,0.8648023715925134,0.6470838302978038,0.6313629763940378,0.02141713164297121,0.022428270974341635,0.00670741707057565,0.01685093989596283,-0.0010111393313704253,0.01470971457239556,0.5830013841498198,0.5644259407991081,0.02530605004054165,0.026500791845568528,0.007925348494856821,0.019910730126989,-0.0011947418050268777,0.01738070154568483
15,7,0.8701971594119394,0.8686328457937806,0.8705679947617195,0.8648023715925134,0.6470838302978038,0.6313629763940378,0.004265340472143997,0.005276479803514422,-0.010444374100251563,-0.0003008512748643814,-0.0010111393313704253,0.01470971457239556,0.5830013841498198,0.5644259407991081,0.005039840125530826,0.006234581930557703,-0.012340861420154003,-0.00035547978802182484,-0.0011947418050268777,0.01738070154568483
15,8,0.8701971594119394,0.8703792822639645,0.8705679947617195,0.8648023715925134,0.6470838302978038,0.6313629763940378,-0.0004965858269260215,0.0005145535044444038,-0.015206300399321582,-0.0050627775739344,-0.0010111393313704253,0.01470971457239556,0.5830013841498198,0.5644259407991081,-0.0005867557801437773,0.0006079860248831004,-0.017967457325828606,-0.0059820756936964274,-0.0011947418050268777,0.01738070154568483
15,9,0.8701971594119394,0.8694701795693185,0.8705679947617195,0.8648023715925134,0.6470838302978038,0.6313629763940378,0.001982221793104144,0.0029933611244745695,-0.012727492779291416,-0.002583969953904234,-0.0010111393313704253,0.01470971457239556,0.5830013841498198,0.5644259407991081,0.002342153222194332,0.0035368950272212096,-0.015038548323490497,-0.0030531666913583186,-0.0011947418050268777,0.01738070154568483
15,10,0.8701971594119394,0.8587959663291279,0.8705679947617195,0.8648023715925134,0.6470838302978038,0.6313629763940378,0.03108709770364415,0.032098237035014576,0.01637738313124859,0.02652090595663577,-0.0010111393313704253,0.01470971457239556,0.5830013841498198,0.5644259407991081,0.03673188656716364,0.03792662837219052,0.01935118502147881,0.03133656665361099,-0.0011947418050268777,0.01738070154568483
15,11,0.8701971594119394,0.8669146713109145,0.8730718495460834,0.8664438487759606,0.6539109735407864,0.6358387151355436,0.008950206137763983,0.016788488712117022,-0.0012837696931258247,0.008151641718918393,-0.00783828257435304,0.010233975830889808,0.5910681986710615,0.5697143832688589,0.010575382743643447,0.01983693906991202,-0.0015168763322905843,0.009631815160421628,-0.009261556326268572,0.012092259075934031
15,12,0.8701971594119394,0.8670854696261557,0.8730718495460834,0.8664438487759606,0.6539109735407864,0.6358387151355436,0.008484498393411588,0.016322780967764627,-0.0017494774374782196,0.007685933974565999,-0.00783828257435304,0.010233975830889808,0.5910681986710615,0.5697143832688589,0.01002511188201205,0.019286668208280622,-0.002067147193921981,0.00908154429879023,-0.009261556326268572,0.012092259075934031
15,13,0.8701971594119394,0.8639069390828231,0.8730718495460834,0.8664438487759606,0.6539109735407864,0.6358387151355436,0.017151248341148784,0.024989530915501823,0.006917272510258976,0.016352683922303195,-0.00783828257435304,0.010233975830889808,0.5910681986710615,0.5697143832688589,0.020265568518429977,0.02952712484469855,0.008173309442495946,0.019322000935208156,-0.009261556326268572,0.012092259075934031
15,14,0.8701971594119394,0.869354231460457,0.8730718495460834,0.8664438487759606,0.6539109735407864,0.6358387151355436,0.0022983720558484855,0.010136654630201525,-0.007935603775041322,0.001499807637002896,-0.00783828257435304,0.010233975830889808,0.5910681986710615,0.5697143832688589,0.002715709985196435,0.011977266311465007,-0.009376549090737596,0.0017721424019746153,-0.009261556326268572,0.012092259075934031
15,15,0.8701971594119394,0.867305115674877,0.8730718495460834,0.8664438487759606,0.6539109735407864,0.6358387151355436,0.007885599828391099,0.015723882402744138,-0.002348376002498709,0.00708703540954551,-0.00783828257435304,0.010233975830889808,0.5910681986710615,0.5697143832688589,0.009317465437648442,0.018579021763917014,-0.0027747936382855887,0.008373897854426623,-0.009261556326268572,0.012092259075934031
16,0,0.8688495408935648,0.8675419520144175,0.869036275343789,0.865598130146952,0.6429073629005836,0.633532733870353,0.003565341183768944,0.004074501238913397,-0.005300127791317166,0.0007799048771217251,-0.0005091600551444531,0.00886546897508611,0.5780665546540393,0.5669896823956394,0.004212735109076604,0.004814348343235242,-0.006262523915164686,0.00092151984571572,-0.0006016132341586378,0.01047525902424129
16,1,0.8688495408935648,0.8672997083806133,0.869036275343789,0.865598130146952,0.6429073629005836,0.633532733870353,0.004225855522703381,0.004735015577847834,-0.004639613452382729,0.001440419216056162,-0.0005091600551444531,0.00886546897508611,0.5780665546540393,0.5669896823956394,0.004993185507020437,0.0055947987411790745,-0.0054820735172208535,0.0017019702436595525,-0.0006016132341586378,0.01047525902424129
16,2,0.8688495408935648,0.8667998982266191,0.869036275343789,0.865598130146952,0.6429073629005836,0.633532733870353,0.005588664395216769,0.006097824450361222,-0.0032768045798693413,0.00280322808856955,-0.0005091600551444531,0.00886546897508611,0.5780665546540393,0.5669896823956394,0.006603452936778442,0.00720506617093708,-0.003871806087462848,0.0033122376734175583,-0.0006016132341586378,0.01047525902424129
16,3,0.8688495408935648,0.8690154790489594,0.869036275343789,0.865598130146952,0.6429073629005836,0.633532733870353,-0.0004524557747636049,5.670428038084818e-05,-0.009317924749849715,-0.003237892081410824,-0.0005091600551444531,0.00886546897508611,0.5780665546540393,0.5669896823956394,-0.0005346126021062991,6.700063205233864e-05,-0.01100987162634759,-0.003825827865467183,-0.0006016132341586378,0.01047525902424129
16,8,0.8688495408935648,0.8691967969694178,0.8692957014138069,0.8683184030342762,0.6436147277813411,0.6409499741902556,-0.000946846832591608,0.0002696781033103557,-0.002395075487775178,-0.0010240814056854768,-0.0012165249359019636,0.00144822865518357,0.5789023627056393,0.5757537437007291,-0.0011187750874266378,0.0003186461983319955,-0.0028299728065782626,-0.0012100338985576349,-0.0014374212857586333,0.0017111977191516248
16,9,0.8688495408935648,0.8682571769931834,0.8692957014138069,0.8683184030342762,0.6436147277813411,0.6409499741902556,0.0016151708258524966,0.0028316957617544602,0.0001669421706689267,0.0015379362527586278,-0.0012165249359019636,0.00144822865518357,0.5789023627056393,0.5757537437007291,0.001908453215137218,0.0033458745008958513,0.00019725549598559322,0.001817194404006221,-0.0014374212857586333,0.0017111977191516248
16,10,0.8688495408935648,0.86415718009858,0.8692957014138069,0.8683184030342762,0.6436147277813411,0.6409499741902556,0.012794439795459578,0.014010964731361542,0.011346211140276008,0.01271720522236571,-0.0012165249359019636,0.00144822865518357,0.5789023627056393,0.5757537437007291,0.015117651565206502,0.016555072850965136,0.013406453846054878,0.015026392754075505,-0.0014374212857586333,0.0017111977191516248
16,11,0.8688495408935648,0.8683069854000357,0.8692957014138069,0.8683184030342762,0.6436147277813411,0.6409499741902556,0.0014793605822197575,0.002695885518121721,3.113192703618761e-05,0.0014021260091258887,-0.0012165249359019636,0.00144822865518357,0.5789023627056393,0.5757537437007291,0.001747982575152296,0.003185403860910929,3.678485600067116e-05,0.0016567237640212988,-0.0014374212857586333,0.0017111977191516248
16,12,0.8688495408935648,0.8683751264954808,0.8692957014138069,0.8683184030342762,0.6436147277813411,0.6409499741902556,0.001293563457625213,0.0025100883935271767,-0.00015466519755835684,0.0012163288845313442,-0.0012165249359019636,0.00144822865518357,0.5789023627056393,0.5757537437007291,0.0015284484465509784,0.0029658697323096117,-0.00018274927260064633,0.0014371896354199813,-0.0014374212857586333,0.0017111977191516248
16,13,0.8688495408935648,0.8678743365215719,0.8692957014138069,0.8683184030342762,0.6436147277813411,0.6409499741902556,0.002659043959081009,0.0038755688949829725,0.001210815303897439,0.0025818093859871403,-0.0012165249359019636,0.00144822865518357,0.5789023627056393,0.5757537437007291,0.003141872619090158,0.004579293904848791,0.0014306748999385333,0.0030506138079591607,-0.0014374212857586333,0.0017111977191516248
16,14,0.8688495408935648,0.8496606628641938,0.8697596680844387,0.8624616966675299,0.6448798039112167,0.6249807680096249,0.05232141248635569,0.05480301355213324,0.03490397765054143,0.04734280122967679,-0.00248160106577755,0.01741743483581426,0.5803971511012755,0.5568848523173494,0.06182192389922925,0.0647541335806241,0.04124183479669796,0.0559392974255171,-0.0029322096813948484,0.020580089102531285
16,15,0.8688495408935648,0.8683370773500784,0.8697596680844387,0.8624616966675299,0.6448798039112167,0.6249807680096249,0.001397310275354946,0.003878911341132496,-0.016020124560459315,-0.0035813009813239574,-0.00248160106577755,0.01741743483581426,0.5803971511012755,0.5568848523173494,0.0016510335902940598,0.004583243271688908,-0.018929055512237225,-0.004231592883418085,-0.0029322096813948484,0.020580089102531285
16,16,0.8688495408935648,0.8642136129802096,0.8697596680844387,0.8624616966675299,0.6448798039112167,0.6249807680096249,0.012640566907580641,0.015122167973358192,-0.004776867928233619,0.007661955650901738,-0.00248160106577755,0.01741743483581426,0.5803971511012755,0.5568848523173494,0.014935838469715579,0.017868048151110427,-0.005644250632815706,0.009053211996003433,-0.0029322096813948484,0.020580089102531285
17,0,0.9316778784507104,0.93520035248723,0.930635823061218,0.9319154004330685,0.8108679565404716,0.8143569200629,-0.009604564516754177,-0.012445888005486072,-0.008956924483057738,-0.010335792335099328,0.002841323488731895,-0.0006476400336964394,0.7765253986461117,0.7806478874536721,-0.011348559383691392,-0.014705809812266546,-0.010583321004706159,-0.012212563400221366,0.0033572504285751537,-0.0007652383789852335
17,3,0.9316778784507104,0.9303498179085423,0.930635823061218,0.9319154004330685,0.8108679565404716,0.8143569200629,0.003621160305843363,0.0007798368171114678,0.004268800339539802,0.002889932487498211,0.002841323488731895,-0.0006476400336964394,0.7765253986461117,0.7806478874536721,0.004278689855957807,0.0009214394273826532,0.00504392823494304,0.0034146858394278334,0.0033572504285751537,-0.0007652383789852335
17,4,0.9316778784507104,0.9302227894136972,0.930635823061218,0.9319154004330685,0.8108679565404716,0.8143569200629,0.003967522936641266,0.0011261994479093707,0.004615162970337705,0.003236295118296114,0.002841323488731895,-0.0006476400336964394,0.7765253986461117,0.7806478874536721,0.004687944942645572,0.0013306945140704185,0.005453183321630806,0.0038239409261155988,0.0033572504285751537,-0.0007652383789852335
17,6,0.9316778784507104,0.9310833254394183,0.9315438614482312,0.9252351079015781,0.8133438621628662,0.7961420801679022,0.001621139771757596,0.0012557219054203372,-0.01594606008954369,-0.004356399470788586,0.0003654178663372587,0.017567199861301286,0.7794508787066754,0.7591256006438722,0.0019155060010228597,0.001483735633011407,-0.018841542429791747,-0.005147433598585827,0.00043177036801145263,0.020757048430814606
17,7,0.9316778784507104,0.9314852998815779,0.9298494024862262,0.9166067926722219,0.8087236604941409,0.7726156582746336,0.0005250949396932159,-0.004460524595369386,-0.04056852681487666,-0.014834652156850944,0.004985619535062602,0.041093621754569876,0.7739917417608309,0.7313272558593904,0.0006204415717951939,-0.005270465742060804,-0.047934951643501256,-0.017528325271255623,0.0058909073138559975,0.04855539321529645
17,8,0.9316778784507104,0.930920539922806,0.9315438614482312,0.9252351079015781,0.8133438621628662,0.7961420801679022,0.0020649993944222844,0.0016995815280850257,-0.015502200466879001,-0.003912539848123897,0.0003654178663372587,0.017567199861301286,0.7794508787066754,0.7591256006438722,0.002439961563484583,0.00200819119547313,-0.018317086867330024,-0.0046229780361241035,0.00043177036801145263,0.020757048430814606
17,9,0.9316778784507104,0.9314165260064114,0.9315438614482312,0.9252351079015781,0.8133438621628662,0.7961420801679022,0.0007126174350345904,0.0003471995686973317,-0.016854582426266695,-0.005264921807511591,0.0003654178663372587,0.017567199861301286,0.7794508787066754,0.7591256006438722,0.0008420143636117539,0.0004102439956003012,-0.019915034067202853,-0.0062209252359969325,0.00043177036801145263,0.020757048430814606
17,12,0.9316778784507104,0.9310643244567374,0.9315438614482312,0.9252351079015781,0.8133438621628662,0.7961420801679022,0.0016729488588221875,0.0013075309924849288,-0.0158942510024791,-0.004304590383723994,0.0003654178663372587,0.017567199861301286,0.7794508787066754,0.7591256006438722,0.0019767225715545678,0.0015449522035431151,-0.01878032585926004,-0.005086217028054119,0.00043177036801145263,0.020757048430814606
17,13,0.9316778784507104,0.9259235491772981,0.9315438614482312,0.9252351079015781,0.8133438621628662,0.7961420801679022,0.01569005936854062,0.015324641502203362,-0.001877140492760665,0.00971252012599444,0.0003654178663372587,0.017567199861301286,0.7794508787066754,0.7591256006438722,0.01853905715005788,0.018107286782046428,-0.002217991280756726,0.011476117550449194,0.00043177036801145263,0.020757048430814606
17,14,0.9316778784507104,0.9308941180332353,0.9299507380306621,0.9249471980532967,0.8089999673637684,0.7953570499067395,0.002137042719768445,-0.0025722699456666165,-0.016215187402695563,-0.005550138209531245,0.0047093126654350614,0.01835223012246401,0.7743182203755167,0.7581980247479262,0.002525086501160123,-0.0030393421980100532,-0.019159537825600537,-0.006557931174150156,0.005564428699170176,0.02168462432676066
17,15,0.9316778784507104,0.931309712144615,0.9299507380306621,0.9249471980532967,0.8089999673637684,0.7953570499067395,0.001003861775311199,-0.0037054508901238625,-0.01734836834715281,-0.006683319153988491,0.0047093126654350614,0.01835223012246401,0.7743182203755167,0.7581980247479262,0.0011861427918218315,-0.004378285907348345,-0.02049848153493883,-0.007896874883488447,0.005564428699170176,0.02168462432676066
17,16,0.9316778784507104,0.9317222166934137,0.9299507380306621,0.9249471980532967,0.8089999673637684,0.7953570499067395,-0.00012089500396272879,-0.00483020766939779,-0.018473125126426737,-0.007808075933262419,0.0047093126654350614,0.01835223012246401,0.7743182203755167,0.7581980247479262,-0.00014284709413636687,-0.005707275793306543,-0.021827471420897027,-0.009225864769446646,0.005564428699170176,0.02168462432676066
17,17,0.9316778784507104,0.9275336989502493,0.9299507380306621,0.9249471980532967,0.8089999673637684,0.7953570499067395,0.01129973960589259,0.006590426940457528,-0.007052490516571419,0.0036125586765928994,0.0047093126654350614,0.01835223012246401,0.7743182203755167,0.7581980247479262,0.013351544019931882,0.007787115320761706,-0.008333080306828777,0.004268526344621604,0.005564428699170176,0.02168462432676066
17,18,0.9316778784507104,0.9279139820087015,0.9299507380306621,0.9249471980532967,0.8089999673637684,0.7953570499067395,0.010262839651012823,0.005553526985577761,-0.008089390471451186,0.002575658721713133,0.0047093126654350614,0.01835223012246401,0.7743182203755167,0.7581980247479262,0.012126363982630561,0.006561935283460385,-0.009558260344130098,0.0030433463073202827,0.005564428699170176,0.02168462432676066
18,0,0.886912000441992,0.8851046499286482,0.8838996619945141,0.8866732546044968,0.6834346611984023,0.6909972859018316,0.004928017759628478,-0.003285584005819242,0.004277040697610035,0.00197315815047309,0.00821360176544772,0.000650977062018443,0.6259527915147605,0.6348886360700993,0.0058228462197815745,-0.003882179679786879,0.005053664875551922,0.002331443805182206,0.009705025899568454,0.0007691813442296525
18,1,0.886912000441992,0.8718006216427553,0.8838996619945141,0.8866732546044968,0.6834346611984023,0.6909972859018316,0.04120348684181785,0.03298988507637013,0.040552509779799406,0.03824862723266246,0.00821360176544772,0.000650977062018443,0.6259527915147605,0.6348886360700993,0.04868520758268979,0.03898018168312134,0.04791602623846014,0.04519380516809043,0.009705025899568454,0.0007691813442296525
18,2,0.886912000441992,0.8871729776376726,0.8838996619945141,0.8866732546044968,0.6834346611984023,0.6909972859018316,-0.0007115942622509808,-0.0089251960276987,-0.0013625713242694237,-0.0036664538714063686,0.00821360176544772,0.000650977062018443,0.6259527915147605,0.6348886360700993,-0.0008408054033227641,-0.010545831302891218,-0.0016099867475524166,-0.004332207817922133,0.009705025899568454,0.0007691813442296525
18,3,0.886912000441992,0.8827549942743189,0.8838996619945141,0.8866732546044968,0.6834346611984023,0.6909972859018316,0.011334713476954583,0.003121111711506863,0.01068373641493614,0.008379853867799195,0.00821360176544772,0.000650977062018443,0.6259527915147605,0.6348886360700993,0.013392868439371597,0.0036878425398031434,0.012623687095141944,0.009901466024772229,0.009705025899568454,0.0007691813442296525
18,4,0.886912000441992,0.8776140304277471,0.8859015795930985,0.885058204629459,0.6888931958912023,0.6865936049883001,0.025352338143816988,0.022597271071169267,0.02029768016826705,0.022749096461084434,0.002755067072647721,0.0050546579755499366,0.6324024858242859,0.6296853356740362,0.029955810535568284,0.026700478945525297,0.023983328795275538,0.026879872758789707,0.003255331590042987,0.0059724817402927455
18,5,0.886912000441992,0.8865939217787121,0.8859015795930985,0.885058204629459,0.6888931958912023,0.6865936049883001,0.0008672901520925258,-0.0018877769205551953,-0.004187367823457411,-0.0017359515306400268,0.002755067072647721,0.0050546579755499366,0.6324024858242859,0.6296853356740362,0.0010247725211011138,-0.002230559068941873,-0.004947709219191632,-0.0020511652556774638,0.003255331590042987,0.0059724817402927455
18,6,0.886912000441992,0.8831417323450608,0.8859015795930985,0.885058204629459,0.6888931958912023,0.6865936049883001,0.010280212943234446,0.007525145870586725,0.005225554967684509,0.007676971260501893,0.002755067072647721,0.0050546579755499366,0.6324024858242859,0.6296853356740362,0.01214689191371221,0.008891560323669223,0.0061744101734194645,0.009070954136933632,0.003255331590042987,0.0059724817402927455
18,7,0.886912000441992,0.8446788942912359,0.8862412574171822,0.648829220783869,0.6898193794606194,0.04247912960836797,0.11515502699592672,0.1133261434926961,-0.5340141063595554,-0.10184431195697752,0.0018288835032306272,0.6491691333554821,0.6334968456174233,-0.1313873148342899,0.13606485332200058,0.13390388152509491,-0.6309802789266182,-0.12033718135984091,0.002160971796905664,0.7670451322486188
18,8,0.886912000441992,0.8859124874685944,0.8862412574171822,0.648829220783869,0.6898193794606194,0.04247912960836797,0.0027253250808387808,0.0008964415776081536,-0.6464438082746433,-0.21427401387206546,0.0018288835032306272,0.6491691333554821,0.6334968456174233,-0.1313873148342899,0.0032201890534245825,0.0010592172565189184,-0.7638249431951942,-0.2531818456284169,0.002160971796905664,0.7670451322486188
18,9,0.886912000441992,0.875147607488063,0.8862412574171822,0.648829220783869,0.6898193794606194,0.04247912960836797,0.03207741773395778,0.030248534230727153,-0.6170917156215243,-0.18492192121894646,0.0018288835032306272,0.6491691333554821,0.6334968456174233,-0.1313873148342899,0.037902028706692126,0.03574105690978646,-0.7291431035419267,-0.21850000597514938,0.002160971796905664,0.7670451322486188
18,10,0.886912000441992,0.8875672619011117,0.8862412574171822,0.648829220783869,0.6898193794606194,0.04247912960836797,-0.0017866706451796777,-0.003615554148410305,-0.6509558040006618,-0.21878600959808392,0.0018288835032306272,0.6491691333554821,0.6334968456174233,-0.1313873148342899,-0.0021110939366953962,-0.00427206573360106,-0.7691562261853142,-0.25851312861853687,0.002160971796905664,0.7670451322486188
18,11,0.886912000441992,0.8805989280283233,0.8862412574171822,0.648829220783869,0.6898193794606194,0.04247912960836797,0.017213558046813127,0.0153846745435825,-0.631955575308669,-0.19978578090609111,0.0018288835032306272,0.6491691333554821,0.6334968456174233,-0.1313873148342899,0.020339192407746398,0.018178220610840734,-0.7467059398408724,-0.2360628422740951,0.002160971796905664,0.7670451322486188
19,0,0.8495932316803447,0.8393200594369912,0.8490868167508558,0.8484826368129852,0.5885121111134447,0.5868647220531293,0.028011376259996057,0.026630558456345432,0.02498316939603007,0.02654170137079052,0.0013808178036506247,0.0030282068639659876,0.5137942241365698,0.511847702506524,0.03309767625080362,0.0314661298318637,0.02951960820181787,0.0313611380948284,0.001631546418939922,0.0035780680489857497
19,1,0.8495932316803447,0.8477666977709789,0.8490868167508558,0.8484826368129852,0.5885121111134447,0.5868647220531293,0.004980324224582944,0.003599506420932319,0.0019521173606169562,0.003510649335377406,0.0013808178036506247,0.0030282068639659876,0.5137942241365698,0.511847702506524,0.005884650481979059,0.004253104063039137,0.0023065824329933093,0.004148112326003835,0.001631546418939922,0.0035780680489857497
19,2,0.8495932316803447,0.8494957643635366,0.8490868167508558,0.8484826368129852,0.5885121111134447,0.5868647220531293,0.00026575955503238546,-0.0011150582486182392,-0.002762447308933602,-0.0012039153341731519,0.0013808178036506247,0.0030282068639659876,0.5137942241365698,0.511847702506524,0.00031401612085668607,-0.001317530298083236,-0.0032640519281290636,-0.001422522035118538,0.001631546418939922,0.0035780680489857497
19,3,0.8495932316803447,0.84941742896038,0.8490868167508558,0.8484826368129852,0.5885121111134447,0.5868647220531293,0.00047935301967205746,-0.0009014647839785672,-0.00254885384429393,-0.00099032186953348,0.0013808178036506247,0.0030282068639659876,0.5137942241365698,0.511847702506524,0.0005663938432619586,-0.0010651525756779634,-0.003011674205723791,-0.0011701443127132654,0.001631546418939922,0.0035780680489857497
19,4,0.8495932316803447,0.8516638748188805,0.847072073743564,0.8533300899563877,0.5830186059810879,0.6000820448708595,-0.005645925394780704,-0.01252024833078813,0.004543190558983445,-0.0045409943888617965,0.0068743229360074265,-0.01018911595376415,0.5073032094622019,0.5274650241069747,-0.0066711113769696295,-0.014793672470277519,0.005368142174495327,-0.005365547224250607,0.00812256109330789,-0.012039253551464957
19,5,0.8495932316803447,0.8479117220928607,0.847072073743564,0.8533300899563877,0.5830186059810879,0.6000820448708595,0.00458489321740696,-0.0022894297186004664,0.01477400917117111,0.005689824223325868,0.0068743229360074265,-0.01018911595376415,0.5073032094622019,0.5274650241069747,0.005417417193133822,-0.0027051439001740674,0.01745667074459878,0.006722981345852845,0.00812256109330789,-0.012039253551464957
19,7,0.8495932316803447,0.8499724419034594,0.847072073743564,0.8533300899563877,0.5830186059810879,0.6000820448708595,-0.0010339747051526516,-0.007908297641160078,0.009155141248611498,7.095630076625614e-05,0.0068743229360074265,-0.01018911595376415,0.5073032094622019,0.5274650241069747,-0.0012217236213249993,-0.009344284714632889,0.010817529930139957,8.384053139402307e-05,0.00812256109330789,-0.012039253551464957
19,8,0.8495932316803447,0.8506358961303931,0.8485413561399361,0.6516987151476594,0.5870248292840794,0.05030324511972584,-0.002842984185544406,-0.005711083818560336,-0.5424326679829139,-0.1836622453290062,0.0028680996330159303,0.5395896837973695,0.5120368819758299,-0.12214249802342714,-0.003359212674376333,-0.006748101254056227,-0.6409274812533132,-0.21701159839391526,0.003388888579679894,0.6375682685789369
19,9,0.8495932316803447,0.8509423581408607,0.847072073743564,0.8533300899563877,0.5830186059810879,0.6000820448708595,-0.0036785997560082606,-0.010552922692015687,0.006510516197755889,-0.002573668750089353,0.0068743229360074265,-0.01018911595376415,0.5073032094622019,0.5274650241069747,-0.004346559149773888,-0.012469120243081777,0.007692694401691069,-0.0030409949970548653,0.00812256109330789,-0.012039253551464957
19,10,0.8495932316803447,0.8454578267164102,0.847072073743564,0.8533300899563877,0.5830186059810879,0.6000820448708595,0.01127581448925552,0.004401491553248094,0.02146493044301967,0.012380745495174428,0.0068743229360074265,-0.01018911595376415,0.5073032094622019,0.5274650241069747,0.013323274585493539,0.005200713492185649,0.025362528136958495,0.01462883873821256,0.00812256109330789,-0.012039253551464957
19,11,0.8495932316803447,0.8494868583781504,0.8503868708399717,0.6612759385492228,0.5920569075391184,0.07641701035916248,0.0002900430871010107,0.002454021709124121,-0.5131858754708318,-0.1701472702248689,-0.0021639786220231105,0.5134759185579328,0.5179826839745645,-0.09128700061544359,0.00034270905172784083,0.00289962247078257,-0.6063700621192255,-0.2010425768655717,-0.0025569134190547294,0.6067127711709533
19,12,0.8495932316803447,0.8496366151362198,0.8503868708399717,0.6612759385492228,0.5920569075391184,0.07641701035916248,-0.00011829163156118483,0.0020456869904619257,-0.513594210189494,-0.1705556049435311,-0.0021639786220231105,0.5134759185579328,0.5179826839745645,-0.09128700061544359,-0.00013977100190476488,0.0024171424171499645,-0.6068525421728581,-0.2015250569192043,-0.0025569134190547294,0.6067127711709533
19,13,0.8495932316803447,0.8337751046341165,0.8503868708399717,0.6612759385492228,0.5920569075391184,0.07641701035916248,0.04313054409332828,0.04529452271535139,-0.47034537446460456,-0.12730676921864162,-0.0021639786220231105,0.5134759185579328,0.5179826839745645,-0.09128700061544359,0.050962179497073934,0.05351909291612866,-0.5557505916738794,-0.1504231064202256,-0.0025569134190547294,0.6067127711709533
19,14,0.8495932316803447,0.8512611409961987,0.8503868708399717,0.6612759385492228,0.5920569075391184,0.07641701035916248,-0.004547809995511853,-0.002383831373488743,-0.5180237285534447,-0.17498512330748175,-0.0021639786220231105,0.5134759185579328,0.5179826839745645,-0.09128700061544359,-0.005373600407366674,-0.002816686988311945,-0.61208637157832,-0.2067588863246662,-0.0025569134190547294,0.6067127711709533
19,15,0.8495932316803447,0.8495176765000465,0.8503868708399717,0.6612759385492228,0.5920569075391184,0.07641701035916248,0.00020601276154930126,0.002369991383572412,-0.5132699057963835,-0.1702313005504206,-0.0021639786220231105,0.5134759185579328,0.5179826839745645,-0.09128700061544359,0.000243420516793047,0.0028003339358477763,-0.6064693506541603,-0.2011418654005065,-0.0025569134190547294,0.6067127711709533
19,16,0.8495932316803447,0.8027855420709065,0.8503868708399717,0.6612759385492228,0.5920569075391184,0.07641701035916248,0.12762832886009057,0.12979230748211368,-0.3858475896978423,-0.04280898445187934,-0.0021639786220231105,0.5134759185579328,0.5179826839745645,-0.09128700061544359,0.15080305479581502,0.15335996821486975,-0.45590971637513833,-0.05058223112148452,-0.0025569134190547294,0.6067127711709533
20,0,0.9079507026204466,0.9103058718253786,0.9081700235584783,0.9065890056820345,0.7496115161785366,0.7453006289898692,-0.006421729256801623,-0.005823717155829078,-0.010134604344496534,-0.0074600169190424115,-0.0005980121009725448,0.0037128750876949113,0.704146026331177,0.6990523691256214,-0.007587785546098624,-0.00688118652974401,-0.011974843735299556,-0.00881460527038073,-0.0007065990163546143,0.004387058189200932
20,1,0.9079507026204466,0.9068769299119435,0.9081700235584783,0.9065890056820345,0.7496115161785366,0.7453006289898692,0.0029278056128239083,0.003525817713796453,-0.000785069474871003,0.0018895179505831194,-0.0005980121009725448,0.0037128750876949113,0.704146026331177,0.6990523691256214,0.003459435959129342,0.0041660349754839565,-0.0009276222300715897,0.0022326162348472365,-0.0007065990163546143,0.004387058189200932
20,2,0.9079507026204466,0.9064254910133097,0.9081700235584783,0.9065890056820345,0.7496115161785366,0.7453006289898692,0.004158722855178931,0.004756734956151476,0.00044584776748402,0.0031204351929381424,-0.0005980121009725448,0.0037128750876949113,0.704146026331177,0.6990523691256214,0.004913862903412891,0.005620461919767505,0.0005268047142119592,0.0036870431791307854,-0.0007065990163546143,0.004387058189200932
20,3,0.9079507026204466,0.9077011915510012,0.9081700235584783,0.9065890056820345,0.7496115161785366,0.7453006289898692,0.0006803301143707419,0.0012783422153432866,-0.0030325449733241694,-0.00035795754787004697,-0.0005980121009725448,0.0037128750876949113,0.704146026331177,0.6990523691256214,0.0008038643178440719,0.0015104633341986862,-0.00358319387135686,-0.00042295540643803403,-0.0007065990163546143,0.004387058189200932
20,4,0.9079507026204466,0.9022195909865168,0.9081700235584783,0.9065890056820345,0.7496115161785366,0.7453006289898692,0.015626752921417353,0.016224765022389898,0.011913877833722442,0.014588465259176564,-0.0005980121009725448,0.0037128750876949113,0.704146026331177,0.6990523691256214,0.018464255531172036,0.01917085454752665,0.014077197341971104,0.01723743580688993,-0.0007065990163546143,0.004387058189200932
20,5,0.9079507026204466,0.9066819236363568,0.9082247357768156,0.9074902986701243,0.7497606974146303,0.7477581422498277,0.003459520065684618,0.004206713402750806,0.002204158237948284,0.0032901305687945692,-0.0007471933370661876,0.0012553618277363343,0.7043222958657078,0.7019561171423274,0.004087699013943569,0.004970567564829054,0.002604388841448646,0.0038875518067404227,-0.000882868550885485,0.0014833101724949227
20,6,0.9079507026204466,0.905014881808507,0.9082247357768156,0.9074902986701243,0.7497606974146303,0.7477581422498277,0.008004964722398533,0.00875215805946472,0.006749602894662199,0.007835575225508484,-0.0007471933370661876,0.0012553618277363343,0.7043222958657078,0.7019561171423274,0.009458504584775707,0.010341373135661192,0.007975194412280784,0.00925835737757256,-0.000882868550885485,0.0014833101724949227
20,7,0.9079507026204466,0.9050149882150732,0.9082247357768156,0.9074902986701243,0.7497606974146303,0.7477581422498277,0.00800467458861187,0.008751867925678058,0.0067493127608755366,0.007835285091721822,-0.0007471933370661876,0.0012553618277363343,0.7043222958657078,0.7019561171423274,0.009458161768555406,0.010341030319440891,0.007974851596060484,0.00925801456135226,-0.000882868550885485,0.0014833101724949227
20,8,0.9079507026204466,0.8581831047080316,0.9086512296764503,0.7377958681826914,0.7509235982997963,0.2850603086099288,0.1356989718129925,0.13760906603522471,-0.32825422365464274,-0.018315395268808505,-0.001910094222232206,0.46395319546763525,0.7056963560565299,0.15524170519705316,0.16033916345079957,0.16259609219250715,-0.3878585586669696,-0.02164110100788763,-0.0022569287417075756,0.5481977221177692
20,9,0.9079507026204466,0.8836291586994242,0.9086512296764503,0.7377958681826914,0.7509235982997963,0.2850603086099288,0.0663164115092637,0.06822650573149591,-0.39763678395837154,-0.0876979555725373,-0.001910094222232206,0.46395319546763525,0.7056963560565299,0.15524170519705316,0.07835813199165487,0.08061506073336244,-0.4698395901261143,-0.10362213246703234,-0.0022569287417075756,0.5481977221177692
20,10,0.9079507026204466,0.9079797400060213,0.9086512296764503,0.7377958681826914,0.7509235982997963,0.2850603086099288,-7.917487545938684e-05,0.001830919346772819,-0.46403237034309464,-0.1540935419572604,-0.001910094222232206,0.46395319546763525,0.7056963560565299,0.15524170519705316,-9.355143320433079e-05,0.002163377308503245,-0.5482912735509735,-0.18207381589189153,-0.0022569287417075756,0.5481977221177692
20,11,0.9079507026204466,0.9075867185257471,0.9086512296764503,0.7377958681826914,0.7509235982997963,0.2850603086099288,0.0009924583359222083,0.0029025525581544143,-0.46296073713171304,-0.15302190874587882,-0.001910094222232206,0.46395319546763525,0.7056963560565299,0.15524170519705316,0.001172668718233627,0.0034295974599412027,-0.5470250533995356,-0.18080759574045357,-0.0022569287417075756,0.5481977221177692
21,0,0.9051973196460036,0.911196212782707,0.9066979679984536,0.9081957426511994,0.7455977314204597,0.749681643220721,-0.01635690016824387,-0.01226515278596707,-0.008181240985705829,-0.012267764646638923,-0.0040917473822768,-0.008175659182538042,0.6994034193549905,0.7042288870273847,-0.01932698276622713,-0.014492256728432351,-0.009666789056038128,-0.014495342850232537,-0.004834726037794779,-0.009660193710189002
21,1,0.9051973196460036,0.8922548557965002,0.9066979679984536,0.9081957426511994,0.7455977314204597,0.749681643220721,0.03528960831493755,0.03938135569721435,0.04346526749747559,0.039378743836542496,-0.0040917473822768,-0.008175659182538042,0.6994034193549905,0.7042288870273847,0.04169748819851948,0.04653221423631426,0.051357681908708486,0.046529128114514075,-0.004834726037794779,-0.009660193710189002
21,2,0.9051973196460036,0.9051958155744856,0.9066979679984536,0.9081957426511994,0.7455977314204597,0.749681643220721,4.1010811669961456e-06,0.004095848463443796,0.008179760263705038,0.004093236602771944,-0.0040917473822768,-0.008175659182538042,0.6994034193549905,0.7042288870273847,4.845754649318579e-06,0.004839571792444097,0.009665039464838321,0.0048364856706439125,-0.004834726037794779,-0.009660193710189002
21,3,0.9051973196460036,0.9077283504212869,0.9066979679984536,0.9081957426511994,0.7455977314204597,0.749681643220721,-0.006901242741058744,-0.002809495358781944,0.001274416441479298,-0.0028121072194537966,-0.0040917473822768,-0.008175659182538042,0.6994034193549905,0.7042288870273847,-0.008154368991072136,-0.0033196429532773575,0.001505824719116866,-0.0033227290750775427,-0.004834726037794779,-0.009660193710189002
21,4,0.9051973196460036,0.9044858512380652,0.9066979679984536,0.9081957426511994,0.7455977314204597,0.749681643220721,0.0019399274926744647,0.006031674874951265,0.010115586675212507,0.006029063014279412,-0.0040917473822768,-0.008175659182538042,0.6994034193549905,0.7042288870273847,0.002292179131314853,0.007126905169109632,0.011952372841503855,0.007123819047309447,-0.004834726037794779,-0.009660193710189002
21,5,0.9051973196460036,0.9022067149828034,0.9050796951564354,0.8979250523713476,0.7411852628668996,0.7216770344140356,0.008154341276619514,0.00783362010533617,-0.01167460834752776,0.0014377843448093082,0.00032072117128334465,0.019828949624147274,0.6941897356610138,0.6711392070626844,0.009635004903259858,0.009256047247077959,-0.013794481351251497,0.0016988569330287733,0.0003789576561818997,0.023429486254511356
21,6,0.9051973196460036,0.9021275765165644,0.9050796951564354,0.8979250523713476,0.7411852628668996,0.7216770344140356,0.008370124415648772,0.008049403244365427,-0.011458825208498502,0.0016535674838385657,0.00032072117128334465,0.019828949624147274,0.6941897356610138,0.6711392070626844,0.009889969900683915,0.009511012244502015,-0.013539516353827441,0.0019538219304528295,0.0003789576561818997,0.023429486254511356
21,7,0.9051973196460036,0.9034485330798423,0.9050796951564354,0.8979250523713476,0.7411852628668996,0.7216770344140356,0.004768334195395463,0.004447613024112118,-0.015060615428751811,-0.0019482227364147435,0.00032072117128334465,0.019828949624147274,0.6941897356610138,0.6711392070626844,0.005634167346508567,0.005255209690326668,-0.01779531890800279,-0.002301980623722518,0.0003789576561818997,0.023429486254511356
21,8,0.9051973196460036,0.8924130063171857,0.907635919589964,0.7548055053661542,0.7481551999726355,0.3314396874332767,0.034858386717976475,0.04150760265242903,-0.37520790988692976,-0.09961397350550809,-0.006649215934452557,0.41006629660490623,0.7024252725254971,0.21004264217210633,0.041187965471892296,0.0490445446801937,-0.4433380856731971,-0.11770185850703703,-0.007856579208301406,0.4845260511450894
21,9,0.9051973196460036,0.9061780826260522,0.9050796951564354,0.8979250523713476,0.7411852628668996,0.7216770344140356,-0.0026742003545973114,-0.002994921525880656,-0.022503149978744585,-0.009390757286407517,0.00032072117128334465,0.019828949624147274,0.6941897356610138,0.6711392070626844,-0.003159781109814519,-0.0035387387659964187,-0.026589267364325875,-0.011095929080045605,0.0003789576561818997,0.023429486254511356
21,10,0.9051973196460036,0.9041463731455435,0.9050796951564354,0.8979250523713476,0.7411852628668996,0.7216770344140356,0.0028655664634221756,0.002544845292138831,-0.0169633831607251,-0.0038509904683880305,0.00032072117128334465,0.019828949624147274,0.6941897356610138,0.6711392070626844,0.003385895437667652,0.0030069377814857523,-0.020043590816843704,-0.004550252532563433,0.0003789576561818997,0.023429486254511356
21,11,0.9051973196460036,0.9029577189290444,0.9071729270031106,0.7497926470514815,0.746892779831249,0.3177713621035625,0.00610661408850488,0.011493409881570993,-0.41762800784611553,-0.13334266129201322,-0.0053867957930661126,0.4237346219346204,0.7009336223921985,0.1938924251154881,0.007215451829783115,0.01358038090478586,-0.4934608163719245,-0.15755499454578517,-0.006364929075002745,0.5006762682017076
21,12,0.9051973196460036,0.8794853941489142,0.9071729270031106,0.7497926470514815,0.746892779831249,0.3177713621035625,0.07010749965123197,0.07549429544429809,-0.35362712228338844,-0.06934177572928613,-0.0053867957930661126,0.4237346219346204,0.7009336223921985,0.1938924251154881,0.08283760514557925,0.089202534220582,-0.4178386630561284,-0.08193284122998905,-0.006364929075002745,0.5006762682017076
21,13,0.9051973196460036,0.9055185114395405,0.9071729270031106,0.7497926470514815,0.746892779831249,0.3177713621035625,-0.0008757785781512428,0.00451101721491487,-0.42461040051277166,-0.14032505395866934,-0.0053867957930661126,0.4237346219346204,0.7009336223921985,0.1938924251154881,-0.0010348022738330132,0.005330126801169732,-0.5017110704755406,-0.1658052486494013,-0.006364929075002745,0.5006762682017076
21,14,0.9051973196460036,0.9061345879180983,0.9071729270031106,0.7497926470514815,0.746892779831249,0.3177713621035625,-0.0025556053772181064,0.002831190415848006,-0.4262902273118385,-0.1420048807577362,-0.0053867957930661126,0.4237346219346204,0.7009336223921985,0.1938924251154881,-0.003019651680620017,0.0033452773943827285,-0.5036959198823276,-0.1677900980561883,-0.006364929075002745,0.5006762682017076
22,0,0.7622333692009964,0.759222058550475,0.7629089279165622,0.760310932244096,0.3535349091112807,0.3464510763301867,0.008210799319758433,0.01005281354079679,0.002968980759702755,0.007077531206752659,-0.0018420142210383572,0.005241818560055678,0.23614990969800453,0.22777979600465081,0.009701714586362264,0.011878201374138087,0.0035080876807843664,0.00836266788042824,-0.002176486787775822,0.006193626905577898
22,1,0.7622333692009964,0.7628119670443254,0.7629089279165622,0.760310932244096,0.3535349091112807,0.3464510763301867,-0.00157763556463264,0.0002643786564057171,-0.006819454124688318,-0.0027109036776384134,-0.0018420142210383572,0.005241818560055678,0.23614990969800453,0.22777979600465081,-0.0018641023088371567,0.0003123844789386654,-0.008057729214415055,-0.003203149014771182,-0.002176486787775822,0.006193626905577898
22,2,0.7622333692009964,0.7629103236761489,0.7629089279165622,0.760310932244096,0.3535349091112807,0.3464510763301867,-0.0018458199731492542,-3.805752110896954e-06,-0.007087638533204932,-0.0029790880861550275,-0.0018420142210383572,0.005241818560055678,0.23614990969800453,0.22777979600465081,-0.0021809835875792327,-4.496799803410667e-06,-0.00837461049315713,-0.003520030293513258,-0.002176486787775822,0.006193626905577898
22,3,0.7622333692009964,0.7599756817027069,0.7652804741304051,0.5302222842823431,0.3600012927891074,-0.2809208335859765,0.0061559304656836344,0.014464328364548695,-0.6264577980105352,-0.2019458463934343,-0.00830839789886506,0.6326137284762189,0.2437904580057948,-0.5135101774161845,0.0072737230646762185,0.017090758160242303,-0.740209877261737,-0.23861513201227283,-0.009817035095566085,0.7474836003264133
22,4,0.7622333692009964,0.7624090899246917,0.7629089279165622,0.760310932244096,0.3535349091112807,0.3464510763301867,-0.00047912944429540083,0.0013628847767429564,-0.0057209480043510785,-0.0016123975573011744,-0.0018420142210383572,0.005241818560055678,0.23614990969800453,0.22777979600465081,-0.000566129671113691,0.001610357116662131,-0.006759756576691589,-0.0019051763770477164,-0.002176486787775822,0.006193626905577898
22,5,0.7622333692009964,0.749453346944014,0.7625751079886051,0.7646027569893289,0.3526246979921065,0.3581533932906037,0.034846686453939624,0.03577848955580376,0.04130718485430096,0.03731078695468145,-0.0009318031018641371,-0.006460498400361336,0.23507442262936917,0.2416070172930711,0.04117414067629688,0.04227514039543734,0.04880773505913927,0.04408567204362449,-0.0011009997191404608,-0.00763359438284239
22,6,0.7622333692009964,0.7610951551746853,0.7625751079886051,0.7646027569893289,0.3526246979921065,0.3581533932906037,0.0031035147275012553,0.004035317829365392,0.009564013127862592,0.0055676152282430795,-0.0009318031018641371,-0.006460498400361336,0.23507442262936917,0.2416070172930711,0.003667050299029251,0.004768050018169712,0.011300644681871641,0.006578581666356868,-0.0011009997191404608,-0.00763359438284239
22,7,0.7622333692009964,0.750471612808566,0.7648474646606911,0.5343488085851755,0.3588206262050201,-0.26966923357825334,0.03207022874554977,0.0391979600603275,-0.5892918997229459,-0.17267457030568956,-0.00712773131477773,0.6213621284684957,0.2423954062240632,-0.5002155141728437,0.0378935343432345,0.04631551765706898,-0.6962954027398379,-0.2040287835798448,-0.00842198331383448,0.7341889370830724
22,8,0.7622333692009964,0.763828805689982,0.7625751079886051,0.7646027569893289,0.3526246979921065,0.3581533932906037,-0.00435020174229217,-0.003418398640428033,0.0021102966580691662,-0.0018861012415503458,-0.0009318031018641371,-0.006460498400361336,0.23507442262936917,0.2416070172930711,-0.005140110487812377,-0.004039110768671916,0.002493483895030013,-0.0022285791204847603,-0.0011009997191404608,-0.00763359438284239
22,9,0.7622333692009964,0.756227016184578,0.7654243865264992,0.5354263904810971,0.36039369196046156,-0.26673104163300043,0.016377240671897386,0.025078037742116588,-0.6020466958513454,-0.1868638058124438,-0.008700797070219202,0.6184239365232428,0.24425410893868782,-0.49674380593316014,0.019351016694387546,0.029631702722846653,-0.7113662121490013,-0.2207944975772557,-0.010280686028459107,0.7307172288433889
22,10,0.7622333692009964,0.7260625628931457,0.7654243865264992,0.5354263904810971,0.36039369196046156,-0.26673104163300043,0.09862523873987905,0.10732603581009825,-0.5197986977833637,-0.10461580774446215,-0.008700797070219202,0.6184239365232428,0.24425410893868782,-0.49674380593316014,0.11653358948423154,0.12681427551269064,-0.6141836393591573,-0.12361192478741172,-0.010280686028459107,0.7307172288433889
22,11,0.7622333692009964,0.7636438649891936,0.7654243865264992,0.5354263904810971,0.36039369196046156,-0.26673104163300043,-0.0038459326194879573,0.004854864450731244,-0.6222698691427307,-0.20708697910382914,-0.008700797070219202,0.6184239365232428,0.24425410893868782,-0.49674380593316014,-0.004544276280491144,0.005736409747967963,-0.73526150512388,-0.24468979055213438,-0.010280686028459107,0.7307172288433889
22,12,0.7622333692009964,0.7560525486763325,0.7654243865264992,0.5354263904810971,0.36039369196046156,-0.26673104163300043,0.016852953032484908,0.02555375010270411,-0.6015709834907579,-0.18638809345185628,-0.008700797070219202,0.6184239365232428,0.24425410893868782,-0.49674380593316014,0.019913108808430446,0.030193794836889554,-0.7108041200349584,-0.2202324054632128,-0.010280686028459107,0.7307172288433889
23,0,0.9106912062848694,0.9055317254703451,0.911290442256003,0.9100100294458154,0.758119815285625,0.7546285738127211,0.014068114013699562,0.015702022592114062,0.012210781119210146,0.01399363924167459,-0.0016339085784145002,0.0018573328944894163,0.7141992606556031,0.7100740802677842,0.016622599288339535,0.01855319265332911,0.01442801226551016,0.016534601402392934,-0.0019305933649895746,0.002194587022829375
23,1,0.9106912062848694,0.9082704537894118,0.911290442256003,0.9100100294458154,0.758119815285625,0.7546285738127211,0.0066005521348537766,0.008234460713268277,0.00474321924036436,0.006526077362828804,-0.0016339085784145002,0.0018573328944894163,0.7141992606556031,0.7100740802677842,0.0077990790458921655,0.00972967241088174,0.00560449202306279,0.007711081159945565,-0.0019305933649895746,0.002194587022829375
23,2,0.9106912062848694,0.9120773902041223,0.911290442256003,0.9100100294458154,0.758119815285625,0.7546285738127211,-0.0037796425882830054,-0.002145734009868505,-0.005636975482772422,-0.0038541173603079773,-0.0016339085784145002,0.0018573328944894163,0.7141992606556031,0.7100740802677842,-0.0044659493189344035,-0.002535355953944829,-0.006660536341763779,-0.004553947204881004,-0.0019305933649895746,0.002194587022829375
23,3,0.9106912062848694,0.9111652234306566,0.911290442256003,0.9100100294458154,0.758119815285625,0.7546285738127211,-0.0012924802884449749,0.00034142828996952534,-0.003149813182934391,-0.001366955060469947,-0.0016339085784145002,0.0018573328944894163,0.7141992606556031,0.7100740802677842,-0.001527168595732098,0.0004034247692574766,-0.003721755618561473,-0.0016151664816786981,-0.0019305933649895746,0.002194587022829375
23,4,0.9106912062848694,0.9142341363857717,0.911290442256003,0.9100100294458154,0.758119815285625,0.7546285738127211,-0.00966034110675451,-0.00802643252834001,-0.011517674001243927,-0.009734815878779482,-0.0016339085784145002,0.0018573328944894163,0.7141992606556031,0.7100740802677842,-0.011414463875533132,-0.009483870510543557,-0.013609050898362507,-0.011502461761479732,-0.0019305933649895746,0.002194587022829375
23,5,0.9106912062848694,0.905559134460153,0.9105032205278384,0.9101854325469746,0.7559733347725655,0.7551068372105647,0.013993379208497414,0.013480807273852369,0.012614309711851623,0.013362832064733801,0.0005125719346450452,0.0013790694966457906,0.7116630226485703,0.7106391866359081,0.01653429415244445,0.015928649510401183,0.014904813497738978,0.015789252386861536,0.0006056446420432682,0.001629480654705473
23,6,0.9106912062848694,0.9091118526143919,0.9105032205278384,0.9101854325469746,0.7559733347725655,0.7551068372105647,0.0043063494764215005,0.003793777541776455,0.00292727997977571,0.0036758023326578884,0.0005125719346450452,0.0013790694966457906,0.7116630226485703,0.7106391866359081,0.0050882955364448534,0.004482650894401585,0.0034588148817393805,0.004343253770861939,0.0006056446420432682,0.001629480654705473
23,7,0.9106912062848694,0.9034148351723277,0.9105032205278384,0.9101854325469746,0.7559733347725655,0.7551068372105647,0.01984013936616713,0.019327567431522086,0.01846106986952134,0.01920959222240352,0.0005125719346450452,0.0013790694966457906,0.7116630226485703,0.7106391866359081,0.023442707827605713,0.022837063185562445,0.02181322717290024,0.0226976660620228,0.0006056446420432682,0.001629480654705473
23,8,0.9106912062848694,0.9098165815277308,0.9105032205278384,0.9101854325469746,0.7559733347725655,0.7551068372105647,0.0023847982471401075,0.0018722263124950622,0.0010057287504943169,0.0017542511033764956,0.0005125719346450452,0.0013790694966457906,0.7116630226485703,0.7106391866359081,0.002817829426683627,0.0022121847846403586,0.0011883487719781538,0.002072787661100713,0.0006056446420432682,0.001629480654705473
23,9,0.9106912062848694,0.9000857711421932,0.9135163234321964,0.7262637440694525,0.764189020946684,0.25361620741500346,0.02891734190232098,0.03662045614179443,-0.47395235738988606,-0.13613818644859021,-0.007703114239473452,0.502869699292207,0.7213705114433109,0.11808799051744123,0.034168146949768996,0.04326999110246632,-0.5600125298234033,-0.16085813059038934,-0.009101844152697325,0.5941806767731723
23,10,0.9106912062848694,0.9059452946748752,0.9135163234321964,0.7262637440694525,0.764189020946684,0.25361620741500346,0.012940454287646341,0.020643568527119793,-0.4899292450045607,-0.15211507406326485,-0.007703114239473452,0.502869699292207,0.7213705114433109,0.11808799051744123,0.015290179339117471,0.024392023491814796,-0.5788904974340549,-0.17973609820104086,-0.009101844152697325,0.5941806767731723
23,11,0.9106912062848694,0.9109150052964488,0.9135163234321964,0.7262637440694525,0.764189020946684,0.25361620741500346,-0.0006102222537949231,0.007092891985678529,-0.503479921546002,-0.16566575060470612,-0.007703114239473452,0.502869699292207,0.7213705114433109,0.11808799051744123,-0.0007210262862373806,0.008380817866459944,-0.5949017030594097,-0.1957473038263957,-0.009101844152697325,0.5941806767731723
23,12,0.9106912062848694,0.9079491734559713,0.9135163234321964,0.7262637440694525,0.764189020946684,0.25361620741500346,0.007476572130601711,0.015179686370075163,-0.49539312716160533,-0.15757895622030949,-0.007703114239473452,0.502869699292207,0.7213705114433109,0.11808799051744123,0.008834166573880031,0.017936010726577356,-0.5853465101992923,-0.1861921109662783,-0.009101844152697325,0.5941806767731723
24,0,0.9050226088349284,0.8961564674785101,0.9053861623955697,0.9034798573385914,0.7420208926941232,0.7368230602279247,0.02417489122404437,0.025166175642970967,0.01996834317677243,0.023103136681262588,-0.0009912844189265968,0.004206548047271941,0.6951770989819108,0.6890354451561456,0.028564563044141122,0.029735844685770285,0.023594190860005027,0.027298199529972145,-0.0011712816416291627,0.004970372184136096
24,1,0.9050226088349284,0.9024207801595645,0.9053861623955697,0.9034798573385914,0.7420208926941232,0.7368230602279247,0.007094284050071842,0.008085568468998439,0.002887736002799901,0.00602252950729006,-0.0009912844189265968,0.004206548047271941,0.6951770989819108,0.6890354451561456,0.008382462701622018,0.00955374434325118,0.0034120905174859217,0.00711609918745304,-0.0011712816416291627,0.004970372184136096
24,2,0.9050226088349284,0.8986833209587607,0.9053861623955697,0.9034798573385914,0.7420208926941232,0.7368230602279247,0.017285038517157902,0.0182763229360845,0.013078490469885962,0.01621328397437612,-0.0009912844189265968,0.004206548047271941,0.6951770989819108,0.6890354451561456,0.020423652287324012,0.021594933928953175,0.015453280103187916,0.019157288773155035,-0.0011712816416291627,0.004970372184136096
24,3,0.9050226088349284,0.9044385932339947,0.9053861623955697,0.9034798573385914,0.7420208926941232,0.7368230602279247,0.0015924079098396104,0.0025836923287662072,-0.0026141401374323303,0.0005206533670578292,-0.0009912844189265968,0.004206548047271941,0.6951770989819108,0.6890354451561456,0.0018815570134752546,0.0030528386551044173,-0.0030888151706608413,0.0006151934993062769,-0.0011712816416291627,0.004970372184136096
24,4,0.9050226088349284,0.9045621415159536,0.9053861623955697,0.9034798573385914,0.7420208926941232,0.7368230602279247,0.0012555346120647348,0.0022468190309913316,-0.002951013435207206,0.0001837800692829535,-0.0009912844189265968,0.004206548047271941,0.6951770989819108,0.6890354451561456,0.0014835143309663845,0.0026547959725955472,-0.0034868578531697114,0.00021715081679740678,-0.0011712816416291627,0.004970372184136096
24,5,0.9050226088349284,0.903469953865387,0.905073134141203,0.9052727868147896,0.7411673732548141,0.7417117568228756,0.004233551382525902,0.004371316362143385,0.004915699930204909,0.004506855891624732,-0.0001377649796174829,-0.0006821485476790068,0.6941685976568128,0.6948118302821833,0.005002278779500546,0.00516505909603171,0.005808291721402181,0.005325209865644813,-0.00016278031653116365,-0.0008060129419016349
24,6,0.9050226088349284,0.8870709460079815,0.8989816615895281,0.7774060200974185,0.7245580411439075,0.3930634494817139,0.04894795590169543,0.03247638877040637,-0.29901820289178727,-0.0725312860732285,0.016471567131289055,0.3479661587934827,0.6745433464072359,0.2828560343704951,0.05783591575564939,0.03837344482260363,-0.35331386721413716,-0.08570150221196138,0.01946247093304576,0.41114978296978655
24,8,0.9050226088349284,0.9045114881871088,0.905073134141203,0.9052727868147896,0.7411673732548141,0.7417117568228756,0.0013936486648112867,0.0015314136444287696,0.0020757972124902935,0.0016669531739101167,-0.0001377649796174829,-0.0006821485476790068,0.6941685976568128,0.6948118302821833,0.0016467071052543858,0.0018094874217855494,0.0024527200471560207,0.001969638191398652,-0.00016278031653116365,-0.0008060129419016349
24,9,0.9050226088349284,0.9050336975146687,0.905073134141203,0.9052727868147896,0.7411673732548141,0.7417117568228756,-3.023498225029897e-05,0.00010752999736718394,0.0006519135654287078,0.00024306952684853092,-0.0001377649796174829,-0.0006821485476790068,0.6941685976568128,0.6948118302821833,-3.572504416360367e-05,0.00012705527236755998,0.0007702878977380312,0.0002872060419806625,-0.00016278031653116365,-0.0008060129419016349
24,10,0.9050226088349284,0.9049259733792381,0.905073134141203,0.9052727868147896,0.7411673732548141,0.7417117568228756,0.00026349135839198734,0.00040125633800947025,0.0009456399060709941,0.0005367958674908172,-0.0001377649796174829,-0.0006821485476790068,0.6941685976568128,0.6948118302821833,0.0003113360655326858,0.00047411638206384943,0.0011173490074343206,0.0006342671516769519,-0.00016278031653116365,-0.0008060129419016349
24,11,0.9050226088349284,0.9054796614087512,0.8983927457878982,0.7981304105941781,0.7229522720869752,0.4495716716951005,-0.001246223786838252,-0.019323559975059634,-0.29270416036693436,-0.10442464804294409,0.018077336188221382,0.2914579365800961,0.6726460021323026,0.3496250080534542,-0.0014725128479933236,-0.02283232805597235,-0.3458533221348208,-0.12338605434626215,0.021359815207979027,0.34438080928682746
24,12,0.9050226088349284,0.9097153100475727,0.8983927457878982,0.7981304105941781,0.7229522720869752,0.4495716716951005,-0.012795367996303542,-0.030872704184524924,-0.30425330457639965,-0.11597379225240938,0.018077336188221382,0.2914579365800961,0.6726460021323026,0.3496250080534542,-0.015118748308570518,-0.036478563516549545,-0.359499557595398,-0.13703228980683935,0.021359815207979027,0.34438080928682746
24,13,0.9050226088349284,0.8785110091030004,0.8983927457878982,0.7981304105941781,0.7229522720869752,0.4495716716951005,0.07228793382938781,0.054210597641166425,-0.2191700027507083,-0.030890490426718025,0.018077336188221382,0.2914579365800961,0.6726460021323026,0.3496250080534542,0.08541396211729468,0.06405414690931566,-0.2589668471695328,-0.036499579380974145,0.021359815207979027,0.34438080928682746
25,0,0.9058975940970199,0.8895180026945854,0.9056693421603419,0.9046658536523592,0.7427930256587373,0.7400568606744626,0.04466146258332526,0.04403909874780243,0.04130293376352778,0.043334498364885156,0.0006223638355228323,0.0033585288197974794,0.6960894356928302,0.6928564384285136,0.0527710818543865,0.05203570932048662,0.04880271205617004,0.051203167743681055,0.0007353725338998807,0.0039683697982164645
25,1,0.9058975940970199,0.9022666901377326,0.9056693421603419,0.9046658536523592,0.7427930256587373,0.7400568606744626,0.009900215294580073,0.00927785145905724,0.006541686474782593,0.008573251076139968,0.0006223638355228323,0.0033585288197974794,0.6960894356928302,0.6928564384285136,0.011697894369482431,0.01096252183558255,0.007729524571265967,0.010129980258776983,0.0007353725338998807,0.0039683697982164645
25,2,0.9058975940970199,0.904302411706497,0.9056693421603419,0.9046658536523592,0.7427930256587373,0.7400568606744626,0.0043495089039480295,0.003727145068425197,0.00099098008415055,0.0030225446855079254,0.0006223638355228323,0.0033585288197974794,0.6960894356928302,0.6928564384285136,0.005139291844022953,0.004403919310123072,0.0011709220458064884,0.0035713777333175045,0.0007353725338998807,0.0039683697982164645
25,4,0.9058975940970199,0.9073958987197817,0.9056693421603419,0.9046658536523592,0.7427930256587373,0.7400568606744626,-0.004085356844612864,-0.004707720680135696,-0.0074438856644103435,-0.005412321063052968,0.0006223638355228323,0.0033585288197974794,0.6960894356928302,0.6928564384285136,-0.004827175107604775,-0.005562547641504656,-0.00879554490582124,-0.006395089218310224,0.0007353725338998807,0.0039683697982164645
25,5,0.9058975940970199,0.9059580374951245,0.9056693421603419,0.9046658536523592,0.7427930256587373,0.7400568606744626,-0.00016480817479092025,-0.0007871720103137525,-0.0035233369945883997,-0.001491772393231024,0.0006223638355228323,0.0033585288197974794,0.6960894356928302,0.6928564384285136,-0.00019473400957137343,-0.0009301065434712541,-0.004163103807787838,-0.0017626481202768218,0.0007353725338998807,0.0039683697982164645
25,6,0.9058975940970199,0.904234979737577,0.9058862817306017,0.9068098152230164,0.743384544596051,0.7459026999945915,0.004533372486551723,0.004502527588342575,0.007020682986883076,0.005352194353925792,3.084489820914804e-05,-0.0024873105003313523,0.6967883625181925,0.6997637640606412,0.005356541338472853,0.005320095629935295,0.008295497172383981,0.0063240447135973765,3.644570853755802e-05,-0.0029389558339111277
25,7,0.9058975940970199,0.8976960438215673,0.9058862817306017,0.9068098152230164,0.743384544596051,0.7459026999945915,0.022362781937157683,0.022331937038948535,0.024850092437489035,0.023181603804531752,3.084489820914804e-05,-0.0024873105003313523,0.6967883625181925,0.6997637640606412,0.026423411322363366,0.026386965613825808,0.029362367156274494,0.02739091469748789,3.644570853755802e-05,-0.0029389558339111277
25,8,0.9058975940970199,0.9077521019508225,0.9058862817306017,0.9068098152230164,0.743384544596051,0.7459026999945915,-0.00505659946503767,-0.005087444363246818,-0.0025692889647063177,-0.004237777597663602,3.084489820914804e-05,-0.0024873105003313523,0.6967883625181925,0.6997637640606412,-0.005974775765045903,-0.006011221473583461,-0.0030358199311347756,-0.00500727238992138,3.644570853755802e-05,-0.0029389558339111277
25,9,0.9058975940970199,0.9073051563559964,0.9059596237141319,0.6459415329286374,0.7435845227379192,0.034605406758384305,-0.0038379339031398008,-0.00366880065948072,-0.7126479166390156,-0.24005155040054538,-0.0001691332436590809,0.7088099827358758,0.697024652650293,-0.1406907466742131,-0.004534825158859501,-0.00433498073529659,-0.8420503800598027,-0.2836400619846529,-0.00019984442356291154,0.8375155549009432
25,10,0.9058975940970199,0.9056909876403705,0.9059596237141319,0.6459415329286374,0.7435845227379192,0.034605406758384305,0.0005633441217434143,0.0007324773654024952,-0.7082466386141324,-0.23565027237566216,-0.0001691332436590809,0.7088099827358758,0.697024652650293,-0.1406907466742131,0.0006656360325244526,0.0008654804560873641,-0.8368499188684188,-0.27843960079326896,-0.00019984442356291154,0.8375155549009432
25,11,0.9058975940970199,0.8951775120874343,0.9059596237141319,0.6459415329286374,0.7435845227379192,0.034605406758384305,0.02922994412974922,0.0293990773734083,-0.6795800386061266,-0.20698367236765636,-0.0001691332436590809,0.7088099827358758,0.697024652650293,-0.1406907466742131,0.03453751142592565,0.03473735584948856,-0.8029780434750176,-0.2445677253998678,-0.00019984442356291154,0.8375155549009432
25,12,0.9058975940970199,0.9067699155177882,0.9059596237141319,0.6459415329286374,0.7435845227379192,0.034605406758384305,-0.0023785178480388858,-0.002209384604379805,-0.7111885005839147,-0.23859213434544446,-0.0001691332436590809,0.7088099827358758,0.697024652650293,-0.1406907466742131,-0.002810408633994399,-0.0026105642104314875,-0.8403259635349376,-0.2819156454597878,-0.00019984442356291154,0.8375155549009432
25,13,0.9058975940970199,0.8995292566514,0.9059596237141319,0.6459415329286374,0.7435845227379192,0.034605406758384305,0.01736424661382374,0.017533379857482823,-0.6914457361220521,-0.21884936988358183,-0.0001691332436590809,0.7088099827358758,0.697024652650293,-0.1406907466742131,0.020517242974034677,0.02071708739759759,-0.8169983119269085,-0.25858799385175874,-0.00019984442356291154,0.8375155549009432
26,0,0.9083120339089376,0.9075655310917071,0.9074045510077646,0.899474722705398,0.7475243381261476,0.7259024477311464,0.0020354541710441154,-0.00043893683419904406,-0.02206082722920022,-0.006821436630785049,0.0024743910052431595,0.024096281400244335,0.7016798589135333,0.6761318700685108,0.002405051524468571,-0.0005186388950699783,-0.026066627740092496,-0.008060071703564634,0.0029236904195385494,0.028471679264561067
26,1,0.9083120339089376,0.9062520466469063,0.9074045510077646,0.899474722705398,0.7475243381261476,0.7259024477311464,0.005616870516786054,0.003142479511542895,-0.01847941088345828,-0.0032400202850431103,0.0024743910052431595,0.024096281400244335,0.7016798589135333,0.6761318700685108,0.006636780720152058,0.0037130903006135085,-0.02183489854440901,-0.0038283425078811475,0.0029236904195385494,0.028471679264561067
26,2,0.9083120339089376,0.9071917789776519,0.9074045510077646,0.899474722705398,0.7475243381261476,0.7259024477311464,0.003054546506572997,0.0005801555013298376,-0.021041734893671338,-0.005802344295256168,0.0024743910052431595,0.024096281400244335,0.7016798589135333,0.6761318700685108,0.0036091904385275875,0.0006855000189890381,-0.02486248882603348,-0.006855932789505618,0.0029236904195385494,0.028471679264561067
26,3,0.9083120339089376,0.907592049536821,0.9074045510077646,0.899474722705398,0.7475243381261476,0.7259024477311464,0.001963147572233148,-0.0005112434330100113,-0.022133133828011187,-0.006893743229596017,0.0024743910052431595,0.024096281400244335,0.7016798589135333,0.6761318700685108,0.002319615508186157,-0.0006040749113523924,-0.02615206375637491,-0.008145507719847048,0.0029236904195385494,0.028471679264561067
26,4,0.9083120339089376,0.9070984931248677,0.9074045510077646,0.899474722705398,0.7475243381261476,0.7259024477311464,0.0033089046600405236,0.0008345136547973642,-0.02078737674020381,-0.005547986141788641,0.0024743910052431595,0.024096281400244335,0.7016798589135333,0.6761318700685108,0.003909734893647543,0.0009860444741089935,-0.024561944370913524,-0.006555388334385663,0.0029236904195385494,0.028471679264561067
26,5,0.9083120339089376,0.9050537824858242,0.9075454790451759,0.9079147496508274,0.7479085999868464,0.748915472803892,0.008884121126416678,0.00679399198187236,0.00780086479891795,0.007826325969068995,0.002090129144544317,0.0010832563274987272,0.702133894964561,0.7033235955424618,0.01049729802940813,0.008027643660897255,0.009217344238798053,0.00924742864303448,0.0024696543685108763,0.0012799537906100777
26,6,0.9083120339089376,0.9082822498380532,0.9075454790451759,0.9079147496508274,0.7479085999868464,0.748915472803892,8.121082722389872e-05,-0.0020089183173204184,-0.0010020455002748285,-0.0009765843301237827,0.002090129144544317,0.0010832563274987272,0.702133894964561,0.7033235955424618,9.59570726754011e-05,-0.002373697295835475,-0.0011839967179346766,-0.0011539123136982503,0.0024696543685108763,0.0012799537906100777
26,7,0.9083120339089376,0.8998058311743302,0.9075454790451759,0.9079147496508274,0.7479085999868464,0.748915472803892,0.023193463489045163,0.021103334344500846,0.022110207161546436,0.022135668331697483,0.002090129144544317,0.0010832563274987272,0.702133894964561,0.7033235955424618,0.027404927861097605,0.02493527349258673,0.026124974070487528,0.026155058474723953,0.0024696543685108763,0.0012799537906100777
26,8,0.9083120339089376,0.9076300655439961,0.9075454790451759,0.9079147496508274,0.7479085999868464,0.748915472803892,0.0018594911109516277,-0.00023063803359268942,0.0007762347834529004,0.0008016959536039462,0.002090129144544317,0.0010832563274987272,0.702133894964561,0.7033235955424618,0.002197137127796789,-0.00027251724071408745,0.0009171833371867111,0.0009472677414231375,0.0024696543685108763,0.0012799537906100777
26,9,0.9083120339089376,0.9075419263331918,0.9075454790451759,0.9079147496508274,0.7479085999868464,0.748915472803892,0.002099816157452805,9.687012908488057e-06,0.001016559829954078,0.0010420210001051238,0.002090129144544317,0.0010832563274987272,0.702133894964561,0.7033235955424618,0.002481100347248355,1.1445978737478768e-05,0.0012011465566382773,0.0012312309608747036,0.0024696543685108763,0.0012799537906100777
26,10,0.9083120339089376,0.9089162378960829,0.9082211999804911,0.6977747303409871,0.7497510565248564,0.1759365517136664,-0.0016474546343431262,-0.001895127240877481,-0.5757096320520675,-0.19308407130909602,0.00024767260653435486,0.5740621774177244,0.7043109043851343,0.02630327876986127,-0.0019465991109920422,-0.0022392440589296125,-0.6802468696742027,-0.22814423761470812,0.00029264494793757034,0.6783002705632106
26,11,0.9083120339089376,0.903579441028681,0.9082211999804911,0.6977747303409871,0.7497510565248564,0.1759365517136664,0.012904138732805714,0.01265646612627136,-0.5611580386849186,-0.17853247794194718,0.00024767260653435486,0.5740621774177244,0.7043109043851343,0.02630327876986127,0.015247269613232528,0.014954624665294958,-0.6630530009499781,-0.21095036889048355,0.00029264494793757034,0.6783002705632106
26,12,0.9083120339089376,0.906917339388385,0.9082211999804911,0.6977747303409871,0.7497510565248564,0.1759365517136664,0.0038028480451329782,0.0035551754385986234,-0.5702593293725914,-0.18763376862961992,0.00024767260653435486,0.5740621774177244,0.7043109043851343,0.02630327876986127,0.004493368417908372,0.004200723469970802,-0.6738069021453023,-0.2217042700858077,0.00029264494793757034,0.6783002705632106
26,13,0.9083120339089376,0.9042813768134494,0.9082211999804911,0.6977747303409871,0.7497510565248564,0.1759365517136664,0.010990203396013865,0.01074253078947951,-0.5630719740217105,-0.18044641327873903,0.00024767260653435486,0.5740621774177244,0.7043109043851343,0.02630327876986127,0.012985802288166592,0.012693157340229022,-0.665314468275044,-0.21321183621554948,0.00029264494793757034,0.6783002705632106
26,14,0.9083120339089376,0.9073085733778077,0.9082211999804911,0.6977747303409871,0.7497510565248564,0.1759365517136664,0.002736088701103978,0.002488416094569623,-0.5713260887166204,-0.18870052797364892,0.00024767260653435486,0.5740621774177244,0.7043109043851343,0.02630327876986127,0.003232907129663176,0.002940262181725606,-0.6750673634335475,-0.2229647313740529,0.00029264494793757034,0.6783002705632106
26,15,0.9083120339089376,0.9005129887975662,0.9082211999804911,0.6977747303409871,0.7497510565248564,0.1759365517136664,0.02126529001055566,0.021017617404021305,-0.5527968874071687,-0.17017132666419724,0.00024767260653435486,0.5740621774177244,0.7043109043851343,0.02630327876986127,0.025126637035467136,0.024833992087529566,-0.6531736335277435,-0.20107100146824894,0.00029264494793757034,0.6783002705632106
27,0,0.8789270041140576,0.8769703135883893,0.878466325067058,0.8728807240456947,0.668619836583662,0.6533898406153913,0.005335216157241307,0.004079104236315523,-0.01115089173195516,-0.0005788571127994432,0.0012561119209257843,0.016486107889196466,0.6084478940666698,0.5904524385353127,0.006303983619420306,0.004819787151967514,-0.013175668379389549,-0.0006839658693339098,0.0014841964674527919,0.019479651998809855
27,2,0.8789270041140576,0.8825570145855107,0.878466325067058,0.8728807240456947,0.668619836583662,0.6533898406153913,-0.009897779063267054,-0.011153890984192838,-0.02638388695246352,-0.015811852333307803,0.0012561119209257843,0.016486107889196466,0.6084478940666698,0.5904524385353127,-0.0116950157677842,-0.013179212235236992,-0.031174667766594055,-0.018682965256538415,0.0014841964674527919,0.019479651998809855
27,3,0.8789270041140576,0.8767935204912833,0.878466325067058,0.8728807240456947,0.668619836583662,0.6533898406153913,0.005817269591749774,0.00456115767082399,-0.010668838297446692,-9.68036782909761e-05,0.0012561119209257843,0.016486107889196466,0.6084478940666698,0.5904524385353127,0.0068735682182937685,0.005389371750840977,-0.012606083780516086,-0.00011438127046044706,0.0014841964674527919,0.019479651998809855
27,4,0.8789270041140576,0.8807886581049835,0.878466325067058,0.8728807240456947,0.668619836583662,0.6533898406153913,-0.00507608450150232,-0.006332196422428105,-0.021562192390698787,-0.010990157771543071,0.0012561119209257843,0.016486107889196466,0.6084478940666698,0.5904524385353127,-0.0059977988904593715,-0.007481995357912163,-0.025477450889269226,-0.012985748379213588,0.0014841964674527919,0.019479651998809855
27,5,0.8789270041140576,0.8771184842516389,0.878466325067058,0.8728807240456947,0.668619836583662,0.6533898406153913,0.004931206168830804,0.0036750942479050197,-0.011554901720365662,-0.0009828671012099461,0.0012561119209257843,0.016486107889196466,0.6084478940666698,0.5904524385353127,0.0058266135796767315,0.00434241711222394,-0.013653038419133123,-0.001161335909077484,0.0014841964674527919,0.019479651998809855
27,6,0.8789270041140576,0.8680464408539993,0.8791173030901174,0.878706996859165,0.6703948277849145,0.6692760650556646,0.029667520818154713,0.030186400098481503,0.02906763736923157,0.029640519428622596,-0.0005188792803267894,0.0005998834489231442,0.6105451878083907,0.609223280370838,0.03505454320020629,0.03566764047447446,0.03434573303692168,0.035022638903867476,-0.0006130972742681706,0.0007088101632846122
27,7,0.8789270041140576,0.8744215527316417,0.879702929783866,0.6381885030857362,0.671991628585865,0.013465584419185217,0.01228480267870724,0.014400482759984512,-0.6441255614066953,-0.20581342532266786,-0.0021156800812772714,0.6564103640854025,0.6124319353732492,-0.16566913364413693,0.014515474644690496,0.01701531948381718,-0.761085749533569,-0.24318498513502043,-0.002499844839126686,0.7756012241782595
27,8,0.8789270041140576,0.87699220119821,0.8791173030901174,0.878706996859165,0.6703948277849145,0.6692760650556646,0.00527553623952981,0.005794415519856599,0.004675652790606666,0.005248534849997692,-0.0005188792803267894,0.0005998834489231442,0.6105451878083907,0.609223280370838,0.006233467034417295,0.0068465643086854655,0.005524656871132683,0.006201562738078481,-0.0006130972742681706,0.0007088101632846122
27,9,0.8789270041140576,0.8781363298094257,0.8791173030901174,0.878706996859165,0.6703948277849145,0.6692760650556646,0.002155894491157051,0.0026747737714838404,0.0015560110422339068,0.0021288931016249326,-0.0005188792803267894,0.0005998834489231442,0.6105451878083907,0.609223280370838,0.0025473613733544287,0.0031604586476225993,0.0018385512100698165,0.002515457077015615,-0.0006130972742681706,0.0007088101632846122
27,10,0.8789270041140576,0.8639166389306159,0.8788961988044757,0.6403006225667581,0.6697919531137715,0.01922460140902016,0.0409280577598955,0.040844062369079226,-0.6097232893356721,-0.17598372306889912,8.399539081627161e-05,0.6506513470955676,0.6098328432773653,-0.15886439552333798,0.04835976614422166,0.04826051888746441,-0.7204367199132389,-0.20793881162718428,9.92472567572511e-05,0.7687964860574605
27,11,0.8789270041140576,0.8776664268569162,0.8788961988044757,0.6403006225667581,0.6697919531137715,0.01922460140902016,0.0034371568020213905,0.003353161411205119,-0.6472141902935462,-0.21347462402677322,8.399539081627161e-05,0.6506513470955676,0.6098328432773653,-0.15886439552333798,0.0040612750334234615,0.00396202777666621,-0.7647352110240371,-0.25223730273798245,9.92472567572511e-05,0.7687964860574605
27,12,0.8789270041140576,0.8793007747615709,0.8788961988044757,0.6403006225667581,0.6697919531137715,0.01922460140902016,-0.0010191428698386185,-0.00110313826065489,-0.6516704899654062,-0.21793092369863323,8.399539081627161e-05,0.6506513470955676,0.6098328432773653,-0.15886439552333798,-0.001204198624378372,-0.001303445881135623,-0.7700006846818389,-0.2575027763957843,9.92472567572511e-05,0.7687964860574605
27,13,0.8789270041140576,0.8706834292310514,0.8788961988044757,0.6403006225667581,0.6697919531137715,0.01922460140902016,0.022477368460821268,0.022393373070004996,-0.6281739786347463,-0.19443441236797335,8.399539081627161e-05,0.6506513470955676,0.6098328432773653,-0.15886439552333798,0.02655880444363401,0.02645955718687676,-0.7422376816138265,-0.22973977332777193,9.92472567572511e-05,0.7687964860574605
28,0,0.8812503699768404,0.8771803012000475,0.8781953813485618,0.8718852606908564,0.6678810670717432,0.6506755574392812,0.011097665376394783,0.0027677713660920755,-0.01443773826636996,-0.0001907671746277003,0.008329894010302707,0.025535403642764742,0.6075749789373844,0.5872452963734265,0.013112777193037606,0.003270342726500952,-0.017059339837457,-0.00022540663930614713,0.009842434466536654,0.030172117030494605
28,1,0.8812503699768404,0.8819518625348861,0.8781953813485618,0.8718852606908564,0.6678810670717432,0.6506755574392812,-0.0019127268113041662,-0.010242620821606874,-0.02744813045406891,-0.01320115936232665,0.008329894010302707,0.025535403642764742,0.6075749789373844,0.5872452963734265,-0.0022600393557664633,-0.012102473822303117,-0.03243215638626107,-0.015598223188110216,0.009842434466536654,0.030172117030494605
28,2,0.8812503699768404,0.8787006947278896,0.8781953813485618,0.8718852606908564,0.6678810670717432,0.6506755574392812,0.006952079751740281,-0.0013778142585624265,-0.01858332389102446,-0.004336352799282202,0.008329894010302707,0.025535403642764742,0.6075749789373844,0.5872452963734265,0.008214436975789607,-0.0016279974907470462,-0.021957680054704998,-0.0051237468565541455,0.009842434466536654,0.030172117030494605
28,3,0.8812503699768404,0.8806760067486594,0.8781953813485618,0.8718852606908564,0.6678810670717432,0.6506755574392812,0.001566089238393742,-0.0067638047719089656,-0.023969314404371,-0.009722343312628742,0.008329894010302707,0.025535403642764742,0.6075749789373844,0.5872452963734265,0.001850459403033744,-0.00799197506350291,-0.02832165762746086,-0.011487724429310009,0.009842434466536654,0.030172117030494605
28,4,0.8812503699768404,0.8812420388814279,0.8781953813485618,0.8718852606908564,0.6678810670717432,0.6506755574392812,2.2716006577772063e-05,-0.008307178003724935,-0.02551268763618697,-0.011265716544444712,0.008329894010302707,0.025535403642764742,0.6075749789373844,0.5872452963734265,2.6840774421277303e-05,-0.009815593692115376,-0.030145276256073328,-0.013311343057922476,0.009842434466536654,0.030172117030494605
28,5,0.8812503699768404,0.8800559912759066,0.8781953813485618,0.8718852606908564,0.6678810670717432,0.6506755574392812,0.0032566563079310384,-0.005073237702371669,-0.022278747334833704,-0.008031776243091445,0.008329894010302707,0.025535403642764742,0.6075749789373844,0.5872452963734265,0.0038479992964136622,-0.005994435170122991,-0.026324117734080943,-0.00949018453593009,0.009842434466536654,0.030172117030494605
28,6,0.8812503699768404,0.8797338952799197,0.8781953813485618,0.8718852606908564,0.6678810670717432,0.6506755574392812,0.004134900332435132,-0.004194993677867576,-0.02140050331032961,-0.007153532218587351,0.008329894010302707,0.025535403642764742,0.6075749789373844,0.5872452963734265,0.004885714691845733,-0.004956719774690921,-0.025286402338648872,-0.00845246914049802,0.009842434466536654,0.030172117030494605
28,13,0.8812503699768404,0.8765146837509058,0.8789521576264168,0.878477465964534,0.6699445334053626,0.6686502139455597,0.012912573213182066,0.006646145536498782,0.00535182607669582,0.008303514942125556,0.006266427676683284,0.0075607471364862455,0.6100131290671982,0.6084837873437481,0.015257235624836163,0.007852951288113252,0.006323609564663157,0.009811265492537524,0.0074042843367229105,0.008933626060173006
28,14,0.8812503699768404,0.8764729145384303,0.8789521576264168,0.878477465964534,0.6699445334053626,0.6686502139455597,0.013026463363081109,0.006760035686397825,0.005465716226594863,0.008417405092024599,0.006266427676683284,0.0075607471364862455,0.6100131290671982,0.6084837873437481,0.01539180592493583,0.00798752158821292,0.006458179864762825,0.009945835792637192,0.0074042843367229105,0.008933626060173006
28,15,0.8812503699768404,0.8803628237836931,0.8789521576264168,0.878477465964534,0.6699445334053626,0.6686502139455597,0.002420030519828753,-0.0038463971568545308,-0.0051407166166574925,-0.0021890277512277567,0.006266427676683284,0.0075607471364862455,0.6100131290671982,0.6084837873437481,0.0028594591682647996,-0.004544825168458111,-0.006074166891908206,-0.002586510964033839,0.0074042843367229105,0.008933626060173006
28,16,0.8812503699768404,0.8779531525853727,0.8789521576264168,0.878477465964534,0.6699445334053626,0.6686502139455597,0.008990367802229615,0.0027239401255463314,0.0014296206657433697,0.004381309531173105,0.006266427676683284,0.0075607471364862455,0.6100131290671982,0.6084837873437481,0.010622836954955361,0.003218552618232451,0.0016892108947823559,0.005176866822656723,0.0074042843367229105,0.008933626060173006
28,17,0.8812503699768404,0.8825137627091338,0.8789521576264168,0.878477465964534,0.6699445334053626,0.6686502139455597,-0.003444833625885435,-0.009711261302568719,-0.01100558076237168,-0.008053891896941945,0.006266427676683284,0.0075607471364862455,0.6100131290671982,0.6084837873437481,-0.004070345813399712,-0.011474630150122622,-0.013003971873572717,-0.00951631594569835,0.0074042843367229105,0.008933626060173006
28,18,0.8812503699768404,0.864611574992865,0.8824561377766165,0.7709831536671792,0.6794986715108834,0.37555052124656907,0.045368220815201976,0.04865593124403944,-0.2552922190202749,-0.05375602232034449,-0.0032877104288374648,0.30066043983547686,0.6213021056221844,0.26216311219665034,0.053606173101925836,0.0574908653201891,-0.3016481281053449,-0.06351702989441,-0.0038846922182632637,0.35525430120727075
28,19,0.8812503699768404,0.8813320507911566,0.8824561377766165,0.7709831536671792,0.6794986715108834,0.37555052124656907,-0.00022271524012618116,0.0030649951887112836,-0.30088315507560304,-0.09934695837567264,-0.0032877104288374648,0.30066043983547686,0.6213021056221844,0.26216311219665034,-0.0002631558280248303,0.0036215363902384334,-0.3555174570352956,-0.11738635882436066,-0.0038846922182632637,0.35525430120727075
29,1,0.8614088134476189,0.8594785324947979,0.8603400625723455,0.8627354348010023,0.6191958079682223,0.6257271569216152,0.005263206415326405,0.002349093599311791,0.008880442552704704,0.005497580855780966,0.0029141128160146135,-0.003617236137378299,0.5500494604109681,0.5577667703758178,0.006218898363248626,0.0027756415361818165,0.010492951501031467,0.006495830466820636,0.0034432568270668096,-0.004274053137782841
29,2,0.8614088134476189,0.8588978765662796,0.8603400625723455,0.8627354348010023,0.6191958079682223,0.6257271569216152,0.006846453664183461,0.003932340848168847,0.01046368980156176,0.007080828104638022,0.0029141128160146135,-0.003617236137378299,0.5500494604109681,0.5577667703758178,0.00808963132478746,0.004646374497720651,0.012363684462570301,0.008366563428359472,0.0034432568270668096,-0.004274053137782841
29,3,0.8614088134476189,0.8542749968736776,0.8603400625723455,0.8627354348010023,0.6191958079682223,0.6257271569216152,0.019451442601066904,0.01653732978505229,0.023068678738445203,0.019685817041521465,0.0029141128160146135,-0.003617236137378299,0.5500494604109681,0.5577667703758178,0.022983431583139646,0.019540174756072837,0.027257484720922487,0.023260363686711655,0.0034432568270668096,-0.004274053137782841
29,4,0.8614088134476189,0.8596018655082377,0.8603400625723455,0.8627354348010023,0.6191958079682223,0.6257271569216152,0.004926920080112307,0.0020128072640976935,0.008544156217490606,0.0051612945205668686,0.0029141128160146135,-0.003617236137378299,0.5500494604109681,0.5577667703758178,0.0058215492238424815,0.002378292396775672,0.010095602361625322,0.006098481327414492,0.0034432568270668096,-0.004274053137782841
29,5,0.8614088134476189,0.8521093111818089,0.8627800691351474,0.8615032541722248,0.6258488592642055,0.6223674278724605,0.02535651606219491,0.029095454542163557,0.025614023150418497,0.026688664584925654,-0.0037389384799686454,-0.00025750708822358526,0.5579105714049651,0.553796982410842,0.02996074707951346,0.03437860124644365,0.030265012252320478,0.031534786859425866,-0.004417854166930191,-0.0003042651728070167
29,6,0.8614088134476189,0.8426235821249131,0.8627800691351474,0.8615032541722248,0.6258488592642055,0.6223674278724605,0.051220807969204696,0.05495974644917334,0.05147831505742828,0.05255295649193544,-0.0037389384799686454,-0.00025750708822358526,0.5579105714049651,0.553796982410842,0.06052147183822654,0.06493932600515673,0.060825737011033554,0.06209551161813894,-0.004417854166930191,-0.0003042651728070167
29,7,0.8614088134476189,0.8552580994673067,0.8627800691351474,0.8615032541722248,0.6258488592642055,0.6223674278724605,0.01677086293200314,0.020509801411971784,0.017028370020226724,0.01810301145473388,-0.0037389384799686454,-0.00025750708822358526,0.5579105714049651,0.553796982410842,0.01981611280423834,0.02423396697116853,0.020120377977045356,0.02139015258415074,-0.004417854166930191,-0.0003042651728070167
29,9,0.8614088134476189,0.8462774624945918,0.8627800691351474,0.8615032541722248,0.6258488592642055,0.6223674278724605,0.04125794397553395,0.044996882455502596,0.041515451063757536,0.042590092498264696,-0.0037389384799686454,-0.00025750708822358526,0.5579105714049651,0.553796982410842,0.04874955303164419,0.05316740719857438,0.049053818204451205,0.05032359281155659,-0.004417854166930191,-0.0003042651728070167
29,10,0.8614088134476189,0.840815216132363,0.8627800691351474,0.8615032541722248,0.6258488592642055,0.6223674278724605,0.05615159458829144,0.05989053306826009,0.05640910167651503,0.05748374311102219,-0.0037389384799686454,-0.00025750708822358526,0.5579105714049651,0.553796982410842,0.0663475896864022,0.07076544385333239,0.06665185485920921,0.0679216294663146,-0.004417854166930191,-0.0003042651728070167
29,11,0.8614088134476189,0.8631448559630951,0.8611807037525554,0.8513743197527703,0.6214879447922438,0.59474933811253,-0.004733585590937173,-0.005355561582930268,-0.03209416826264411,-0.01406110514550385,0.0006219759919930956,0.027360582671706934,0.5527578029722136,0.5211640055426092,-0.0055931090975367415,-0.006328023363358137,-0.03792182079296247,-0.016614317751285784,0.0007349142658213959,0.03232871169542573
29,12,0.8614088134476189,0.8622357062526524,0.8611807037525554,0.8513743197527703,0.6214879447922438,0.59474933811253,-0.0022546497751426697,-0.0028766257671357653,-0.029615232446849604,-0.011582169329709346,0.0006219759919930956,0.027360582671706934,0.5527578029722136,0.5211640055426092,-0.002664048621673465,-0.0033989628874948608,-0.03499276031709919,-0.013685257275422505,0.0007349142658213959,0.03232871169542573
29,13,0.8614088134476189,0.8506288775731536,0.8611807037525554,0.8513743197527703,0.6214879447922438,0.59474933811253,0.029393144851984188,0.028771168859991092,0.002032562180277253,0.02006562529741751,0.0006219759919930956,0.027360582671706934,0.5527578029722136,0.5211640055426092,0.034730346102033516,0.03399543183621212,0.002401634406607789,0.023709137448284474,0.0007349142658213959,0.03232871169542573
29,14,0.8614088134476189,0.810986732941715,0.8611807037525554,0.8513743197527703,0.6214879447922438,0.59474933811253,0.1374835187618375,0.1368615427698444,0.11012293609013057,0.12815599920727083,0.0006219759919930956,0.027360582671706934,0.5527578029722136,0.5211640055426092,0.16244774807081264,0.16171283380499124,0.1301190363753869,0.1514265394170636,0.0007349142658213959,0.03232871169542573
30,0,0.9008407477457964,0.8907280300485158,0.8980278606382714,0.892333864106653,0.7219573568869024,0.7064318039717874,0.02757387238522324,0.01990410522087449,0.004378552305759453,0.017285509970619062,0.007669767164348751,0.023195320079463788,0.6714704304330269,0.6531257507846708,0.03258073051164034,0.0235182885891706,0.005173608940814534,0.020424209347208493,0.009062441922469744,0.02740712157082581
30,2,0.9008407477457964,0.9012437180921562,0.8980278606382714,0.892333864106653,0.7219573568869024,0.7064318039717874,-0.001098760317272851,-0.008768527481621602,-0.02429408039673664,-0.01138712273187703,0.007669767164348751,0.023195320079463788,0.6714704304330269,0.6531257507846708,-0.001298272991686722,-0.010360714914156466,-0.028705394562512532,-0.013454794156118574,0.009062441922469744,0.02740712157082581
30,3,0.9008407477457964,0.8967985242176773,0.8980278606382714,0.892333864106653,0.7219573568869024,0.7064318039717874,0.011021741044632827,0.003351973880284076,-0.012173579034830961,0.0007333786300286471,0.007669767164348751,0.023195320079463788,0.6714704304330269,0.6531257507846708,0.013023066536592465,0.003960624614122721,-0.014384055034233345,0.0008665453721606134,0.009062441922469744,0.02740712157082581
30,4,0.9008407477457964,0.895277379005809,0.8980278606382714,0.892333864106653,0.7219573568869024,0.7064318039717874,0.015169376250817712,0.007499609086468961,-0.008025943828646076,0.0048810138362135325,0.007669767164348751,0.023195320079463788,0.6714704304330269,0.6531257507846708,0.01792382849796703,0.008861386575497288,-0.009483293072858778,0.0057673073335351805,0.009062441922469744,0.02740712157082581
30,5,0.9008407477457964,0.9006920221613979,0.9005930934479716,0.8986756320890794,0.7289518567088522,0.7237236048781988,0.00040552306584451525,-0.0002697442765544622,-0.005497996107207914,-0.0017874057726392871,0.0006752673423989775,0.0059035191730524295,0.6797349901067269,0.6735573933745104,0.0004791578614695702,-0.0003187243873001844,-0.0064963211195167014,-0.0021119625484491054,0.0007978822487697546,0.006975478980986272
30,6,0.9008407477457964,0.9009334722164803,0.9005930934479716,0.8986756320890794,0.7289518567088522,0.7237236048781988,-0.0002528274592610291,-0.0009280948016600066,-0.006156346632313459,-0.0024457562977448313,0.0006752673423989775,0.0059035191730524295,0.6797349901067269,0.6735573933745104,-0.0002987358177715116,-0.0010966180665412661,-0.007274214798757783,-0.002889856227690187,0.0007978822487697546,0.006975478980986272
30,7,0.9008407477457964,0.8998361420055375,0.9005930934479716,0.8986756320890794,0.7289518567088522,0.7237236048781988,0.0027392112890493037,0.002063943946650326,-0.003164307884003126,0.0005462824505655014,0.0006752673423989775,0.0059035191730524295,0.6797349901067269,0.6735573933745104,0.0032365967164911247,0.00243871446772137,-0.003738882264495147,0.0006454763065724493,0.0007978822487697546,0.006975478980986272
30,8,0.9008407477457964,0.8869988416321294,0.9004089628230304,0.8060062189825956,0.7284497963818144,0.47104626852786813,0.037742075292888866,0.036564747623452076,-0.2208387802304942,-0.048843985771384414,0.0011773276694367896,0.25858085552338306,0.6791417657678569,0.3749989578012405,0.044595273630359866,0.04320416704272012,-0.2609386409238963,-0.0577130667502721,0.0013911065876397455,0.30553391455425616
30,9,0.9008407477457964,0.9055958941901258,0.9005930934479716,0.8986756320890794,0.7289518567088522,0.7237236048781988,-0.012965634476699073,-0.01364090181909805,-0.018869153649751502,-0.015158563315182874,0.0006752673423989775,0.0059035191730524295,0.6797349901067269,0.6735573933745104,-0.01531993174176527,-0.016117813990535024,-0.02229541072275154,-0.017911052151683943,0.0007978822487697546,0.006975478980986272
30,10,0.9008407477457964,0.8960725053698344,0.9005930934479716,0.8986756320890794,0.7289518567088522,0.7237236048781988,0.013001342538410232,0.012326075196011255,0.007097823365357803,0.01080841369992643,0.0006752673423989775,0.0059035191730524295,0.6797349901067269,0.6735573933745104,0.015362123666042393,0.014564241417272639,0.008386644685056122,0.012771003256123717,0.0007978822487697546,0.006975478980986272
30,12,0.9008407477457964,0.9004248412380593,0.9005930934479716,0.8986756320890794,0.7289518567088522,0.7237236048781988,0.0011340327409326,0.00045876539853362264,-0.004769486432119829,-0.0010588960975512023,0.0006752673423989775,0.0059035191730524295,0.6797349901067269,0.6735573933745104,0.0013399501748438958,0.0005420679260741412,-0.005635528806142376,-0.0012511702350747795,0.0007978822487697546,0.006975478980986272
30,13,0.9008407477457964,0.9002839750442045,0.900417701314946,0.8896574047478268,0.7284736232173035,0.6991340279422682,0.0015181259757105492,0.000364625141762831,-0.028974970133272437,-0.009030739671933019,0.0011535008339477182,0.030493096108982987,0.6791699190752767,0.6445028460714577,0.0017937869808903883,0.0004308337006704299,-0.03423623930314856,-0.010670539540529248,0.0013629532802199584,0.03603002628403895
30,14,0.9008407477457964,0.8949595083251026,0.900417701314946,0.8896574047478268,0.7284736232173035,0.6991340279422682,0.016036099306594997,0.01488259847264728,-0.014456996802387989,0.005487233658951429,0.0011535008339477182,0.030493096108982987,0.6791699190752767,0.6445028460714577,0.018947930949519742,0.017584977669299784,-0.01708209533451921,0.006483604428100105,0.0013629532802199584,0.03603002628403895
30,15,0.9008407477457964,0.8878151320568018,0.900417701314946,0.8896574047478268,0.7284736232173035,0.6991340279422682,0.035516334530318994,0.034362833696371275,0.005023238421336007,0.024967468882675425,0.0011535008339477182,0.030493096108982987,0.6791699190752767,0.6445028460714577,0.04196538331386879,0.04060243003364883,0.005935357029829835,0.02950105679244915,0.0013629532802199584,0.03603002628403895
30,16,0.9008407477457964,0.8849750923279982,0.900417701314946,0.8896574047478268,0.7284736232173035,0.6991340279422682,0.04326013747184232,0.0421066366378946,0.012767041362859333,0.03271127182419875,0.0011535008339477182,0.030493096108982987,0.6791699190752767,0.6445028460714577,0.051115304414839136,0.04975235113461918,0.015085278130800184,0.0386509778934195,0.0013629532802199584,0.03603002628403895
31,0,0.8841404264156308,0.8796364874188711,0.8832504616958968,0.8819483367981452,0.6816645172348925,0.6781140744325704,0.012280678927770183,0.009854053925087092,0.006303611122765007,0.009479447991874093,0.0024266250026830916,0.005977067805005176,0.6238612251712233,0.6196660936886595,0.014510602103898873,0.011643351027927684,0.007448219545363899,0.011200724225730152,0.002867251075971189,0.007062382558534974
31,2,0.8841404264156308,0.883171652088934,0.8832504616958968,0.8819483367981452,0.6816645172348925,0.6781140744325704,0.002641511456569434,0.00021488645388634264,-0.003335556348435742,-0.00015971947932665506,0.0024266250026830916,0.005977067805005176,0.6238612251712233,0.6196660936886595,0.0031211565683468834,0.0002539054923756945,-0.003941225990188091,-0.00018872130982183766,0.002867251075971189,0.007062382558534974
31,3,0.8841404264156308,0.8836143021038365,0.8832504616958968,0.8819483367981452,0.6816645172348925,0.6781140744325704,0.001434558450700285,-0.0009920665519828065,-0.004542509354304891,-0.001366672485195804,0.0024266250026830916,0.005977067805005176,0.6238612251712233,0.6196660936886595,0.0016950452817250383,-0.0011722057942461506,-0.005367337276809936,-0.0016148325964436827,0.002867251075971189,0.007062382558534974
31,4,0.8841404264156308,0.8837960470368748,0.8832504616958968,0.8819483367981452,0.6816645172348925,0.6781140744325704,0.0009390030777262082,-0.0014876219249568834,-0.005038064727278968,-0.001862227858169881,0.0024266250026830916,0.005977067805005176,0.6238612251712233,0.6196660936886595,0.0011095070651516714,-0.0017577440108195175,-0.005952875493383303,-0.0022003708130170496,0.002867251075971189,0.007062382558534974
31,5,0.8841404264156308,0.8762205829446732,0.8838767425888183,0.8867922300804199,0.6833721679313383,0.6913216907441577,0.021594665224151766,0.020875690917914413,0.02882521373073388,0.02376518995760002,0.0007189743062373521,-0.007230548506582113,0.6258789507330029,0.6352719462775608,0.025515820133200418,0.02466629461900882,0.03405929016356668,0.02808046830525864,0.0008495255141915958,-0.008543470030366263
31,6,0.8841404264156308,0.8839191967906015,0.8838767425888183,0.8867922300804199,0.6833721679313383,0.6913216907441577,0.0006032164281645214,-0.00011575787807283078,0.007833764934746634,0.002773741161612775,0.0007189743062373521,-0.007230548506582113,0.6258789507330029,0.6352719462775608,0.0007127483442170846,-0.00013677716997451128,0.009256218374583347,0.003277396516275307,0.0008495255141915958,-0.008543470030366263
31,7,0.8841404264156308,0.8806614169013425,0.8838767425888183,0.8867922300804199,0.6833721679313383,0.6913216907441577,0.009486051845367105,0.008767077539129753,0.016716600351949218,0.011656576578815359,0.0007189743062373521,-0.007230548506582113,0.6258789507330029,0.6352719462775608,0.011208527205593954,0.010359001691402359,0.019751997235960217,0.013773175377652177,0.0008495255141915958,-0.008543470030366263
31,8,0.8841404264156308,0.890535022625972,0.8838767425888183,0.8867922300804199,0.6833721679313383,0.6913216907441577,-0.017435845154304297,-0.01815481946054165,-0.010205296647722184,-0.015265320420856043,0.0007189743062373521,-0.007230548506582113,0.6258789507330029,0.6352719462775608,-0.020601842362899747,-0.021451367877091343,-0.012058372332533485,-0.018037194190841526,0.0008495255141915958,-0.008543470030366263
31,9,0.8841404264156308,0.8834081516249842,0.8838767425888183,0.8867922300804199,0.6833721679313383,0.6913216907441577,0.001996659279200119,0.001277684972962767,0.009227207785782232,0.004167184012648373,0.0007189743062373521,-0.007230548506582113,0.6258789507330029,0.6352719462775608,0.002359212264072319,0.0015096867498807232,0.010902682294438582,0.004923860436130541,0.0008495255141915958,-0.008543470030366263
31,11,0.8841404264156308,0.8828640070875712,0.8825321655343694,0.7358843593783517,0.6797059728271831,0.2798482873302024,0.003480352632746153,-0.0009048167776463112,-0.40076250227462706,-0.13272898880650907,0.004385169410392464,0.4042428549073732,0.6215470486692367,0.14908328615589217,0.0041123143542851626,-0.0010691132236726464,-0.4735328757370172,-0.15682989153546822,0.005181427577957809,0.47764519009130235
31,12,0.8841404264156308,0.8640379024446222,0.8825321655343694,0.7358843593783517,0.6797059728271831,0.2798482873302024,0.0548126079645771,0.050427438554184634,-0.3494302469427961,-0.08139673347467813,0.004385169410392464,0.4042428549073732,0.6215470486692367,0.14908328615589217,0.0647654701445235,0.05958404256656569,-0.41287971994677886,-0.09617673574522989,0.005181427577957809,0.47764519009130235
31,14,0.8841404264156308,0.874279500206614,0.8825321655343694,0.7358843593783517,0.6797059728271831,0.2798482873302024,0.026887324359963993,0.02250215494957153,-0.3773555305474092,-0.10932201707929123,0.004385169410392464,0.4042428549073732,0.6215470486692367,0.14908328615589217,0.0317695192359162,0.02658809165795839,-0.44587567085538615,-0.1291726866538372,0.005181427577957809,0.47764519009130235
31,15,0.8841404264156308,0.8719349663055583,0.8825321655343694,0.7358843593783517,0.6797059728271831,0.2798482873302024,0.0332800548331903,0.028894885422797834,-0.3709628000741829,-0.10292928660606493,0.004385169410392464,0.4042428549073732,0.6215470486692367,0.14908328615589217,0.039323040405229825,0.034141612827272017,-0.4383221496860725,-0.12161916548452356,0.005181427577957809,0.47764519009130235
31,16,0.8841404264156308,0.8827192691698956,0.8825321655343694,0.7358843593783517,0.6797059728271831,0.2798482873302024,0.0038750027150243893,-0.000510166695368075,-0.4003678521923488,-0.13233433872423084,0.004385169410392464,0.4042428549073732,0.6215470486692367,0.14908328615589217,0.004578624918048946,-0.0006028026599088632,-0.4730665651732534,-0.15636358097170444,0.005181427577957809,0.47764519009130235
32,0,0.8515372677088904,0.8508290003810783,0.8513401696144389,0.8364883845031786,0.5946562225342575,0.5541605576092123,0.0019311992578378012,0.001393781140724193,-0.039101883784321,-0.011925634461919668,0.0005374181171136083,0.0410330830421588,0.5210539820566169,0.4732051225500489,0.002281866025376056,0.0016468636361164357,-0.046201995870451595,-0.014091088736319701,0.0006350023892596202,0.04848386189582765
32,1,0.8515372677088904,0.8512482698317274,0.8513401696144389,0.8364883845031786,0.5946562225342575,0.5541605576092123,0.000787996938413027,0.00025057882129941866,-0.040245086103745775,-0.013068836781344443,0.0005374181171136083,0.0410330830421588,0.5210539820566169,0.4732051225500489,0.0009310812618467113,0.0002960788725870911,-0.04755278063398094,-0.015441873499849046,0.0006350023892596202,0.04848386189582765
32,2,0.8515372677088904,0.8507441722157936,0.8513401696144389,0.8364883845031786,0.5946562225342575,0.5541605576092123,0.002162496232029465,0.0016250781149158566,-0.03887058681012934,-0.011694337487728005,0.0005374181171136083,0.0410330830421588,0.5210539820566169,0.4732051225500489,0.0025551618569885637,0.0019201594677289435,-0.04592870003883909,-0.013817792904707193,0.0006350023892596202,0.04848386189582765
32,3,0.8515372677088904,0.8481962183554418,0.8513401696144389,0.8364883845031786,0.5946562225342575,0.5541605576092123,0.009109882354324639,0.00857246423721103,-0.03192320068783416,-0.004746951365432832,0.0005374181171136083,0.0410330830421588,0.5210539820566169,0.4732051225500489,0.010764052935055335,0.010129050545795715,-0.037719808960772316,-0.005608901826640422,0.0006350023892596202,0.04848386189582765
32,4,0.8515372677088904,0.8513694723329377,0.8513401696144389,0.8364883845031786,0.5946562225342575,0.5541605576092123,0.0004575197708320822,-7.989834628152614e-05,-0.04057556327132672,-0.013399313948925387,0.0005374181171136083,0.0410330830421588,0.5210539820566169,0.4732051225500489,0.0005405961175485308,-9.44062717110894e-05,-0.04794326577827912,-0.015832358644147226,0.0006350023892596202,0.04848386189582765
32,5,0.8515372677088904,0.8526685751579822,0.8522663742933374,0.8407062046928024,0.5971816613315266,0.5656610898235922,-0.003084682887775969,-0.0010966622076205024,-0.032617233715554916,-0.012266192936983797,-0.0019880206801554667,0.029532550827778947,0.5240379895158508,0.4867939190593831,-0.0036447989776856593,-0.0012957939077113956,-0.03853986436417911,-0.014493485749858722,-0.0023490050699742637,0.03489506538649345
32,6,0.8515372677088904,0.8519630009974021,0.8522663742933374,0.8407062046928024,0.5971816613315266,0.5656610898235922,-0.0011608269625404954,0.0008271937176149713,-0.030693377790319443,-0.010342337011748323,-0.0019880206801554667,0.029532550827778947,0.5240379895158508,0.4867939190593831,-0.001371609685748787,0.0009773953842254768,-0.03626667507224224,-0.01222029645792185,-0.0023490050699742637,0.03489506538649345
32,7,0.8515372677088904,0.8322115292426677,0.8522663742933374,0.8407062046928024,0.5971816613315266,0.5656610898235922,0.05269458341165001,0.054682604091805476,0.02316203258387106,0.04351307336244218,-0.0019880206801554667,0.029532550827778947,0.5240379895158508,0.4867939190593831,0.06226285512506291,0.06461186019503717,0.02736778973856946,0.051414168352889845,-0.0023490050699742637,0.03489506538649345
32,8,0.8515372677088904,0.8324325826652278,0.8522663742933374,0.8407062046928024,0.5971816613315266,0.5656610898235922,0.052091847426482873,0.05407986810663834,0.022559296598703926,0.042910337377275044,-0.0019880206801554667,0.029532550827778947,0.5240379895158508,0.4867939190593831,0.061550674462584554,0.06389967953255882,0.026655609076091102,0.05070198769041149,-0.0023490050699742637,0.03489506538649345
32,9,0.8515372677088904,0.8473590808081861,0.8523032446488008,0.7551032572689211,0.5972821939980936,0.3322515535621572,0.011392465986923561,0.013481019333645983,-0.2515496211022904,-0.07555871192724029,-0.0020885533467224215,0.26294208708921396,0.524156776883518,0.21100192678715946,0.013461107638327308,0.01592890007596881,-0.29722595002038976,-0.08927864743536455,-0.002467792437641503,0.31068705765871707
32,10,0.8515372677088904,0.833934726187212,0.8516194016505657,0.7831952259645244,0.5954175914125854,0.4088486052202438,0.04799602323566021,0.0482199739968745,-0.13834901219546714,-0.014044338320977475,-0.0002239507612142866,0.18634503543112735,0.5219536001406567,0.30150745547001856,0.056711131350179356,0.05697574704495956,-0.1634703976256786,-0.0165945064101799,-0.0002646156947802014,0.22018152897585797
32,11,0.8515372677088904,0.8410789027071495,0.8516194016505657,0.7831952259645244,0.5954175914125854,0.4088486052202438,0.028516332656416843,0.02874028341763113,-0.1578287027747105,-0.03352402890022085,-0.0002239507612142866,0.18634503543112735,0.5219536001406567,0.30150745547001856,0.03369432252674476,0.03395893822152496,-0.1864872064491132,-0.0396113152336145,-0.0002646156947802014,0.22018152897585797
32,12,0.8515372677088904,0.8468086801257114,0.8516194016505657,0.7831952259645244,0.5954175914125854,0.4088486052202438,0.012893217677379498,0.013117168438593785,-0.17345181775374785,-0.04914714387925819,-0.0002239507612142866,0.18634503543112735,0.5219536001406567,0.30150745547001856,0.015234365514788406,0.015498981209568607,-0.20494716346106956,-0.05807127224557085,-0.0002646156947802014,0.22018152897585797
32,13,0.8515372677088904,0.818573187714023,0.8516194016505657,0.7831952259645244,0.5954175914125854,0.4088486052202438,0.0898816087112948,0.09010555947250909,-0.09646342671983255,0.027841247154657116,-0.0002239507612142866,0.18634503543112735,0.5219536001406567,0.30150745547001856,0.10620229289755956,0.10646690859233976,-0.11397923607829841,0.032896655137200304,-0.0002646156947802014,0.22018152897585797
33,0,0.9268003734776105,0.9172619976536742,0.9273717517394293,0.9221458926719008,0.8019679665696777,0.7877188620910724,0.026007841374059204,0.027565791644867277,0.013316687166261998,0.022296773395062825,-0.0015579502708080728,0.012691154207797206,0.7660093503107996,0.7491728963458341,0.03073033990872498,0.032571182472098004,0.015734728507132423,0.026345416962651802,-0.001840842563373024,0.014995611401592557
33,1,0.9268003734776105,0.9271433917636221,0.9273717517394293,0.9221458926719008,0.8019679665696777,0.7877188620910724,-0.0009352918500660223,0.0006226584207420505,-0.013626446057863228,-0.0046463598290624,-0.0015579502708080728,0.012691154207797206,0.7660093503107996,0.7491728963458341,-0.0011051219535295198,0.0007357206098435043,-0.016100733355122077,-0.005490044899602697,-0.001840842563373024,0.014995611401592557
33,2,0.9268003734776105,0.9264005226937666,0.9273717517394293,0.9221458926719008,0.8019679665696777,0.7877188620910724,0.0010902543526757347,0.0026482046234838075,-0.011600899855121471,-0.002620813626320643,-0.0015579502708080728,0.012691154207797206,0.7660093503107996,0.7491728963458341,0.0012882225157722083,0.0031290650791452324,-0.013707388885820349,-0.0030967004303009693,-0.001840842563373024,0.014995611401592557
33,3,0.9268003734776105,0.9274324295522338,0.9273717517394293,0.9221458926719008,0.8019679665696777,0.7877188620910724,-0.001723397613151656,-0.00016544734234358316,-0.014414551820948862,-0.005434465592148034,-0.0015579502708080728,0.012691154207797206,0.7660093503107996,0.7491728963458341,-0.00203633180041074,-0.00019548923703771592,-0.017031943202003297,-0.006421254746483918,-0.001840842563373024,0.014995611401592557
33,4,0.9268003734776105,0.9278912297748323,0.9273717517394293,0.9221458926719008,0.8019679665696777,0.7877188620910724,-0.0029743866318250323,-0.0014164363610169595,-0.01566554083962224,-0.00668545461082141,-0.0015579502708080728,0.012691154207797206,0.7660093503107996,0.7491728963458341,-0.0035144751500645333,-0.0016736325866915092,-0.01851008655165709,-0.00789939809613771,-0.001840842563373024,0.014995611401592557
33,5,0.9268003734776105,0.8391564590621227,0.9259195733232541,0.6187014265481549,0.7980083798861736,-0.03966891193413802,0.23897454510017124,0.23657290868747516,-0.6011043831328364,-0.04185230978173001,0.0024016364126960843,0.8400789282330077,0.7613307826845178,-0.2284517810131399,0.2823674942813983,0.2795297692184895,-0.7102527944791682,-0.04945184365976015,0.0028377250629088024,0.9926202887605665
33,6,0.9268003734776105,0.9240147666099491,0.9259168124937406,0.9255071672540838,0.7980008520620057,0.7968838916266769,0.007595383415572865,0.005186219178708873,0.004069258743380155,0.005616953779220631,0.002409164236863992,0.0035261246721927098,0.7613218879595722,0.7600021100761034,0.008974551587755175,0.006127931799900788,0.0048081539164319675,0.006636879101362643,0.0028466197878543875,0.004166397671323208
33,7,0.9268003734776105,0.9250160205736617,0.9259168124937406,0.9255071672540838,0.7980008520620057,0.7968838916266769,0.004865311258210547,0.0024561470213465553,0.0013391865860178376,0.0028868816218583135,0.002409164236863992,0.0035261246721927098,0.7613218879595722,0.7600021100761034,0.005748753484619673,0.0029021336967652855,0.0015823558132964655,0.0034110809982271415,0.0028466197878543875,0.004166397671323208
33,8,0.9268003734776105,0.9223597206580709,0.9259168124937406,0.9255071672540838,0.7980008520620057,0.7968838916266769,0.012108119480680357,0.009698955243816365,0.008581994808487647,0.010129689844328124,0.002409164236863992,0.0035261246721927098,0.7613218879595722,0.7600021100761034,0.014306709347585156,0.011460089559730768,0.010140311676261948,0.011969036861192625,0.0028466197878543875,0.004166397671323208
33,9,0.9268003734776105,0.9244372030085803,0.9268061313504187,0.62361960719261,0.8004257160202282,-0.02625873976111781,0.006443545927825811,0.00645924564918432,-0.8202252101321617,-0.26910747285171716,-1.569972135850861e-05,0.8266687560599875,0.7641870582209888,-0.2126065925107803,0.007613563683799951,0.007632114157362091,-0.969161536574407,-0.31797195291108166,-1.8550473562140013e-05,0.9767751002582069
33,10,0.9268003734776105,0.9240742223829248,0.9268061313504187,0.62361960719261,0.8004257160202282,-0.02625873976111781,0.007433268151835426,0.007448967873193935,-0.819235487908152,-0.26811775062770754,-1.569972135850861e-05,0.8266687560599875,0.7641870582209888,-0.2126065925107803,0.008782999467477626,0.008801549941039766,-0.9679921007907293,-0.316802517127404,-1.8550473562140013e-05,0.9767751002582069
33,11,0.9268003734776105,0.909604119565948,0.9268061313504187,0.62361960719261,0.8004257160202282,-0.02625873976111781,0.04688821789137676,0.04690391761273527,-0.7797805381686107,-0.22866280088816623,-1.569972135850861e-05,0.8266687560599875,0.7641870582209888,-0.2126065925107803,0.05540217093732147,0.05542072141088361,-0.9213729293208854,-0.27018334565756014,-1.8550473562140013e-05,0.9767751002582069
33,12,0.9268003734776105,0.9265747847184875,0.9268061313504187,0.62361960719261,0.8004257160202282,-0.02625873976111781,0.000615102274363788,0.0006308019957222966,-0.8260536537856237,-0.2749359165051792,-1.569972135850861e-05,0.8266687560599875,0.7641870582209888,-0.2126065925107803,0.0007267924199462206,0.0007453428935083606,-0.9760483078382607,-0.3248587241749354,-1.8550473562140013e-05,0.9767751002582069
33,13,0.9268003734776105,0.9215920171937543,0.9268061313504187,0.62361960719261,0.8004257160202282,-0.02625873976111781,0.014201380460412194,0.014217080181770703,-0.8124673755995753,-0.2613496383191308,-1.569972135850861e-05,0.8266687560599875,0.7641870582209888,-0.2126065925107803,0.016780064229278246,0.016798614702840386,-0.9599950360289287,-0.30880545236560336,-1.8550473562140013e-05,0.9767751002582069
34,0,0.9366201315769253,0.9322697214267145,0.9357027900719481,0.9353810563617742,0.8246838175104243,0.823806561313631,0.011862059032612837,0.009360787035401774,0.008483530838608422,0.009902125635541012,0.002501271997211063,0.0033785281940044154,0.7928499408344459,0.7918133926362789,0.014015969293520003,0.011060516836972178,0.01002396863880517,0.011700151589765784,0.0029554524565478246,0.0039920006547148335
34,1,0.9366201315769253,0.9364545685028437,0.9357027900719481,0.9353810563617742,0.8246838175104243,0.823806561313631,0.0004514330581637527,-0.0020498389390473104,-0.0029270951358406627,-0.0015085003389080736,0.002501271997211063,0.0033785281940044154,0.7928499408344459,0.7918133926362789,0.0005334041808345846,-0.00242204827571324,-0.003458596473880249,-0.0017824135229196347,0.0029554524565478246,0.0039920006547148335
34,2,0.9366201315769253,0.9372572854766618,0.9357027900719481,0.9353810563617742,0.8246838175104243,0.823806561313631,-0.001737297613460087,-0.00423856961067115,-0.0051158258074645024,-0.003697231010531913,0.002501271997211063,0.0033785281940044154,0.7928499408344459,0.7918133926362789,-0.0020527557599415713,-0.005008208216489396,-0.006044756414656405,-0.004368573463695791,0.0029554524565478246,0.0039920006547148335
34,3,0.9366201315769253,0.9374147456975951,0.9357027900719481,0.9353810563617742,0.8246838175104243,0.823806561313631,-0.002166637002507965,-0.004667908999719028,-0.0055451651965123805,-0.0041265703995797915,0.002501271997211063,0.0033785281940044154,0.7928499408344459,0.7918133926362789,-0.0025600545077264503,-0.005515506964274275,-0.006552055162441284,-0.00487587221148067,0.0029554524565478246,0.0039920006547148335
34,4,0.9366201315769253,0.9356334356718625,0.9357027900719481,0.9353810563617742,0.8246838175104243,0.823806561313631,0.0026903773825841526,0.00018910538537308952,-0.0006881508114202628,0.0007304439855123265,0.002501271997211063,0.0033785281940044154,0.7928499408344459,0.7918133926362789,0.0031788955592454426,0.00022344310269761802,-0.0008131050954693908,0.0008630778554912233,0.0029554524565478246,0.0039920006547148335
34,5,0.9366201315769253,0.9360211736013916,0.9367861680583472,0.9353383154594749,0.82763781338336,0.8236900217027263,0.0016331505808688807,0.002085874456593473,-0.001861917224040166,0.0006190359378073959,-0.00045272387572459216,0.0034950678049090467,0.7963403226757788,0.7916756917865844,0.0019296977304040785,0.002464627115189133,-0.0022000037740053102,0.0007314403571959671,-0.0005349293847850545,0.004129701504409389
34,6,0.9366201315769253,0.9308797898065228,0.9363583474317567,0.9309766982707683,0.8264712949741151,0.8117974049646035,0.015651920301029354,0.01493812576750908,0.00026423575799749965,0.010284760608845311,0.0007137945335202733,0.015387684543031854,0.7949619880915932,0.7776236161256175,0.018493992798443215,0.0176505875990427,0.0003122156330669368,0.012152265343517618,0.0008434051994005154,0.01818177716537628
34,7,0.9366201315769253,0.9327312549560502,0.9367861680583472,0.9353383154594749,0.82763781338336,0.8236900217027263,0.010603617234833052,0.011056341110557644,0.007108549429924005,0.009589502591771567,-0.00045272387572459216,0.0034950678049090467,0.7963403226757788,0.7916756917865844,0.012529019890649029,0.013063949275434084,0.00839931838623964,0.011330762517440918,-0.0005349293847850545,0.004129701504409389
34,8,0.9366201315769253,0.9359177430280512,0.9362855414942352,0.9304958767038263,0.8262727784437223,0.8104863713805761,0.0019151698674140238,0.0010028588035009278,-0.01478354825964523,-0.003955173196243426,0.000912311063913096,0.016698718127059253,0.7947274249700819,0.7760745253306734,0.0022629260215066838,0.0011849577005947909,-0.017467941938813625,-0.00467335273890405,0.0010779683209118929,0.01973086796032031
34,9,0.9366201315769253,0.9358663860116652,0.9362855414942352,0.9304958767038263,0.8262727784437223,0.8104863713805761,0.002055202631929376,0.0011428915680162799,-0.014643515495129877,-0.0038151404317280737,0.000912311063913096,0.016698718127059253,0.7947274249700819,0.7760745253306734,0.002428385906855346,0.001350417585943453,-0.017302482053464963,-0.004507892853555388,0.0010779683209118929,0.01973086796032031
34,10,0.9366201315769253,0.9358179759895981,0.9362855414942352,0.9304958767038263,0.8262727784437223,0.8104863713805761,0.0021871999654454743,0.0012748889015323783,-0.014511518161613779,-0.0036831430982119753,0.000912311063913096,0.016698718127059253,0.7947274249700819,0.7760745253306734,0.0025843512892819165,0.0015063829683700236,-0.017146516671038392,-0.004351927471128818,0.0010779683209118929,0.01973086796032031
34,11,0.9366201315769253,0.9355928277862878,0.9362855414942352,0.9304958767038263,0.8262727784437223,0.8104863713805761,0.002801100996966399,0.0018887899330533031,-0.013897617130092854,-0.0030692420666910505,0.000912311063913096,0.016698718127059253,0.7947274249700819,0.7760745253306734,0.003309724344954801,0.002231756024042908,-0.016421143615365508,-0.003626554415455933,0.0010779683209118929,0.01973086796032031
34,12,0.9366201315769253,0.9363332559655119,0.9362855414942352,0.9304958767038263,0.8262727784437223,0.8104863713805761,0.0007822102560692823,-0.00013010080784381373,-0.01591650787098997,-0.005088132807588168,0.000912311063913096,0.016698718127059253,0.7947274249700819,0.7760745253306734,0.0009242438349025273,-0.0001537244860093656,-0.01880662412541778,-0.006012034925508207,0.0010779683209118929,0.01973086796032031
34,13,0.9366201315769253,0.9340868948837869,0.9362855414942352,0.9304958767038263,0.8262727784437223,0.8104863713805761,0.006907257513669607,0.005994946449756511,-0.009791460613389646,0.001036914450012157,0.000912311063913096,0.016698718127059253,0.7947274249700819,0.7760745253306734,0.0081614759248676,0.007083507603955708,-0.011569392035452708,0.0012251971644568667,0.0010779683209118929,0.01973086796032031
35,0,0.9353883885973504,0.9316428570000825,0.9353828256995097,0.9233967330835163,0.8238113856837347,0.791129469893705,0.010212765091391574,0.010197596999119707,-0.022484318790909952,-0.0006913189001328904,1.5168092271866662e-05,0.032697083882301525,0.7918190930145226,0.7532028016179719,0.01206719689468172,0.012049274583307401,-0.02656701681324325,-0.0008168484450847094,1.7922311374318767e-05,0.03863421370792497
35,1,0.9353883885973504,0.9367464801584052,0.9353828256995097,0.9233967330835163,0.8238113856837347,0.791129469893705,-0.003703044474587136,-0.0037182125668590027,-0.03640012835688866,-0.0146071284661116,1.5168092271866662e-05,0.032697083882301525,0.7918190930145226,0.7532028016179719,-0.004375442535369034,-0.004393364846743353,-0.043009656243294,-0.017259487875135465,1.7922311374318767e-05,0.03863421370792497
35,2,0.9353883885973504,0.9337774839459804,0.9353828256995097,0.9233967330835163,0.8238113856837347,0.791129469893705,0.004392378054178692,0.004377209961906825,-0.028304705828122834,-0.006511705937345773,1.5168092271866662e-05,0.032697083882301525,0.7918190930145226,0.7532028016179719,0.00518994516581317,0.005172022854438851,-0.0334442685421118,-0.0076941001739532595,1.7922311374318767e-05,0.03863421370792497
35,3,0.9353883885973504,0.935896667027506,0.9353828256995097,0.9233967330835163,0.8238113856837347,0.791129469893705,-0.0013858989233961339,-0.0014010670156680005,-0.03408298280569766,-0.012289982914920597,1.5168092271866662e-05,0.032697083882301525,0.7918190930145226,0.7532028016179719,-0.001637550167373103,-0.0016554724787474218,-0.04027176387529807,-0.014521595507139532,1.7922311374318767e-05,0.03863421370792497
35,4,0.9353883885973504,0.9380091084205868,0.9353828256995097,0.9233967330835163,0.8238113856837347,0.791129469893705,-0.007145793655723098,-0.007160961747994965,-0.039842877538024624,-0.018049877647247563,1.5168092271866662e-05,0.032697083882301525,0.7918190930145226,0.7532028016179719,-0.008443325410966485,-0.008461247722340803,-0.047077539118891454,-0.021327370750732915,1.7922311374318767e-05,0.03863421370792497
35,5,0.9353883885973504,0.9349221854130267,0.9353828256995097,0.9233967330835163,0.8238113856837347,0.791129469893705,0.001271174326717528,0.0012560062344456613,-0.031425909555584,-0.009632909664806935,1.5168092271866662e-05,0.032697083882301525,0.7918190930145226,0.7532028016179719,0.0015019939018174888,0.00148407159044317,-0.03713221980610748,-0.01138205143794894,1.7922311374318767e-05,0.03863421370792497
35,6,0.9353883885973504,0.9336584322454672,0.9353828256995097,0.9233967330835163,0.8238113856837347,0.791129469893705,0.004716990734514592,0.004701822642242726,-0.027980093147786933,-0.006187093257009872,1.5168092271866662e-05,0.032697083882301525,0.7918190930145226,0.7532028016179719,0.005573500950467936,0.005555578639093617,-0.033060712757457034,-0.007310544389298494,1.7922311374318767e-05,0.03863421370792497
35,7,0.9353883885973504,0.9364002835377223,0.9342656306372341,0.9271233177496925,0.8207651823782798,0.8012905732779618,-0.0027590864086486366,-0.005820457806375412,-0.025295066906693364,-0.011291537040572472,0.0030613713977267754,0.022535980498044728,0.7882197607338712,0.7652089560832692,-0.0032600807562556122,-0.006877335348281277,-0.02988813999888329,-0.013341852034473392,0.003617254592025665,0.026628059242627677
35,8,0.9353883885973504,0.9340479801085164,0.9342656306372341,0.9271233177496925,0.8207651823782798,0.8012905732779618,0.0036548288720763544,0.0005934574743495791,-0.018881151625968373,-0.00487762175984748,0.0030613713977267754,0.022535980498044728,0.7882197607338712,0.7652089560832692,0.004318471953583591,0.0007012173615579265,-0.022309587289044086,-0.00576329932463419,0.003617254592025665,0.026628059242627677
35,9,0.9353883885973504,0.9247163630538869,0.9346490798385362,0.7262909714242386,0.8218107153061655,0.2536904469645225,0.029098910820622992,0.02708307235078189,-0.5410371959908611,-0.16161840427315208,0.0020158384698411025,0.5701361068114841,0.7894551413176569,0.11817571046922726,0.03438268511524101,0.03200081110700104,-0.6392786197414286,-0.1909650411730622,0.0023818740082399703,0.6736613048566696
35,10,0.9353883885973504,0.9370547743511684,0.9346490798385362,0.7262909714242386,0.8218107153061655,0.2536904469645225,-0.004543655770464783,-0.006559494240305885,-0.5746797625819489,-0.19526097086423985,0.0020158384698411025,0.5701361068114841,0.7894551413176569,0.11817571046922726,-0.005368691858982588,-0.007750565867222559,-0.6790299967156522,-0.2307164181472858,0.0023818740082399703,0.6736613048566696
35,11,0.9353883885973504,0.9339603007281607,0.9342656306372341,0.9271233177496925,0.8207651823782798,0.8012905732779618,0.003893900120489957,0.0008325287227631817,-0.01864208037755477,-0.004638550511433877,0.0030613713977267754,0.022535980498044728,0.7882197607338712,0.7652089560832692,0.004600953710546363,0.0009836991185206978,-0.022027105532081315,-0.005480817567671418,0.003617254592025665,0.026628059242627677
35,12,0.9353883885973504,0.9253389118219317,0.9354349451494648,0.7561020592238994,0.823953497340054,0.33497493994246597,0.027401436333793217,0.027528379897840627,-0.46145017749974737,-0.13550678708937117,-0.00012694356404741036,0.4888516138335406,0.791987009276425,0.21421982511120707,0.03237698355714502,0.03252697750767308,-0.5452402066575448,-0.16011208186424222,-0.00014999395052806008,0.5776171902146898
35,13,0.9353883885973504,0.9346995787229306,0.9354349451494648,0.7561020592238994,0.823953497340054,0.33497493994246597,0.0018781455335235009,0.0020050890975709112,-0.4869734683000171,-0.16103007788964088,-0.00012694356404741036,0.4888516138335406,0.791987009276425,0.21421982511120707,0.002219178816616374,0.002369172767144434,-0.5753980113980735,-0.19026988660477087,-0.00014999395052806008,0.5776171902146898
35,14,0.9353883885973504,0.9344800699395187,0.9354349451494648,0.7561020592238994,0.823953497340054,0.33497493994246597,0.0024766698236720064,0.0026036133877194167,-0.4863749440098686,-0.16043155359949238,-0.00012694356404741036,0.4888516138335406,0.791987009276425,0.21421982511120707,0.0029263830253529743,0.0030763769758810344,-0.5746908071893368,-0.18956268239603427,-0.00014999395052806008,0.5776171902146898
36,0,0.8715764442154693,0.810786662918926,0.8709976250170788,0.8404394642060393,0.6482552829368202,0.5649337810662286,0.16575264157203362,0.1641744024489511,0.08085290057835948,0.1369266481997814,0.0015782391230825255,0.08489974099367414,0.5843855489202129,0.4859345457261287,0.19584997243785662,0.19398515697654928,0.0955341537824651,0.16178976106562368,0.0018648154613073453,0.10031581865539152
36,2,0.8715764442154693,0.8715084314129962,0.8709976250170788,0.8404394642060393,0.6482552829368202,0.5649337810662286,0.0001854473141735813,-0.0013927918089089442,-0.08471429367950056,-0.028640546058078642,0.0015782391230825255,0.08489974099367414,0.5843855489202129,0.4859345457261287,0.00021912079967534304,-0.0016456946616320023,-0.10009669785571618,-0.03384109057255761,0.0018648154613073453,0.10031581865539152
36,3,0.8715764442154693,0.8753298606617541,0.8709976250170788,0.8404394642060393,0.6482552829368202,0.5649337810662286,-0.010234264338881527,-0.011812503461964052,-0.09513400533255567,-0.03906025771113375,0.0015782391230825255,0.08489974099367414,0.5843855489202129,0.4859345457261287,-0.012092599971148088,-0.013957415432455433,-0.11240841862653961,-0.04615281134338104,0.0018648154613073453,0.10031581865539152
36,4,0.8715764442154693,0.8758503671582715,0.8709976250170788,0.8404394642060393,0.6482552829368202,0.5649337810662286,-0.011653504956515737,-0.013231744079598262,-0.09655324595018988,-0.04047949832876796,0.0015782391230825255,0.08489974099367414,0.5843855489202129,0.4859345457261287,-0.013769546010801714,-0.01563436147210906,-0.11408536466619323,-0.04782975738303467,0.0018648154613073453,0.10031581865539152
36,5,0.8715764442154693,0.8629388969796812,0.8714697461540206,0.863658975410033,0.6495425934669956,0.6282453317246981,0.023551594371610474,0.023260665778703338,0.0019634040364058247,0.016258554728906544,0.0002909285929071359,0.02158819033520465,0.5859066090340226,0.5607421948462818,0.02782808807630932,0.027484332728811678,0.002319918541070942,0.01921077978206398,0.0003437553474976429,0.02550816953523838
36,7,0.8715764442154693,0.8560365557407036,0.8714697461540206,0.863658975410033,0.6495425934669956,0.6282453317246981,0.042371884048441055,0.04208095545553392,0.020783693713236406,0.03507884440573713,0.0002909285929071359,0.02158819033520465,0.5859066090340226,0.5607421948462818,0.050065762115898416,0.04972200676840077,0.024557592580660037,0.041448453821653075,0.0003437553474976429,0.02550816953523838
36,8,0.8715764442154693,0.8697554022021676,0.8714697461540206,0.863658975410033,0.6495425934669956,0.6282453317246981,0.004965349729520674,0.004674421136613538,-0.016622840605683975,-0.0023276899131832542,0.0002909285929071359,0.02158819033520465,0.5859066090340226,0.5607421948462818,0.005866956921156019,0.005523201573658376,-0.01964121261408236,-0.0027503513730893214,0.0003437553474976429,0.02550816953523838
36,9,0.8715764442154693,0.8683615988016387,0.8714697461540206,0.863658975410033,0.6495425934669956,0.6282453317246981,0.00876576799953832,0.008474839406631185,-0.012822422335666328,0.0014727283568343925,0.0002909285929071359,0.02158819033520465,0.5859066090340226,0.5607421948462818,0.010357454365878871,0.010013699018381228,-0.015150715169359508,0.0017401460716335304,0.0003437553474976429,0.02550816953523838
36,10,0.8715764442154693,0.8789471088419133,0.8711713925968542,0.8667760993378213,0.6487290868353215,0.6367446471378904,-0.0200972450618786,-0.021201680286459856,-0.03318611998389098,-0.02482834844407648,0.0011044352245812572,0.013088874922012383,0.584945386034013,0.570784814219506,-0.023746498723130394,-0.025051477070637596,-0.039212048885144624,-0.02933667489297087,0.0013049783475072019,0.01546555016201423
36,11,0.8715764442154693,0.8655001031089253,0.8711713925968542,0.8667760993378213,0.6487290868353215,0.6367446471378904,0.01656807391014037,0.015463638685559111,0.003479198988127985,0.011836970527942489,0.0011044352245812572,0.013088874922012383,0.584945386034013,0.570784814219506,0.019576501393126722,0.01827152304561952,0.004110951231112492,0.013986325223286245,0.0013049783475072019,0.01546555016201423
36,12,0.8715764442154693,0.868812763166644,0.8711713925968542,0.8667760993378213,0.6487290868353215,0.6367446471378904,0.007535599315133812,0.006431164090552555,-0.005553275606878572,0.002804495932935932,0.0011044352245812572,0.013088874922012383,0.584945386034013,0.570784814219506,0.008903911902546024,0.007598933555038823,-0.0065616382594682054,0.0033137357327055472,0.0013049783475072019,0.01546555016201423
36,13,0.8715764442154693,0.8410332722921077,0.8711713925968542,0.8667760993378213,0.6487290868353215,0.6367446471378904,0.08328063237453764,0.08217619714995639,0.07019175745252526,0.07854952899233976,0.0011044352245812572,0.013088874922012383,0.584945386034013,0.570784814219506,0.09840271262326838,0.09709773427576118,0.08293716246125415,0.09281253645342791,0.0013049783475072019,0.01546555016201423
37,0,0.9168401725511306,0.9116742097251151,0.9184117472187211,0.884536558394476,0.7775371430639976,0.6851712566993211,0.014085788209994288,0.018370927044596974,-0.07399495932007949,-0.013846081355162743,-0.004285138834602686,0.08808074753007378,0.7371423828534984,0.6280047176727084,0.01664348276159444,0.021706716232203105,-0.08743094894858694,-0.016360249984929798,-0.0050632334706086635,0.10407443171018138
37,1,0.9168401725511306,0.9132829954795867,0.9184117472187211,0.884536558394476,0.7775371430639976,0.6851712566993211,0.009699187652471353,0.01398432648707404,-0.07838155987760242,-0.018232681912685678,-0.004285138834602686,0.08808074753007378,0.7371423828534984,0.6280047176727084,0.0114603641691019,0.016523597639710563,-0.09261406754107948,-0.02154336857742234,-0.0050632334706086635,0.10407443171018138
37,2,0.9168401725511306,0.9099132875430339,0.9184117472187211,0.884536558394476,0.7775371430639976,0.6851712566993211,0.018887212019350175,0.02317235085395286,-0.0691935355107236,-0.009044657545806856,-0.004285138834602686,0.08808074753007378,0.7371423828534984,0.6280047176727084,0.02231674812742046,0.027379981598029124,-0.08175768358276092,-0.010686984619103779,-0.0050632334706086635,0.10407443171018138
37,3,0.9168401725511306,0.9173166601420005,0.9184117472187211,0.884536558394476,0.7775371430639976,0.6851712566993211,-0.001299216335023723,0.0029859224995789635,-0.0893799638650975,-0.029231085900180753,-0.004285138834602686,0.08808074753007378,0.7371423828534984,0.6280047176727084,-0.0015351277722752688,0.0035281056983333947,-0.10560955948245665,-0.03453886051879951,-0.0050632334706086635,0.10407443171018138
37,4,0.9168401725511306,0.9179766247009338,0.9184117472187211,0.884536558394476,0.7775371430639976,0.6851712566993211,-0.0030987107015765236,0.0011864281330261628,-0.0911794582316503,-0.031030580266733554,-0.004285138834602686,0.08808074753007378,0.7371423828534984,0.6280047176727084,-0.003661373959056413,0.0014018595115522503,-0.1077358056692378,-0.03666510670558065,-0.0050632334706086635,0.10407443171018138
37,5,0.9168401725511306,0.912351294316675,0.9163338592192947,0.9172320221446494,0.771871463447293,0.7743204421122001,0.01223961345454816,0.010859072672446235,0.013308051337353355,0.012135579154782583,0.0013805407821019244,-0.0010684378828051955,0.7304479302870148,0.7333415939986399,0.014462079970420927,0.01283086087454599,0.015724524586171018,0.014339155143712645,0.0016312190958749362,-0.0012624446157500913
37,6,0.9168401725511306,0.9165009638566013,0.9163338592192947,0.9172320221446494,0.771871463447293,0.7743204421122001,0.0009249044158944342,-0.00045563636620749026,0.0019933422986996296,0.0008208701161288579,0.0013805407821019244,-0.0010684378828051955,0.7304479302870148,0.7333415939986399,0.001092848371178734,-0.0005383707246962022,0.0023552929869288253,0.0009699235444704524,0.0016312190958749362,-0.0012624446157500913
37,7,0.9168401725511306,0.9098824976847626,0.9163338592192947,0.9172320221446494,0.771871463447293,0.7743204421122001,0.01897116527980358,0.017590624497701657,0.020039603162608777,0.018867130980038005,0.0013805407821019244,-0.0010684378828051955,0.7304479302870148,0.7333415939986399,0.02241594560379223,0.020784726507917295,0.023678390219542322,0.02229302077708395,0.0016312190958749362,-0.0012624446157500913
37,8,0.9168401725511306,0.9136587587507023,0.9163338592192947,0.9172320221446494,0.771871463447293,0.7743204421122001,0.008674611589442938,0.007294070807341013,0.009743049472248133,0.008570577289677361,0.0013805407821019244,-0.0010684378828051955,0.7304479302870148,0.7333415939986399,0.010249745793421972,0.008618526697547035,0.011512190409172063,0.01012682096671369,0.0016312190958749362,-0.0012624446157500913
37,9,0.9168401725511306,0.9135401472180148,0.9163338592192947,0.9172320221446494,0.771871463447293,0.7743204421122001,0.00899802408484196,0.007617483302740036,0.010066461967647156,0.008893989785076384,0.0013805407821019244,-0.0010684378828051955,0.7304479302870148,0.7333415939986399,0.010631883463803504,0.009000664367928568,0.011894328079553596,0.010508958637095223,0.0016312190958749362,-0.0012624446157500913
37,10,0.9168401725511306,0.9142753792650367,0.9163338592192947,0.9172320221446494,0.771871463447293,0.7743204421122001,0.00699330139357579,0.005612760611473866,0.008061739276380986,0.006889267093810214,0.0013805407821019244,-0.0010684378828051955,0.7304479302870148,0.7333415939986399,0.008263143634946069,0.006631924539071132,0.00952558825069616,0.008140218808237787,0.0016312190958749362,-0.0012624446157500913
37,11,0.9168401725511306,0.9160249781685386,0.9165878925433895,0.8205444765966897,0.772564124181021,0.5106870527517102,0.002222752236106351,0.0015348721877325167,-0.2603421992415783,-0.08552819160591314,0.0006878800483738345,0.26256495147768466,0.7312663642155655,0.42183770754315963,0.0026263591340016657,0.001813573966677362,-0.30761508270572846,-0.10105838320168314,0.0008127851673243036,0.3102414418397301
37,12,0.9168401725511306,0.9169241952927446,0.9165878925433895,0.8205444765966897,0.772564124181021,0.5106870527517102,-0.00022910086329663848,-0.000916980911670473,-0.2627940523409813,-0.08798004470531613,0.0006878800483738345,0.26256495147768466,0.7312663642155655,0.42183770754315963,-0.0002707009513487346,-0.0010834861186730382,-0.31051214279107886,-0.10395544328703354,0.0008127851673243036,0.3102414418397301
37,13,0.9168401725511306,0.9169920175986567,0.9165878925433895,0.8205444765966897,0.772564124181021,0.5106870527517102,-0.0004140287594440739,-0.0011019088078179085,-0.26297898023712873,-0.08816497260146357,0.0006878800483738345,0.26256495147768466,0.7312663642155655,0.42183770754315963,-0.0004892080171787772,-0.0013019931845030808,-0.3107306498569089,-0.10417395035286359,0.0008127851673243036,0.3102414418397301
37,14,0.9168401725511306,0.9101190885380505,0.9165878925433895,0.8205444765966897,0.772564124181021,0.5106870527517102,0.01832606411201121,0.017638184063637374,-0.24423888736567345,-0.06942487973000828,0.0006878800483738345,0.26256495147768466,0.7312663642155655,0.42183770754315963,0.02165370709746428,0.020840921930139977,-0.28858773474226584,-0.08203103523822053,0.0008127851673243036,0.3102414418397301
38,0,0.9164655736500644,0.9126176871256209,0.9156293097120142,0.9174114901588394,0.769950401396085,0.7748097891174898,0.010491851464058732,0.008211649860649706,0.013071037582054523,0.010591512968920988,0.0022802016034090267,-0.002579186117995791,0.728178042180182,0.7339197965333902,0.012396959714002564,0.00970271956829527,0.015444473921503499,0.012514717734600445,0.002694240145707294,-0.0030475142075009343
38,1,0.9164655736500644,0.9129738195092455,0.9156293097120142,0.9174114901588394,0.769950401396085,0.7748097891174898,0.009520802019956087,0.0072406004165470605,0.012099988137951878,0.009620463524818343,0.0022802016034090267,-0.002579186117995791,0.728178042180182,0.7339197965333902,0.011249587309800746,0.008555347164093452,0.01429710151730168,0.011367345330398626,0.002694240145707294,-0.0030475142075009343
38,2,0.9164655736500644,0.9164223405636062,0.9156293097120142,0.9174114901588394,0.769950401396085,0.7748097891174898,0.00011788162633463717,-0.0021623199770743895,0.002697067744330428,0.00021754313119689192,0.0022802016034090267,-0.002579186117995791,0.728178042180182,0.7339197965333902,0.00013928654801276252,-0.0025549535976945315,0.003186800755513697,0.0002570445686106426,0.002694240145707294,-0.0030475142075009343
38,3,0.9164655736500644,0.916049737098962,0.9156293097120142,0.9174114901588394,0.769950401396085,0.7748097891174898,0.0011338419934626698,-0.0011463596099463569,0.0037130281114584607,0.0012335034983249245,0.0022802016034090267,-0.002579186117995791,0.728178042180182,0.7339197965333902,0.0013397247914872512,-0.0013545153542200428,0.0043872389989881855,0.0014574828120851313,0.002694240145707294,-0.0030475142075009343
38,4,0.9164655736500644,0.9167150011868799,0.9156293097120142,0.9174114901588394,0.769950401396085,0.7748097891174898,-0.000680102349871814,-0.0029603039532808406,0.001899083768123977,-0.0005804408450095592,0.0022802016034090267,-0.002579186117995791,0.728178042180182,0.7339197965333902,-0.0008035951959137755,-0.0034978353416210695,0.002243919011587159,-0.0006858371753158954,0.002694240145707294,-0.0030475142075009343
38,5,0.9164655736500644,0.9166533691830968,0.9156293097120142,0.9174114901588394,0.769950401396085,0.7748097891174898,-0.000512053259802081,-0.0027922548632111077,0.00206713285819371,-0.0004123917549398263,0.0022802016034090267,-0.002579186117995791,0.728178042180182,0.7339197965333902,-0.0006050317863282029,-0.003299271932035497,0.0024424824211727314,-0.00048727376573032277,0.002694240145707294,-0.0030475142075009343
38,6,0.9164655736500644,0.9154069384393715,0.9156293097120142,0.9174114901588394,0.769950401396085,0.7748097891174898,0.002886530908501439,0.0006063293050924123,0.00546571702649723,0.002986192413363694,0.0022802016034090267,-0.002579186117995791,0.728178042180182,0.7339197965333902,0.003410666602410406,0.000716426456703112,0.00645818080991134,0.003528424623008286,0.002694240145707294,-0.0030475142075009343
38,7,0.9164655736500644,0.910606607802067,0.9166436229039544,0.9147207800716192,0.772716081537708,0.7674731562961667,0.015975367002037832,0.016460845540251845,0.011217920298710604,0.01455137761366676,-0.00048547853821401254,0.004757446703327228,0.7314459139581011,0.7252509794200392,0.01887617088548199,0.019449802517693793,0.013254867979631935,0.01719361379426924,-0.0005736316322118018,0.005621302905850056
38,8,0.9164655736500644,0.9108015904559282,0.9166436229039544,0.9147207800716192,0.772716081537708,0.7674731562961667,0.015443716957426523,0.015929195495640536,0.010686270254099295,0.014019727569055451,-0.00048547853821401254,0.004757446703327228,0.7314459139581011,0.7252509794200392,0.018247983934153944,0.018821615566365746,0.012626681028303888,0.016565426842941194,-0.0005736316322118018,0.005621302905850056
38,9,0.9164655736500644,0.9153843959765354,0.9166436229039544,0.9147207800716192,0.772716081537708,0.7674731562961667,0.0029479963831737788,0.0034334749213877913,-0.0018094503201534495,0.0015240069948027068,-0.00048547853821401254,0.004757446703327228,0.7314459139581011,0.7252509794200392,0.003483292965443141,0.004056924597654943,-0.0021380099404069153,0.0018007358742303896,-0.0005736316322118018,0.005621302905850056
38,10,0.9164655736500644,0.91385766570978,0.9166436229039544,0.9147207800716192,0.772716081537708,0.7674731562961667,0.007110860096208316,0.007596338634422328,0.0023534133928810874,0.005686870707837244,-0.00048547853821401254,0.004757446703327228,0.7314459139581011,0.7252509794200392,0.008402048622836777,0.00897568025504858,0.002780745716986721,0.006719491531624026,-0.0005736316322118018,0.005621302905850056
38,11,0.9164655736500644,0.9127490963777429,0.9166436229039544,0.9147207800716192,0.772716081537708,0.7674731562961667,0.010133544028143038,0.01061902256635705,0.0053760973248158095,0.008709554639771966,-0.00048547853821401254,0.004757446703327228,0.7314459139581011,0.7252509794200392,0.01197359088691885,0.012547222519130652,0.006352287981068794,0.010291033795706098,-0.0005736316322118018,0.005621302905850056
38,12,0.9164655736500644,0.9177247731870498,0.9168386971495416,0.912357847829927,0.7732479813211768,0.7610302599316346,-0.003433400237178974,-0.0024160219154961693,-0.014633743305038305,-0.006827721819237816,-0.0010173783216828047,0.01120034306785933,0.7320743959958175,0.7176381832471034,-0.004056836352302806,-0.002854722682374633,-0.017290935431088728,-0.00806749815525539,-0.0012021136699281731,0.013234099078785921
38,13,0.9164655736500644,0.9153538077180281,0.9164895880467403,0.9140258226350744,0.7722960819270356,0.765578248493727,0.003031399951019309,0.003096878878560916,-0.0036209545547476463,0.0008357747582775262,-6.547892754160678e-05,0.006652354505766955,0.7309496509037452,0.7230119946451339,0.0035818409361351167,0.003659209513991013,-0.004278446744620301,0.0009875345685019428,-7.736857785589635e-05,0.007860287680755418
38,14,0.9164655736500644,0.9173516362160609,0.9164895880467403,0.9140258226350744,0.7722960819270356,0.765578248493727,-0.0024159851833577273,-0.0023505062558161205,-0.009068339689124683,-0.00461161037609951,-6.547892754160678e-05,0.006652354505766955,0.7309496509037452,0.7230119946451339,-0.0028546792804218235,-0.002777310702565927,-0.010714966961177241,-0.005448985648054998,-7.736857785589635e-05,0.007860287680755418
38,15,0.9164655736500644,0.9194427958315256,0.9164895880467403,0.9140258226350744,0.7722960819270356,0.765578248493727,-0.008117851892191275,-0.008052372964649668,-0.01477020639795823,-0.010313477084933057,-6.547892754160678e-05,0.006652354505766955,0.7309496509037452,0.7230119946451339,-0.009591889783845842,-0.009514521205989945,-0.01745217746460126,-0.012186196151479015,-7.736857785589635e-05,0.007860287680755418
38,16,0.9164655736500644,0.9152781966116851,0.9164895880467403,0.9140258226350744,0.7722960819270356,0.765578248493727,0.0032375652034882796,0.0033030441310298864,-0.0034147893022786757,0.0010419400107464967,-6.547892754160678e-05,0.006652354505766955,0.7309496509037452,0.7230119946451339,0.003825441633118043,0.0039028102109739393,-0.004034846047637375,0.001231135265484869,-7.736857785589635e-05,0.007860287680755418
39,0,0.939566224875926,0.9353295094379211,0.9406683969462901,0.9387744944546189,0.8382233045570283,0.8330592895831463,0.01155205300069484,0.014557293819683625,0.009393278845801656,0.011834208555393374,-0.003005240818988786,0.002158774154893184,0.8088479251787721,0.8027462294186841,0.013649672429525195,0.01720060426376857,0.01109890850368056,0.013983061732324775,-0.003550931834243376,0.0025507639258446346
39,1,0.939566224875926,0.9394505158833806,0.9406683969462901,0.9387744944546189,0.8382233045570283,0.8330592895831463,0.000315498275515802,0.003320739094504588,-0.0018432758793773818,0.000597653830214336,-0.003005240818988786,0.002158774154893184,0.8088479251787721,0.8027462294186841,0.0003727863880655935,0.0039237182223089695,-0.002177977537779041,0.000706175690865174,-0.003550931834243376,0.0025507639258446346
39,2,0.939566224875926,0.9382785763161934,0.9406683969462901,0.9387744944546189,0.8382233045570283,0.8330592895831463,0.0035109708513499926,0.0065162116703387785,0.0013521966964568088,0.003793126406048527,-0.003005240818988786,0.002158774154893184,0.8088479251787721,0.8027462294186841,0.0041484922227811305,0.0076994240570245065,0.0015977282969364959,0.004481881525580711,-0.003550931834243376,0.0025507639258446346
39,3,0.939566224875926,0.9381509560988939,0.9406683969462901,0.9387744944546189,0.8382233045570283,0.8330592895831463,0.0038589469039730373,0.006864187722961823,0.0017001727490798535,0.004141102458671571,-0.003005240818988786,0.002158774154893184,0.8088479251787721,0.8027462294186841,0.004559653696100119,0.008110585530343495,0.002008889770255484,0.004893042998899699,-0.003550931834243376,0.0025507639258446346
39,4,0.939566224875926,0.9367616676264751,0.9406683969462901,0.9387744944546189,0.8382233045570283,0.8330592895831463,0.007647054531563557,0.010652295350552343,0.005488280376670374,0.007929210086262092,-0.003005240818988786,0.002158774154893184,0.8088479251787721,0.8027462294186841,0.009035605134453562,0.012586536968696937,0.006484841208608927,0.009368994437253142,-0.003550931834243376,0.0025507639258446346
39,5,0.939566224875926,0.9402783245416264,0.9406683969462901,0.9387744944546189,0.8382233045570283,0.8330592895831463,-0.0019416487135661686,0.0010635921054226172,-0.0041004228684593524,-0.0016594931588676347,-0.003005240818988786,0.002158774154893184,0.8088479251787721,0.8027462294186841,-0.0022942128911452864,0.0012567189430980896,-0.004844976816989921,-0.001960823588345706,-0.003550931834243376,0.0025507639258446346
39,6,0.939566224875926,0.9358412757770823,0.9397860091644941,0.9384328344646111,0.8358173392351577,0.8321277013349997,0.010156643759628325,0.01075591925674646,0.0070662813565884885,0.009326281457654425,-0.0005992754971181347,0.003090362403039837,0.8060050851642435,0.8016454835663553,0.01200088506293795,0.012708976882652712,0.008349375284764537,0.011019745743451733,-0.0007080918197147623,0.003651509778173412
39,7,0.939566224875926,0.936826586650805,0.9397860091644941,0.9384328344646111,0.8358173392351577,0.8321277013349997,0.007470042876948968,0.008069318374067103,0.004379680473909131,0.006639680574975067,-0.0005992754971181347,0.003090362403039837,0.8060050851642435,0.8016454835663553,0.008826451739680108,0.00953454355939487,0.005174941961506696,0.007845312420193892,-0.0007080918197147623,0.003651509778173412
39,8,0.939566224875926,0.9365076474537587,0.9393663613662022,0.9022094090748738,0.8346731052929849,0.7333589886158794,0.008339679406045741,0.007794720960991097,-0.09351939571611434,-0.0257949984496925,0.0005449584450546441,0.10185907512216008,0.8046530814561179,0.6849423681269811,0.00985399669244369,0.009210084804032848,-0.110500628525104,-0.03047884900954249,0.0006439118884108419,0.1203546252175477
39,9,0.939566224875926,0.9391020488707592,0.9397860091644941,0.9384328344646111,0.8358173392351577,0.8321277013349997,0.0012656469125201797,0.0018649224096383143,-0.0018247154905196572,0.00043528461054627893,-0.0005992754971181347,0.003090362403039837,0.8060050851642435,0.8016454835663553,0.0014954628208770915,0.002203554640591854,-0.0021560469572963203,0.000514323501390875,-0.0007080918197147623,0.003651509778173412
39,10,0.939566224875926,0.9389867241142467,0.9397860091644941,0.9384328344646111,0.8358173392351577,0.8321277013349997,0.0015800975096914582,0.002179373006809593,-0.0015102648933483787,0.0007497352077175575,-0.0005992754971181347,0.003090362403039837,0.8060050851642435,0.8016454835663553,0.0018670112933778515,0.002575103113092614,-0.0017844984847955603,0.0008858719738916351,-0.0007080918197147623,0.003651509778173412
39,11,0.939566224875926,0.9391822480791148,0.9388698337275618,0.9047872400454783,0.8333192467009184,0.7403878392514746,0.0010469714977811018,-0.0008518455393400348,-0.09378325298878387,-0.0311960423434476,0.0018988170371211366,0.09483022448656497,0.8030533894969056,0.6932475160280651,0.001237080368909571,-0.0010065234787135502,-0.11081239694755407,-0.036860613352452685,0.0022436038476231213,0.11204947731646364
39,12,0.939566224875926,0.9283313602721198,0.9388698337275618,0.9047872400454783,0.8333192467009184,0.7403878392514746,0.030633577651823174,0.028734760614702037,-0.0641966468347418,-0.0016094361894055294,0.0018988170371211366,0.09483022448656497,0.8030533894969056,0.6932475160280651,0.03619601643678905,0.033952412589165926,-0.0758534608796746,-0.0019016772845732073,0.0022436038476231213,0.11204947731646364
39,13,0.939566224875926,0.9329630403179808,0.9388698337275618,0.9047872400454783,0.8333192467009184,0.7403878392514746,0.018004593205031116,0.01610577616790998,-0.07682563128153386,-0.014238420636197588,0.0018988170371211366,0.09483022448656497,0.8030533894969056,0.6932475160280651,0.021273863568730733,0.019030259721107612,-0.09077561374773291,-0.01682383015263152,0.0022436038476231213,0.11204947731646364
39,14,0.939566224875926,0.9315744188874779,0.9388698337275618,0.9047872400454783,0.8333192467009184,0.7403878392514746,0.021790882040758186,0.01989206500363705,-0.07303934244580679,-0.010452131800470518,0.0018988170371211366,0.09483022448656497,0.8030533894969056,0.6932475160280651,0.02574766595936495,0.02350406211174183,-0.08630181135709869,-0.012350027761997303,0.0022436038476231213,0.11204947731646364
40,0,0.9231380048405641,0.9215684598254105,0.921966011594814,0.9225568976879185,0.7872283888065821,0.7888395301647403,0.004279604676628801,0.001083985737978188,0.002695127096136396,0.002686239170247795,0.003195618938650613,0.001584477580492405,0.7485933630223351,0.7504970550998556,0.005056694421358143,0.0012808156472956522,0.0031845077248161546,0.00317400593115665,0.003775878774062491,0.0018721866965419887
40,1,0.9231380048405641,0.9201645419742515,0.921966011594814,0.9225568976879185,0.7872283888065821,0.7888395301647403,0.008107601544138032,0.004911982605487419,0.006523123963645627,0.006514236037757026,0.003195618938650613,0.001584477580492405,0.7485933630223351,0.7504970550998556,0.009579778179682918,0.005803899405620427,0.00770759148314093,0.007697089689481425,0.003775878774062491,0.0018721866965419887
40,2,0.9231380048405641,0.9223683830211673,0.921966011594814,0.9225568976879185,0.7872283888065821,0.7888395301647403,0.0020984916684302357,-0.0010971272702203771,0.0005140140879378308,0.0005051261620492298,0.003195618938650613,0.001584477580492405,0.7485933630223351,0.7504970550998556,0.002479535357779117,-0.0012963434162833742,0.0006073486612371282,0.0005968468675776236,0.003775878774062491,0.0018721866965419887
40,4,0.9231380048405641,0.9227394395287797,0.921966011594814,0.9225568976879185,0.7872283888065821,0.7888395301647403,0.0010867493163855269,-0.002108869622265086,-0.0004977282641068781,-0.0005066161899954791,0.003195618938650613,0.001584477580492405,0.7485933630223351,0.7504970550998556,0.0012840810357068744,-0.0024917977383556167,-0.0005881056608351143,-0.0005986074544946188,0.003775878774062491,0.0018721866965419887
40,5,0.9231380048405641,0.9222746218557881,0.921966011594814,0.9225568976879185,0.7872283888065821,0.7888395301647403,0.002354145834426613,-0.0008414731042239998,0.0007696682539342081,0.0007607803280456071,0.003195618938650613,0.001584477580492405,0.7485933630223351,0.7504970550998556,0.0027816111551186573,-0.0009942676189438338,0.0009094244585766686,0.0008989226649171641,0.003775878774062491,0.0018721866965419887
40,6,0.9231380048405641,0.9102908633003741,0.9237138463815867,0.9221121370694526,0.7919941278298206,0.7876268222752627,0.03502969745109741,0.03659981753568531,0.03223251198112742,0.034620675655970046,-0.0015701200845879004,0.002797185469969987,0.7542244639658556,0.7490641439590331,0.04139038277300933,0.04324560494246732,0.03808528493564478,0.04090709088370714,-0.001855222169457993,0.0033050978373645457
40,7,0.9231380048405641,0.8937865964368119,0.923767023304196,0.8457562658491827,0.7921391228471603,0.5794308543944997,0.08003110675869718,0.08174622186062475,-0.1309620465920358,0.01027176067576204,-0.0017151151019275668,0.210993153350733,0.7543957871488847,0.5030639946739307,0.09456313880856171,0.09658968416104874,-0.15474210831390522,0.012136904885235075,-0.0020265453524870303,0.24930524712246693
40,8,0.9231380048405641,0.9233595243986493,0.9237138463815867,0.9221121370694526,0.7919941278298206,0.7876268222752627,-0.0006040069750108401,0.0009661131095770603,-0.0034011924449808273,-0.0010130287701382024,-0.0015701200845879004,0.002797185469969987,0.7542244639658556,0.7490641439590331,-0.000713682438398644,0.001141539731059349,-0.00401878027576319,-0.0011969743277008282,-0.001855222169457993,0.0033050978373645457
40,9,0.9231380048405641,0.9218620646630026,0.9237138463815867,0.9221121370694526,0.7919941278298206,0.7876268222752627,0.003479046155586918,0.005049166240174818,0.0006818606856169307,0.0030700243604595556,-0.0015701200845879004,0.002797185469969987,0.7542244639658556,0.7490641439590331,0.004110770647269724,0.0059659928167277165,0.000805672809905178,0.0036274787579675394,-0.001855222169457993,0.0033050978373645457
40,10,0.9231380048405641,0.9235885174836255,0.9237138463815867,0.9221121370694526,0.7919941278298206,0.7876268222752627,-0.0012283916647890525,0.00034172841979884794,-0.00402557713475904,-0.0016374134599164147,-0.0015701200845879004,0.002797185469969987,0.7542244639658556,0.7490641439590331,-0.0014514427728578028,0.00040377939660019013,-0.004756540610222348,-0.001934734662159987,-0.001855222169457993,0.0033050978373645457
40,11,0.9231380048405641,0.9202627500156776,0.9237138463815867,0.9221121370694526,0.7919941278298206,0.7876268222752627,0.007839822290079068,0.009409942374666969,0.005042636820109081,0.007430800494951706,-0.0015701200845879004,0.002797185469969987,0.7542244639658556,0.7490641439590331,0.009263375623262071,0.011118597792720064,0.0059582777858975255,0.008780083733959887,-0.001855222169457993,0.0033050978373645457
40,12,0.9231380048405641,0.9259612067161276,0.9232280447641938,0.844967037065507,0.790669515376125,0.5772789013374424,-0.007697891957910041,-0.00745238432701778,-0.22084299836570032,-0.07866442488354271,-0.000245507630892261,0.21314510640779027,0.7526593286528575,0.5005212904194767,-0.00909567361031205,-0.008805586753852235,-0.260943624987233,-0.09294829511713243,-0.0002900868564598147,0.25184795137692095
40,14,0.9231380048405641,0.9204435700121032,0.9232280447641938,0.844967037065507,0.790669515376125,0.5772789013374424,0.007346788898325518,0.007592296529217779,-0.20579831750946476,-0.06361974402730715,-0.000245507630892261,0.21314510640779027,0.7526593286528575,0.5005212904194767,0.00868081732874526,0.008970904185205075,-0.2431671340481757,-0.07517180417807512,-0.0002900868564598147,0.25184795137692095
40,15,0.9231380048405641,0.9223717946067709,0.9232280447641938,0.844967037065507,0.790669515376125,0.5772789013374424,0.002089189458195584,0.002334697089087845,-0.2110559169495947,-0.06887734346743708,-0.000245507630892261,0.21314510640779027,0.7526593286528575,0.5005212904194767,0.0024685440541063475,0.002758630910566162,-0.2493794073228146,-0.08138407745271403,-0.0002900868564598147,0.25184795137692095
41,0,0.8652991259204436,0.867657968435758,0.8635422038805373,0.854184814065054,0.6279269362795836,0.6024125809544758,-0.0064317450996986825,-0.011222261909259013,-0.03673661723436683,-0.018130208081108174,0.00479051680956033,0.030304872134668148,0.5603659852211526,0.5302187384575441,-0.00759962006370718,-0.013259997938938617,-0.04340724470254709,-0.02142228756839763,0.005660377875231437,0.03580762463883991
41,1,0.8652991259204436,0.8665355764577441,0.8635422038805373,0.854184814065054,0.6279269362795836,0.6024125809544758,-0.0033713716081815726,-0.008161888417741903,-0.03367624374284972,-0.015069834589591066,0.00479051680956033,0.030304872134668148,0.5603659852211526,0.5302187384575441,-0.003983544577497389,-0.009643922452728826,-0.0397911692163373,-0.017806212082187838,0.005660377875231437,0.03580762463883991
41,2,0.8652991259204436,0.8632285116626486,0.8635422038805373,0.854184814065054,0.6279269362795836,0.6024125809544758,0.005645846647021058,0.0008553298374607277,-0.02465902548764709,-0.006052616334388435,0.00479051680956033,0.030304872134668148,0.5603659852211526,0.5302187384575441,0.006671018330208112,0.0010106404549766745,-0.029136606308631796,-0.007151649174482337,0.005660377875231437,0.03580762463883991
41,3,0.8652991259204436,0.8620173801782999,0.8635422038805373,0.854184814065054,0.6279269362795836,0.6024125809544758,0.008948181982668446,0.004157665173108116,-0.021356690151999702,-0.002750280998741047,0.00479051680956033,0.030304872134668148,0.5603659852211526,0.5302187384575441,0.010572991042878455,0.0049126131676470175,-0.025234633595961453,-0.0032496764618119935,0.005660377875231437,0.03580762463883991
41,4,0.8652991259204436,0.8662224780567986,0.8635422038805373,0.854184814065054,0.6279269362795836,0.6024125809544758,-0.0025176609034903707,-0.007308177713050701,-0.03282253303815852,-0.014216123884899864,0.00479051680956033,0.030304872134668148,0.5603659852211526,0.5302187384575441,-0.002974817257088258,-0.008635195132319695,-0.038782441895928166,-0.016797484761778708,0.005660377875231437,0.03580762463883991
41,5,0.8652991259204436,0.8620494990153023,0.8645587022924169,0.8616484249870247,0.6306985747577831,0.6227632583149957,0.008860605058326643,0.006841726726965813,-0.0010935897158216301,0.004869580689823609,0.0020188783313608294,0.009954194774148273,0.5636408972491891,0.5542646876644375,0.010469511918468344,0.008084046071273443,-0.0012921635134781617,0.005753798158754542,0.002385465847194901,0.011761675431946506
41,7,0.8652991259204436,0.8665207491463262,0.8645587022924169,0.8616484249870247,0.6306985747577831,0.6227632583149957,-0.0033309426745264936,-0.005349821005887323,-0.013285137448674766,-0.007321967043029527,0.0020188783313608294,0.009954194774148273,0.5636408972491891,0.5542646876644375,-0.003935774566311112,-0.006321240413506013,-0.015697449998257618,-0.008651488326024914,0.002385465847194901,0.011761675431946506
41,8,0.8652991259204436,0.8623730859120906,0.8645587022924169,0.8616484249870247,0.6306985747577831,0.6227632583149957,0.007978295864629725,0.005959417533268896,-0.0019758989095185475,0.0039872714961266915,0.0020188783313608294,0.009954194774148273,0.5636408972491891,0.5542646876644375,0.009426993201250067,0.007041527354055166,-0.0023346822306964388,0.004711279441536265,0.002385465847194901,0.011761675431946506
41,9,0.8652991259204436,0.857904233920167,0.8645587022924169,0.8616484249870247,0.6306985747577831,0.6227632583149957,0.020163304704230445,0.018144426372869615,0.010209109930082172,0.016172280335727412,0.0020188783313608294,0.009954194774148273,0.5636408972491891,0.5542646876644375,0.0238245534618734,0.021439087614678498,0.012062878029926893,0.019108839702159597,0.002385465847194901,0.011761675431946506
41,10,0.8652991259204436,0.8627209327128474,0.8660367384968465,0.6336441890345487,0.6347286666580682,0.0010748167267857767,0.007029838330186999,0.009041051899111197,-0.6246127980321712,-0.20284730260095765,-0.0020112135689241972,0.6316426363623582,0.5684027724151414,-0.18030981440810345,0.008306314941058712,0.01068272425981609,-0.7380298625634287,-0.23968027445418463,-0.0023764093187573776,0.7463361775044874
41,11,0.8652991259204436,0.862596394984263,0.8660367384968465,0.6336441890345487,0.6347286666580682,0.0010748167267857767,0.007369409505604718,0.009380623074528915,-0.6242732268567535,-0.20250773142553993,-0.0020112135689241972,0.6316426363623582,0.5684027724151414,-0.18030981440810345,0.008707545381282822,0.0110839547000402,-0.7376286321232046,-0.23927904401396052,-0.0023764093187573776,0.7463361775044874
41,12,0.8652991259204436,0.8524693598466985,0.8660367384968465,0.6336441890345487,0.6347286666580682,0.0010748167267857767,0.03498232058280859,0.03699353415173279,-0.5966603157795496,-0.17489482034833606,-0.0020112135689241972,0.6316426363623582,0.5684027724151414,-0.18030981440810345,0.04133440322263504,0.04371081254139242,-0.7050017742818524,-0.2066521861726083,-0.0023764093187573776,0.7463361775044874
41,13,0.8652991259204436,0.8641650283078892,0.8660367384968465,0.6336441890345487,0.6347286666580682,0.0010748167267857767,0.0030922906954446994,0.005103504264368897,-0.6285503456669135,-0.20678485023569995,-0.0020112135689241972,0.6316426363623582,0.5684027724151414,-0.18030981440810345,0.0036537882095200036,0.006030197528277381,-0.7426823892949674,-0.24433280118572334,-0.0023764093187573776,0.7463361775044874
41,14,0.8652991259204436,0.8646395141914083,0.8660367384968465,0.6336441890345487,0.6347286666580682,0.0010748167267857767,0.0017985323218412397,0.003809745890765437,-0.6298441040405169,-0.2080786086093034,-0.0020112135689241972,0.6316426363623582,0.5684027724151414,-0.18030981440810345,0.0021251094541869797,0.004501518772944357,-0.7442110680503005,-0.24586147994105637,-0.0023764093187573776,0.7463361775044874
42,0,0.9103623133774161,0.9086626134978663,0.9099475834849882,0.9076274282615847,0.7544583053442077,0.7481320470663524,0.0046344918324469075,0.0035036673132158302,-0.0028225909646394376,0.0017718560603411,0.0011308245192310773,0.007457082797086345,0.7098728944854696,0.7023979155192112,0.005476021914581075,0.004139862509681458,-0.0033351164565770253,0.002093589322561836,0.0013361594048996173,0.0088111383711581
42,1,0.9103623133774161,0.906612240286472,0.9099475834849882,0.9076274282615847,0.7544583053442077,0.7481320470663524,0.010225148168900189,0.009094323649669112,0.0027680653718138437,0.007362512396794381,0.0011308245192310773,0.007457082797086345,0.7098728944854696,0.7023979155192112,0.012081828488879731,0.010745669083980114,0.0032706901177216308,0.008699395896860493,0.0013361594048996173,0.0088111383711581
42,3,0.9103623133774161,0.9093950166011128,0.9099475834849882,0.9076274282615847,0.7544583053442077,0.7481320470663524,0.00263748268930708,0.0015066581700760029,-0.004819600107779265,-0.00022515308279872728,0.0011308245192310773,0.007457082797086345,0.7098728944854696,0.7023979155192112,0.0031163962583462546,0.0017802368534466373,-0.005694742112811846,-0.0002660363336729847,0.0013361594048996173,0.0088111383711581
42,4,0.9103623133774161,0.9059216926150917,0.9099475834849882,0.9076274282615847,0.7544583053442077,0.7481320470663524,0.012108032071777686,0.010977207552546608,0.0046509492746913406,0.009245396299671879,0.0011308245192310773,0.007457082797086345,0.7098728944854696,0.7023979155192112,0.014306606066991412,0.012970446662091795,0.0054954676958333115,0.010924173474972173,0.0013361594048996173,0.0088111383711581
42,5,0.9103623133774161,0.9128640734293353,0.9099475834849882,0.9076274282615847,0.7544583053442077,0.7481320470663524,-0.0068214316344079595,-0.007952256153639037,-0.014278514431494305,-0.009684067406513766,0.0011308245192310773,0.007457082797086345,0.7098728944854696,0.7023979155192112,-0.008060065799946559,-0.009396225204846176,-0.01687120417110466,-0.011442498391965797,0.0013361594048996173,0.0088111383711581
42,6,0.9103623133774161,0.9099491709752761,0.9099475834849882,0.9076274282615847,0.7544583053442077,0.7481320470663524,0.0011264959840220357,-4.3285352090416396e-06,-0.0063305868130643095,-0.001736139788083772,0.0011308245192310773,0.007457082797086345,0.7098728944854696,0.7023979155192112,0.001331044895149791,-5.1145097498261904e-06,-0.007480093476008309,-0.002051387696869448,0.0013361594048996173,0.0088111383711581
42,7,0.9103623133774161,0.9104557153104389,0.9099475834849882,0.9076274282615847,0.7544583053442077,0.7481320470663524,-0.0002546746640019748,-0.001385499183233052,-0.00771175746108832,-0.003117310436107782,0.0011308245192310773,0.007457082797086345,0.7098728944854696,0.7023979155192112,-0.0003009184375728502,-0.0016370778424724675,-0.00911205680873095,-0.0036833510295920893,0.0013361594048996173,0.0088111383711581
42,8,0.9103623133774161,0.9119102321143652,0.9107753887511286,0.9065527097818343,0.7567154430841954,0.7452016626634883,-0.004220637319561016,-0.0030943240988043907,-0.014608104519511445,-0.00730768864595895,-0.001126313220756625,0.010387467199950429,0.7125398828361373,0.6989354325138719,-0.004987019783615487,-0.003656190837847406,-0.017260641160112833,-0.008634617260525243,-0.001330828945768081,0.012273621376497346
42,9,0.9103623133774161,0.9107827421387643,0.9101827980264708,0.748301180139967,0.7550996537872415,0.3137046493250636,-0.0011463633574592125,-0.0016358394336564164,-0.44303084389583436,-0.14860434889565,0.0004894760761972039,0.44188448053837515,0.7106306988480424,0.18908727945972148,-0.0013545197822057986,-0.0019328748245326377,-0.5234762942128536,-0.17558789627319735,0.0005783550423268391,0.5221217744306478
42,10,0.9103623133774161,0.9052899436533721,0.9107753887511286,0.9065527097818343,0.7567154430841954,0.7452016626634883,0.013830592294598598,0.014956905515355223,0.0034431250946481695,0.010743540968200663,-0.001126313220756625,0.010387467199950429,0.7125398828361373,0.6989354325138719,0.016341948423906016,0.017672777369674098,0.004068327047408671,0.012694350946996261,-0.001330828945768081,0.012273621376497346
42,11,0.9103623133774161,0.9071788895835831,0.9107753887511286,0.9065527097818343,0.7567154430841954,0.7452016626634883,0.008680092144057516,0.009806405364814141,-0.0017073750558929124,0.005593040817659582,-0.001126313220756625,0.010387467199950429,0.7125398828361373,0.6989354325138719,0.010256221506025898,0.011587050451793979,-0.002017399870471448,0.006608624029116143,-0.001330828945768081,0.012273621376497346
42,12,0.9103623133774161,0.9002159064583362,0.9101827980264708,0.748301180139967,0.7550996537872415,0.3137046493250636,0.02766573120403537,0.027176255127838167,-0.4142187493343398,-0.11979225433415541,0.0004894760761972039,0.44188448053837515,0.7106306988480424,0.18908727945972148,0.03268926903604574,0.032110913993718904,-0.48943250539460204,-0.1415441074549458,0.0005783550423268391,0.5221217744306478
42,13,0.9103623133774161,0.9144896856967993,0.909752010592135,0.7533822762201436,0.7539250459226584,0.3275590353650816,-0.011253912254623577,-0.012917996195403902,-0.43928400675298074,-0.15448530506766942,0.0016640839407803254,0.42803009449835716,0.7092428059268672,0.20545734209248956,-0.013297395347562135,-0.015263643311064223,-0.5190491071454418,-0.18253671526802273,0.001966247963502088,0.5057517117978797
42,14,0.9103623133774161,0.9102585040375418,0.909752010592135,0.7533822762201436,0.7539250459226584,0.3275590353650816,0.00028305205146372803,-0.0013810318893165974,-0.42774704244689343,-0.1429483407615821,0.0016640839407803254,0.42803009449835716,0.7092428059268672,0.20545734209248956,0.00033444858526454624,-0.0016317993782375417,-0.5054172632126152,-0.16890487133519605,0.001966247963502088,0.5057517117978797
42,15,0.9103623133774161,0.9089334331877151,0.909752010592135,0.7533822762201436,0.7539250459226584,0.3275590353650816,0.0038960605036155727,0.0022319765628352473,-0.4241340339947416,-0.13933533230943027,0.0016640839407803254,0.42803009449835716,0.7092428059268672,0.20545734209248956,0.004603506375599475,0.0026372584120973874,-0.5011482054222802,-0.16463581354486112,0.001966247963502088,0.5057517117978797
43,0,0.9307450082991188,0.9280569943964051,0.9305421538488562,0.9309979422298585,0.810612553098449,0.8118553298700983,0.007329281261659659,0.006776167559512158,0.00801894433116146,0.007374797717444426,0.0005531137021475008,-0.0006896630695018002,0.776223619099154,0.7776920590236431,0.008660130658982634,0.008006582683558694,0.009475022608047778,0.008713911983529702,0.0006535479754239404,-0.0008148919490651441
43,1,0.9307450082991188,0.9298521921314035,0.9305421538488562,0.9309979422298585,0.810612553098449,0.8118553298700983,0.002434399911970808,0.0018812862098233074,0.0031240629814726084,0.0024799163677555747,0.0005531137021475008,-0.0006896630695018002,0.776223619099154,0.7776920590236431,0.002876437751702432,0.0022228897762784916,0.003691329700767576,0.0029302190762494997,0.0006535479754239404,-0.0008148919490651441
43,2,0.9307450082991188,0.9304559676097797,0.9305421538488562,0.9309979422298585,0.810612553098449,0.8118553298700983,0.0007881136723629778,0.00023499997021547703,0.001477776741864778,0.0008336301281477443,0.0005531137021475008,-0.0006896630695018002,0.776223619099154,0.7776920590236431,0.0009312191923233071,0.0002776712168993667,0.0017461111413884511,0.000985000516870375,0.0006535479754239404,-0.0008148919490651441
43,3,0.9307450082991188,0.9301108610772845,0.9305421538488562,0.9309979422298585,0.810612553098449,0.8118553298700983,0.0017290994460376075,0.0011759857438901067,0.0024187625155394077,0.001774615901822374,0.0005531137021475008,-0.0006896630695018002,0.776223619099154,0.7776920590236431,0.0020430689709497463,0.0013895209955258059,0.0028579609200148903,0.002096850295496814,0.0006535479754239404,-0.0008148919490651441
43,4,0.9307450082991188,0.9254599233108342,0.9306487982467069,0.928954487712728,0.8109033353693439,0.8062835384123463,0.014410593015090956,0.014148261583838306,0.00952846462684076,0.012695773075256675,0.00026233143125264924,0.004882128388250195,0.7765672015555183,0.7711085428088746,0.01702726555698475,0.016717300037925042,0.011258641291281402,0.015001068962063732,0.00030996551905970726,0.005768624265703348
43,5,0.9307450082991188,0.930005017479874,0.9306487982467069,0.928954487712728,0.8109033353693439,0.8062835384123463,0.0020176982119831655,0.0017553667807305162,-0.00286443017626703,0.0003028782721488839,0.00026233143125264924,0.004882128388250195,0.7765672015555183,0.7711085428088746,0.0023840714419809395,0.002074105922921232,-0.0033845528237224087,0.00035787484705992095,0.00030996551905970726,0.005768624265703348
43,6,0.9307450082991188,0.9240691682079235,0.9306487982467069,0.928954487712728,0.8109033353693439,0.8062835384123463,0.018202699635160857,0.017940368203908208,0.013320571246910662,0.016487879695326575,0.00026233143125264924,0.004882128388250195,0.7765672015555183,0.7711085428088746,0.021507942124056822,0.021197976604997115,0.015739317858353474,0.019481745529135803,0.00030996551905970726,0.005768624265703348
43,7,0.9307450082991188,0.9287377593154557,0.9306487982467069,0.928954487712728,0.8109033353693439,0.8062835384123463,0.005473071530097129,0.00521074009884448,0.0005909431418469335,0.0037582515902628475,0.00026233143125264924,0.004882128388250195,0.7765672015555183,0.7711085428088746,0.00646687074277541,0.006156905223715703,0.000698246477072062,0.004440674147854391,0.00030996551905970726,0.005768624265703348
43,8,0.9307450082991188,0.9283029444535593,0.9308003469311444,0.8814461576822264,0.8113165560494736,0.6767448062228396,0.006658660792254856,0.006809550041131929,-0.12776219978550207,-0.03809799631737176,-0.000150889248877073,0.13442086057775693,0.7770554547625055,0.6180481940365489,0.00786773906145799,0.008046026749385482,-0.15096123397657113,-0.04501582272190922,-0.00017828768792749194,0.15882897303802912
43,9,0.9307450082991188,0.9279514954651853,0.9308003469311444,0.8814461576822264,0.8113165560494736,0.6767448062228396,0.007616940242490711,0.007767829491367784,-0.12680392033526622,-0.03713971686713591,-0.000150889248877073,0.13442086057775693,0.7770554547625055,0.6180481940365489,0.009000022698909982,0.009178310386837474,-0.14982895033911914,-0.043883539084457225,-0.00017828768792749194,0.15882897303802912
43,10,0.9307450082991188,0.9142516092087039,0.9308003469311444,0.8814461576822264,0.8113165560494736,0.6767448062228396,0.0449717766609814,0.04512266590985847,-0.08944908391677553,0.000215119551354781,-0.000150889248877073,0.13442086057775693,0.7770554547625055,0.6180481940365489,0.053137742699002066,0.05331603038692956,-0.10569123033902705,0.00025418091563485695,-0.00017828768792749194,0.15882897303802912
43,11,0.9307450082991188,0.9269132419314972,0.9308003469311444,0.8814461576822264,0.8113165560494736,0.6767448062228396,0.010447897389561311,0.010598786638438384,-0.12397296318819562,-0.03430875972006531,-0.000150889248877073,0.13442086057775693,0.7770554547625055,0.6180481940365489,0.012345024467618315,0.012523312155545807,-0.1464839485704108,-0.04053853731574889,-0.00017828768792749194,0.15882897303802912
43,12,0.9307450082991188,0.9296208359788074,0.9308003469311444,0.8814461576822264,0.8113165560494736,0.6767448062228396,0.003065227867243059,0.003216117116120132,-0.13135563271051387,-0.04169142924238356,-0.000150889248877073,0.13442086057775693,0.7770554547625055,0.6180481940365489,0.0036218113184904865,0.0038000990064179785,-0.15520716171953863,-0.04926175046487672,-0.00017828768792749194,0.15882897303802912
44,0,0.8256780618202836,0.8208284003306184,0.8250264143297226,0.8205600701278739,0.522907741867001,0.510729570900815,0.013223344211765964,0.011446527604919376,-0.0007316433612665207,0.007979409485139607,0.0017768166068465874,0.013954987573032485,0.4362774268966587,0.42188794612911096,0.015624436357988047,0.013524985753897378,-0.0008644950136503793,0.009428309032745016,0.002099450604090669,0.016488931371638427
44,1,0.8256780618202836,0.8201858069359839,0.8250264143297226,0.8205600701278739,0.522907741867001,0.510729570900815,0.014975473440489995,0.013198656833643407,0.0010204858674575101,0.009731538713863638,0.0017768166068465874,0.013954987573032485,0.4362774268966587,0.42188794612911096,0.017694716854869563,0.015595266250778894,0.0012057854832311365,0.011498589529626532,0.002099450604090669,0.016488931371638427
44,2,0.8256780618202836,0.8230826976140345,0.8250264143297226,0.8205600701278739,0.522907741867001,0.510729570900815,0.007076657685750609,0.005299841078904022,-0.0068783298872818754,0.0018327229591242518,0.0017768166068465874,0.013954987573032485,0.4362774268966587,0.42188794612911096,0.008361635745660734,0.006262185141570065,-0.008127295625977693,0.002165508420417702,0.002099450604090669,0.016488931371638427
44,3,0.8256780618202836,0.8260066795743196,0.8250264143297226,0.8205600701278739,0.522907741867001,0.510729570900815,-0.0008960265958719571,-0.0026728432027185445,-0.014851014168904442,-0.006139961322498315,0.0017768166068465874,0.013954987573032485,0.4362774268966587,0.42188794612911096,-0.0010587269224837659,-0.003158177526574435,-0.017547658294122193,-0.007254854247726798,0.002099450604090669,0.016488931371638427
44,5,0.8256780618202836,0.825745384652224,0.8250264143297226,0.8205600701278739,0.522907741867001,0.510729570900815,-0.00018356600392754885,-0.0019603826107741362,-0.014138553576960033,-0.0054275007305539065,0.0017768166068465874,0.013954987573032485,0.4362774268966587,0.42188794612911096,-0.000216897881498479,-0.002316348485589148,-0.016705829253136906,-0.006413025206741511,0.002099450604090669,0.016488931371638427
44,6,0.8256780618202836,0.8227262247604713,0.8258365622586327,0.8269830115132067,0.5251167341748675,0.5282427035124928,0.008048635473244081,0.008480811174264025,0.011606780511889347,0.009378742386465818,-0.0004321757010199434,-0.003558145038645266,0.43888752757745597,0.44258110979013787,0.009510105061656948,0.010020755138363535,0.013714337351045436,0.011081732517021972,-0.0005106500767065869,-0.004204232289388488
44,7,0.8256780618202836,0.8186942652156846,0.8258365622586327,0.8269830115132067,0.5251167341748675,0.5282427035124928,0.019042390196589043,0.019474565897608986,0.02260053523523431,0.02037249710981078,-0.0004321757010199434,-0.003558145038645266,0.43888752757745597,0.44258110979013787,0.022500103526447268,0.023010753603153855,0.026704335815835756,0.024071730981812294,-0.0005106500767065869,-0.004204232289388488
44,8,0.8256780618202836,0.8193558456304983,0.8258365622586327,0.8269830115132067,0.5251167341748675,0.5282427035124928,0.017238489951697966,0.01767066565271791,0.020796634990343232,0.0185685968649197,-0.0004321757010199434,-0.003558145038645266,0.43888752757745597,0.44258110979013787,0.020368651442837393,0.02087930151954398,0.02457288373222588,0.02194027889820242,-0.0005106500767065869,-0.004204232289388488
44,9,0.8256780618202836,0.822728820562269,0.8258365622586327,0.8269830115132067,0.5251167341748675,0.5282427035124928,0.008041557622398221,0.008473733323418164,0.011599702661043487,0.009371664535619958,-0.0004321757010199434,-0.003558145038645266,0.43888752757745597,0.44258110979013787,0.009501742016097325,0.010012392092803912,0.013705974305485813,0.01107336947146235,-0.0005106500767065869,-0.004204232289388488
44,10,0.8256780618202836,0.8335002149029193,0.8258365622586327,0.8269830115132067,0.5251167341748675,0.5282427035124928,-0.021328297430499465,-0.020896121729479522,-0.0177701523918542,-0.01999819051727773,-0.0004321757010199434,-0.003558145038645266,0.43888752757745597,0.44258110979013787,-0.025201085329879414,-0.024690435253172827,-0.020996853040490926,-0.023629457874514388,-0.0005106500767065869,-0.004204232289388488
44,11,0.8256780618202836,0.8172198828998608,0.824816428048348,0.7337843512546236,0.5223351821359181,0.2741222938094714,0.02306251921042335,0.020713142872493928,-0.2274997454539528,-0.061241361123678506,0.002349376337929421,0.25056226466437614,0.4356009018863297,0.14231756789898486,0.027250206747058248,0.02447423113263858,-0.26880910285470627,-0.07236155499166981,0.002775975614419668,0.2960593096017645
44,12,0.8256780618202836,0.8211323950768384,0.824816428048348,0.7337843512546236,0.5223351821359181,0.2741222938094714,0.01239445601484701,0.01004507967691759,-0.23816780864952913,-0.07190942431925484,0.002349376337929421,0.25056226466437614,0.4356009018863297,0.14231756789898486,0.014645038811252231,0.011869063196832563,-0.2814142707905123,-0.08496672292747583,0.002775975614419668,0.2960593096017645
44,13,0.8256780618202836,0.824773518705601,0.824816428048348,0.7337843512546236,0.5223351821359181,0.2741222938094714,0.0024663752274916018,0.00011699888956218096,-0.24809588943688454,-0.08183750510661025,0.002349376337929421,0.25056226466437614,0.4356009018863297,0.14231756789898486,0.0029142191384969873,0.00013824352407731944,-0.29314509046326753,-0.09669754260023107,0.002775975614419668,0.2960593096017645
44,14,0.8256780618202836,0.8030366239684541,0.824816428048348,0.7337843512546236,0.5223351821359181,0.2741222938094714,0.06173534519926238,0.05938596886133296,-0.18882691946511376,-0.022568535134839474,0.002349376337929421,0.25056226466437614,0.4356009018863297,0.14231756789898486,0.07294523659499319,0.07016926098057352,-0.22311407300677133,-0.02666652514373487,0.002775975614419668,0.2960593096017645
44,15,0.8256780618202836,0.8292352422677689,0.824816428048348,0.7337843512546236,0.5223351821359181,0.2741222938094714,-0.009699196857492431,-0.012048573195421852,-0.2602614615218686,-0.09400307719159429,0.002349376337929421,0.25056226466437614,0.4356009018863297,0.14231756789898486,-0.011460375045568738,-0.014236350659988406,-0.30751968464733326,-0.1110721367842968,0.002775975614419668,0.2960593096017645
44,16,0.8256780618202836,0.7886369482343076,0.824816428048348,0.7337843512546236,0.5223351821359181,0.2741222938094714,0.1009982647197708,0.09864888838184138,-0.14956399994460534,0.016694384385668948,0.002349376337929421,0.25056226466437614,0.4356009018863297,0.14231756789898486,0.11933750903777984,0.11656153342336018,-0.17672180056398468,0.01972574729905178,0.002775975614419668,0.2960593096017645
45,0,0.8924615407191805,0.8892786566946983,0.891511428288118,0.8870229275348073,0.7041893068524009,0.6919507226579612,0.008678620380319524,0.006087993438090522,-0.006150590756349161,0.002872007687353628,0.002590626942229002,0.014829211136668685,0.6504760614955083,0.6360151976780364,0.010254482499728601,0.007193450045462679,-0.007267413772009235,0.0033935062577273487,0.0030610324542659217,0.017521896271737836
45,1,0.8924615407191805,0.8913539155569188,0.891511428288118,0.8870229275348073,0.7041893068524009,0.6919507226579612,0.003020109508552693,0.0004294825663236912,-0.011809101628115992,-0.0027865031844132027,0.002590626942229002,0.014829211136668685,0.6504760614955083,0.6360151976780364,0.003568500377427286,0.0005074679231613644,-0.01395339589431055,-0.0032924758645739662,0.0030610324542659217,0.017521896271737836
45,2,0.8924615407191805,0.8921000025179461,0.891511428288118,0.8870229275348073,0.7041893068524009,0.6919507226579612,0.0009857892330864537,-0.001604837709142548,-0.013843421903582231,-0.004820823459879442,0.002590626942229002,0.014829211136668685,0.6504760614955083,0.6360151976780364,0.001164788641064285,-0.0018962438132016368,-0.01635710763067355,-0.005696187600936968,0.0030610324542659217,0.017521896271737836
45,3,0.8924615407191805,0.8895832394039715,0.891511428288118,0.8870229275348073,0.7041893068524009,0.6919507226579612,0.007848129012158034,0.005257502069929032,-0.006981082124510651,0.002041516319192138,0.002590626942229002,0.014829211136668685,0.6504760614955083,0.6360151976780364,0.009273190678242726,0.006212158223976805,-0.00824870559349511,0.002412214436241474,0.0030610324542659217,0.017521896271737836
45,4,0.8924615407191805,0.8923799000553341,0.891511428288118,0.8870229275348073,0.7041893068524009,0.6919507226579612,0.00022260576372579166,-0.00236802117850321,-0.014606605372942894,-0.005584006929240104,0.002590626942229002,0.014829211136668685,0.6504760614955083,0.6360151976780364,0.0002630264729219789,-0.002798005981343943,-0.017258869798815857,-0.006597949769079274,0.0030610324542659217,0.017521896271737836
45,5,0.8924615407191805,0.8925847292021009,0.891511428288118,0.8870229275348073,0.7041893068524009,0.6919507226579612,-0.000335892250634906,-0.002926519192863908,-0.015165103387303591,-0.006142504943600802,0.002590626942229002,0.014829211136668685,0.6504760614955083,0.6360151976780364,-0.0003968834970291546,-0.0034579159512950763,-0.01791877976876699,-0.007257859739030407,0.0030610324542659217,0.017521896271737836
45,6,0.8924615407191805,0.8850041500364599,0.8898351873639249,0.8865389628768835,0.6996187794517379,0.6906311189553742,0.02033371692630015,0.013172562583408154,0.004184902087044473,0.012563727198917593,0.0071611543428919955,0.016148814839255676,0.6450756186611941,0.634455980604152,0.024025909100485632,0.015564433811905531,0.004944795754863396,0.014845046222418187,0.0084614752885801,0.019081113345622236
45,7,0.8924615407191805,0.8874174609100727,0.8898351873639249,0.8865389628768835,0.6996187794517379,0.6906311189553742,0.013753455512223178,0.006592301169331183,-0.002395359327032498,0.005983465784840621,0.0071611543428919955,0.016148814839255676,0.6450756186611941,0.634455980604152,0.0162508051603123,0.007789329871732198,-0.0028303081853099377,0.0070699422822448526,0.0084614752885801,0.019081113345622236
45,8,0.8924615407191805,0.8949504821039904,0.8898351873639249,0.8865389628768835,0.6996187794517379,0.6906311189553742,-0.006786479576850413,-0.013947633919742408,-0.02293529441610609,-0.01455646930423297,0.0071611543428919955,0.016148814839255676,0.6450756186611941,0.634455980604152,-0.008018767154903017,-0.016480242443483117,-0.027099880500525253,-0.017199630032970464,0.0084614752885801,0.019081113345622236
45,9,0.8924615407191805,0.880349405131746,0.8924817057113063,0.7519535707402139,0.7068349167315781,0.32366345123439366,0.03302559124044868,0.03308057417739685,-0.35009089131978754,-0.09466157530064734,-5.4982936948166916e-05,0.3831164825602362,0.6536020606772044,0.2008543985895167,0.03902237136519393,0.0390873380926241,-0.4136603239950636,-0.11185020484574852,-6.496672743017129e-05,0.4526826953602575
45,10,0.8924615407191805,0.8823169626875923,0.8898351873639249,0.8865389628768835,0.6996187794517379,0.6906311189553742,0.027660744462408182,0.020499590119516187,0.011511929623152506,0.019890754735025624,0.0071611543428919955,0.016148814839255676,0.6450756186611941,0.634455980604152,0.032683376802890574,0.024221901514310473,0.013602263457268338,0.023502513924823127,0.0084614752885801,0.019081113345622236
45,11,0.8924615407191805,0.889357727523463,0.8924817057113063,0.7519535707402139,0.7068349167315781,0.32366345123439366,0.008463021665214843,0.00851800460216301,-0.3746534608950214,-0.11922414487588118,-5.4982936948166916e-05,0.3831164825602362,0.6536020606772044,0.2008543985895167,0.009999735413887656,0.010064702141317827,-0.44268295994636986,-0.14087284079705478,-6.496672743017129e-05,0.4526826953602575
45,12,0.8924615407191805,0.8942782490965199,0.8924817057113063,0.7519535707402139,0.7068349167315781,0.32366345123439366,-0.004953533407878297,-0.00489855047093013,-0.3880700159681145,-0.13264069994897432,-5.4982936948166916e-05,0.3831164825602362,0.6536020606772044,0.2008543985895167,-0.005852994994238747,-0.005788028266808576,-0.45853569035449626,-0.15672557120518119,-6.496672743017129e-05,0.4526826953602575
45,13,0.8924615407191805,0.8948273746052656,0.8924817057113063,0.7519535707402139,0.7068349167315781,0.32366345123439366,-0.0064508081420180385,-0.006395825205069872,-0.38956729070225427,-0.13413797468311406,-5.4982936948166916e-05,0.3831164825602362,0.6536020606772044,0.2008543985895167,-0.007622144569364719,-0.007557177841934548,-0.46030483992962223,-0.15849472078030716,-6.496672743017129e-05,0.4526826953602575
46,0,0.9300731378870705,0.9281083724769233,0.9295618816873106,0.9276812112040146,0.8079396910356117,0.802811755157504,0.005357233565499997,0.00396321529757937,-0.0011647205805283,0.002718576094183689,0.001394018267920627,0.006521954146028297,0.7730654192878443,0.7670063538583861,0.006329998944181847,0.004682855123360974,-0.0013762103060972475,0.0032122145871485244,0.0016471438208208733,0.007706209250279095
46,1,0.9300731378870705,0.9300618171471862,0.9295618816873106,0.9276812112040146,0.8079396910356117,0.802811755157504,3.0867729745920336e-05,-0.0013631505381747067,-0.006491086416282377,-0.0026077897415703877,0.001394018267920627,0.006521954146028297,0.7730654192878443,0.7670063538583861,3.6472685820299056e-05,-0.0016106711350005742,-0.007669736564458796,-0.0030813116712130237,0.0016471438208208733,0.007706209250279095
46,2,0.9300731378870705,0.9287071846391907,0.9295618816873106,0.9276812112040146,0.8079396910356117,0.802811755157504,0.0037244805668160685,0.0023304622988954415,-0.0027974735792122285,0.0010858230954997605,0.001394018267920627,0.006521954146028297,0.7730654192878443,0.7670063538583861,0.00440077098885483,0.0027536271680339564,-0.003305438261424265,0.001282986631821507,0.0016471438208208733,0.007706209250279095
46,3,0.9300731378870705,0.9293632670211902,0.9295618816873106,0.9276812112040146,0.8079396910356117,0.802811755157504,0.0019355715497757497,0.0005415532818551227,-0.004586382596252547,-0.0007030859215405583,0.001394018267920627,0.006521954146028297,0.7730654192878443,0.7670063538583861,0.002287032237192621,0.0006398884163717478,-0.005419177013086474,-0.0008307521198407016,0.0016471438208208733,0.007706209250279095
46,4,0.9300731378870705,0.9298311743302777,0.9295618816873106,0.9276812112040146,0.8079396910356117,0.802811755157504,0.0006597506661015773,-0.0007342676018190497,-0.00586220347992672,-0.0019789068052147307,0.001394018267920627,0.006521954146028297,0.7730654192878443,0.7670063538583861,0.0007795480575535363,-0.000867595763267337,-0.006926661192725558,-0.0023382362994797865,0.0016471438208208733,0.007706209250279095
46,5,0.9300731378870705,0.9286058520071514,0.9295618816873106,0.9276812112040146,0.8079396910356117,0.802811755157504,0.004000779495348494,0.0026067612274278673,-0.0025211746506798027,0.0013621220240321863,0.001394018267920627,0.006521954146028297,0.7730654192878443,0.7670063538583861,0.004727240220503082,0.0030800963996822084,-0.002978969029776013,0.001609455863469759,0.0016471438208208733,0.007706209250279095
46,6,0.9300731378870705,0.9038756549770637,0.9294438356519724,0.7582139795326679,0.8076178204552759,0.34073341385867184,0.07143144624405395,0.06971555739579749,-0.39716884920080653,-0.08534061518698503,0.0017158888482564638,0.4686002954448605,0.7726851035131486,0.22102392154717798,0.08440195369082204,0.0823744940953054,-0.4692866878706652,-0.10083674669484592,0.0020274595955166452,0.5536886415614872
46,7,0.9300731378870705,0.9279652694954215,0.929801013064791,0.9265263555303118,0.8085917193314002,0.7996628644316615,0.00574742574410092,0.005005435771968769,-0.003923419127769945,0.0022764807960999147,0.000741989972132151,0.009670844871870865,0.7738358427486576,0.7632856881964872,0.00679104213902737,0.005914321779019738,-0.0046358327731506055,0.002689843714965501,0.0008767203600076323,0.011426874912177976
46,8,0.9300731378870705,0.9256227729732925,0.929801013064791,0.9265263555303118,0.8085917193314002,0.7996628644316615,0.012134600991896227,0.011392611019764076,0.002463756120025362,0.008663656043895221,0.000741989972132151,0.009670844871870865,0.7738358427486576,0.7632856881964872,0.014337999366208831,0.013461279006201199,0.0029111244540308556,0.010236800942146962,0.0008767203600076323,0.011426874912177976
46,9,0.9300731378870705,0.9294197906316723,0.929801013064791,0.9265263555303118,0.8085917193314002,0.7996628644316615,0.0017814512757958756,0.0010394613036637246,-0.00788939359607499,-0.0016894936722051297,0.000741989972132151,0.009670844871870865,0.7738358427486576,0.7632856881964872,0.00210492683528285,0.0012282064752752175,-0.009321948076895126,-0.0019962715887790194,0.0008767203600076323,0.011426874912177976
46,10,0.9300731378870705,0.9296176399226792,0.9296306493255803,0.7669039768590028,0.8081271965250996,0.36442802142877384,0.001241984906315663,3.547212788290732e-05,-0.4436637029684428,-0.14746208197808142,0.0012065127784327556,0.4449056878747585,0.7732869719858879,0.2490209911294059,0.0014675042724097143,4.19131496324221e-05,-0.5242240677068496,-0.17423821676160248,0.0014255911227772922,0.5256915719792593
46,11,0.9300731378870705,0.9255174947017267,0.9296306493255803,0.7669039768590028,0.8081271965250996,0.36442802142877384,0.01242165831041242,0.011215145531979664,-0.43248402956434606,-0.13628240857398466,0.0012065127784327556,0.4449056878747585,0.7732869719858879,0.2490209911294059,0.014677180494100828,0.013251589371323536,-0.5110143914851585,-0.16102854053991136,0.0014255911227772922,0.5256915719792593
46,12,0.9300731378870705,0.9302104028373119,0.9296306493255803,0.7669039768590028,0.8081271965250996,0.36442802142877384,-0.0003742738929556344,-0.00158078667138839,-0.4452799617677141,-0.1490783407773527,0.0012065127784327556,0.4449056878747585,0.7732869719858879,0.2490209911294059,-0.0004422344701379144,-0.0018678255929152066,-0.5261338064493972,-0.1761479555041501,0.0014255911227772922,0.5256915719792593
46,13,0.9300731378870705,0.9292710444459067,0.9296306493255803,0.7669039768590028,0.8081271965250996,0.36442802142877384,0.002187030514420707,0.0009805177359879513,-0.4427186573603378,-0.14651703636997637,0.0012065127784327556,0.4449056878747585,0.7732869719858879,0.2490209911294059,0.002584151069374596,0.001158559946597304,-0.5231074209098847,-0.1731215699646376,0.0014255911227772922,0.5256915719792593
47,0,0.9018823357294219,0.8958127438534459,0.9015681354528351,0.9009303002126604,0.7316104579491073,0.7298713025566745,0.016549671100139163,0.01569295596288811,0.013953800570455366,0.01539880921116088,0.0008567151372510518,0.002595870529683797,0.6828763396181972,0.6808213887441559,0.019554757004637158,0.018542479707416737,0.016487528833375453,0.018194921848476448,0.0010122772972204208,0.0030672281712617044
47,1,0.9018823357294219,0.9003187814409963,0.9015681354528351,0.9009303002126604,0.7316104579491073,0.7298713025566745,0.004263270043423528,0.0034065549061724765,0.0016673995137397313,0.0031124081544452453,0.0008567151372510518,0.002595870529683797,0.6828763396181972,0.6808213887441559,0.005037393748785424,0.004025116451565003,0.0019701655775237192,0.0036775585926247154,0.0010122772972204208,0.0030672281712617044
47,2,0.9018823357294219,0.9019493390626695,0.9015681354528351,0.9009303002126604,0.7316104579491073,0.7298713025566745,-0.00018269484184751938,-0.0010394099790985711,-0.0027785653715313163,-0.0013335567308258023,0.0008567151372510518,0.002595870529683797,0.6828763396181972,0.6808213887441559,-0.00021586853398558592,-0.0012281458312060067,-0.0032830967052472904,-0.0015757036901462944,0.0010122772972204208,0.0030672281712617044
47,3,0.9018823357294219,0.9015005163601606,0.9015681354528351,0.9009303002126604,0.7316104579491073,0.7298713025566745,0.001041088941407864,0.00018437380415681215,-0.001554781588275933,-0.000109772947570419,0.0008567151372510518,0.002595870529683797,0.6828763396181972,0.6808213887441559,0.0012301296591491484,0.0002178523619287276,-0.001837098512112556,-0.00012970549701156,0.0010122772972204208,0.0030672281712617044
47,4,0.9018823357294219,0.9028968933666848,0.9023042253193707,0.8991908840271723,0.7336175196165527,0.7251285181381657,-0.002766346659203389,-0.0016160001290089765,-0.010105001607396025,-0.004829116131869464,-0.0011503465301944127,0.0073386549481926355,0.6852478431340516,0.6752174104978124,-0.0032686593216260107,-0.0019094331029919642,-0.011939865739231226,-0.0057059860546164005,-0.0013592262186340465,0.008671206417605215
47,5,0.9018823357294219,0.9008195281699386,0.9023042253193707,0.8991908840271723,0.7336175196165527,0.7251285181381657,0.00289790745598717,0.0040482539861815825,-0.004440747492205466,0.0008351379833210956,-0.0011503465301944127,0.0073386549481926355,0.6852478431340516,0.6752174104978124,0.003424108901069256,0.0047833351197033025,-0.005247097516535959,0.0009867821680788664,-0.0013592262186340465,0.008671206417605215
47,6,0.9018823357294219,0.9004813801505548,0.9023042253193707,0.8991908840271723,0.7336175196165527,0.7251285181381657,0.003819919778778824,0.004970266308973237,-0.0035187351694138114,0.0017571503061127498,-0.0011503465301944127,0.0073386549481926355,0.6852478431340516,0.6752174104978124,0.0045135400334691544,0.005872766252103201,-0.004157666384136061,0.002076213300478765,-0.0013592262186340465,0.008671206417605215
47,7,0.9018823357294219,0.89950570708863,0.9023042253193707,0.8991908840271723,0.7336175196165527,0.7251285181381657,0.00648024169268413,0.007630588222878543,-0.0008584132555085056,0.004417472220018055,-0.0011503465301944127,0.0073386549481926355,0.6852478431340516,0.6752174104978124,0.0076569226581603145,0.009016148876794361,-0.0010142837594449006,0.005219595925169925,-0.0013592262186340465,0.008671206417605215
47,8,0.9018823357294219,0.9048146019039612,0.9023042253193707,0.8991908840271723,0.7336175196165527,0.7251285181381657,-0.00799527245954823,-0.006844925929353818,-0.015333927407740866,-0.010058041932214304,-0.0011503465301944127,0.0073386549481926355,0.6852478431340516,0.6752174104978124,-0.009447052402813072,-0.008087826184179026,-0.018118258820418287,-0.011884379135803461,-0.0013592262186340465,0.008671206417605215
47,9,0.9018823357294219,0.8969437232639897,0.9023042253193707,0.8991908840271723,0.7336175196165527,0.7251285181381657,0.013465882659665085,0.014616229189859498,0.006127227711472449,0.011403113186999011,-0.0011503465301944127,0.0073386549481926355,0.6852478431340516,0.6752174104978124,0.01591101488781199,0.017270241106446038,0.007239808470206777,0.013473688154821603,-0.0013592262186340465,0.008671206417605215
47,10,0.9018823357294219,0.9016847061072726,0.9023042253193707,0.8991908840271723,0.7336175196165527,0.7251285181381657,0.0005388674087234424,0.001689213938917855,-0.006799787539469193,-0.001523902063942632,-0.0011503465301944127,0.0073386549481926355,0.6852478431340516,0.6752174104978124,0.0006367148429442526,0.001995941061578299,-0.008034491574660962,-0.001800611890046137,-0.0013592262186340465,0.008671206417605215
47,11,0.9018823357294219,0.9002215777578486,0.9016615513768386,0.8349640727632607,0.7318651707616594,0.5500042883797156,0.004528310760936072,0.0039263084362370915,-0.17793457394570666,-0.05649331824951117,0.0006020023246989803,0.18246288470664274,0.6831773031313259,0.4682941588011694,0.005350560505751889,0.004639246721660162,-0.21024389760849627,-0.06675136346036141,0.0007113137840917272,0.21559445811424816
47,12,0.9018823357294219,0.8956460031836317,0.9016615513768386,0.8349640727632607,0.7318651707616594,0.5500042883797156,0.017004315053279262,0.01640231272858028,-0.16545856965336347,-0.04401731395716798,0.0006020023246989803,0.18246288470664274,0.6831773031313259,0.4682941588011694,0.020091955114103333,0.019380641330011605,-0.19550250300014482,-0.05200996885200996,0.0007113137840917272,0.21559445811424816
47,13,0.9018823357294219,0.8929739704331033,0.9016615513768386,0.8349640727632607,0.7318651707616594,0.5500042883797156,0.02429002125785562,0.02368801893315664,-0.15817286344878712,-0.03673160775259162,0.0006020023246989803,0.18246288470664274,0.6831773031313259,0.4682941588011694,0.028700598366021013,0.027989284581929286,-0.18689385974822714,-0.04340132560009228,0.0007113137840917272,0.21559445811424816
47,14,0.9018823357294219,0.9006570250126489,0.9016615513768386,0.8349640727632607,0.7318651707616594,0.5500042883797156,0.0033409971827484952,0.002738994858049515,-0.17912188752389424,-0.057680631827698746,0.0006020023246989803,0.18246288470664274,0.6831773031313259,0.4682941588011694,0.003947654770086406,0.003236340985994679,-0.21164680334416175,-0.06815426919602689,0.0007113137840917272,0.21559445811424816
47,15,0.9018823357294219,0.895780229278932,0.9016615513768386,0.8349640727632607,0.7318651707616594,0.5500042883797156,0.01663832706336721,0.01603632473866823,-0.16582455764327553,-0.04438330194708003,0.0006020023246989803,0.18246288470664274,0.6831773031313259,0.4682941588011694,0.019659511099594518,0.01894819731550279,-0.19593494701465364,-0.052442412866518774,0.0007113137840917272,0.21559445811424816
48,0,0.8424972137483138,0.8347830845905762,0.8423772566103623,0.8382357214294859,0.5702174686035784,0.5589249391397024,0.021033753667996313,0.020706672173922858,0.009414142710046924,0.017051522850655365,0.00032708149407345566,0.011619610957949389,0.49217764416936216,0.47883461950756445,0.02485305837102736,0.02446658548593994,0.011123560824142231,0.020147734893703178,0.00038647288508741884,0.013729497546885128
48,1,0.8424972137483138,0.8401988531514883,0.8423772566103623,0.8382357214294859,0.5702174686035784,0.5589249391397024,0.006266831893184666,0.00593975039911121,-0.005352779064764723,0.0022846010758437174,0.00032708149407345566,0.011619610957949389,0.49217764416936216,0.47883461950756445,0.007404761950773997,0.007018289065686578,-0.006324735596111131,0.0026994384734498147,0.00038647288508741884,0.013729497546885128
48,2,0.8424972137483138,0.8420871666709652,0.8423772566103623,0.8382357214294859,0.5702174686035784,0.5589249391397024,0.0011180561072900996,0.000790974613216644,-0.01050155485065929,-0.0028641747100508486,0.00032708149407345566,0.011619610957949389,0.49217764416936216,0.47883461950756445,0.0013210725073213858,0.000934599622233967,-0.012408425039563742,-0.0033842509700027965,0.00038647288508741884,0.013729497546885128
48,3,0.8424972137483138,0.8403096724971209,0.8423772566103623,0.8382357214294859,0.5702174686035784,0.5589249391397024,0.005964665988256179,0.0056375844941827236,-0.00565494496969321,0.001982435170915231,0.00032708149407345566,0.011619610957949389,0.49217764416936216,0.47883461950756445,0.007047728822428989,0.00666125593734157,-0.0066817687244561386,0.002342405345104807,0.00038647288508741884,0.013729497546885128
48,4,0.8424972137483138,0.840811067060396,0.8423772566103623,0.8382357214294859,0.5702174686035784,0.5589249391397024,0.004597536981370998,0.004270455487297542,-0.007022073976578391,0.0006153061640300495,0.00032708149407345566,0.011619610957949389,0.49217764416936216,0.47883461950756445,0.0054323568091806385,0.00504588392409322,-0.00829714073770449,0.0007270333318564562,0.00038647288508741884,0.013729497546885128
48,6,0.8424972137483138,0.8412918137212105,0.8423772566103623,0.8382357214294859,0.5702174686035784,0.5589249391397024,0.0032867076403633178,0.002959626146289862,-0.008332903317586071,-0.0006955231769776304,0.00032708149407345566,0.011619610957949389,0.49217764416936216,0.47883461950756445,0.0038835073436623846,0.0034970344585749658,-0.009845990203222743,-0.0008218161336617976,0.00038647288508741884,0.013729497546885128
48,7,0.8424972137483138,0.837442654173977,0.8418060079886821,0.8327849855588859,0.5686598718164475,0.5440626736438607,0.013782030195873984,0.011897351914669674,-0.012699846257917091,0.004326511950875522,0.0018846782812043106,0.026481876453791076,0.4903372192751604,0.4612736668728534,0.016284568429195012,0.014057670649905818,-0.01500588175240114,0.005112119108899897,0.002226897779289194,0.03129045018159615
48,8,0.8424972137483138,0.8333933366414831,0.8418060079886821,0.8327849855588859,0.5686598718164475,0.5440626736438607,0.02482311412905447,0.022938435847850158,-0.0016587623247366068,0.015367595884056007,0.0018846782812043106,0.026481876453791076,0.4903372192751604,0.4612736668728534,0.0293304901320941,0.027103592352804906,-0.001959960049502052,0.018158040811798986,0.002226897779289194,0.03129045018159615
48,9,0.8424972137483138,0.8389802881153071,0.8418060079886821,0.8327849855588859,0.5686598718164475,0.5440626736438607,0.009589435945485114,0.0077047576642808036,-0.01689244050830596,0.00013391770048665208,0.0018846782812043106,0.026481876453791076,0.4903372192751604,0.4612736668728534,0.011330683769535277,0.009103785990246083,-0.019959766412060875,0.00015823444924016142,0.002226897779289194,0.03129045018159615
48,10,0.8424972137483138,0.8258966079665445,0.8418060079886821,0.8327849855588859,0.5686598718164475,0.5440626736438607,0.04526409211116367,0.04337941382995936,0.018782215657372592,0.035808573866165205,0.0018846782812043106,0.026481876453791076,0.4903372192751604,0.4612736668728534,0.05348313672903615,0.05125623894974696,0.02219268654744,0.042310687408741034,0.002226897779289194,0.03129045018159615
48,11,0.8424972137483138,0.8496714586408791,0.8422145823146274,0.6699905179731708,0.5697739122416563,0.10017864478028848,-0.019561676598678468,-0.020332314454673983,-0.4899275819160418,-0.17660719098979807,0.0007706378559955152,0.47036590531736333,0.49165354693366703,-0.06321073346024697,-0.023113681847564904,-0.024024251968347454,-0.5788885323622615,-0.20867548872605793,0.0009105701207825501,0.5557748505146966
48,12,0.8424972137483138,0.8367632425395458,0.8422145823146274,0.6699905179731708,0.5697739122416563,0.10017864478028848,0.015634549989824054,0.014863912133828538,-0.4547313553275393,-0.14141096440129555,0.0007706378559955152,0.47036590531736333,0.49165354693366703,-0.06321073346024697,0.018473468389670344,0.017562898268887794,-0.5373013821250262,-0.16708833848882268,0.0009105701207825501,0.5557748505146966
48,13,0.8424972137483138,0.8207351271750262,0.8422145823146274,0.6699905179731708,0.5697739122416563,0.10017864478028848,0.05933765936820068,0.058567021512205164,-0.41102824594916265,-0.09770785502291894,0.0007706378559955152,0.47036590531736333,0.49165354693366703,-0.06321073346024697,0.07011217945952664,0.06920160933874409,-0.4856626710551699,-0.1154496274189664,0.0009105701207825501,0.5557748505146966
48,14,0.8424972137483138,0.840299878552047,0.8422145823146274,0.6699905179731708,0.5697739122416563,0.10017864478028848,0.005991370678300689,0.005220732822305174,-0.46437453463906264,-0.15105414371281892,0.0007706378559955152,0.47036590531736333,0.49165354693366703,-0.06321073346024697,0.007079282544647736,0.006168712423865186,-0.5486955679700488,-0.1784825243338453,0.0009105701207825501,0.5557748505146966
48,15,0.8424972137483138,0.8219502822946355,0.8422145823146274,0.6699905179731708,0.5697739122416563,0.10017864478028848,0.056024352975264535,0.05525371511926902,-0.4143415523420988,-0.10102116141585508,0.0007706378559955152,0.47036590531736333,0.49165354693366703,-0.06321073346024697,0.06619724356722168,0.06528667344643913,-0.4895776069474749,-0.11936456331127136,0.0009105701207825501,0.5557748505146966
49,0,0.8913693470216868,0.8910422232194978,0.8884085477539841,0.8913751673638846,0.6957288282317222,0.7038177705900056,0.0008919531075365361,-0.0071811191970379,0.0009078231612454912,-0.0017937809760852907,0.008073072304574436,-1.5870053708955112e-05,0.6404793308916652,0.6500370617543296,0.0010539137709668633,-0.008485065356871546,0.0010726655057928802,-0.0021194953600372677,0.00953897912783841,-1.8751734826016886e-05
49,1,0.8913693470216868,0.8847385218689365,0.8884085477539841,0.8913751673638846,0.6957288282317222,0.7038177705900056,0.018079959516701494,0.010006887212127058,0.01809582957041045,0.015394225433079667,0.008073072304574436,-1.5870053708955112e-05,0.6404793308916652,0.6500370617543296,0.02136291487990971,0.011823935752071302,0.021381666614735728,0.01818950574890558,0.00953897912783841,-1.8751734826016886e-05
49,2,0.8913693470216868,0.890376203190008,0.8884085477539841,0.8913751673638846,0.6957288282317222,0.7038177705900056,0.0027079586412509515,-0.005365113663323484,0.0027238286949599066,2.2224557629124675e-05,0.008073072304574436,-1.5870053708955112e-05,0.6404793308916652,0.6500370617543296,0.003199669219276835,-0.0063393099085615745,0.003218420954102852,2.6260088272704134e-05,0.00953897912783841,-1.8751734826016886e-05
49,3,0.8913693470216868,0.888553762664255,0.8884085477539841,0.8913751673638846,0.6957288282317222,0.7038177705900056,0.0076771216289891475,-0.0003959506755852882,0.007692991682698103,0.004991387545367321,0.008073072304574436,-1.5870053708955112e-05,0.6404793308916652,0.6500370617543296,0.009071131809300192,-0.00046784731853821704,0.00908988354412621,0.005897722678296062,0.00953897912783841,-1.8751734826016886e-05
49,4,0.8913693470216868,0.893175680267988,0.8910528104653437,0.8878203336096115,0.7029388151747613,0.694124972350679,-0.004925244025361208,-0.005788329386896551,-0.014602172210978814,-0.00843858187441219,0.0008630853615353429,0.009676928185617606,0.6489985057939718,0.6385842471867089,-0.005819568831411326,-0.006839373056943154,-0.017253631664206015,-0.009970857850853498,0.0010198042255318285,0.01143406283279469
49,5,0.8913693470216868,0.8909519877927904,0.8910528104653437,0.8878203336096115,0.7029388151747613,0.694124972350679,0.0011379938074884688,0.0002749084459531259,-0.008538934378129137,-0.002375344041562514,0.0008630853615353429,0.009676928185617606,0.6489985057939718,0.6385842471867089,0.0013446304910574858,0.0003248262655256573,-0.010089432341737203,-0.0028066585283846868,0.0010198042255318285,0.01143406283279469
49,7,0.8913693470216868,0.8908610794085586,0.8910528104653437,0.8878203336096115,0.7029388151747613,0.694124972350679,0.0013858694291156715,0.0005227840675803286,-0.008291058756501934,-0.0021274684199353113,0.0008630853615353429,0.009676928185617606,0.6489985057939718,0.6385842471867089,0.001637515317526983,0.0006177110919951545,-0.009796547515267706,-0.0025137737019151896,0.0010198042255318285,0.01143406283279469
49,8,0.8913693470216868,0.8864620533591502,0.8910528104653437,0.8878203336096115,0.7029388151747613,0.694124972350679,0.013380487150747356,0.012517401789212013,0.0037035589651297496,0.009867149301696373,0.0008630853615353429,0.009676928185617606,0.6489985057939718,0.6385842471867089,0.015810113279794202,0.014790309054262374,0.004376050446999513,0.01165882426035203,0.0010198042255318285,0.01143406283279469
49,9,0.8913693470216868,0.8740153728147705,0.891006603324995,0.6920135212848016,0.7028128243353648,0.160227733564558,0.047318266412859744,0.04632919021192794,-0.4962559005588789,-0.13420281464469708,0.0009890762009318044,0.5435741669717387,0.6488496375636426,0.0077420566236842125,0.055910307581664265,0.05474163512580321,-0.5863659458141551,-0.1585713343688959,0.0011686724558610528,0.6422762533958194
49,10,0.8913693470216868,0.8926960088374967,0.891006603324995,0.6920135212848016,0.7028128243353648,0.160227733564558,-0.003617346464375948,-0.004606422665307752,-0.5471915134361146,-0.18513842752193277,0.0009890762009318044,0.5435741669717387,0.6488496375636426,0.0077420566236842125,-0.004274183497934292,-0.005442855953795345,-0.6465504368937537,-0.21875582544849445,0.0011686724558610528,0.6422762533958194
49,11,0.8913693470216868,0.8884766412056405,0.891006603324995,0.6920135212848016,0.7028128243353648,0.160227733564558,0.00788740508806074,0.006898328887128935,-0.5356867618836779,-0.17363367596949608,0.0009890762009318044,0.5435741669717387,0.6488496375636426,0.0077420566236842125,0.009319598496001058,0.008150926040140005,-0.6329566548998183,-0.2051620434545591,0.0011686724558610528,0.6422762533958194
49,12,0.8913693470216868,0.8707318713305159,0.891006603324995,0.6920135212848016,0.7028128243353648,0.160227733564558,0.05627123569508086,0.05528215949414905,-0.4873029312766578,-0.12524984536247596,0.0009890762009318044,0.5435741669717387,0.6488496375636426,0.0077420566236842125,0.06648895520097209,0.06532028274511104,-0.5757872981948473,-0.14799268674958807,0.0011686724558610528,0.6422762533958194
